,Transaction date,Transaction type,Num,Customer full name,Vendor,Memo/Description,Cleared,Amount
Business Banking- 7065,,,,,,,,
553,,,,,,,,
,03/05/2024,Deposit,,,,Shopify          DES:TRANSFER   ID:ST-W1Z3I3P8G9P8           INDN:OUTDOOR PLAYGROUND INC  CO ID:XXXXX48598 CCD,Reconciled,724.38
,03/05/2024,Deposit,,,,Shopify          DES:TRANSFER   ID:ST-W1Z3I3P8G9P8           INDN:OUTDOOR PLAYGROUND INC  CO ID:XXXXX48598 CCD,,724.38
573,,,,,,,,
,03/06/2024,Deposit,,,,Shopify          DES:TRANSFER   ID:ST-P5D0S3P0N0F7           INDN:OUTDOOR PLAYGROUND INC  CO ID:XXXXX48598 CCD,Reconciled,569.93
,03/06/2024,Deposit,,,,Shopify          DES:TRANSFER   ID:ST-P5D0S3P0N0F7           INDN:OUTDOOR PLAYGROUND INC  CO ID:XXXXX48598 CCD,,569.93
774,,,,,,,,
,04/04/2024,Deposit,,,,Online Banking transfer from CHK 1203                       Confirmation# XXXXX90656,Reconciled,10000
,04/04/2024,Deposit,,,,Online Banking transfer from CHK 1203                       Confirmation# XXXXX90656,Reconciled,-10000
1956,,,,,,,,
,09/10/2024,Deposit,,,,RETURN OF POSTED CHECK / ITEM (RECEIVED ON 09-09)           ELECTRONIC TRANSACTION,Reconciled,5906.11
,09/10/2024,Deposit,,,,RETURN OF POSTED CHECK / ITEM (RECEIVED ON 09-09)           ELECTRONIC TRANSACTION,Reconciled,5906.11
Business Checking - 1203,,,,,,,,
69,,,,,,,,
,01/02/2024,Deposit,,,,Shopify          DES:TRANSFER   ID:ST-V1Z3O6L0J9E2           INDN:OUTDOOR PLAYGROUND INC  CO ID:XXXXX48598 CCD,Reconciled,135.65
,01/02/2024,Deposit,,,,Shopify          DES:TRANSFER   ID:ST-V1Z3O6L0J9E2           INDN:OUTDOOR PLAYGROUND INC  CO ID:XXXXX48598 CCD,,135.65
72,,,,,,,,
,01/02/2024,Deposit,,,Shopify,Shopify          DES:TRANSFER   ID:ST-G8J4U0O7R2W6           INDN:OUTDOOR PLAYGROUND      CO ID:XXXXX48598 CCD,Reconciled,3005.49
,01/02/2024,Deposit,,,Shopify,Shopify          DES:TRANSFER   ID:ST-G8J4U0O7R2W6           INDN:OUTDOOR PLAYGROUND      CO ID:XXXXX48598 CCD,,3005.49
79,,,,,,,,
,01/02/2024,Deposit,,Stripe,,STRIPE           DES:TRANSFER   ID:ST-H6D0O2W3U6R1           INDN:RICHARD PATRI           CO ID:XXXXX65600 CCD,Reconciled,1055.3
,01/02/2024,Deposit,,Stripe,,STRIPE           DES:TRANSFER   ID:ST-H6D0O2W3U6R1           INDN:RICHARD PATRI           CO ID:XXXXX65600 CCD,,1055.3
86,,,,,,,,
,01/02/2024,Deposit,,,,PAYPAL           DES:TRANSFER   ID:XXXXX40256272             INDN:MAXIMUS OUTDOORS        CO ID:PAYPALSD11 PPD,Reconciled,6432.95
,01/02/2024,Deposit,,,,PAYPAL           DES:TRANSFER   ID:XXXXX40256272             INDN:MAXIMUS OUTDOORS        CO ID:PAYPALSD11 PPD,,6432.95
70,,,,,,,,
,01/03/2024,Deposit,,,Shopify,Shopify          DES:TRANSFER   ID:ST-G0S6Y0K4A7K5           INDN:OUTDOOR PLAYGROUND      CO ID:XXXXX48598 CCD,Reconciled,10337.02
,01/03/2024,Deposit,,,Shopify,Shopify          DES:TRANSFER   ID:ST-G0S6Y0K4A7K5           INDN:OUTDOOR PLAYGROUND      CO ID:XXXXX48598 CCD,,10337.02
73,,,,,,,,
,01/03/2024,Deposit,,,Shopify,Shopify          DES:TRANSFER   ID:ST-V2A8R7E3R5Q4           INDN:OUTDOOR PLAYGROUND INC  CO ID:XXXXX48598 CCD,Reconciled,217.94
,01/03/2024,Deposit,,,Shopify,Shopify          DES:TRANSFER   ID:ST-V2A8R7E3R5Q4           INDN:OUTDOOR PLAYGROUND INC  CO ID:XXXXX48598 CCD,,217.94
78,,,,,,,,
,01/03/2024,Deposit,,Stripe,,STRIPE           DES:TRANSFER   ID:ST-V6D0Z5O7Q4G0           INDN:RICHARD PATRI           CO ID:XXXXX65600 CCD,Reconciled,818.41
,01/03/2024,Deposit,,Stripe,,STRIPE           DES:TRANSFER   ID:ST-V6D0Z5O7Q4G0           INDN:RICHARD PATRI           CO ID:XXXXX65600 CCD,,818.41
80,,,,,,,,
,01/03/2024,Deposit,,,,SHOPPAYINST AFRM DES:PAYMENTS   ID:TUD2IITEPJIHPMM           INDN:MONSTERBASS             CO ID:XXXXX98000 CCD,Reconciled,98.33
,01/03/2024,Deposit,,,,SHOPPAYINST AFRM DES:PAYMENTS   ID:TUD2IITEPJIHPMM           INDN:MONSTERBASS             CO ID:XXXXX98000 CCD,,98.33
71,,,,,,,,
,01/04/2024,Deposit,,,Shopify,Shopify          DES:TRANSFER   ID:ST-H5F7H9J6E8M5           INDN:OUTDOOR PLAYGROUND INC  CO ID:XXXXX48598 CCD,Reconciled,20.42
,01/04/2024,Deposit,,,Shopify,Shopify          DES:TRANSFER   ID:ST-H5F7H9J6E8M5           INDN:OUTDOOR PLAYGROUND INC  CO ID:XXXXX48598 CCD,,20.42
74,,,,,,,,
,01/04/2024,Deposit,,,Shopify,Shopify          DES:TRANSFER   ID:ST-G6A7Q4U3F6I6           INDN:OUTDOOR PLAYGROUND      CO ID:XXXXX48598 CCD,Reconciled,4431.74
,01/04/2024,Deposit,,,Shopify,Shopify          DES:TRANSFER   ID:ST-G6A7Q4U3F6I6           INDN:OUTDOOR PLAYGROUND      CO ID:XXXXX48598 CCD,,4431.74
77,,,,,,,,
,01/04/2024,Deposit,,,,STRIPE           DES:TRANSFER   ID:ST-S9O4Q8G5O2A0           INDN:RICHARD PATRI           CO ID:XXXXX65600 CCD,Reconciled,3550.66
,01/04/2024,Deposit,,,,STRIPE           DES:TRANSFER   ID:ST-S9O4Q8G5O2A0           INDN:RICHARD PATRI           CO ID:XXXXX65600 CCD,,3550.66
65,,,,,,,,
,01/05/2024,Deposit,,,,Shopify          DES:TRANSFER   ID:ST-M5H6Z6P5R4J8           INDN:OUTDOOR PLAYGROUND      CO ID:XXXXX48598 CCD,Reconciled,4329.39
,01/05/2024,Deposit,,,,Shopify          DES:TRANSFER   ID:ST-M5H6Z6P5R4J8           INDN:OUTDOOR PLAYGROUND      CO ID:XXXXX48598 CCD,,4329.39
75,,,,,,,,
,01/05/2024,Deposit,,,Shopify,Shopify          DES:TRANSFER   ID:ST-N4B6U4S8O8E5           INDN:OUTDOOR PLAYGROUND INC  CO ID:XXXXX48598 CCD,Reconciled,229.58
,01/05/2024,Deposit,,,Shopify,Shopify          DES:TRANSFER   ID:ST-N4B6U4S8O8E5           INDN:OUTDOOR PLAYGROUND INC  CO ID:XXXXX48598 CCD,,229.58
76,,,,,,,,
,01/05/2024,Deposit,,,,STRIPE           DES:TRANSFER   ID:ST-I1I8Z1O8G7H9           INDN:RICHARD PATRI           CO ID:XXXXX65600 CCD,Reconciled,4329.99
,01/05/2024,Deposit,,,,STRIPE           DES:TRANSFER   ID:ST-I1I8Z1O8G7H9           INDN:RICHARD PATRI           CO ID:XXXXX65600 CCD,,4329.99
104,,,,,,,,
,01/08/2024,Deposit,,,,Shopify          DES:TRANSFER   ID:ST-X5S6S9T3J0Q1           INDN:OUTDOOR PLAYGROUND      CO ID:XXXXX48598 CCD,Reconciled,2165.37
,01/08/2024,Deposit,,,,Shopify          DES:TRANSFER   ID:ST-X5S6S9T3J0Q1           INDN:OUTDOOR PLAYGROUND      CO ID:XXXXX48598 CCD,,2165.37
108,,,,,,,,
,01/08/2024,Deposit,,,,STRIPE           DES:TRANSFER   ID:ST-U7U9E3F5D7P3           INDN:RICHARD PATRI           CO ID:XXXXX65600 CCD,Reconciled,1089.48
,01/08/2024,Deposit,,,,STRIPE           DES:TRANSFER   ID:ST-U7U9E3F5D7P3           INDN:RICHARD PATRI           CO ID:XXXXX65600 CCD,,1089.48
109,,,,,,,,
,01/08/2024,Deposit,,,,Shopify          DES:TRANSFER   ID:ST-X8D6C0M0Y7R2           INDN:OUTDOOR PLAYGROUND INC  CO ID:XXXXX48598 CCD,Reconciled,159.19
,01/08/2024,Deposit,,,,Shopify          DES:TRANSFER   ID:ST-X8D6C0M0Y7R2           INDN:OUTDOOR PLAYGROUND INC  CO ID:XXXXX48598 CCD,,159.19
122,,,,,,,,
,01/09/2024,Deposit,,,,STRIPE           DES:TRANSFER   ID:ST-W0D7D5C2S0J9           INDN:RICHARD PATRI           CO ID:XXXXX65600 CCD,Reconciled,1850.08
,01/09/2024,Deposit,,,,STRIPE           DES:TRANSFER   ID:ST-W0D7D5C2S0J9           INDN:RICHARD PATRI           CO ID:XXXXX65600 CCD,,1850.08
123,,,,,,,,
,01/09/2024,Deposit,,,,Shopify          DES:TRANSFER   ID:ST-K0V6J1G5W4X9           INDN:OUTDOOR PLAYGROUND      CO ID:XXXXX48598 CCD,Reconciled,9610.93
,01/09/2024,Deposit,,,,Shopify          DES:TRANSFER   ID:ST-K0V6J1G5W4X9           INDN:OUTDOOR PLAYGROUND      CO ID:XXXXX48598 CCD,,9610.93
124,,,,,,,,
,01/09/2024,Deposit,,,,PAYPAL           DES:TRANSFER   ID:XXXXX87167671             INDN:MAXIMUS OUTDOORS        CO ID:PAYPALSD11 PPD,Reconciled,5025.74
,01/09/2024,Deposit,,,,PAYPAL           DES:TRANSFER   ID:XXXXX87167671             INDN:MAXIMUS OUTDOORS        CO ID:PAYPALSD11 PPD,,5025.74
125,,,,,,,,
,01/09/2024,Deposit,,,,Shopify          DES:TRANSFER   ID:ST-X2I3H1J5G2L6           INDN:OUTDOOR PLAYGROUND INC  CO ID:XXXXX48598 CCD,Reconciled,296.16
,01/09/2024,Deposit,,,,Shopify          DES:TRANSFER   ID:ST-X2I3H1J5G2L6           INDN:OUTDOOR PLAYGROUND INC  CO ID:XXXXX48598 CCD,,296.16
136,,,,,,,,
,01/10/2024,Deposit,,,Shopify,Shopify          DES:TRANSFER   ID:ST-I3T0J3O5Y3G9           INDN:OUTDOOR PLAYGROUND      CO ID:XXXXX48598 CCD,Reconciled,2484.96
,01/10/2024,Deposit,,,Shopify,Shopify          DES:TRANSFER   ID:ST-I3T0J3O5Y3G9           INDN:OUTDOOR PLAYGROUND      CO ID:XXXXX48598 CCD,,2484.96
138,,,,,,,,
,01/10/2024,Deposit,,,Maximus Outdoors,Online Banking transfer from CHK 1108                       Confirmation# XXXXX78322,Reconciled,25000
,01/10/2024,Deposit,,,Maximus Outdoors,Online Banking transfer from CHK 1108                       Confirmation# XXXXX78322,Uncleared,25000
140,,,,,,,,
,01/10/2024,Deposit,,,,SHOPPAYINST AFRM DES:PAYMENTS   ID:7X8ZUM92E1N67RE           INDN:MONSTERBASS             CO ID:XXXXX98000 CCD,Reconciled,109.88
,01/10/2024,Deposit,,,,SHOPPAYINST AFRM DES:PAYMENTS   ID:7X8ZUM92E1N67RE           INDN:MONSTERBASS             CO ID:XXXXX98000 CCD,,109.88
141,,,,,,,,
,01/10/2024,Deposit,,Stripe,,STRIPE           DES:TRANSFER   ID:ST-P0K3Q9J4V4A2           INDN:RICHARD PATRI           CO ID:XXXXX65600 CCD,Reconciled,4334.59
,01/10/2024,Deposit,,Stripe,,STRIPE           DES:TRANSFER   ID:ST-P0K3Q9J4V4A2           INDN:RICHARD PATRI           CO ID:XXXXX65600 CCD,,4334.59
142,,,,,,,,
,01/10/2024,Deposit,,,Shopify,Shopify          DES:TRANSFER   ID:ST-E6P9D7S6H3E5           INDN:OUTDOOR PLAYGROUND INC  CO ID:XXXXX48598 CCD,Reconciled,205.27
,01/10/2024,Deposit,,,Shopify,Shopify          DES:TRANSFER   ID:ST-E6P9D7S6H3E5           INDN:OUTDOOR PLAYGROUND INC  CO ID:XXXXX48598 CCD,,205.27
160,,,,,,,,
,01/11/2024,Deposit,,,,AMAZON.CJQ7RMUZ2 DES:PAYMENTS   ID:29KQZA4I0AQDVK2           INDN:Outdoor Playground Inc  CO ID:XXXXX40102 CCD,Reconciled,520.79
,01/11/2024,Deposit,,,,AMAZON.CJQ7RMUZ2 DES:PAYMENTS   ID:29KQZA4I0AQDVK2           INDN:Outdoor Playground Inc  CO ID:XXXXX40102 CCD,,520.79
162,,,,,,,,
,01/11/2024,Deposit,,Stripe,,STRIPE           DES:TRANSFER   ID:ST-Q3W4L6D4W9O9           INDN:RICHARD PATRI           CO ID:XXXXX65600 CCD,Reconciled,459.59
,01/11/2024,Deposit,,Stripe,,STRIPE           DES:TRANSFER   ID:ST-Q3W4L6D4W9O9           INDN:RICHARD PATRI           CO ID:XXXXX65600 CCD,,459.59
164,,,,,,,,
,01/11/2024,Deposit,,,Shopify,Shopify          DES:TRANSFER   ID:ST-F9F0P4A7Q8K6           INDN:OUTDOOR PLAYGROUND      CO ID:XXXXX48598 CCD,Reconciled,1890.11
,01/11/2024,Deposit,,,Shopify,Shopify          DES:TRANSFER   ID:ST-F9F0P4A7Q8K6           INDN:OUTDOOR PLAYGROUND      CO ID:XXXXX48598 CCD,,1890.11
157,,,,,,,,
,01/12/2024,Deposit,,,Shopify,Shopify          DES:TRANSFER   ID:ST-C7B3A7B3P2X6           INDN:OUTDOOR PLAYGROUND INC  CO ID:XXXXX48598 CCD,Reconciled,57.37
,01/12/2024,Deposit,,,Shopify,Shopify          DES:TRANSFER   ID:ST-C7B3A7B3P2X6           INDN:OUTDOOR PLAYGROUND INC  CO ID:XXXXX48598 CCD,,57.37
158,,,,,,,,
,01/12/2024,Deposit,,,Shopify,Shopify          DES:TRANSFER   ID:ST-E5H1U7P6W7I9           INDN:OUTDOOR PLAYGROUND      CO ID:XXXXX48598 CCD,Reconciled,2342.24
,01/12/2024,Deposit,,,Shopify,Shopify          DES:TRANSFER   ID:ST-E5H1U7P6W7I9           INDN:OUTDOOR PLAYGROUND      CO ID:XXXXX48598 CCD,,2342.24
159,,,,,,,,
,01/12/2024,Deposit,,Stripe,,STRIPE           DES:TRANSFER   ID:ST-M8M0A7A5Z4A6           INDN:RICHARD PATRI           CO ID:XXXXX65600 CCD,Reconciled,1736.21
,01/12/2024,Deposit,,Stripe,,STRIPE           DES:TRANSFER   ID:ST-M8M0A7A5Z4A6           INDN:RICHARD PATRI           CO ID:XXXXX65600 CCD,,1736.21
169,,,,,,,,
,01/16/2024,Deposit,,,Shopify,Shopify          DES:TRANSFER   ID:ST-F3I9N1M7B2I0           INDN:OUTDOOR PLAYGROUND      CO ID:XXXXX48598 CCD,Reconciled,3056.54
,01/16/2024,Deposit,,,Shopify,Shopify          DES:TRANSFER   ID:ST-F3I9N1M7B2I0           INDN:OUTDOOR PLAYGROUND      CO ID:XXXXX48598 CCD,,3056.54
170,,,,,,,,
,01/16/2024,Deposit,,,Shopify,Shopify          DES:TRANSFER   ID:ST-R8Z6K8N1Z4H2           INDN:OUTDOOR PLAYGROUND INC  CO ID:XXXXX48598 CCD,Reconciled,60.71
,01/16/2024,Deposit,,,Shopify,Shopify          DES:TRANSFER   ID:ST-R8Z6K8N1Z4H2           INDN:OUTDOOR PLAYGROUND INC  CO ID:XXXXX48598 CCD,,60.71
171,,,,,,,,
,01/16/2024,Deposit,,Stripe,,STRIPE           DES:TRANSFER   ID:ST-Q8P2T7W5W6D9           INDN:RICHARD PATRI           CO ID:XXXXX65600 CCD,Reconciled,633.23
,01/16/2024,Deposit,,Stripe,,STRIPE           DES:TRANSFER   ID:ST-Q8P2T7W5W6D9           INDN:RICHARD PATRI           CO ID:XXXXX65600 CCD,,633.23
172,,,,,,,,
,01/16/2024,Deposit,,,,PAYPAL           DES:TRANSFER   ID:XXXXX25768293             INDN:MAXIMUS OUTDOORS        CO ID:PAYPALSD11 PPD,Reconciled,5031.8
,01/16/2024,Deposit,,,,PAYPAL           DES:TRANSFER   ID:XXXXX25768293             INDN:MAXIMUS OUTDOORS        CO ID:PAYPALSD11 PPD,,5031.8
186,,,,,,,,
,01/17/2024,Deposit,,,,SHOPPAYINST AFRM DES:PAYMENTS   ID:JFOAUTLJR81E3XO           INDN:Rick's Tackle Outlet    CO ID:XXXXX98000 CCD,Reconciled,49.66
,01/17/2024,Deposit,,,,SHOPPAYINST AFRM DES:PAYMENTS   ID:JFOAUTLJR81E3XO           INDN:Rick's Tackle Outlet    CO ID:XXXXX98000 CCD,,49.66
187,,,,,,,,
,01/17/2024,Deposit,,,,SHOPPAYINST AFRM DES:PAYMENTS   ID:R2HK4DWPPHV6CMA           INDN:MONSTERBASS             CO ID:XXXXX98000 CCD,Reconciled,54.02
,01/17/2024,Deposit,,,,SHOPPAYINST AFRM DES:PAYMENTS   ID:R2HK4DWPPHV6CMA           INDN:MONSTERBASS             CO ID:XXXXX98000 CCD,,54.02
188,,,,,,,,
,01/17/2024,Deposit,,,,Shopify          DES:TRANSFER   ID:ST-E2U4E5N7D0J5           INDN:OUTDOOR PLAYGROUND      CO ID:XXXXX48598 CCD,Reconciled,12695.81
,01/17/2024,Deposit,,,,Shopify          DES:TRANSFER   ID:ST-E2U4E5N7D0J5           INDN:OUTDOOR PLAYGROUND      CO ID:XXXXX48598 CCD,,12695.81
189,,,,,,,,
,01/17/2024,Deposit,,,,STRIPE           DES:TRANSFER   ID:ST-P6Y0K7H9N4R3           INDN:RICHARD PATRI           CO ID:XXXXX65600 CCD,Reconciled,1457.79
,01/17/2024,Deposit,,,,STRIPE           DES:TRANSFER   ID:ST-P6Y0K7H9N4R3           INDN:RICHARD PATRI           CO ID:XXXXX65600 CCD,,1457.79
190,,,,,,,,
,01/17/2024,Deposit,,,,Shopify          DES:TRANSFER   ID:ST-Q7H0K2A2M9N0           INDN:OUTDOOR PLAYGROUND INC  CO ID:XXXXX48598 CCD,Reconciled,235.23
,01/17/2024,Deposit,,,,Shopify          DES:TRANSFER   ID:ST-Q7H0K2A2M9N0           INDN:OUTDOOR PLAYGROUND INC  CO ID:XXXXX48598 CCD,,235.23
180,,,,,,,,
,01/18/2024,Deposit,,,Shopify,Shopify          DES:TRANSFER   ID:ST-Y9O1U2B9C1P1           INDN:OUTDOOR PLAYGROUND      CO ID:XXXXX48598 CCD,Reconciled,2308.84
,01/18/2024,Deposit,,,Shopify,Shopify          DES:TRANSFER   ID:ST-Y9O1U2B9C1P1           INDN:OUTDOOR PLAYGROUND      CO ID:XXXXX48598 CCD,,2308.84
181,,,,,,,,
,01/18/2024,Deposit,,,Shopify,Shopify          DES:TRANSFER   ID:ST-J7E2Z6H5Q7N8           INDN:OUTDOOR PLAYGROUND INC  CO ID:XXXXX48598 CCD,Reconciled,57.49
,01/18/2024,Deposit,,,Shopify,Shopify          DES:TRANSFER   ID:ST-J7E2Z6H5Q7N8           INDN:OUTDOOR PLAYGROUND INC  CO ID:XXXXX48598 CCD,,57.49
182,,,,,,,,
,01/18/2024,Deposit,,Stripe,,STRIPE           DES:TRANSFER   ID:ST-G2M6H5L0H1O3           INDN:RICHARD PATRI           CO ID:XXXXX65600 CCD,Reconciled,3351.1
,01/18/2024,Deposit,,Stripe,,STRIPE           DES:TRANSFER   ID:ST-G2M6H5L0H1O3           INDN:RICHARD PATRI           CO ID:XXXXX65600 CCD,,3351.1
185,,,,,,,,
,01/18/2024,Deposit,,,,SHOPPAYINST AFRM DES:PAYMENTS   ID:MTOTCV0VAOQBLTT           INDN:MONSTERBASS             CO ID:XXXXX98000 CCD,Reconciled,113.38
,01/18/2024,Deposit,,,,SHOPPAYINST AFRM DES:PAYMENTS   ID:MTOTCV0VAOQBLTT           INDN:MONSTERBASS             CO ID:XXXXX98000 CCD,,113.38
176,,,,,,,,
,01/19/2024,Deposit,,,Shopify,Shopify          DES:TRANSFER   ID:ST-N1R6N8W7L1Y5           INDN:OUTDOOR PLAYGROUND      CO ID:XXXXX48598 CCD,Reconciled,2311.51
,01/19/2024,Deposit,,,Shopify,Shopify          DES:TRANSFER   ID:ST-N1R6N8W7L1Y5           INDN:OUTDOOR PLAYGROUND      CO ID:XXXXX48598 CCD,,2311.51
178,,,,,,,,
,01/19/2024,Deposit,,,Shopify,Shopify          DES:TRANSFER   ID:ST-N9R3H6U4O7E1           INDN:OUTDOOR PLAYGROUND INC  CO ID:XXXXX48598 CCD,Reconciled,10.39
,01/19/2024,Deposit,,,Shopify,Shopify          DES:TRANSFER   ID:ST-N9R3H6U4O7E1           INDN:OUTDOOR PLAYGROUND INC  CO ID:XXXXX48598 CCD,,10.39
179,,,,,,,,
,01/19/2024,Deposit,,Stripe,,STRIPE           DES:TRANSFER   ID:ST-E4U8A5H9M4P7           INDN:RICHARD PATRI           CO ID:XXXXX65600 CCD,Reconciled,743.44
,01/19/2024,Deposit,,Stripe,,STRIPE           DES:TRANSFER   ID:ST-E4U8A5H9M4P7           INDN:RICHARD PATRI           CO ID:XXXXX65600 CCD,,743.44
211,,,,,,,,
,01/22/2024,Deposit,,,,STRIPE           DES:TRANSFER   ID:ST-W4E7D8X5P0M5           INDN:RICHARD PATRI           CO ID:XXXXX65600 CCD,Reconciled,710.27
,01/22/2024,Deposit,,,,STRIPE           DES:TRANSFER   ID:ST-W4E7D8X5P0M5           INDN:RICHARD PATRI           CO ID:XXXXX65600 CCD,,710.27
212,,,,,,,,
,01/22/2024,Deposit,,,,Shopify          DES:TRANSFER   ID:ST-U8D9X4X1G9G8           INDN:OUTDOOR PLAYGROUND      CO ID:XXXXX48598 CCD,Reconciled,1564.29
,01/22/2024,Deposit,,,,Shopify          DES:TRANSFER   ID:ST-U8D9X4X1G9G8           INDN:OUTDOOR PLAYGROUND      CO ID:XXXXX48598 CCD,,1564.29
225,,,,,,,,
,01/23/2024,Deposit,,Stripe,,STRIPE           DES:TRANSFER   ID:ST-Y7N8G2A0D7F6           INDN:RICHARD PATRI           CO ID:XXXXX65600 CCD,Reconciled,317.86
,01/23/2024,Deposit,,Stripe,,STRIPE           DES:TRANSFER   ID:ST-Y7N8G2A0D7F6           INDN:RICHARD PATRI           CO ID:XXXXX65600 CCD,,317.86
226,,,,,,,,
,01/23/2024,Deposit,,,Shopify,Shopify          DES:TRANSFER   ID:ST-G6L3D4G6F7J4           INDN:OUTDOOR PLAYGROUND      CO ID:XXXXX48598 CCD,Reconciled,7346.84
,01/23/2024,Deposit,,,Shopify,Shopify          DES:TRANSFER   ID:ST-G6L3D4G6F7J4           INDN:OUTDOOR PLAYGROUND      CO ID:XXXXX48598 CCD,,7346.84
236,,,,,,,,
,01/23/2024,Deposit,,,,SHOPPAYINST AFRM DES:PAYMENTS   ID:BNKETS7I238LHA7           INDN:MONSTERBASS             CO ID:XXXXX98000 CCD,Reconciled,66.32
,01/23/2024,Deposit,,,,SHOPPAYINST AFRM DES:PAYMENTS   ID:BNKETS7I238LHA7           INDN:MONSTERBASS             CO ID:XXXXX98000 CCD,,66.32
237,,,,,,,,
,01/23/2024,Deposit,,,,PAYPAL           DES:TRANSFER   ID:XXXXX61906858             INDN:MAXIMUS OUTDOORS        CO ID:PAYPALSD11 PPD,Reconciled,4829.89
,01/23/2024,Deposit,,,,PAYPAL           DES:TRANSFER   ID:XXXXX61906858             INDN:MAXIMUS OUTDOORS        CO ID:PAYPALSD11 PPD,,4829.89
234,,,,,,,,
,01/24/2024,Deposit,,,,Shopify          DES:TRANSFER   ID:ST-T8M7H4U3N8W6           INDN:OUTDOOR PLAYGROUND      CO ID:XXXXX48598 CCD,Reconciled,2122.75
,01/24/2024,Deposit,,,,Shopify          DES:TRANSFER   ID:ST-T8M7H4U3N8W6           INDN:OUTDOOR PLAYGROUND      CO ID:XXXXX48598 CCD,,2122.75
235,,,,,,,,
,01/24/2024,Deposit,,,,STRIPE           DES:TRANSFER   ID:ST-U4B3Q2X7H2J6           INDN:RICHARD PATRI           CO ID:XXXXX65600 CCD,Reconciled,2194.74
,01/24/2024,Deposit,,,,STRIPE           DES:TRANSFER   ID:ST-U4B3Q2X7H2J6           INDN:RICHARD PATRI           CO ID:XXXXX65600 CCD,,2194.74
242,,,,,,,,
,01/25/2024,Deposit,,Stripe,,STRIPE           DES:TRANSFER   ID:ST-V2D5P3Y9A1T9           INDN:RICHARD PATRI           CO ID:XXXXX65600 CCD,Reconciled,406.52
,01/25/2024,Deposit,,Stripe,,STRIPE           DES:TRANSFER   ID:ST-V2D5P3Y9A1T9           INDN:RICHARD PATRI           CO ID:XXXXX65600 CCD,,406.52
243,,,,,,,,
,01/25/2024,Deposit,,,Shopify,Shopify          DES:TRANSFER   ID:ST-K3M4I6C9Q3I2           INDN:OUTDOOR PLAYGROUND      CO ID:XXXXX48598 CCD,Reconciled,2495.15
,01/25/2024,Deposit,,,Shopify,Shopify          DES:TRANSFER   ID:ST-K3M4I6C9Q3I2           INDN:OUTDOOR PLAYGROUND      CO ID:XXXXX48598 CCD,,2495.15
260,,,,,,,,
,01/25/2024,Deposit,,,,AMAZON.CJVJ12NTW DES:PAYMENTS   ID:JNKVWKLQVHBRQK6           INDN:Outdoor Playground Inc  CO ID:XXXXX40102 CCD,Reconciled,346.78
,01/25/2024,Deposit,,,,AMAZON.CJVJ12NTW DES:PAYMENTS   ID:JNKVWKLQVHBRQK6           INDN:Outdoor Playground Inc  CO ID:XXXXX40102 CCD,,346.78
251,,,,,,,,
,01/26/2024,Deposit,,Stripe,,STRIPE           DES:TRANSFER   ID:ST-O1W7O8O5V1L6           INDN:RICHARD PATRI           CO ID:XXXXX65600 CCD,Reconciled,522.91
,01/26/2024,Deposit,,Stripe,,STRIPE           DES:TRANSFER   ID:ST-O1W7O8O5V1L6           INDN:RICHARD PATRI           CO ID:XXXXX65600 CCD,,522.91
252,,,,,,,,
,01/26/2024,Deposit,,,Shopify,Shopify          DES:TRANSFER   ID:ST-M8D5Y3E1M1W5           INDN:OUTDOOR PLAYGROUND      CO ID:XXXXX48598 CCD,Reconciled,2422.66
,01/26/2024,Deposit,,,Shopify,Shopify          DES:TRANSFER   ID:ST-M8D5Y3E1M1W5           INDN:OUTDOOR PLAYGROUND      CO ID:XXXXX48598 CCD,,2422.66
259,,,,,,,,
,01/26/2024,Deposit,,,,WIRE TYPE:WIRE IN DATE: 240126 TIME:1017 ET                 TRN:XXXXXXXXXX302468 SEQ:XXXXXXXXXX061199/399946            ORIG:PLASTIQ C ID:O FINXERA SND BK:WELLS FARGO BAN          K NA ID:0407 PMT DET:FXXXXX4489 522018 SGES LLC DB          A WARRIORS TACKLE 522018,Reconciled,2444.5
,01/26/2024,Deposit,,,,WIRE TYPE:WIRE IN DATE: 240126 TIME:1017 ET                 TRN:XXXXXXXXXX302468 SEQ:XXXXXXXXXX061199/399946            ORIG:PLASTIQ C ID:O FINXERA SND BK:WELLS FARGO BAN          K NA ID:0407 PMT DET:FXXXXX4489 522018 SGES LLC DB          A WARRIORS TACKLE 522018,,2444.5
273,,,,,,,,
,01/29/2024,Deposit,,,,Shopify          DES:TRANSFER   ID:ST-J2Z3K1T6I0K7           INDN:OUTDOOR PLAYGROUND      CO ID:XXXXX48598 CCD,Reconciled,1464.76
,01/29/2024,Deposit,,,,Shopify          DES:TRANSFER   ID:ST-J2Z3K1T6I0K7           INDN:OUTDOOR PLAYGROUND      CO ID:XXXXX48598 CCD,,1464.76
274,,,,,,,,
,01/29/2024,Deposit,,,,SHOPPAYINST AFRM DES:PAYMENTS   ID:H03CMBCPX8BKAAA           INDN:MONSTERBASS             CO ID:XXXXX98000 CCD,Reconciled,182.14
,01/29/2024,Deposit,,,,SHOPPAYINST AFRM DES:PAYMENTS   ID:H03CMBCPX8BKAAA           INDN:MONSTERBASS             CO ID:XXXXX98000 CCD,,182.14
276,,,,,,,,
,01/29/2024,Deposit,,,,STRIPE           DES:TRANSFER   ID:ST-D5T0S1I6L4H7           INDN:RICHARD PATRI           CO ID:XXXXX65600 CCD,Reconciled,604.96
,01/29/2024,Deposit,,,,STRIPE           DES:TRANSFER   ID:ST-D5T0S1I6L4H7           INDN:RICHARD PATRI           CO ID:XXXXX65600 CCD,,604.96
281,,,,,,,,
,01/30/2024,Deposit,,,,Shopify          DES:TRANSFER   ID:ST-J6V5Q2W8I8V1           INDN:OUTDOOR PLAYGROUND      CO ID:XXXXX48598 CCD,Reconciled,13483.55
,01/30/2024,Deposit,,,,Shopify          DES:TRANSFER   ID:ST-J6V5Q2W8I8V1           INDN:OUTDOOR PLAYGROUND      CO ID:XXXXX48598 CCD,,13483.55
283,,,,,,,,
,01/30/2024,Deposit,,,,SHOPPAYINST AFRM DES:PAYMENTS   ID:U85UQVFYKVO8UUF           INDN:MONSTERBASS             CO ID:XXXXX98000 CCD,Reconciled,78.22
,01/30/2024,Deposit,,,,SHOPPAYINST AFRM DES:PAYMENTS   ID:U85UQVFYKVO8UUF           INDN:MONSTERBASS             CO ID:XXXXX98000 CCD,,78.22
284,,,,,,,,
,01/30/2024,Deposit,,,,SHOPPAYINST AFRM DES:PAYMENTS   ID:4A6NDJFT8X4KVMF           INDN:Rick's Tackle Outlet    CO ID:XXXXX98000 CCD,Reconciled,74.43
,01/30/2024,Deposit,,,,SHOPPAYINST AFRM DES:PAYMENTS   ID:4A6NDJFT8X4KVMF           INDN:Rick's Tackle Outlet    CO ID:XXXXX98000 CCD,,74.43
286,,,,,,,,
,01/30/2024,Deposit,,,,STRIPE           DES:TRANSFER   ID:ST-P7V7P9Q7H2I1           INDN:RICHARD PATRI           CO ID:XXXXX65600 CCD,Reconciled,436.25
,01/30/2024,Deposit,,,,STRIPE           DES:TRANSFER   ID:ST-P7V7P9Q7H2I1           INDN:RICHARD PATRI           CO ID:XXXXX65600 CCD,,436.25
287,,,,,,,,
,01/30/2024,Deposit,,,,PAYPAL           DES:TRANSFER   ID:XXXXX98237422             INDN:MAXIMUS OUTDOORS        CO ID:PAYPALSD11 PPD,Reconciled,4195.35
,01/30/2024,Deposit,,,,PAYPAL           DES:TRANSFER   ID:XXXXX98237422             INDN:MAXIMUS OUTDOORS        CO ID:PAYPALSD11 PPD,,4195.35
313,,,,,,,,
,01/31/2024,Deposit,,,,Shopify          DES:TRANSFER   ID:ST-C5O4V8Q8B3R0           INDN:OUTDOOR PLAYGROUND      CO ID:XXXXX48598 CCD,Reconciled,1775.03
,01/31/2024,Deposit,,,,Shopify          DES:TRANSFER   ID:ST-C5O4V8Q8B3R0           INDN:OUTDOOR PLAYGROUND      CO ID:XXXXX48598 CCD,,1775.03
316,,,,,,,,
,01/31/2024,Deposit,,,,STRIPE           DES:TRANSFER   ID:ST-Q0B0Q7U2A8W2           INDN:RICHARD PATRI           CO ID:XXXXX65600 CCD,Reconciled,1322.06
,01/31/2024,Deposit,,,,STRIPE           DES:TRANSFER   ID:ST-Q0B0Q7U2A8W2           INDN:RICHARD PATRI           CO ID:XXXXX65600 CCD,,1322.06
308,,,,,,,,
,02/01/2024,Deposit,,,,Shopify          DES:TRANSFER   ID:ST-Q2T0D0M8N8Q0           INDN:OUTDOOR PLAYGROUND      CO ID:XXXXX48598 CCD,Reconciled,4044.24
,02/01/2024,Deposit,,,,Shopify          DES:TRANSFER   ID:ST-Q2T0D0M8N8Q0           INDN:OUTDOOR PLAYGROUND      CO ID:XXXXX48598 CCD,,4044.24
310,,,,,,,,
,02/01/2024,Deposit,,,,SHOPPAYINST AFRM DES:PAYMENTS   ID:8E3S3ITSPHO6UHH           INDN:MONSTERBASS             CO ID:XXXXX98000 CCD,Reconciled,58.24
,02/01/2024,Deposit,,,,SHOPPAYINST AFRM DES:PAYMENTS   ID:8E3S3ITSPHO6UHH           INDN:MONSTERBASS             CO ID:XXXXX98000 CCD,,58.24
312,,,,,,,,
,02/01/2024,Deposit,,,,STRIPE           DES:TRANSFER   ID:ST-J5J4U5W8Q9G9           INDN:RICHARD PATRI           CO ID:XXXXX65600 CCD,Reconciled,280.84
,02/01/2024,Deposit,,,,STRIPE           DES:TRANSFER   ID:ST-J5J4U5W8Q9G9           INDN:RICHARD PATRI           CO ID:XXXXX65600 CCD,,280.84
321,,,,,,,,
,02/02/2024,Deposit,,Stripe,,STRIPE           DES:TRANSFER   ID:ST-Y6U5H8V6H6Q0           INDN:RICHARD PATRI           CO ID:XXXXX65600 CCD,Reconciled,34.33
,02/02/2024,Deposit,,Stripe,,STRIPE           DES:TRANSFER   ID:ST-Y6U5H8V6H6Q0           INDN:RICHARD PATRI           CO ID:XXXXX65600 CCD,,34.33
322,,,,,,,,
,02/02/2024,Deposit,,,Shopify,Shopify          DES:TRANSFER   ID:ST-X4D4P3L0H5K6           INDN:OUTDOOR PLAYGROUND      CO ID:XXXXX48598 CCD,Reconciled,3928.82
,02/02/2024,Deposit,,,Shopify,Shopify          DES:TRANSFER   ID:ST-X4D4P3L0H5K6           INDN:OUTDOOR PLAYGROUND      CO ID:XXXXX48598 CCD,,3928.82
360,,,,,,,,
,02/05/2024,Deposit,,,,SHOPPAYINST AFRM DES:PAYMENTS   ID:CG4C86QR3JNP1A3           INDN:MONSTERBASS             CO ID:XXXXX98000 CCD,Reconciled,49.12
,02/05/2024,Deposit,,,,SHOPPAYINST AFRM DES:PAYMENTS   ID:CG4C86QR3JNP1A3           INDN:MONSTERBASS             CO ID:XXXXX98000 CCD,,49.12
361,,,,,,,,
,02/05/2024,Deposit,,,,Shopify          DES:TRANSFER   ID:ST-B3Y3K1T7J0H4           INDN:OUTDOOR PLAYGROUND      CO ID:XXXXX48598 CCD,Reconciled,1733.3
,02/05/2024,Deposit,,,,Shopify          DES:TRANSFER   ID:ST-B3Y3K1T7J0H4           INDN:OUTDOOR PLAYGROUND      CO ID:XXXXX48598 CCD,,1733.3
354,,,,,,,,
,02/06/2024,Deposit,,,,SHOPPAYINST AFRM DES:PAYMENTS   ID:RBSXLXLD8O4N8B8           INDN:MONSTERBASS             CO ID:XXXXX98000 CCD,Reconciled,48.53
,02/06/2024,Deposit,,,,SHOPPAYINST AFRM DES:PAYMENTS   ID:RBSXLXLD8O4N8B8           INDN:MONSTERBASS             CO ID:XXXXX98000 CCD,,48.53
355,,,,,,,,
,02/06/2024,Deposit,,,,Shopify          DES:TRANSFER   ID:ST-Z4P7P7Q9O2J9           INDN:OUTDOOR PLAYGROUND      CO ID:XXXXX48598 CCD,Reconciled,5136.85
,02/06/2024,Deposit,,,,Shopify          DES:TRANSFER   ID:ST-Z4P7P7Q9O2J9           INDN:OUTDOOR PLAYGROUND      CO ID:XXXXX48598 CCD,,5136.85
356,,,,,,,,
,02/06/2024,Deposit,,,,STRIPE           DES:TRANSFER   ID:ST-P3W2C0Q8B7R8           INDN:RICHARD PATRI           CO ID:XXXXX65600 CCD,Reconciled,68.6
,02/06/2024,Deposit,,,,STRIPE           DES:TRANSFER   ID:ST-P3W2C0Q8B7R8           INDN:RICHARD PATRI           CO ID:XXXXX65600 CCD,,68.6
359,,,,,,,,
,02/06/2024,Deposit,,,,PAYPAL           DES:TRANSFER   ID:XXXXX46916548             INDN:MAXIMUS OUTDOORS        CO ID:PAYPALSD11 PPD,Reconciled,4420.22
,02/06/2024,Deposit,,,,PAYPAL           DES:TRANSFER   ID:XXXXX46916548             INDN:MAXIMUS OUTDOORS        CO ID:PAYPALSD11 PPD,,4420.22
368,,,,,,,,
,02/07/2024,Deposit,,Stripe,,STRIPE           DES:TRANSFER   ID:ST-T5U3V2B6Q4D1           INDN:RICHARD PATRI           CO ID:XXXXX65600 CCD,Reconciled,399
,02/07/2024,Deposit,,Stripe,,STRIPE           DES:TRANSFER   ID:ST-T5U3V2B6Q4D1           INDN:RICHARD PATRI           CO ID:XXXXX65600 CCD,,399
369,,,,,,,,
,02/07/2024,Deposit,,,Shopify,Shopify          DES:TRANSFER   ID:ST-Z3E9F8S8G1K0           INDN:OUTDOOR PLAYGROUND      CO ID:XXXXX48598 CCD,Reconciled,2684.24
,02/07/2024,Deposit,,,Shopify,Shopify          DES:TRANSFER   ID:ST-Z3E9F8S8G1K0           INDN:OUTDOOR PLAYGROUND      CO ID:XXXXX48598 CCD,,2684.24
373,,,,,,,,
,02/07/2024,Deposit,,,,CHASE CREDIT CRD DES:RWRD RDM   ID:3eXXXXX49656006           INDN:PATRI RICHARD           CO ID:XXXXX40001 PPD,Reconciled,1102.66
,02/07/2024,Deposit,,,,CHASE CREDIT CRD DES:RWRD RDM   ID:3eXXXXX49656006           INDN:PATRI RICHARD           CO ID:XXXXX40001 PPD,,1102.66
374,,,,,,,,
,02/08/2024,Deposit,,,,AMAZON.CM5YPKWD5 DES:PAYMENTS   ID:3GV0DZCGV7O90I1           INDN:Outdoor Playground Inc  CO ID:XXXXX40102 CCD,Reconciled,7.73
,02/08/2024,Deposit,,,,AMAZON.CM5YPKWD5 DES:PAYMENTS   ID:3GV0DZCGV7O90I1           INDN:Outdoor Playground Inc  CO ID:XXXXX40102 CCD,,7.73
375,,,,,,,,
,02/08/2024,Deposit,,,,Shopify          DES:TRANSFER   ID:ST-Z6W1D4I4W2D8           INDN:OUTDOOR PLAYGROUND      CO ID:XXXXX48598 CCD,Reconciled,13862.61
,02/08/2024,Deposit,,,,Shopify          DES:TRANSFER   ID:ST-Z6W1D4I4W2D8           INDN:OUTDOOR PLAYGROUND      CO ID:XXXXX48598 CCD,,13862.61
376,,,,,,,,
,02/08/2024,Deposit,,,,STRIPE           DES:TRANSFER   ID:ST-C3D7K1V9D1M3           INDN:RICHARD PATRI           CO ID:XXXXX65600 CCD,Reconciled,11938.48
,02/08/2024,Deposit,,,,STRIPE           DES:TRANSFER   ID:ST-C3D7K1V9D1M3           INDN:RICHARD PATRI           CO ID:XXXXX65600 CCD,,11938.48
387,,,,,,,,
,02/09/2024,Deposit,,,Shopify,Shopify          DES:TRANSFER   ID:ST-E0S2M2A9T4H5           INDN:OUTDOOR PLAYGROUND      CO ID:XXXXX48598 CCD,Reconciled,4897.09
,02/09/2024,Deposit,,,Shopify,Shopify          DES:TRANSFER   ID:ST-E0S2M2A9T4H5           INDN:OUTDOOR PLAYGROUND      CO ID:XXXXX48598 CCD,,4897.09
388,,,,,,,,
,02/09/2024,Deposit,,Stripe,,STRIPE           DES:TRANSFER   ID:ST-G5W0G5D5G3R5           INDN:RICHARD PATRI           CO ID:XXXXX65600 CCD,Reconciled,1148.11
,02/09/2024,Deposit,,Stripe,,STRIPE           DES:TRANSFER   ID:ST-G5W0G5D5G3R5           INDN:RICHARD PATRI           CO ID:XXXXX65600 CCD,,1148.11
404,,,,,,,,
,02/12/2024,Deposit,,,,Shopify          DES:TRANSFER   ID:ST-F8M4V7L0A0P0           INDN:OUTDOOR PLAYGROUND      CO ID:XXXXX48598 CCD,Reconciled,3810.42
,02/12/2024,Deposit,,,,Shopify          DES:TRANSFER   ID:ST-F8M4V7L0A0P0           INDN:OUTDOOR PLAYGROUND      CO ID:XXXXX48598 CCD,,3810.42
405,,,,,,,,
,02/12/2024,Deposit,,,,STRIPE           DES:TRANSFER   ID:ST-B1Z8W2C2E6W2           INDN:RICHARD PATRI           CO ID:XXXXX65600 CCD,Reconciled,997.42
,02/12/2024,Deposit,,,,STRIPE           DES:TRANSFER   ID:ST-B1Z8W2C2E6W2           INDN:RICHARD PATRI           CO ID:XXXXX65600 CCD,,997.42
408,,,,,,,,
,02/13/2024,Deposit,,Stripe,,STRIPE           DES:TRANSFER   ID:ST-S5S5H1Z0K6W0           INDN:RICHARD PATRI           CO ID:XXXXX65600 CCD,Reconciled,754.81
,02/13/2024,Deposit,,Stripe,,STRIPE           DES:TRANSFER   ID:ST-S5S5H1Z0K6W0           INDN:RICHARD PATRI           CO ID:XXXXX65600 CCD,,754.81
409,,,,,,,,
,02/13/2024,Deposit,,,Shopify,Shopify          DES:TRANSFER   ID:ST-Y7L8Y4O8J6V1           INDN:OUTDOOR PLAYGROUND      CO ID:XXXXX48598 CCD,Reconciled,10358.7
,02/13/2024,Deposit,,,Shopify,Shopify          DES:TRANSFER   ID:ST-Y7L8Y4O8J6V1           INDN:OUTDOOR PLAYGROUND      CO ID:XXXXX48598 CCD,,10358.7
431,,,,,,,,
,02/13/2024,Deposit,,,,PAYPAL           DES:TRANSFER   ID:XXXXX87996077             INDN:MAXIMUS OUTDOORS        CO ID:PAYPALSD11 PPD,Reconciled,6804.84
,02/13/2024,Deposit,,,,PAYPAL           DES:TRANSFER   ID:XXXXX87996077             INDN:MAXIMUS OUTDOORS        CO ID:PAYPALSD11 PPD,,6804.84
432,,,,,,,,
,02/13/2024,Deposit,,,,SHOPPAYINST AFRM DES:AutoPay    ID:CZDJ28D90MG3R57           INDN:MONSTERBASS             CO ID:394440     CCD,Reconciled,364.94
,02/13/2024,Deposit,,,,SHOPPAYINST AFRM DES:AutoPay    ID:CZDJ28D90MG3R57           INDN:MONSTERBASS             CO ID:394440     CCD,,364.94
412,,,,,,,,
,02/14/2024,Deposit,,Stripe,,STRIPE           DES:TRANSFER   ID:ST-G4H0T3H3J2H5           INDN:RICHARD PATRI           CO ID:XXXXX65600 CCD,Reconciled,2524.35
,02/14/2024,Deposit,,Stripe,,STRIPE           DES:TRANSFER   ID:ST-G4H0T3H3J2H5           INDN:RICHARD PATRI           CO ID:XXXXX65600 CCD,,2524.35
414,,,,,,,,
,02/14/2024,Deposit,,,Shopify,Shopify          DES:TRANSFER   ID:ST-V1C1L8V7K0X6           INDN:OUTDOOR PLAYGROUND      CO ID:XXXXX48598 CCD,Reconciled,2613.52
,02/14/2024,Deposit,,,Shopify,Shopify          DES:TRANSFER   ID:ST-V1C1L8V7K0X6           INDN:OUTDOOR PLAYGROUND      CO ID:XXXXX48598 CCD,,2613.52
426,,,,,,,,
,02/15/2024,Deposit,,,,STRIPE           DES:TRANSFER   ID:ST-M7V4V6A8M8F5           INDN:RICHARD PATRI           CO ID:XXXXX65600 CCD,Reconciled,1595.87
,02/15/2024,Deposit,,,,STRIPE           DES:TRANSFER   ID:ST-M7V4V6A8M8F5           INDN:RICHARD PATRI           CO ID:XXXXX65600 CCD,,1595.87
427,,,,,,,,
,02/15/2024,Deposit,,,,Shopify          DES:TRANSFER   ID:ST-U9R6Q4S2F6Q9           INDN:OUTDOOR PLAYGROUND      CO ID:XXXXX48598 CCD,Reconciled,2131.22
,02/15/2024,Deposit,,,,Shopify          DES:TRANSFER   ID:ST-U9R6Q4S2F6Q9           INDN:OUTDOOR PLAYGROUND      CO ID:XXXXX48598 CCD,,2131.22
428,,,,,,,,
,02/15/2024,Deposit,,,,FACEBOOK INC     DES:BDFPH8IS4D ID:BDFPH8IS4D                INDN:OUTDOOR PLAYGROUND      CO ID:HXXXXX5019 CCD           PMT INFO:RMR*IK*FACEBOOK PAYOUT BDFPH8IS4D\,Reconciled,6.98
,02/15/2024,Deposit,,,,FACEBOOK INC     DES:BDFPH8IS4D ID:BDFPH8IS4D                INDN:OUTDOOR PLAYGROUND      CO ID:HXXXXX5019 CCD           PMT INFO:RMR*IK*FACEBOOK PAYOUT BDFPH8IS4D\,,-6.98
434,,,,,,,,
,02/16/2024,Deposit,,,Shopify,Shopify          DES:TRANSFER   ID:ST-M5B4K8J3R7T9           INDN:OUTDOOR PLAYGROUND      CO ID:XXXXX48598 CCD,Reconciled,3649.21
,02/16/2024,Deposit,,,Shopify,Shopify          DES:TRANSFER   ID:ST-M5B4K8J3R7T9           INDN:OUTDOOR PLAYGROUND      CO ID:XXXXX48598 CCD,,3649.21
435,,,,,,,,
,02/16/2024,Deposit,,Stripe,,STRIPE           DES:TRANSFER   ID:ST-A7W1B5T3A2X5           INDN:RICHARD PATRI           CO ID:XXXXX65600 CCD,Reconciled,629.01
,02/16/2024,Deposit,,Stripe,,STRIPE           DES:TRANSFER   ID:ST-A7W1B5T3A2X5           INDN:RICHARD PATRI           CO ID:XXXXX65600 CCD,,629.01
439,,,,,,,,
,02/16/2024,Deposit,,,Maximus Outdoors,Online Banking transfer from CHK 1108                       Confirmation# XXXXX21375,Reconciled,75000
,02/16/2024,Deposit,,,Maximus Outdoors,Online Banking transfer from CHK 1108                       Confirmation# XXXXX21375,Uncleared,75000
440,,,,,,,,
,02/16/2024,Deposit,,,,SHOPPAYINST AFRM DES:PAYMENTS   ID:QGF8CER11T72GCU           INDN:MONSTERBASS             CO ID:XXXXX98000 CCD,Reconciled,111.68
,02/16/2024,Deposit,,,,SHOPPAYINST AFRM DES:PAYMENTS   ID:QGF8CER11T72GCU           INDN:MONSTERBASS             CO ID:XXXXX98000 CCD,,111.68
446,,,,,,,,
,02/20/2024,Deposit,,,,STRIPE           DES:TRANSFER   ID:ST-O4E8U4B4F7K2           INDN:RICHARD PATRI           CO ID:XXXXX65600 CCD,Reconciled,1200.4
,02/20/2024,Deposit,,,,STRIPE           DES:TRANSFER   ID:ST-O4E8U4B4F7K2           INDN:RICHARD PATRI           CO ID:XXXXX65600 CCD,,1200.4
447,,,,,,,,
,02/20/2024,Deposit,,,,Shopify          DES:TRANSFER   ID:ST-V0X0D5O1V5M8           INDN:OUTDOOR PLAYGROUND      CO ID:XXXXX48598 CCD,Reconciled,4967.08
,02/20/2024,Deposit,,,,Shopify          DES:TRANSFER   ID:ST-V0X0D5O1V5M8           INDN:OUTDOOR PLAYGROUND      CO ID:XXXXX48598 CCD,,4967.08
448,,,,,,,,
,02/20/2024,Deposit,,,,PAYPAL           DES:TRANSFER   ID:XXXXX27294224             INDN:MAXIMUS OUTDOORS        CO ID:PAYPALSD11 PPD,Reconciled,4461.86
,02/20/2024,Deposit,,,,PAYPAL           DES:TRANSFER   ID:XXXXX27294224             INDN:MAXIMUS OUTDOORS        CO ID:PAYPALSD11 PPD,,4461.86
455,,,,,,,,
,02/21/2024,Deposit,,,Shopify,Shopify          DES:TRANSFER   ID:ST-J9V2V5S8D8M5           INDN:OUTDOOR PLAYGROUND      CO ID:XXXXX48598 CCD,Reconciled,11617.72
,02/21/2024,Deposit,,,Shopify,Shopify          DES:TRANSFER   ID:ST-J9V2V5S8D8M5           INDN:OUTDOOR PLAYGROUND      CO ID:XXXXX48598 CCD,,11617.72
457,,,,,,,,
,02/21/2024,Deposit,,Stripe,,STRIPE           DES:TRANSFER   ID:ST-Z5D0L8Q1Q5C6           INDN:RICHARD PATRI           CO ID:XXXXX65600 CCD,Reconciled,508.34
,02/21/2024,Deposit,,Stripe,,STRIPE           DES:TRANSFER   ID:ST-Z5D0L8Q1Q5C6           INDN:RICHARD PATRI           CO ID:XXXXX65600 CCD,,508.34
468,,,,,,,,
,02/21/2024,Deposit,,,,SHOPPAYINST AFRM DES:PAYMENTS   ID:13RYCWPDYZLVJXA           INDN:MONSTERBASS             CO ID:XXXXX98000 CCD,Reconciled,64.96
,02/21/2024,Deposit,,,,SHOPPAYINST AFRM DES:PAYMENTS   ID:13RYCWPDYZLVJXA           INDN:MONSTERBASS             CO ID:XXXXX98000 CCD,,64.96
456,,,,,,,,
,02/22/2024,Deposit,,,Shopify,Shopify          DES:TRANSFER   ID:ST-Q1H6K0G4J7V4           INDN:OUTDOOR PLAYGROUND      CO ID:XXXXX48598 CCD,Reconciled,2879.6
,02/22/2024,Deposit,,,Shopify,Shopify          DES:TRANSFER   ID:ST-Q1H6K0G4J7V4           INDN:OUTDOOR PLAYGROUND      CO ID:XXXXX48598 CCD,,2879.6
459,,,,,,,,
,02/22/2024,Deposit,,Stripe,,STRIPE           DES:TRANSFER   ID:ST-J4T7K8I5C1R0           INDN:RICHARD PATRI           CO ID:XXXXX65600 CCD,Reconciled,3174.47
,02/22/2024,Deposit,,Stripe,,STRIPE           DES:TRANSFER   ID:ST-J4T7K8I5C1R0           INDN:RICHARD PATRI           CO ID:XXXXX65600 CCD,,3174.47
454,,,,,,,,
,02/23/2024,Deposit,,,Shopify,Shopify          DES:TRANSFER   ID:ST-C9J1W9O9W0O2           INDN:OUTDOOR PLAYGROUND INC  CO ID:XXXXX48598 CCD,Reconciled,275.22
,02/23/2024,Deposit,,,Shopify,Shopify          DES:TRANSFER   ID:ST-C9J1W9O9W0O2           INDN:OUTDOOR PLAYGROUND INC  CO ID:XXXXX48598 CCD,,275.22
458,,,,,,,,
,02/23/2024,Deposit,,Stripe,,STRIPE           DES:TRANSFER   ID:ST-T6Y6J8W6Y5N0           INDN:RICHARD PATRI           CO ID:XXXXX65600 CCD,Reconciled,500.53
,02/23/2024,Deposit,,Stripe,,STRIPE           DES:TRANSFER   ID:ST-T6Y6J8W6Y5N0           INDN:RICHARD PATRI           CO ID:XXXXX65600 CCD,,500.53
460,,,,,,,,
,02/23/2024,Deposit,,,Shopify,Shopify          DES:TRANSFER   ID:ST-H5G4P0Y7W0J9           INDN:OUTDOOR PLAYGROUND      CO ID:XXXXX48598 CCD,Reconciled,3909.28
,02/23/2024,Deposit,,,Shopify,Shopify          DES:TRANSFER   ID:ST-H5G4P0Y7W0J9           INDN:OUTDOOR PLAYGROUND      CO ID:XXXXX48598 CCD,,3909.28
472,,,,,,,,
,02/26/2024,Deposit,,Stripe,,STRIPE           DES:TRANSFER   ID:ST-S2G4P9B5J7I2           INDN:RICHARD PATRI           CO ID:XXXXX65600 CCD,Reconciled,502.57
,02/26/2024,Deposit,,Stripe,,STRIPE           DES:TRANSFER   ID:ST-S2G4P9B5J7I2           INDN:RICHARD PATRI           CO ID:XXXXX65600 CCD,,502.57
474,,,,,,,,
,02/26/2024,Deposit,,,Shopify,Shopify          DES:TRANSFER   ID:ST-E9E9M9V6H7X8           INDN:OUTDOOR PLAYGROUND      CO ID:XXXXX48598 CCD,Reconciled,2555.11
,02/26/2024,Deposit,,,Shopify,Shopify          DES:TRANSFER   ID:ST-E9E9M9V6H7X8           INDN:OUTDOOR PLAYGROUND      CO ID:XXXXX48598 CCD,,2555.11
479,,,,,,,,
,02/27/2024,Deposit,,,,SHOPPAYINST AFRM DES:AutoPay    ID:1W1UDZNO2GW7H15           INDN:MONSTERBASS             CO ID:394440     CCD,Reconciled,204.79
,02/27/2024,Deposit,,,,SHOPPAYINST AFRM DES:AutoPay    ID:1W1UDZNO2GW7H15           INDN:MONSTERBASS             CO ID:394440     CCD,,204.79
480,,,,,,,,
,02/27/2024,Deposit,,,,PAYPAL           DES:TRANSFER   ID:XXXXX63969865             INDN:MAXIMUS OUTDOORS        CO ID:PAYPALSD11 PPD,Reconciled,3893.81
,02/27/2024,Deposit,,,,PAYPAL           DES:TRANSFER   ID:XXXXX63969865             INDN:MAXIMUS OUTDOORS        CO ID:PAYPALSD11 PPD,,3893.81
481,,,,,,,,
,02/27/2024,Deposit,,,,Shopify          DES:TRANSFER   ID:ST-J5E8W3N1Y5V3           INDN:OUTDOOR PLAYGROUND      CO ID:XXXXX48598 CCD,Reconciled,11401.96
,02/27/2024,Deposit,,,,Shopify          DES:TRANSFER   ID:ST-J5E8W3N1Y5V3           INDN:OUTDOOR PLAYGROUND      CO ID:XXXXX48598 CCD,,11401.96
482,,,,,,,,
,02/27/2024,Deposit,,,,STRIPE           DES:TRANSFER   ID:ST-I3Q2I0K4Y9N4           INDN:RICHARD PATRI           CO ID:XXXXX65600 CCD,Reconciled,361.5
,02/27/2024,Deposit,,,,STRIPE           DES:TRANSFER   ID:ST-I3Q2I0K4Y9N4           INDN:RICHARD PATRI           CO ID:XXXXX65600 CCD,,361.5
483,,,,,,,,
,02/27/2024,Deposit,,,,SHOPPAYINST AFRM DES:PAYMENTS   ID:NZS8LEI0CVRWULM           INDN:MONSTERBASS             CO ID:XXXXX98000 CCD,Reconciled,174.77
,02/27/2024,Deposit,,,,SHOPPAYINST AFRM DES:PAYMENTS   ID:NZS8LEI0CVRWULM           INDN:MONSTERBASS             CO ID:XXXXX98000 CCD,,174.77
490,,,,,,,,
,02/28/2024,Deposit,,,Shopify,Shopify          DES:TRANSFER   ID:ST-F7J9E6T3F8Y3           INDN:OUTDOOR PLAYGROUND      CO ID:XXXXX48598 CCD,Reconciled,5767.41
,02/28/2024,Deposit,,,Shopify,Shopify          DES:TRANSFER   ID:ST-F7J9E6T3F8Y3           INDN:OUTDOOR PLAYGROUND      CO ID:XXXXX48598 CCD,,5767.41
491,,,,,,,,
,02/28/2024,Deposit,,,Shopify,Shopify          DES:TRANSFER   ID:ST-U3R7Y9D5I6L0           INDN:OUTDOOR PLAYGROUND INC  CO ID:XXXXX48598 CCD,Reconciled,79.05
,02/28/2024,Deposit,,,Shopify,Shopify          DES:TRANSFER   ID:ST-U3R7Y9D5I6L0           INDN:OUTDOOR PLAYGROUND INC  CO ID:XXXXX48598 CCD,,79.05
492,,,,,,,,
,02/28/2024,Deposit,,Stripe,,STRIPE           DES:TRANSFER   ID:ST-W9C1X8O1J9U4           INDN:RICHARD PATRI           CO ID:XXXXX65600 CCD,Reconciled,1429.68
,02/28/2024,Deposit,,Stripe,,STRIPE           DES:TRANSFER   ID:ST-W9C1X8O1J9U4           INDN:RICHARD PATRI           CO ID:XXXXX65600 CCD,,1429.68
498,,,,,,,,
,02/28/2024,Deposit,,,,"WIRE TYPE:WIRE IN DATE: 240228 TIME:1019 ET                 TRN:XXXXXXXXXX324984 SEQ:XXXXXXXXXX070649/008152            ORIG:PLASTIQ C ID:O FINXERA SND BK:WELLS FARGO BAN          K, NA ID:XXXXX0248 PMT DET:FXXXXX6996 INVOICE 5279          98 SGES LLC DBA WARRIORS INVOICE 527998",Reconciled,1840.9
,02/28/2024,Deposit,,,,"WIRE TYPE:WIRE IN DATE: 240228 TIME:1019 ET                 TRN:XXXXXXXXXX324984 SEQ:XXXXXXXXXX070649/008152            ORIG:PLASTIQ C ID:O FINXERA SND BK:WELLS FARGO BAN          K, NA ID:XXXXX0248 PMT DET:FXXXXX6996 INVOICE 5279          98 SGES LLC DBA WARRIORS INVOICE 527998",,1840.9
495,,,,,,,,
,02/29/2024,Deposit,,,,Shopify          DES:TRANSFER   ID:ST-D1B9F4H1L0V5           INDN:OUTDOOR PLAYGROUND      CO ID:XXXXX48598 CCD,Reconciled,4022.58
,02/29/2024,Deposit,,,,Shopify          DES:TRANSFER   ID:ST-D1B9F4H1L0V5           INDN:OUTDOOR PLAYGROUND      CO ID:XXXXX48598 CCD,,4022.58
496,,,,,,,,
,02/29/2024,Deposit,,,,STRIPE           DES:TRANSFER   ID:ST-O2B6B1Q3U7M6           INDN:RICHARD PATRI           CO ID:XXXXX65600 CCD,Reconciled,228.91
,02/29/2024,Deposit,,,,STRIPE           DES:TRANSFER   ID:ST-O2B6B1Q3U7M6           INDN:RICHARD PATRI           CO ID:XXXXX65600 CCD,,228.91
509,,,,,,,,
,03/01/2024,Deposit,,Stripe,,STRIPE           DES:TRANSFER   ID:ST-Q2E1R6D7T2F9           INDN:RICHARD PATRI           CO ID:XXXXX65600 CCD,Reconciled,1110.41
,03/01/2024,Deposit,,Stripe,,STRIPE           DES:TRANSFER   ID:ST-Q2E1R6D7T2F9           INDN:RICHARD PATRI           CO ID:XXXXX65600 CCD,,1110.41
511,,,,,,,,
,03/01/2024,Deposit,,,Shopify,Shopify          DES:TRANSFER   ID:ST-H6K9L1T8U4L8           INDN:OUTDOOR PLAYGROUND INC  CO ID:XXXXX48598 CCD,Reconciled,65.69
,03/01/2024,Deposit,,,Shopify,Shopify          DES:TRANSFER   ID:ST-H6K9L1T8U4L8           INDN:OUTDOOR PLAYGROUND INC  CO ID:XXXXX48598 CCD,,65.69
512,,,,,,,,
,03/01/2024,Deposit,,,Shopify,Shopify          DES:TRANSFER   ID:ST-V5D4K9Q8A6H7           INDN:OUTDOOR PLAYGROUND      CO ID:XXXXX48598 CCD,Reconciled,4405.07
,03/01/2024,Deposit,,,Shopify,Shopify          DES:TRANSFER   ID:ST-V5D4K9Q8A6H7           INDN:OUTDOOR PLAYGROUND      CO ID:XXXXX48598 CCD,,4405.07
541,,,,,,,,
,03/04/2024,Deposit,,,Shopify,Shopify          DES:TRANSFER   ID:ST-I5J3T9N9G2P5           INDN:OUTDOOR PLAYGROUND      CO ID:XXXXX48598 CCD,Reconciled,5753.25
,03/04/2024,Deposit,,,Shopify,Shopify          DES:TRANSFER   ID:ST-I5J3T9N9G2P5           INDN:OUTDOOR PLAYGROUND      CO ID:XXXXX48598 CCD,,5753.25
543,,,,,,,,
,03/04/2024,Deposit,,Stripe,,STRIPE           DES:TRANSFER   ID:ST-W9T8M4L9N7S7           INDN:RICHARD PATRI           CO ID:XXXXX65600 CCD,Reconciled,325.28
,03/04/2024,Deposit,,Stripe,,STRIPE           DES:TRANSFER   ID:ST-W9T8M4L9N7S7           INDN:RICHARD PATRI           CO ID:XXXXX65600 CCD,,325.28
549,,,,,,,,
,03/05/2024,Deposit,,,Shopify,Shopify          DES:TRANSFER   ID:ST-D4D5K7G0V7P9           INDN:OUTDOOR PLAYGROUND      CO ID:XXXXX48598 CCD,Reconciled,19428.68
,03/05/2024,Deposit,,,Shopify,Shopify          DES:TRANSFER   ID:ST-D4D5K7G0V7P9           INDN:OUTDOOR PLAYGROUND      CO ID:XXXXX48598 CCD,,19428.68
550,,,,,,,,
,03/05/2024,Deposit,,Stripe,,STRIPE           DES:TRANSFER   ID:ST-H9K9Q1C3P8K7           INDN:RICHARD PATRI           CO ID:XXXXX65600 CCD,Reconciled,3612.69
,03/05/2024,Deposit,,Stripe,,STRIPE           DES:TRANSFER   ID:ST-H9K9Q1C3P8K7           INDN:RICHARD PATRI           CO ID:XXXXX65600 CCD,,3612.69
551,,,,,,,,
,03/05/2024,Deposit,,,Shopify,Shopify          DES:TRANSFER   ID:ST-N0E3Y9O5E8K1           INDN:OUTDOOR PLAYGROUND INC  CO ID:XXXXX48598 CCD,Reconciled,12.67
,03/05/2024,Deposit,,,Shopify,Shopify          DES:TRANSFER   ID:ST-N0E3Y9O5E8K1           INDN:OUTDOOR PLAYGROUND INC  CO ID:XXXXX48598 CCD,,12.67
554,,,,,,,,
,03/05/2024,Deposit,,,,SHOPPAYINST AFRM DES:PAYMENTS   ID:3VLK1POSPNLT6VY           INDN:MONSTERBASS             CO ID:XXXXX98000 CCD,Reconciled,48.52
,03/05/2024,Deposit,,,,SHOPPAYINST AFRM DES:PAYMENTS   ID:3VLK1POSPNLT6VY           INDN:MONSTERBASS             CO ID:XXXXX98000 CCD,,48.52
556,,,,,,,,
,03/05/2024,Deposit,,,,PAYPAL           DES:TRANSFER   ID:XXXXX20541307             INDN:MAXIMUS OUTDOORS        CO ID:PAYPALSD11 PPD,Reconciled,7381.9
,03/05/2024,Deposit,,,,PAYPAL           DES:TRANSFER   ID:XXXXX20541307             INDN:MAXIMUS OUTDOORS        CO ID:PAYPALSD11 PPD,,7381.9
561,,,,,,,,
,03/06/2024,Deposit,,,Shopify,Shopify          DES:TRANSFER   ID:ST-G9O5E1Q6S5X3           INDN:OUTDOOR PLAYGROUND      CO ID:XXXXX48598 CCD,Reconciled,9489.32
,03/06/2024,Deposit,,,Shopify,Shopify          DES:TRANSFER   ID:ST-G9O5E1Q6S5X3           INDN:OUTDOOR PLAYGROUND      CO ID:XXXXX48598 CCD,,9489.32
562,,,,,,,,
,03/06/2024,Deposit,,Stripe,,STRIPE           DES:TRANSFER   ID:ST-A5O6E0B1K7M8           INDN:RICHARD PATRI           CO ID:XXXXX65600 CCD,Reconciled,6409.97
,03/06/2024,Deposit,,Stripe,,STRIPE           DES:TRANSFER   ID:ST-A5O6E0B1K7M8           INDN:RICHARD PATRI           CO ID:XXXXX65600 CCD,,6409.97
577,,,,,,,,
,03/06/2024,Deposit,,,,SHOPPAYINST AFRM DES:PAYMENTS   ID:S9NGZUQJSWKEISI           INDN:MONSTERBASS             CO ID:XXXXX98000 CCD,Reconciled,204.83
,03/06/2024,Deposit,,,,SHOPPAYINST AFRM DES:PAYMENTS   ID:S9NGZUQJSWKEISI           INDN:MONSTERBASS             CO ID:XXXXX98000 CCD,,204.83
563,,,,,,,,
,03/07/2024,Deposit,,,Shopify,Shopify          DES:TRANSFER   ID:ST-S8Z9T4L1I8D8           INDN:OUTDOOR PLAYGROUND      CO ID:XXXXX48598 CCD,Reconciled,1739.56
,03/07/2024,Deposit,,,Shopify,Shopify          DES:TRANSFER   ID:ST-S8Z9T4L1I8D8           INDN:OUTDOOR PLAYGROUND      CO ID:XXXXX48598 CCD,,1739.56
564,,,,,,,,
,03/07/2024,Deposit,,Stripe,,STRIPE           DES:TRANSFER   ID:ST-G8M3X3B3S4W5           INDN:RICHARD PATRI           CO ID:XXXXX65600 CCD,Reconciled,872.09
,03/07/2024,Deposit,,Stripe,,STRIPE           DES:TRANSFER   ID:ST-G8M3X3B3S4W5           INDN:RICHARD PATRI           CO ID:XXXXX65600 CCD,,872.09
575,,,,,,,,
,03/07/2024,Deposit,,,,AMAZON.CYBV4QMI2 DES:PAYMENTS   ID:7GBJ366LMF0UJFY           INDN:Outdoor Playground Inc  CO ID:XXXXX40102 CCD,Reconciled,22.64
,03/07/2024,Deposit,,,,AMAZON.CYBV4QMI2 DES:PAYMENTS   ID:7GBJ366LMF0UJFY           INDN:Outdoor Playground Inc  CO ID:XXXXX40102 CCD,,22.64
576,,,,,,,,
,03/07/2024,Deposit,,,,AMAZONCOMCA INC  DES:PAYMENT    ID:KO25USBPJR0X              INDN:Outdoor Playground Inc  CO ID:XXXXX70001 IAT           PMT INFO: BUS XXXXXXXXXXXXXXX398                            FOR MORE INFORMATION CONTACT CUSTOMER SERVICE,Reconciled,3.98
,03/07/2024,Deposit,,,,AMAZONCOMCA INC  DES:PAYMENT    ID:KO25USBPJR0X              INDN:Outdoor Playground Inc  CO ID:XXXXX70001 IAT           PMT INFO: BUS XXXXXXXXXXXXXXX398                            FOR MORE INFORMATION CONTACT CUSTOMER SERVICE,,3.98
566,,,,,,,,
,03/08/2024,Deposit,,Stripe,,STRIPE           DES:TRANSFER   ID:ST-J4O5U8A5V4T4           INDN:RICHARD PATRI           CO ID:XXXXX65600 CCD,Reconciled,4397.04
,03/08/2024,Deposit,,Stripe,,STRIPE           DES:TRANSFER   ID:ST-J4O5U8A5V4T4           INDN:RICHARD PATRI           CO ID:XXXXX65600 CCD,,4397.04
567,,,,,,,,
,03/08/2024,Deposit,,,Shopify,Shopify          DES:TRANSFER   ID:ST-U7J4Q7N7U6F3           INDN:OUTDOOR PLAYGROUND      CO ID:XXXXX48598 CCD,Reconciled,5730.86
,03/08/2024,Deposit,,,Shopify,Shopify          DES:TRANSFER   ID:ST-U7J4Q7N7U6F3           INDN:OUTDOOR PLAYGROUND      CO ID:XXXXX48598 CCD,,5730.86
569,,,,,,,,
,03/08/2024,Deposit,,,Shopify,Shopify          DES:TRANSFER   ID:ST-K4B3F3I3F7J6           INDN:OUTDOOR PLAYGROUND INC  CO ID:XXXXX48598 CCD,Reconciled,135.98
,03/08/2024,Deposit,,,Shopify,Shopify          DES:TRANSFER   ID:ST-K4B3F3I3F7J6           INDN:OUTDOOR PLAYGROUND INC  CO ID:XXXXX48598 CCD,,135.98
587,,,,,,,,
,03/11/2024,Deposit,,Stripe,,STRIPE           DES:TRANSFER   ID:ST-B8O0R7U0O1I1           INDN:RICHARD PATRI           CO ID:XXXXX65600 CCD,Reconciled,906.72
,03/11/2024,Deposit,,Stripe,,STRIPE           DES:TRANSFER   ID:ST-B8O0R7U0O1I1           INDN:RICHARD PATRI           CO ID:XXXXX65600 CCD,,906.72
588,,,,,,,,
,03/11/2024,Deposit,,,Shopify,Shopify          DES:TRANSFER   ID:ST-K5Y3X8E4Q0W2           INDN:OUTDOOR PLAYGROUND      CO ID:XXXXX65600 CCD,Reconciled,2173.87
,03/11/2024,Deposit,,,Shopify,Shopify          DES:TRANSFER   ID:ST-K5Y3X8E4Q0W2           INDN:OUTDOOR PLAYGROUND      CO ID:XXXXX65600 CCD,,2173.87
590,,,,,,,,
,03/12/2024,Deposit,,,Shopify,Shopify          DES:TRANSFER   ID:ST-W0A1J5B8M2Q0           INDN:OUTDOOR PLAYGROUND      CO ID:XXXXX65600 CCD,Reconciled,10204.49
,03/12/2024,Deposit,,,Shopify,Shopify          DES:TRANSFER   ID:ST-W0A1J5B8M2Q0           INDN:OUTDOOR PLAYGROUND      CO ID:XXXXX65600 CCD,,10204.49
591,,,,,,,,
,03/12/2024,Deposit,,Stripe,,STRIPE           DES:TRANSFER   ID:ST-P5T9N9B3C3C2           INDN:RICHARD PATRI           CO ID:XXXXX65600 CCD,Reconciled,1010.04
,03/12/2024,Deposit,,Stripe,,STRIPE           DES:TRANSFER   ID:ST-P5T9N9B3C3C2           INDN:RICHARD PATRI           CO ID:XXXXX65600 CCD,,1010.04
597,,,,,,,,
,03/12/2024,Deposit,,,,SHOPPAYINST AFRM DES:PAYMENTS   ID:1KGHETN5LOBRSLX           INDN:MONSTERBASS             CO ID:XXXXX98000 CCD,Reconciled,62.49
,03/12/2024,Deposit,,,,SHOPPAYINST AFRM DES:PAYMENTS   ID:1KGHETN5LOBRSLX           INDN:MONSTERBASS             CO ID:XXXXX98000 CCD,,62.49
599,,,,,,,,
,03/12/2024,Deposit,,,,PAYPAL           DES:TRANSFER   ID:XXXXX63595603             INDN:MAXIMUS OUTDOORS        CO ID:PAYPALSD11 PPD,Reconciled,4651.96
,03/12/2024,Deposit,,,,PAYPAL           DES:TRANSFER   ID:XXXXX63595603             INDN:MAXIMUS OUTDOORS        CO ID:PAYPALSD11 PPD,,4651.96
595,,,,,,,,
,03/13/2024,Deposit,,,,STRIPE           DES:TRANSFER   ID:ST-C7R8O0T0V3L7           INDN:RICHARD PATRI           CO ID:XXXXX65600 CCD,Reconciled,2391.87
,03/13/2024,Deposit,,,,STRIPE           DES:TRANSFER   ID:ST-C7R8O0T0V3L7           INDN:RICHARD PATRI           CO ID:XXXXX65600 CCD,,2391.87
596,,,,,,,,
,03/13/2024,Deposit,,,,Shopify          DES:TRANSFER   ID:ST-Y9W6V6K0F8T7           INDN:OUTDOOR PLAYGROUND      CO ID:XXXXX65600 CCD,Reconciled,4432.68
,03/13/2024,Deposit,,,,Shopify          DES:TRANSFER   ID:ST-Y9W6V6K0F8T7           INDN:OUTDOOR PLAYGROUND      CO ID:XXXXX65600 CCD,,4432.68
606,,,,,,,,
,03/14/2024,Deposit,,,Shopify,Shopify          DES:TRANSFER   ID:ST-I3X8J3L6X2F0           INDN:OUTDOOR PLAYGROUND      CO ID:XXXXX65600 CCD,Reconciled,2646.26
,03/14/2024,Deposit,,,Shopify,Shopify          DES:TRANSFER   ID:ST-I3X8J3L6X2F0           INDN:OUTDOOR PLAYGROUND      CO ID:XXXXX65600 CCD,,2646.26
607,,,,,,,,
,03/14/2024,Deposit,,Stripe,,STRIPE           DES:TRANSFER   ID:ST-Z4P6E5T8T1W2           INDN:RICHARD PATRI           CO ID:XXXXX65600 CCD,Reconciled,616.27
,03/14/2024,Deposit,,Stripe,,STRIPE           DES:TRANSFER   ID:ST-Z4P6E5T8T1W2           INDN:RICHARD PATRI           CO ID:XXXXX65600 CCD,,616.27
608,,,,,,,,
,03/15/2024,Deposit,,,Shopify,Shopify          DES:TRANSFER   ID:ST-S0T6N9Z2G5W1           INDN:OUTDOOR PLAYGROUND      CO ID:XXXXX48598 CCD,Reconciled,2771.61
,03/15/2024,Deposit,,,Shopify,Shopify          DES:TRANSFER   ID:ST-S0T6N9Z2G5W1           INDN:OUTDOOR PLAYGROUND      CO ID:XXXXX48598 CCD,,2771.61
609,,,,,,,,
,03/15/2024,Deposit,,Stripe,,STRIPE           DES:TRANSFER   ID:ST-H8T8X9J5P2C4           INDN:RICHARD PATRI           CO ID:XXXXX65600 CCD,Reconciled,445.57
,03/15/2024,Deposit,,Stripe,,STRIPE           DES:TRANSFER   ID:ST-H8T8X9J5P2C4           INDN:RICHARD PATRI           CO ID:XXXXX65600 CCD,,445.57
612,,,,,,,,
,03/15/2024,Deposit,,,,SHOPPAYINST AFRM DES:PAYMENTS   ID:I3JQZN3PAVJAQSN           INDN:MONSTERBASS             CO ID:XXXXX98000 CCD,Reconciled,239.99
,03/15/2024,Deposit,,,,SHOPPAYINST AFRM DES:PAYMENTS   ID:I3JQZN3PAVJAQSN           INDN:MONSTERBASS             CO ID:XXXXX98000 CCD,,239.99
622,,,,,,,,
,03/18/2024,Deposit,,Stripe,,STRIPE           DES:TRANSFER   ID:ST-P2N9G1X1N5T6           INDN:RICHARD PATRI           CO ID:XXXXX65600 CCD,Reconciled,956.71
,03/18/2024,Deposit,,Stripe,,STRIPE           DES:TRANSFER   ID:ST-P2N9G1X1N5T6           INDN:RICHARD PATRI           CO ID:XXXXX65600 CCD,,956.71
623,,,,,,,,
,03/18/2024,Deposit,,,Shopify,Shopify          DES:TRANSFER   ID:ST-Q8W9Z7Z8I0I3           INDN:OUTDOOR PLAYGROUND INC  CO ID:XXXXX48598 CCD,Reconciled,2.59
,03/18/2024,Deposit,,,Shopify,Shopify          DES:TRANSFER   ID:ST-Q8W9Z7Z8I0I3           INDN:OUTDOOR PLAYGROUND INC  CO ID:XXXXX48598 CCD,,2.59
624,,,,,,,,
,03/18/2024,Deposit,,,Shopify,Shopify          DES:TRANSFER   ID:ST-L2Q7R2F2V5L4           INDN:OUTDOOR PLAYGROUND      CO ID:XXXXX48598 CCD,Reconciled,3148.7
,03/18/2024,Deposit,,,Shopify,Shopify          DES:TRANSFER   ID:ST-L2Q7R2F2V5L4           INDN:OUTDOOR PLAYGROUND      CO ID:XXXXX48598 CCD,,3148.7
649,,,,,,,,
,03/18/2024,Deposit,,,,SHOPPAYINST AFRM DES:PAYMENTS   ID:YK7ML4VJT698MU4           INDN:MONSTERBASS             CO ID:XXXXX98000 CCD,Reconciled,123.55
,03/18/2024,Deposit,,,,SHOPPAYINST AFRM DES:PAYMENTS   ID:YK7ML4VJT698MU4           INDN:MONSTERBASS             CO ID:XXXXX98000 CCD,,123.55
625,,,,,,,,
,03/19/2024,Deposit,,Stripe,,STRIPE           DES:TRANSFER   ID:ST-H7U8X2G9C2M3           INDN:RICHARD PATRI           CO ID:XXXXX65600 CCD,Reconciled,735.68
,03/19/2024,Deposit,,Stripe,,STRIPE           DES:TRANSFER   ID:ST-H7U8X2G9C2M3           INDN:RICHARD PATRI           CO ID:XXXXX65600 CCD,,735.68
626,,,,,,,,
,03/19/2024,Deposit,,,Shopify,Shopify          DES:TRANSFER   ID:ST-Q2W9J3I7B5M1           INDN:OUTDOOR PLAYGROUND      CO ID:XXXXX48598 CCD,Reconciled,12364.6
,03/19/2024,Deposit,,,Shopify,Shopify          DES:TRANSFER   ID:ST-Q2W9J3I7B5M1           INDN:OUTDOOR PLAYGROUND      CO ID:XXXXX48598 CCD,,12364.6
627,,,,,,,,
,03/19/2024,Deposit,,,Shopify,Shopify          DES:TRANSFER   ID:ST-F4B4Q4D3M3I0           INDN:OUTDOOR PLAYGROUND INC  CO ID:XXXXX48598 CCD,Reconciled,34.24
,03/19/2024,Deposit,,,Shopify,Shopify          DES:TRANSFER   ID:ST-F4B4Q4D3M3I0           INDN:OUTDOOR PLAYGROUND INC  CO ID:XXXXX48598 CCD,,34.24
646,,,,,,,,
,03/19/2024,Deposit,,,,BKOFAMERICA MOBILE 03/19 XXXXX70028 DEPOSIT                                    *MOBILE       CA,Reconciled,3115
,03/19/2024,Deposit,,,,BKOFAMERICA MOBILE 03/19 XXXXX70028 DEPOSIT                                    *MOBILE       CA,,3115
647,,,,,,,,
,03/19/2024,Deposit,,,,SHOPPAYINST AFRM DES:PAYMENTS   ID:DUQ281HXY3SSDK5           INDN:MONSTERBASS             CO ID:XXXXX98000 CCD,Reconciled,49.44
,03/19/2024,Deposit,,,,SHOPPAYINST AFRM DES:PAYMENTS   ID:DUQ281HXY3SSDK5           INDN:MONSTERBASS             CO ID:XXXXX98000 CCD,,49.44
648,,,,,,,,
,03/19/2024,Deposit,,,,PAYPAL           DES:TRANSFER   ID:XXXXX06018097             INDN:MAXIMUS OUTDOORS        CO ID:PAYPALSD11 PPD,Reconciled,6232.06
,03/19/2024,Deposit,,,,PAYPAL           DES:TRANSFER   ID:XXXXX06018097             INDN:MAXIMUS OUTDOORS        CO ID:PAYPALSD11 PPD,,6232.06
631,,,,,,,,
,03/20/2024,Deposit,,Stripe,,STRIPE           DES:TRANSFER   ID:ST-J7R8K5Q5B2W4           INDN:RICHARD PATRI           CO ID:XXXXX65600 CCD,Reconciled,2107.52
,03/20/2024,Deposit,,Stripe,,STRIPE           DES:TRANSFER   ID:ST-J7R8K5Q5B2W4           INDN:RICHARD PATRI           CO ID:XXXXX65600 CCD,,2107.52
632,,,,,,,,
,03/20/2024,Deposit,,,Shopify,Shopify          DES:TRANSFER   ID:ST-Y3Y4E6C9C4J6           INDN:OUTDOOR PLAYGROUND      CO ID:XXXXX48598 CCD,Reconciled,2997.22
,03/20/2024,Deposit,,,Shopify,Shopify          DES:TRANSFER   ID:ST-Y3Y4E6C9C4J6           INDN:OUTDOOR PLAYGROUND      CO ID:XXXXX48598 CCD,,2997.22
633,,,,,,,,
,03/21/2024,Deposit,,,Shopify,Shopify          DES:TRANSFER   ID:ST-G0A7Z7N3N4K9           INDN:OUTDOOR PLAYGROUND      CO ID:XXXXX48598 CCD,Reconciled,2672.98
,03/21/2024,Deposit,,,Shopify,Shopify          DES:TRANSFER   ID:ST-G0A7Z7N3N4K9           INDN:OUTDOOR PLAYGROUND      CO ID:XXXXX48598 CCD,,2672.98
634,,,,,,,,
,03/21/2024,Deposit,,Stripe,,STRIPE           DES:TRANSFER   ID:ST-A5A5B3C4O5H5           INDN:RICHARD PATRI           CO ID:XXXXX65600 CCD,Reconciled,122.81
,03/21/2024,Deposit,,Stripe,,STRIPE           DES:TRANSFER   ID:ST-A5A5B3C4O5H5           INDN:RICHARD PATRI           CO ID:XXXXX65600 CCD,,122.81
643,,,,,,,,
,03/21/2024,Deposit,,,,AMAZON.CRHDGLCZG DES:PAYMENTS   ID:5GGUFQ7Y1LKAZLZ           INDN:Outdoor Playground Inc  CO ID:XXXXX40102 CCD,Reconciled,1159.77
,03/21/2024,Deposit,,,,AMAZON.CRHDGLCZG DES:PAYMENTS   ID:5GGUFQ7Y1LKAZLZ           INDN:Outdoor Playground Inc  CO ID:XXXXX40102 CCD,,1159.77
644,,,,,,,,
,03/21/2024,Deposit,,,,AMAZONCOMCA INC  DES:PAYMENT    ID:KO2JUSBRBN0Z              INDN:Outdoor Playground Inc  CO ID:XXXXX70001 IAT           PMT INFO: BUS XXXXXXXXXX00001797                            FOR MORE INFORMATION CONTACT CUSTOMER SERVICE,Reconciled,17.97
,03/21/2024,Deposit,,,,AMAZONCOMCA INC  DES:PAYMENT    ID:KO2JUSBRBN0Z              INDN:Outdoor Playground Inc  CO ID:XXXXX70001 IAT           PMT INFO: BUS XXXXXXXXXX00001797                            FOR MORE INFORMATION CONTACT CUSTOMER SERVICE,,17.97
645,,,,,,,,
,03/21/2024,Deposit,,,,SHOPPAYINST AFRM DES:PAYMENTS   ID:JWPWDNPR4FS2TKF           INDN:MONSTERBASS             CO ID:XXXXX98000 CCD,Reconciled,66.34
,03/21/2024,Deposit,,,,SHOPPAYINST AFRM DES:PAYMENTS   ID:JWPWDNPR4FS2TKF           INDN:MONSTERBASS             CO ID:XXXXX98000 CCD,,66.34
636,,,,,,,,
,03/22/2024,Deposit,,,Shopify,Shopify          DES:TRANSFER   ID:ST-S2I0B6L4Z6V1           INDN:OUTDOOR PLAYGROUND      CO ID:XXXXX48598 CCD,Reconciled,6256.19
,03/22/2024,Deposit,,,Shopify,Shopify          DES:TRANSFER   ID:ST-S2I0B6L4Z6V1           INDN:OUTDOOR PLAYGROUND      CO ID:XXXXX48598 CCD,,6256.19
637,,,,,,,,
,03/22/2024,Deposit,,,Shopify,Shopify          DES:TRANSFER   ID:ST-Y6F1H5J0F9Z8           INDN:OUTDOOR PLAYGROUND INC  CO ID:XXXXX48598 CCD,Reconciled,13.34
,03/22/2024,Deposit,,,Shopify,Shopify          DES:TRANSFER   ID:ST-Y6F1H5J0F9Z8           INDN:OUTDOOR PLAYGROUND INC  CO ID:XXXXX48598 CCD,,13.34
638,,,,,,,,
,03/22/2024,Deposit,,Stripe,,STRIPE           DES:TRANSFER   ID:ST-T6X8K4R5H8U8           INDN:RICHARD PATRI           CO ID:XXXXX65600 CCD,Reconciled,666.85
,03/22/2024,Deposit,,Stripe,,STRIPE           DES:TRANSFER   ID:ST-T6X8K4R5H8U8           INDN:RICHARD PATRI           CO ID:XXXXX65600 CCD,,666.85
660,,,,,,,,
,03/25/2024,Deposit,,,,SHOPPAYINST AFRM DES:PAYMENTS   ID:Y7EIUKM7VGKD9BU           INDN:MONSTERBASS             CO ID:XXXXX98000 CCD,Reconciled,182.21
,03/25/2024,Deposit,,,,SHOPPAYINST AFRM DES:PAYMENTS   ID:Y7EIUKM7VGKD9BU           INDN:MONSTERBASS             CO ID:XXXXX98000 CCD,,182.21
661,,,,,,,,
,03/25/2024,Deposit,,,Shopify,Shopify          DES:TRANSFER   ID:ST-O0J3E4V4E3L2           INDN:OUTDOOR PLAYGROUND      CO ID:XXXXX48598 CCD,Reconciled,4881.05
,03/25/2024,Deposit,,,Shopify,Shopify          DES:TRANSFER   ID:ST-O0J3E4V4E3L2           INDN:OUTDOOR PLAYGROUND      CO ID:XXXXX48598 CCD,,4881.05
662,,,,,,,,
,03/25/2024,Deposit,,,,Online Banking transfer from CHK 0322                       Confirmation# XXXXX82950,Reconciled,2000
,03/25/2024,Deposit,,,,Online Banking transfer from CHK 0322                       Confirmation# XXXXX82950,,2000
664,,,,,,,,
,03/25/2024,Deposit,,Stripe,,STRIPE           DES:TRANSFER   ID:ST-D5P0O2C5B0Y5           INDN:RICHARD PATRI           CO ID:XXXXX65600 CCD,Reconciled,742.88
,03/25/2024,Deposit,,Stripe,,STRIPE           DES:TRANSFER   ID:ST-D5P0O2C5B0Y5           INDN:RICHARD PATRI           CO ID:XXXXX65600 CCD,,742.88
665,,,,,,,,
,03/25/2024,Deposit,,,Shopify,Shopify          DES:TRANSFER   ID:ST-S0N7L5A4R0V7           INDN:OUTDOOR PLAYGROUND INC  CO ID:XXXXX48598 CCD,Reconciled,23.18
,03/25/2024,Deposit,,,Shopify,Shopify          DES:TRANSFER   ID:ST-S0N7L5A4R0V7           INDN:OUTDOOR PLAYGROUND INC  CO ID:XXXXX48598 CCD,,23.18
668,,,,,,,,
,03/26/2024,Deposit,,,Shopify,Shopify          DES:TRANSFER   ID:ST-U9Z6P2F1D0Y6           INDN:OUTDOOR PLAYGROUND INC  CO ID:XXXXX48598 CCD,Reconciled,221.3
,03/26/2024,Deposit,,,Shopify,Shopify          DES:TRANSFER   ID:ST-U9Z6P2F1D0Y6           INDN:OUTDOOR PLAYGROUND INC  CO ID:XXXXX48598 CCD,,221.3
669,,,,,,,,
,03/26/2024,Deposit,,,Shopify,Shopify          DES:TRANSFER   ID:ST-L8L2E0Q4R0G0           INDN:OUTDOOR PLAYGROUND      CO ID:XXXXX48598 CCD,Reconciled,11837.52
,03/26/2024,Deposit,,,Shopify,Shopify          DES:TRANSFER   ID:ST-L8L2E0Q4R0G0           INDN:OUTDOOR PLAYGROUND      CO ID:XXXXX48598 CCD,,11837.52
670,,,,,,,,
,03/26/2024,Deposit,,Stripe,,STRIPE           DES:TRANSFER   ID:ST-E2V1E9H2W2A0           INDN:RICHARD PATRI           CO ID:XXXXX65600 CCD,Reconciled,481.33
,03/26/2024,Deposit,,Stripe,,STRIPE           DES:TRANSFER   ID:ST-E2V1E9H2W2A0           INDN:RICHARD PATRI           CO ID:XXXXX65600 CCD,,481.33
671,,,,,,,,
,03/26/2024,Deposit,,,,SHOPPAYINST AFRM DES:PAYMENTS   ID:KXXAPTR7NRSDIZ6           INDN:MONSTERBASS             CO ID:XXXXX98000 CCD,Reconciled,109.67
,03/26/2024,Deposit,,,,SHOPPAYINST AFRM DES:PAYMENTS   ID:KXXAPTR7NRSDIZ6           INDN:MONSTERBASS             CO ID:XXXXX98000 CCD,,109.67
672,,,,,,,,
,03/26/2024,Deposit,,,,SHOPPAYINST AFRM DES:PAYMENTS   ID:ZWB4RD0TUK7G7C0           INDN:MONSTERBASS             CO ID:XXXXX98000 CCD,Reconciled,61.3
,03/26/2024,Deposit,,,,SHOPPAYINST AFRM DES:PAYMENTS   ID:ZWB4RD0TUK7G7C0           INDN:MONSTERBASS             CO ID:XXXXX98000 CCD,,61.3
673,,,,,,,,
,03/26/2024,Deposit,,,,PAYPAL           DES:TRANSFER   ID:XXXXX47884336             INDN:MAXIMUS OUTDOORS        CO ID:PAYPALSD11 PPD,Reconciled,7600.29
,03/26/2024,Deposit,,,,PAYPAL           DES:TRANSFER   ID:XXXXX47884336             INDN:MAXIMUS OUTDOORS        CO ID:PAYPALSD11 PPD,,7600.29
680,,,,,,,,
,03/27/2024,Deposit,,,,"WIRE TYPE:WIRE IN DATE: 240327 TIME:1044 ET                 TRN:XXXXXXXXXX348617 SEQ:XXXXXXXXXX074944/009018            ORIG:PLASTIQ C ID:O FINXERA SND BK:WELLS FARGO BAN          K, NA ID:XXXXX0248 PMT DET:FXXXXX0495 WARRIORS TAC          KLE INVOICE 534269 SGES LLC WARRIORS TACKLE INVOIC",Reconciled,2344
,03/27/2024,Deposit,,,,"WIRE TYPE:WIRE IN DATE: 240327 TIME:1044 ET                 TRN:XXXXXXXXXX348617 SEQ:XXXXXXXXXX074944/009018            ORIG:PLASTIQ C ID:O FINXERA SND BK:WELLS FARGO BAN          K, NA ID:XXXXX0248 PMT DET:FXXXXX0495 WARRIORS TAC          KLE INVOICE 534269 SGES LLC WARRIORS TACKLE INVOIC",,2344
681,,,,,,,,
,03/27/2024,Deposit,,,,Shopify          DES:TRANSFER   ID:ST-Y8V0I6T8Q4G9           INDN:OUTDOOR PLAYGROUND INC  CO ID:XXXXX48598 CCD,Reconciled,4.02
,03/27/2024,Deposit,,,,Shopify          DES:TRANSFER   ID:ST-Y8V0I6T8Q4G9           INDN:OUTDOOR PLAYGROUND INC  CO ID:XXXXX48598 CCD,,4.02
682,,,,,,,,
,03/27/2024,Deposit,,,,STRIPE           DES:TRANSFER   ID:ST-S3M8U1V8S3C0           INDN:RICHARD PATRI           CO ID:XXXXX65600 CCD,Reconciled,1813.8
,03/27/2024,Deposit,,,,STRIPE           DES:TRANSFER   ID:ST-S3M8U1V8S3C0           INDN:RICHARD PATRI           CO ID:XXXXX65600 CCD,,1813.8
683,,,,,,,,
,03/27/2024,Deposit,,,,Shopify          DES:TRANSFER   ID:ST-Y1L9S7G5X2P4           INDN:OUTDOOR PLAYGROUND      CO ID:XXXXX48598 CCD,Reconciled,4687.01
,03/27/2024,Deposit,,,,Shopify          DES:TRANSFER   ID:ST-Y1L9S7G5X2P4           INDN:OUTDOOR PLAYGROUND      CO ID:XXXXX48598 CCD,,4687.01
686,,,,,,,,
,03/28/2024,Deposit,,,,Shopify          DES:TRANSFER   ID:ST-M2V3F2U8K7P7           INDN:OUTDOOR PLAYGROUND      CO ID:XXXXX48598 CCD,Reconciled,4592.18
,03/28/2024,Deposit,,,,Shopify          DES:TRANSFER   ID:ST-M2V3F2U8K7P7           INDN:OUTDOOR PLAYGROUND      CO ID:XXXXX48598 CCD,,4592.18
688,,,,,,,,
,03/28/2024,Deposit,,,,Shopify          DES:TRANSFER   ID:ST-K6G9U1K0D9L9           INDN:OUTDOOR PLAYGROUND INC  CO ID:XXXXX48598 CCD,Reconciled,96.16
,03/28/2024,Deposit,,,,Shopify          DES:TRANSFER   ID:ST-K6G9U1K0D9L9           INDN:OUTDOOR PLAYGROUND INC  CO ID:XXXXX48598 CCD,,96.16
689,,,,,,,,
,03/28/2024,Deposit,,,,STRIPE           DES:TRANSFER   ID:ST-I0D8F1B9C0T3           INDN:RICHARD PATRI           CO ID:XXXXX65600 CCD,Reconciled,873.01
,03/28/2024,Deposit,,,,STRIPE           DES:TRANSFER   ID:ST-I0D8F1B9C0T3           INDN:RICHARD PATRI           CO ID:XXXXX65600 CCD,,873.01
691,,,,,,,,
,03/29/2024,Deposit,,,Shopify,Shopify          DES:TRANSFER   ID:ST-P2P3O6S9X0W5           INDN:OUTDOOR PLAYGROUND      CO ID:XXXXX48598 CCD,Reconciled,3067.15
,03/29/2024,Deposit,,,Shopify,Shopify          DES:TRANSFER   ID:ST-P2P3O6S9X0W5           INDN:OUTDOOR PLAYGROUND      CO ID:XXXXX48598 CCD,,3067.15
692,,,,,,,,
,03/29/2024,Deposit,,,Shopify,Shopify          DES:TRANSFER   ID:ST-I4C3C3Y6T0Y7           INDN:OUTDOOR PLAYGROUND INC  CO ID:XXXXX48598 CCD,Reconciled,31.37
,03/29/2024,Deposit,,,Shopify,Shopify          DES:TRANSFER   ID:ST-I4C3C3Y6T0Y7           INDN:OUTDOOR PLAYGROUND INC  CO ID:XXXXX48598 CCD,,31.37
694,,,,,,,,
,03/29/2024,Deposit,,Stripe,,STRIPE           DES:TRANSFER   ID:ST-R0G5X2N0P7M6           INDN:RICHARD PATRI           CO ID:XXXXX65600 CCD,Reconciled,309.26
,03/29/2024,Deposit,,Stripe,,STRIPE           DES:TRANSFER   ID:ST-R0G5X2N0P7M6           INDN:RICHARD PATRI           CO ID:XXXXX65600 CCD,,309.26
716,,,,,,,,
,04/01/2024,Deposit,,,Shopify,Shopify          DES:TRANSFER   ID:ST-L2A6K5S7W5K0           INDN:OUTDOOR PLAYGROUND INC  CO ID:XXXXX48598 CCD,Reconciled,45.79
,04/01/2024,Deposit,,,Shopify,Shopify          DES:TRANSFER   ID:ST-L2A6K5S7W5K0           INDN:OUTDOOR PLAYGROUND INC  CO ID:XXXXX48598 CCD,,45.79
717,,,,,,,,
,04/01/2024,Deposit,,Stripe,,STRIPE           DES:TRANSFER   ID:ST-E5I3H1U8S3Z5           INDN:RICHARD PATRI           CO ID:XXXXX65600 CCD,Reconciled,802.3
,04/01/2024,Deposit,,Stripe,,STRIPE           DES:TRANSFER   ID:ST-E5I3H1U8S3Z5           INDN:RICHARD PATRI           CO ID:XXXXX65600 CCD,,802.3
719,,,,,,,,
,04/01/2024,Deposit,,,Shopify,Shopify          DES:TRANSFER   ID:ST-N5G0R3J8D9W1           INDN:OUTDOOR PLAYGROUND      CO ID:XXXXX48598 CCD,Reconciled,4768.47
,04/01/2024,Deposit,,,Shopify,Shopify          DES:TRANSFER   ID:ST-N5G0R3J8D9W1           INDN:OUTDOOR PLAYGROUND      CO ID:XXXXX48598 CCD,,4768.47
724,,,,,,,,
,04/02/2024,Deposit,,,,PAYPAL           DES:TRANSFER   ID:XXXXX87273772             INDN:MAXIMUS OUTDOORS        CO ID:PAYPALSD11 PPD,Reconciled,5463.39
,04/02/2024,Deposit,,,,PAYPAL           DES:TRANSFER   ID:XXXXX87273772             INDN:MAXIMUS OUTDOORS        CO ID:PAYPALSD11 PPD,,5463.39
725,,,,,,,,
,04/02/2024,Deposit,,,,SHOPPAYINST AFRM DES:PAYMENTS   ID:4X7MM1M4ISXF404           INDN:MONSTERBASS             CO ID:XXXXX98000 CCD,Reconciled,125.97
,04/02/2024,Deposit,,,,SHOPPAYINST AFRM DES:PAYMENTS   ID:4X7MM1M4ISXF404           INDN:MONSTERBASS             CO ID:XXXXX98000 CCD,,125.97
726,,,,,,,,
,04/02/2024,Deposit,,,,Shopify          DES:TRANSFER   ID:ST-M6J2L7P2Q2O1           INDN:OUTDOOR PLAYGROUND INC  CO ID:XXXXX48598 CCD,Reconciled,143.52
,04/02/2024,Deposit,,,,Shopify          DES:TRANSFER   ID:ST-M6J2L7P2Q2O1           INDN:OUTDOOR PLAYGROUND INC  CO ID:XXXXX48598 CCD,,143.52
727,,,,,,,,
,04/02/2024,Deposit,,,,STRIPE           DES:TRANSFER   ID:ST-L2O5G0Y4F6G8           INDN:RICHARD PATRI           CO ID:XXXXX65600 CCD,Reconciled,469.48
,04/02/2024,Deposit,,,,STRIPE           DES:TRANSFER   ID:ST-L2O5G0Y4F6G8           INDN:RICHARD PATRI           CO ID:XXXXX65600 CCD,,469.48
728,,,,,,,,
,04/02/2024,Deposit,,,,Shopify          DES:TRANSFER   ID:ST-Z6O0W5Y8I2N1           INDN:OUTDOOR PLAYGROUND      CO ID:XXXXX48598 CCD,Reconciled,12235.03
,04/02/2024,Deposit,,,,Shopify          DES:TRANSFER   ID:ST-Z6O0W5Y8I2N1           INDN:OUTDOOR PLAYGROUND      CO ID:XXXXX48598 CCD,,12235.03
750,,,,,,,,
,04/03/2024,Deposit,,,Shopify,Shopify          DES:TRANSFER   ID:ST-O7J3Y4J1G0Z5           INDN:OUTDOOR PLAYGROUND      CO ID:XXXXX48598 CCD,Reconciled,6439.64
,04/03/2024,Deposit,,,Shopify,Shopify          DES:TRANSFER   ID:ST-O7J3Y4J1G0Z5           INDN:OUTDOOR PLAYGROUND      CO ID:XXXXX48598 CCD,,6439.64
751,,,,,,,,
,04/03/2024,Deposit,,Stripe,,STRIPE           DES:TRANSFER   ID:ST-P0O4A7N2A6Z8           INDN:RICHARD PATRI           CO ID:XXXXX65600 CCD,Reconciled,3290.09
,04/03/2024,Deposit,,Stripe,,STRIPE           DES:TRANSFER   ID:ST-P0O4A7N2A6Z8           INDN:RICHARD PATRI           CO ID:XXXXX65600 CCD,,3290.09
753,,,,,,,,
,04/03/2024,Deposit,,,,SHOPPAYINST AFRM DES:PAYMENTS   ID:AA2C7NTLV3NL041           INDN:MONSTERBASS             CO ID:XXXXX98000 CCD,Reconciled,68.77
,04/03/2024,Deposit,,,,SHOPPAYINST AFRM DES:PAYMENTS   ID:AA2C7NTLV3NL041           INDN:MONSTERBASS             CO ID:XXXXX98000 CCD,,68.77
756,,,,,,,,
,04/04/2024,Deposit,,Stripe,,STRIPE           DES:TRANSFER   ID:ST-T8E0W2G4W1A0           INDN:RICHARD PATRI           CO ID:XXXXX65600 CCD,Reconciled,71.62
,04/04/2024,Deposit,,Stripe,,STRIPE           DES:TRANSFER   ID:ST-T8E0W2G4W1A0           INDN:RICHARD PATRI           CO ID:XXXXX65600 CCD,,71.62
757,,,,,,,,
,04/04/2024,Deposit,,,Shopify,Shopify          DES:TRANSFER   ID:ST-E0I2P0K8X7A1           INDN:OUTDOOR PLAYGROUND INC  CO ID:XXXXX48598 CCD,Reconciled,115.15
,04/04/2024,Deposit,,,Shopify,Shopify          DES:TRANSFER   ID:ST-E0I2P0K8X7A1           INDN:OUTDOOR PLAYGROUND INC  CO ID:XXXXX48598 CCD,,115.15
758,,,,,,,,
,04/04/2024,Deposit,,,Shopify,Shopify          DES:TRANSFER   ID:ST-D8L8T0B9H4I6           INDN:OUTDOOR PLAYGROUND      CO ID:XXXXX48598 CCD,Reconciled,3097.49
,04/04/2024,Deposit,,,Shopify,Shopify          DES:TRANSFER   ID:ST-D8L8T0B9H4I6           INDN:OUTDOOR PLAYGROUND      CO ID:XXXXX48598 CCD,,3097.49
778,,,,,,,,
,04/04/2024,Deposit,,,,AMAZONCOMCA INC  DES:PAYMENT    ID:KO32USBT5F6W              INDN:Outdoor Playground Inc  CO ID:XXXXX70001 IAT           PMT INFO: BUS XXXXXXXXXXXXXXX400                            FOR MORE INFORMATION CONTACT CUSTOMER SERVICE,Reconciled,4
,04/04/2024,Deposit,,,,AMAZONCOMCA INC  DES:PAYMENT    ID:KO32USBT5F6W              INDN:Outdoor Playground Inc  CO ID:XXXXX70001 IAT           PMT INFO: BUS XXXXXXXXXXXXXXX400                            FOR MORE INFORMATION CONTACT CUSTOMER SERVICE,,4
779,,,,,,,,
,04/04/2024,Deposit,,,,AMAZON.CCRVLUIMU DES:PAYMENTS   ID:36XR7QJXNBWMH8I           INDN:Outdoor Playground Inc  CO ID:XXXXX40102 CCD,Reconciled,1322.66
,04/04/2024,Deposit,,,,AMAZON.CCRVLUIMU DES:PAYMENTS   ID:36XR7QJXNBWMH8I           INDN:Outdoor Playground Inc  CO ID:XXXXX40102 CCD,,1322.66
761,,,,,,,,
,04/05/2024,Deposit,,,Shopify,Shopify          DES:TRANSFER   ID:ST-G1K0M8W3O9O3           INDN:OUTDOOR PLAYGROUND INC  CO ID:XXXXX48598 CCD,Reconciled,40.58
,04/05/2024,Deposit,,,Shopify,Shopify          DES:TRANSFER   ID:ST-G1K0M8W3O9O3           INDN:OUTDOOR PLAYGROUND INC  CO ID:XXXXX48598 CCD,,40.58
762,,,,,,,,
,04/05/2024,Deposit,,Stripe,,STRIPE           DES:TRANSFER   ID:ST-R3Y6F6A1O2X0           INDN:RICHARD PATRI           CO ID:XXXXX65600 CCD,Reconciled,3115.9
,04/05/2024,Deposit,,Stripe,,STRIPE           DES:TRANSFER   ID:ST-R3Y6F6A1O2X0           INDN:RICHARD PATRI           CO ID:XXXXX65600 CCD,,3115.9
763,,,,,,,,
,04/05/2024,Deposit,,,Shopify,Shopify          DES:TRANSFER   ID:ST-V5M3O3L1W1P1           INDN:OUTDOOR PLAYGROUND      CO ID:XXXXX48598 CCD,Reconciled,4094.23
,04/05/2024,Deposit,,,Shopify,Shopify          DES:TRANSFER   ID:ST-V5M3O3L1W1P1           INDN:OUTDOOR PLAYGROUND      CO ID:XXXXX48598 CCD,,4094.23
776,,,,,,,,
,04/05/2024,Deposit,,,,SHOPPAYINST AFRM DES:PAYMENTS   ID:HYSSWLJCSR9ZJ8D           INDN:MONSTERBASS             CO ID:XXXXX98000 CCD,Reconciled,150.45
,04/05/2024,Deposit,,,,SHOPPAYINST AFRM DES:PAYMENTS   ID:HYSSWLJCSR9ZJ8D           INDN:MONSTERBASS             CO ID:XXXXX98000 CCD,,150.45
777,,,,,,,,
,04/05/2024,Deposit,,,,SHOPPAYINST AFRM DES:AutoPay    ID:BHLN2KJO2F9U6T7           INDN:MONSTERBASS             CO ID:394440     CCD,Reconciled,463.43
,04/05/2024,Deposit,,,,SHOPPAYINST AFRM DES:AutoPay    ID:BHLN2KJO2F9U6T7           INDN:MONSTERBASS             CO ID:394440     CCD,,463.43
782,,,,,,,,
,04/08/2024,Deposit,,,,Shopify          DES:TRANSFER   ID:ST-H5O7L9U7P2Y3           INDN:OUTDOOR PLAYGROUND      CO ID:XXXXX48598 CCD,Reconciled,2757.41
,04/08/2024,Deposit,,,,Shopify          DES:TRANSFER   ID:ST-H5O7L9U7P2Y3           INDN:OUTDOOR PLAYGROUND      CO ID:XXXXX48598 CCD,,2757.41
783,,,,,,,,
,04/08/2024,Deposit,,,,STRIPE           DES:TRANSFER   ID:ST-K8H2E7W5F4U5           INDN:RICHARD PATRI           CO ID:XXXXX65600 CCD,Reconciled,554.17
,04/08/2024,Deposit,,,,STRIPE           DES:TRANSFER   ID:ST-K8H2E7W5F4U5           INDN:RICHARD PATRI           CO ID:XXXXX65600 CCD,,554.17
785,,,,,,,,
,04/08/2024,Deposit,,,,Shopify          DES:TRANSFER   ID:ST-E0T3A2D4O7M6           INDN:OUTDOOR PLAYGROUND INC  CO ID:XXXXX48598 CCD,Reconciled,44.34
,04/08/2024,Deposit,,,,Shopify          DES:TRANSFER   ID:ST-E0T3A2D4O7M6           INDN:OUTDOOR PLAYGROUND INC  CO ID:XXXXX48598 CCD,,44.34
789,,,,,,,,
,04/09/2024,Deposit,,,Shopify,Shopify          DES:TRANSFER   ID:ST-B2Y5D7G4U0K9           INDN:OUTDOOR PLAYGROUND      CO ID:XXXXX48598 CCD,Reconciled,16329.82
,04/09/2024,Deposit,,,Shopify,Shopify          DES:TRANSFER   ID:ST-B2Y5D7G4U0K9           INDN:OUTDOOR PLAYGROUND      CO ID:XXXXX48598 CCD,,16329.82
791,,,,,,,,
,04/09/2024,Deposit,,,Shopify,Shopify          DES:TRANSFER   ID:ST-U7K3Q2V9Q0Z0           INDN:OUTDOOR PLAYGROUND INC  CO ID:XXXXX48598 CCD,Reconciled,346.02
,04/09/2024,Deposit,,,Shopify,Shopify          DES:TRANSFER   ID:ST-U7K3Q2V9Q0Z0           INDN:OUTDOOR PLAYGROUND INC  CO ID:XXXXX48598 CCD,,346.02
792,,,,,,,,
,04/09/2024,Deposit,,Stripe,,STRIPE           DES:TRANSFER   ID:ST-M1K9G4A6W9D5           INDN:RICHARD PATRI           CO ID:XXXXX65600 CCD,Reconciled,597.5
,04/09/2024,Deposit,,Stripe,,STRIPE           DES:TRANSFER   ID:ST-M1K9G4A6W9D5           INDN:RICHARD PATRI           CO ID:XXXXX65600 CCD,,597.5
797,,,,,,,,
,04/09/2024,Deposit,,,,FACEBOOK INC     DES:BDFHLXKFWT ID:BDFHLXKFWT                INDN:OUTDOOR PLAYGROUND      CO ID:HXXXXX5019 CCD           PMT INFO:RMR*IK*FACEBOOK PAYOUT BDFHLXKFWT\,Reconciled,6.98
,04/09/2024,Deposit,,,,FACEBOOK INC     DES:BDFHLXKFWT ID:BDFHLXKFWT                INDN:OUTDOOR PLAYGROUND      CO ID:HXXXXX5019 CCD           PMT INFO:RMR*IK*FACEBOOK PAYOUT BDFHLXKFWT\,,-6.98
798,,,,,,,,
,04/09/2024,Deposit,,,,SHOPPAYINST AFRM DES:PAYMENTS   ID:JUAKLWDS3XE2BJ0           INDN:MONSTERBASS             CO ID:XXXXX98000 CCD,Reconciled,47.48
,04/09/2024,Deposit,,,,SHOPPAYINST AFRM DES:PAYMENTS   ID:JUAKLWDS3XE2BJ0           INDN:MONSTERBASS             CO ID:XXXXX98000 CCD,,47.48
799,,,,,,,,
,04/09/2024,Deposit,,,,SHOPPAYINST AFRM DES:PAYMENTS   ID:OD3LA9W3H91PN8E           INDN:MONSTERBASS             CO ID:XXXXX98000 CCD,Reconciled,326.8
,04/09/2024,Deposit,,,,SHOPPAYINST AFRM DES:PAYMENTS   ID:OD3LA9W3H91PN8E           INDN:MONSTERBASS             CO ID:XXXXX98000 CCD,,326.8
800,,,,,,,,
,04/09/2024,Deposit,,,,PAYPAL           DES:TRANSFER   ID:XXXXX38449239             INDN:MAXIMUS OUTDOORS        CO ID:PAYPALSD11 PPD,Reconciled,6539.09
,04/09/2024,Deposit,,,,PAYPAL           DES:TRANSFER   ID:XXXXX38449239             INDN:MAXIMUS OUTDOORS        CO ID:PAYPALSD11 PPD,,6539.09
805,,,,,,,,
,04/10/2024,Deposit,,Stripe,,STRIPE           DES:TRANSFER   ID:ST-N7L4A4X9V2N5           INDN:RICHARD PATRI           CO ID:XXXXX65600 CCD,Reconciled,6986.56
,04/10/2024,Deposit,,Stripe,,STRIPE           DES:TRANSFER   ID:ST-N7L4A4X9V2N5           INDN:RICHARD PATRI           CO ID:XXXXX65600 CCD,,6986.56
806,,,,,,,,
,04/10/2024,Deposit,,,Shopify,Shopify          DES:TRANSFER   ID:ST-B3Z2U2J8H1R6           INDN:OUTDOOR PLAYGROUND      CO ID:XXXXX48598 CCD,Reconciled,4007.49
,04/10/2024,Deposit,,,Shopify,Shopify          DES:TRANSFER   ID:ST-B3Z2U2J8H1R6           INDN:OUTDOOR PLAYGROUND      CO ID:XXXXX48598 CCD,,4007.49
807,,,,,,,,
,04/10/2024,Deposit,,,Shopify,Shopify          DES:TRANSFER   ID:ST-S4C8C0F5E1M0           INDN:OUTDOOR PLAYGROUND INC  CO ID:XXXXX48598 CCD,Reconciled,25.25
,04/10/2024,Deposit,,,Shopify,Shopify          DES:TRANSFER   ID:ST-S4C8C0F5E1M0           INDN:OUTDOOR PLAYGROUND INC  CO ID:XXXXX48598 CCD,,25.25
810,,,,,,,,
,04/10/2024,Deposit,,,,SHOPPAYINST AFRM DES:PAYMENTS   ID:7IHFIZ5O1WYODLU           INDN:MONSTERBASS             CO ID:XXXXX98000 CCD,Reconciled,61.26
,04/10/2024,Deposit,,,,SHOPPAYINST AFRM DES:PAYMENTS   ID:7IHFIZ5O1WYODLU           INDN:MONSTERBASS             CO ID:XXXXX98000 CCD,,61.26
812,,,,,,,,
,04/11/2024,Deposit,,,,Shopify          DES:TRANSFER   ID:ST-O8K1Z8H6F3K6           INDN:OUTDOOR PLAYGROUND      CO ID:XXXXX48598 CCD,Reconciled,4021.36
,04/11/2024,Deposit,,,,Shopify          DES:TRANSFER   ID:ST-O8K1Z8H6F3K6           INDN:OUTDOOR PLAYGROUND      CO ID:XXXXX48598 CCD,,4021.36
813,,,,,,,,
,04/11/2024,Deposit,,,,Shopify          DES:TRANSFER   ID:ST-K7N5R4H9S9A5           INDN:OUTDOOR PLAYGROUND INC  CO ID:XXXXX48598 CCD,Reconciled,107.52
,04/11/2024,Deposit,,,,Shopify          DES:TRANSFER   ID:ST-K7N5R4H9S9A5           INDN:OUTDOOR PLAYGROUND INC  CO ID:XXXXX48598 CCD,,107.52
814,,,,,,,,
,04/11/2024,Deposit,,,,STRIPE           DES:TRANSFER   ID:ST-L0E1N5S5U6N7           INDN:RICHARD PATRI           CO ID:XXXXX65600 CCD,Reconciled,997.16
,04/11/2024,Deposit,,,,STRIPE           DES:TRANSFER   ID:ST-L0E1N5S5U6N7           INDN:RICHARD PATRI           CO ID:XXXXX65600 CCD,,997.16
815,,,,,,,,
,04/12/2024,Deposit,,Stripe,,STRIPE           DES:TRANSFER   ID:ST-A1L2E7P7G1E4           INDN:RICHARD PATRI           CO ID:XXXXX65600 CCD,Reconciled,957.31
,04/12/2024,Deposit,,Stripe,,STRIPE           DES:TRANSFER   ID:ST-A1L2E7P7G1E4           INDN:RICHARD PATRI           CO ID:XXXXX65600 CCD,,957.31
816,,,,,,,,
,04/12/2024,Deposit,,,Shopify,Shopify          DES:TRANSFER   ID:ST-P7D2H9F9O3L7           INDN:OUTDOOR PLAYGROUND      CO ID:XXXXX48598 CCD,Reconciled,2853.89
,04/12/2024,Deposit,,,Shopify,Shopify          DES:TRANSFER   ID:ST-P7D2H9F9O3L7           INDN:OUTDOOR PLAYGROUND      CO ID:XXXXX48598 CCD,,2853.89
817,,,,,,,,
,04/12/2024,Deposit,,,Shopify,Shopify          DES:TRANSFER   ID:ST-L1B3Z1X9X2C5           INDN:OUTDOOR PLAYGROUND INC  CO ID:XXXXX48598 CCD,Reconciled,69.97
,04/12/2024,Deposit,,,Shopify,Shopify          DES:TRANSFER   ID:ST-L1B3Z1X9X2C5           INDN:OUTDOOR PLAYGROUND INC  CO ID:XXXXX48598 CCD,,69.97
823,,,,,,,,
,04/12/2024,Deposit,,,,SHOPPAYINST AFRM DES:PAYMENTS   ID:8M5HI1807BJDL56           INDN:MONSTERBASS             CO ID:XXXXX98000 CCD,Reconciled,122.72
,04/12/2024,Deposit,,,,SHOPPAYINST AFRM DES:PAYMENTS   ID:8M5HI1807BJDL56           INDN:MONSTERBASS             CO ID:XXXXX98000 CCD,,122.72
831,,,,,,,,
,04/15/2024,Deposit,,,,Shopify          DES:TRANSFER   ID:ST-S8W8W0B8Q5C2           INDN:OUTDOOR PLAYGROUND      CO ID:XXXXX48598 CCD,Reconciled,5698.45
,04/15/2024,Deposit,,,,Shopify          DES:TRANSFER   ID:ST-S8W8W0B8Q5C2           INDN:OUTDOOR PLAYGROUND      CO ID:XXXXX48598 CCD,,5698.45
832,,,,,,,,
,04/15/2024,Deposit,,,,SHOPPAYINST AFRM DES:PAYMENTS   ID:CLVBYNBZUJNWH2J           INDN:MONSTERBASS             CO ID:XXXXX98000 CCD,Reconciled,418.38
,04/15/2024,Deposit,,,,SHOPPAYINST AFRM DES:PAYMENTS   ID:CLVBYNBZUJNWH2J           INDN:MONSTERBASS             CO ID:XXXXX98000 CCD,,418.38
833,,,,,,,,
,04/15/2024,Deposit,,,,STRIPE           DES:TRANSFER   ID:ST-N3H5F5O5Q9C5           INDN:RICHARD PATRI           CO ID:XXXXX65600 CCD,Reconciled,486.45
,04/15/2024,Deposit,,,,STRIPE           DES:TRANSFER   ID:ST-N3H5F5O5Q9C5           INDN:RICHARD PATRI           CO ID:XXXXX65600 CCD,,486.45
846,,,,,,,,
,04/16/2024,Deposit,,,,STRIPE           DES:TRANSFER   ID:ST-N0Y5C0L7H0Z8           INDN:RICHARD PATRI           CO ID:XXXXX65600 CCD,Reconciled,712.11
,04/16/2024,Deposit,,,,STRIPE           DES:TRANSFER   ID:ST-N0Y5C0L7H0Z8           INDN:RICHARD PATRI           CO ID:XXXXX65600 CCD,,712.11
847,,,,,,,,
,04/16/2024,Deposit,,,,SHOPPAYINST AFRM DES:PAYMENTS   ID:X4BXCG7EU5OWYC5           INDN:MONSTERBASS             CO ID:XXXXX98000 CCD,Reconciled,327.17
,04/16/2024,Deposit,,,,SHOPPAYINST AFRM DES:PAYMENTS   ID:X4BXCG7EU5OWYC5           INDN:MONSTERBASS             CO ID:XXXXX98000 CCD,,327.17
848,,,,,,,,
,04/16/2024,Deposit,,,,Shopify          DES:TRANSFER   ID:ST-A2M5S6P7B2Q3           INDN:OUTDOOR PLAYGROUND      CO ID:XXXXX48598 CCD,Reconciled,12078.53
,04/16/2024,Deposit,,,,Shopify          DES:TRANSFER   ID:ST-A2M5S6P7B2Q3           INDN:OUTDOOR PLAYGROUND      CO ID:XXXXX48598 CCD,,12078.53
849,,,,,,,,
,04/16/2024,Deposit,,,,Shopify          DES:TRANSFER   ID:ST-X9H6M7H0L8P1           INDN:OUTDOOR PLAYGROUND INC  CO ID:XXXXX48598 CCD,Reconciled,20
,04/16/2024,Deposit,,,,Shopify          DES:TRANSFER   ID:ST-X9H6M7H0L8P1           INDN:OUTDOOR PLAYGROUND INC  CO ID:XXXXX48598 CCD,,20
850,,,,,,,,
,04/16/2024,Deposit,,,,PAYPAL           DES:TRANSFER   ID:XXXXX81088305             INDN:MAXIMUS OUTDOORS        CO ID:PAYPALSD11 PPD,Reconciled,6887.73
,04/16/2024,Deposit,,,,PAYPAL           DES:TRANSFER   ID:XXXXX81088305             INDN:MAXIMUS OUTDOORS        CO ID:PAYPALSD11 PPD,,6887.73
841,,,,,,,,
,04/17/2024,Deposit,,,,STRIPE           DES:TRANSFER   ID:ST-E7Q2V8Q2E9R0           INDN:RICHARD PATRI           CO ID:XXXXX65600 CCD,Reconciled,1987.26
,04/17/2024,Deposit,,,,STRIPE           DES:TRANSFER   ID:ST-E7Q2V8Q2E9R0           INDN:RICHARD PATRI           CO ID:XXXXX65600 CCD,,1987.26
843,,,,,,,,
,04/17/2024,Deposit,,,,SHOPPAYINST AFRM DES:PAYMENTS   ID:DA1XKBRSTXH3IRK           INDN:MONSTERBASS             CO ID:XXXXX98000 CCD,Reconciled,58.54
,04/17/2024,Deposit,,,,SHOPPAYINST AFRM DES:PAYMENTS   ID:DA1XKBRSTXH3IRK           INDN:MONSTERBASS             CO ID:XXXXX98000 CCD,,58.54
844,,,,,,,,
,04/17/2024,Deposit,,,,Shopify          DES:TRANSFER   ID:ST-F9I2M4E1D8L9           INDN:OUTDOOR PLAYGROUND      CO ID:XXXXX48598 CCD,Reconciled,4444.33
,04/17/2024,Deposit,,,,Shopify          DES:TRANSFER   ID:ST-F9I2M4E1D8L9           INDN:OUTDOOR PLAYGROUND      CO ID:XXXXX48598 CCD,,4444.33
845,,,,,,,,
,04/17/2024,Deposit,,,,Shopify          DES:TRANSFER   ID:ST-Q9B3I1R4J2D3           INDN:OUTDOOR PLAYGROUND INC  CO ID:XXXXX48598 CCD,Reconciled,32.97
,04/17/2024,Deposit,,,,Shopify          DES:TRANSFER   ID:ST-Q9B3I1R4J2D3           INDN:OUTDOOR PLAYGROUND INC  CO ID:XXXXX48598 CCD,,32.97
851,,,,,,,,
,04/18/2024,Deposit,,,,STRIPE           DES:TRANSFER   ID:ST-Z7Z4C0L7C0Q7           INDN:RICHARD PATRI           CO ID:XXXXX65600 CCD,Reconciled,618.43
,04/18/2024,Deposit,,,,STRIPE           DES:TRANSFER   ID:ST-Z7Z4C0L7C0Q7           INDN:RICHARD PATRI           CO ID:XXXXX65600 CCD,,618.43
852,,,,,,,,
,04/18/2024,Deposit,,,,AMAZON.CT1586QKY DES:PAYMENTS   ID:XUEURAP3NAGZDBF           INDN:Outdoor Playground Inc  CO ID:XXXXX40102 CCD,Reconciled,1247.96
,04/18/2024,Deposit,,,,AMAZON.CT1586QKY DES:PAYMENTS   ID:XUEURAP3NAGZDBF           INDN:Outdoor Playground Inc  CO ID:XXXXX40102 CCD,,1247.96
853,,,,,,,,
,04/18/2024,Deposit,,,,Amazon.com.ca In DES:INTL PYMNT ID:12803DM0000YGD            INDN:OUTDOOR PLAYGROUND INC  CO ID:XXXXX00247 IAT           PMT INFO: BUS XXXXXXXXXX00015800 12803DM0000YGD             FOR MORE INFORMATION CONTACT CUSTOMER SERVICE,Reconciled,158
,04/18/2024,Deposit,,,,Amazon.com.ca In DES:INTL PYMNT ID:12803DM0000YGD            INDN:OUTDOOR PLAYGROUND INC  CO ID:XXXXX00247 IAT           PMT INFO: BUS XXXXXXXXXX00015800 12803DM0000YGD             FOR MORE INFORMATION CONTACT CUSTOMER SERVICE,,158
854,,,,,,,,
,04/18/2024,Deposit,,,,Shopify          DES:TRANSFER   ID:ST-A6F6C4H6H1B7           INDN:OUTDOOR PLAYGROUND      CO ID:XXXXX48598 CCD,Reconciled,3023.62
,04/18/2024,Deposit,,,,Shopify          DES:TRANSFER   ID:ST-A6F6C4H6H1B7           INDN:OUTDOOR PLAYGROUND      CO ID:XXXXX48598 CCD,,3023.62
855,,,,,,,,
,04/18/2024,Deposit,,,,SHOPPAYINST AFRM DES:PAYMENTS   ID:YDF1BN25DY1QNOQ           INDN:MONSTERBASS             CO ID:XXXXX98000 CCD,Reconciled,56.58
,04/18/2024,Deposit,,,,SHOPPAYINST AFRM DES:PAYMENTS   ID:YDF1BN25DY1QNOQ           INDN:MONSTERBASS             CO ID:XXXXX98000 CCD,,56.58
856,,,,,,,,
,04/19/2024,Deposit,,,Shopify,Shopify          DES:TRANSFER   ID:ST-B7G3A4V7J1L8           INDN:OUTDOOR PLAYGROUND INC  CO ID:XXXXX48598 CCD,Reconciled,73.7
,04/19/2024,Deposit,,,Shopify,Shopify          DES:TRANSFER   ID:ST-B7G3A4V7J1L8           INDN:OUTDOOR PLAYGROUND INC  CO ID:XXXXX48598 CCD,,73.7
857,,,,,,,,
,04/19/2024,Deposit,,,Shopify,Shopify          DES:TRANSFER   ID:ST-U7K3G6H5Q7W4           INDN:OUTDOOR PLAYGROUND      CO ID:XXXXX48598 CCD,Reconciled,3865.47
,04/19/2024,Deposit,,,Shopify,Shopify          DES:TRANSFER   ID:ST-U7K3G6H5Q7W4           INDN:OUTDOOR PLAYGROUND      CO ID:XXXXX48598 CCD,,3865.47
858,,,,,,,,
,04/19/2024,Deposit,,Stripe,,STRIPE           DES:TRANSFER   ID:ST-M0M0E1Z5X7Z5           INDN:RICHARD PATRI           CO ID:XXXXX65600 CCD,Reconciled,811.76
,04/19/2024,Deposit,,Stripe,,STRIPE           DES:TRANSFER   ID:ST-M0M0E1Z5X7Z5           INDN:RICHARD PATRI           CO ID:XXXXX65600 CCD,,811.76
867,,,,,,,,
,04/22/2024,Deposit,,,,Shopify          DES:TRANSFER   ID:ST-U5E6E8R9Y9P0           INDN:OUTDOOR PLAYGROUND      CO ID:XXXXX48598 CCD,Reconciled,3964.36
,04/22/2024,Deposit,,,,Shopify          DES:TRANSFER   ID:ST-U5E6E8R9Y9P0           INDN:OUTDOOR PLAYGROUND      CO ID:XXXXX48598 CCD,,3964.36
870,,,,,,,,
,04/22/2024,Deposit,,,,STRIPE           DES:TRANSFER   ID:ST-A0H5Z0N4C2D4           INDN:RICHARD PATRI           CO ID:XXXXX65600 CCD,Reconciled,570.7
,04/22/2024,Deposit,,,,STRIPE           DES:TRANSFER   ID:ST-A0H5Z0N4C2D4           INDN:RICHARD PATRI           CO ID:XXXXX65600 CCD,,570.7
871,,,,,,,,
,04/22/2024,Deposit,,,,SHOPPAYINST AFRM DES:PAYMENTS   ID:6G8AJAH8F0QVYZF           INDN:MONSTERBASS             CO ID:XXXXX98000 CCD,Reconciled,54.74
,04/22/2024,Deposit,,,,SHOPPAYINST AFRM DES:PAYMENTS   ID:6G8AJAH8F0QVYZF           INDN:MONSTERBASS             CO ID:XXXXX98000 CCD,,54.74
873,,,,,,,,
,04/22/2024,Deposit,,,,Shopify          DES:TRANSFER   ID:ST-S4T8V4T6W3V4           INDN:OUTDOOR PLAYGROUND INC  CO ID:XXXXX48598 CCD,Reconciled,10.83
,04/22/2024,Deposit,,,,Shopify          DES:TRANSFER   ID:ST-S4T8V4T6W3V4           INDN:OUTDOOR PLAYGROUND INC  CO ID:XXXXX48598 CCD,,10.83
877,,,,,,,,
,04/23/2024,Deposit,,,,PAYPAL           DES:TRANSFER   ID:XXXXX22904622             INDN:MAXIMUS OUTDOORS        CO ID:PAYPALSD11 PPD,Reconciled,4603.82
,04/23/2024,Deposit,,,,PAYPAL           DES:TRANSFER   ID:XXXXX22904622             INDN:MAXIMUS OUTDOORS        CO ID:PAYPALSD11 PPD,,4603.82
878,,,,,,,,
,04/23/2024,Deposit,,,,STRIPE           DES:TRANSFER   ID:ST-Z4T6E1G3O5Z4           INDN:RICHARD PATRI           CO ID:XXXXX65600 CCD,Reconciled,1165.66
,04/23/2024,Deposit,,,,STRIPE           DES:TRANSFER   ID:ST-Z4T6E1G3O5Z4           INDN:RICHARD PATRI           CO ID:XXXXX65600 CCD,,1165.66
879,,,,,,,,
,04/23/2024,Deposit,,,,Shopify          DES:TRANSFER   ID:ST-G2A0Q0C6Q1I7           INDN:OUTDOOR PLAYGROUND      CO ID:XXXXX48598 CCD,Reconciled,8925.76
,04/23/2024,Deposit,,,,Shopify          DES:TRANSFER   ID:ST-G2A0Q0C6Q1I7           INDN:OUTDOOR PLAYGROUND      CO ID:XXXXX48598 CCD,,8925.76
880,,,,,,,,
,04/23/2024,Deposit,,,,Shopify          DES:TRANSFER   ID:ST-X5N9S5U4H1G0           INDN:OUTDOOR PLAYGROUND INC  CO ID:XXXXX48598 CCD,Reconciled,83.59
,04/23/2024,Deposit,,,,Shopify          DES:TRANSFER   ID:ST-X5N9S5U4H1G0           INDN:OUTDOOR PLAYGROUND INC  CO ID:XXXXX48598 CCD,,83.59
886,,,,,,,,
,04/24/2024,Deposit,,,,SHOPPAYINST AFRM DES:PAYMENTS   ID:L794IJWOW0Z3NUS           INDN:MONSTERBASS             CO ID:XXXXX98000 CCD,Reconciled,111.68
,04/24/2024,Deposit,,,,SHOPPAYINST AFRM DES:PAYMENTS   ID:L794IJWOW0Z3NUS           INDN:MONSTERBASS             CO ID:XXXXX98000 CCD,,111.68
888,,,,,,,,
,04/24/2024,Deposit,,,,Shopify          DES:TRANSFER   ID:ST-Z9T1S8H1O7U7           INDN:OUTDOOR PLAYGROUND INC  CO ID:XXXXX48598 CCD,Reconciled,23.35
,04/24/2024,Deposit,,,,Shopify          DES:TRANSFER   ID:ST-Z9T1S8H1O7U7           INDN:OUTDOOR PLAYGROUND INC  CO ID:XXXXX48598 CCD,,23.35
889,,,,,,,,
,04/24/2024,Deposit,,,,STRIPE           DES:TRANSFER   ID:ST-M1J5B1G1L8Q6           INDN:RICHARD PATRI           CO ID:XXXXX65600 CCD,Reconciled,2464.84
,04/24/2024,Deposit,,,,STRIPE           DES:TRANSFER   ID:ST-M1J5B1G1L8Q6           INDN:RICHARD PATRI           CO ID:XXXXX65600 CCD,,2464.84
890,,,,,,,,
,04/24/2024,Deposit,,,,Shopify          DES:TRANSFER   ID:ST-L7P3J4W4K3M2           INDN:OUTDOOR PLAYGROUND      CO ID:XXXXX48598 CCD,Reconciled,2699.7
,04/24/2024,Deposit,,,,Shopify          DES:TRANSFER   ID:ST-L7P3J4W4K3M2           INDN:OUTDOOR PLAYGROUND      CO ID:XXXXX48598 CCD,,2699.7
892,,,,,,,,
,04/25/2024,Deposit,,Stripe,,STRIPE           DES:TRANSFER   ID:ST-N9F5O0M0J1K2           INDN:RICHARD PATRI           CO ID:XXXXX65600 CCD,Reconciled,950.33
,04/25/2024,Deposit,,Stripe,,STRIPE           DES:TRANSFER   ID:ST-N9F5O0M0J1K2           INDN:RICHARD PATRI           CO ID:XXXXX65600 CCD,,950.33
893,,,,,,,,
,04/25/2024,Deposit,,,Shopify,Shopify          DES:TRANSFER   ID:ST-E8X1C2V8C2C0           INDN:OUTDOOR PLAYGROUND INC  CO ID:XXXXX48598 CCD,Reconciled,10.88
,04/25/2024,Deposit,,,Shopify,Shopify          DES:TRANSFER   ID:ST-E8X1C2V8C2C0           INDN:OUTDOOR PLAYGROUND INC  CO ID:XXXXX48598 CCD,,10.88
894,,,,,,,,
,04/25/2024,Deposit,,,Shopify,Shopify          DES:TRANSFER   ID:ST-L8Q4A8Q9E6U1           INDN:OUTDOOR PLAYGROUND      CO ID:XXXXX48598 CCD,Reconciled,2872.35
,04/25/2024,Deposit,,,Shopify,Shopify          DES:TRANSFER   ID:ST-L8Q4A8Q9E6U1           INDN:OUTDOOR PLAYGROUND      CO ID:XXXXX48598 CCD,,2872.35
905,,,,,,,,
,04/25/2024,Deposit,,,,SHOPPAYINST AFRM DES:PAYMENTS   ID:SCY0FIZGWFGBDVF           INDN:MONSTERBASS             CO ID:XXXXX98000 CCD,Reconciled,124.36
,04/25/2024,Deposit,,,,SHOPPAYINST AFRM DES:PAYMENTS   ID:SCY0FIZGWFGBDVF           INDN:MONSTERBASS             CO ID:XXXXX98000 CCD,,124.36
896,,,,,,,,
,04/26/2024,Deposit,,Stripe,,STRIPE           DES:TRANSFER   ID:ST-L3F2M0P5V4K6           INDN:RICHARD PATRI           CO ID:XXXXX65600 CCD,Reconciled,238.99
,04/26/2024,Deposit,,Stripe,,STRIPE           DES:TRANSFER   ID:ST-L3F2M0P5V4K6           INDN:RICHARD PATRI           CO ID:XXXXX65600 CCD,,238.99
897,,,,,,,,
,04/26/2024,Deposit,,,Shopify,Shopify          DES:TRANSFER   ID:ST-Z0M5P0W6O1J6           INDN:OUTDOOR PLAYGROUND INC  CO ID:XXXXX48598 CCD,Reconciled,4.84
,04/26/2024,Deposit,,,Shopify,Shopify          DES:TRANSFER   ID:ST-Z0M5P0W6O1J6           INDN:OUTDOOR PLAYGROUND INC  CO ID:XXXXX48598 CCD,,4.84
898,,,,,,,,
,04/26/2024,Deposit,,,Shopify,Shopify          DES:TRANSFER   ID:ST-G3C0W3V7O7E0           INDN:OUTDOOR PLAYGROUND      CO ID:XXXXX48598 CCD,Reconciled,4562.22
,04/26/2024,Deposit,,,Shopify,Shopify          DES:TRANSFER   ID:ST-G3C0W3V7O7E0           INDN:OUTDOOR PLAYGROUND      CO ID:XXXXX48598 CCD,,4562.22
903,,,,,,,,
,04/26/2024,Deposit,,,,SHOPPAYINST AFRM DES:PAYMENTS   ID:C20TGKOK56U2HQK           INDN:MONSTERBASS             CO ID:XXXXX98000 CCD,Reconciled,50.52
,04/26/2024,Deposit,,,,SHOPPAYINST AFRM DES:PAYMENTS   ID:C20TGKOK56U2HQK           INDN:MONSTERBASS             CO ID:XXXXX98000 CCD,,50.52
921,,,,,,,,
,04/29/2024,Deposit,,,,STRIPE           DES:TRANSFER   ID:ST-G9N2I4L8B1K6           INDN:RICHARD PATRI           CO ID:XXXXX65600 CCD,Reconciled,397.36
,04/29/2024,Deposit,,,,STRIPE           DES:TRANSFER   ID:ST-G9N2I4L8B1K6           INDN:RICHARD PATRI           CO ID:XXXXX65600 CCD,,397.36
922,,,,,,,,
,04/29/2024,Deposit,,,,Shopify          DES:TRANSFER   ID:ST-V2W7W0A6D6G7           INDN:OUTDOOR PLAYGROUND INC  CO ID:XXXXX48598 CCD,Reconciled,2.59
,04/29/2024,Deposit,,,,Shopify          DES:TRANSFER   ID:ST-V2W7W0A6D6G7           INDN:OUTDOOR PLAYGROUND INC  CO ID:XXXXX48598 CCD,,2.59
923,,,,,,,,
,04/29/2024,Deposit,,,,Shopify          DES:TRANSFER   ID:ST-J1P1Z1V2R2O9           INDN:OUTDOOR PLAYGROUND      CO ID:XXXXX48598 CCD,Reconciled,3150.39
,04/29/2024,Deposit,,,,Shopify          DES:TRANSFER   ID:ST-J1P1Z1V2R2O9           INDN:OUTDOOR PLAYGROUND      CO ID:XXXXX48598 CCD,,3150.39
926,,,,,,,,
,04/30/2024,Deposit,,Stripe,,STRIPE           DES:TRANSFER   ID:ST-G3X7Y0L4N3W5           INDN:RICHARD PATRI           CO ID:XXXXX65600 CCD,Reconciled,940.04
,04/30/2024,Deposit,,Stripe,,STRIPE           DES:TRANSFER   ID:ST-G3X7Y0L4N3W5           INDN:RICHARD PATRI           CO ID:XXXXX65600 CCD,,940.04
927,,,,,,,,
,04/30/2024,Deposit,,,Shopify,Shopify          DES:TRANSFER   ID:ST-Q5L3X3J7W0Z6           INDN:OUTDOOR PLAYGROUND      CO ID:XXXXX48598 CCD,Reconciled,10879.51
,04/30/2024,Deposit,,,Shopify,Shopify          DES:TRANSFER   ID:ST-Q5L3X3J7W0Z6           INDN:OUTDOOR PLAYGROUND      CO ID:XXXXX48598 CCD,,10879.51
928,,,,,,,,
,04/30/2024,Deposit,,,Shopify,Shopify          DES:TRANSFER   ID:ST-O0D2P4S0U1M5           INDN:OUTDOOR PLAYGROUND INC  CO ID:XXXXX48598 CCD,Reconciled,155.6
,04/30/2024,Deposit,,,Shopify,Shopify          DES:TRANSFER   ID:ST-O0D2P4S0U1M5           INDN:OUTDOOR PLAYGROUND INC  CO ID:XXXXX48598 CCD,,155.6
931,,,,,,,,
,04/30/2024,Deposit,,,,SHOPPAYINST AFRM DES:PAYMENTS   ID:FKV8HB0NKJJ24WZ           INDN:MONSTERBASS             CO ID:XXXXX98000 CCD,Reconciled,101.7
,04/30/2024,Deposit,,,,SHOPPAYINST AFRM DES:PAYMENTS   ID:FKV8HB0NKJJ24WZ           INDN:MONSTERBASS             CO ID:XXXXX98000 CCD,,101.7
932,,,,,,,,
,04/30/2024,Deposit,,,,SHOPPAYINST AFRM DES:PAYMENTS   ID:DYBA5IGQKOQMCMO           INDN:MONSTERBASS             CO ID:XXXXX98000 CCD,Reconciled,60.59
,04/30/2024,Deposit,,,,SHOPPAYINST AFRM DES:PAYMENTS   ID:DYBA5IGQKOQMCMO           INDN:MONSTERBASS             CO ID:XXXXX98000 CCD,,60.59
933,,,,,,,,
,04/30/2024,Deposit,,,,PAYPAL           DES:TRANSFER   ID:XXXXX65876817             INDN:MAXIMUS OUTDOORS        CO ID:PAYPALSD11 PPD,Reconciled,5284.36
,04/30/2024,Deposit,,,,PAYPAL           DES:TRANSFER   ID:XXXXX65876817             INDN:MAXIMUS OUTDOORS        CO ID:PAYPALSD11 PPD,,5284.36
945,,,,,,,,
,05/01/2024,Deposit,,,,"WIRE TYPE:WIRE IN DATE: 240501 TIME:1027 ET                 TRN:XXXXXXXXXX272637 SEQ:XXXXXXXXXX077564/010734            ORIG:PLASTIQ C ID:O FINXERA SND BK:WELLS FARGO BAN          K, NA ID:XXXXX0248 PMT DET:FXXXXX6181 INVOICE 5397          25 SGES LLC DBA WARRIORS TACKLE SUPPLY INVOICE 539",Reconciled,1933.5
,05/01/2024,Deposit,,,,"WIRE TYPE:WIRE IN DATE: 240501 TIME:1027 ET                 TRN:XXXXXXXXXX272637 SEQ:XXXXXXXXXX077564/010734            ORIG:PLASTIQ C ID:O FINXERA SND BK:WELLS FARGO BAN          K, NA ID:XXXXX0248 PMT DET:FXXXXX6181 INVOICE 5397          25 SGES LLC DBA WARRIORS TACKLE SUPPLY INVOICE 539",,1933.5
950,,,,,,,,
,05/01/2024,Deposit,,Stripe,,STRIPE           DES:TRANSFER   ID:ST-T3W2C9L6M1X6           INDN:RICHARD PATRI           CO ID:XXXXX65600 CCD,Reconciled,2411.42
,05/01/2024,Deposit,,Stripe,,STRIPE           DES:TRANSFER   ID:ST-T3W2C9L6M1X6           INDN:RICHARD PATRI           CO ID:XXXXX65600 CCD,,2411.42
952,,,,,,,,
,05/01/2024,Deposit,,,Shopify,Shopify          DES:TRANSFER   ID:ST-J7O3Y2X9F9N0           INDN:OUTDOOR PLAYGROUND INC  CO ID:XXXXX48598 CCD,Reconciled,32.04
,05/01/2024,Deposit,,,Shopify,Shopify          DES:TRANSFER   ID:ST-J7O3Y2X9F9N0           INDN:OUTDOOR PLAYGROUND INC  CO ID:XXXXX48598 CCD,,32.04
954,,,,,,,,
,05/01/2024,Deposit,,,Shopify,Shopify          DES:TRANSFER   ID:ST-V9J7O9L3T3Q8           INDN:OUTDOOR PLAYGROUND      CO ID:XXXXX48598 CCD,Reconciled,3360.06
,05/01/2024,Deposit,,,Shopify,Shopify          DES:TRANSFER   ID:ST-V9J7O9L3T3Q8           INDN:OUTDOOR PLAYGROUND      CO ID:XXXXX48598 CCD,,3360.06
987,,,,,,,,
,05/02/2024,Deposit,,Stripe,,STRIPE           DES:TRANSFER   ID:ST-E3C4O6L7J2E8           INDN:RICHARD PATRI           CO ID:XXXXX65600 CCD,Reconciled,311.4
,05/02/2024,Deposit,,Stripe,,STRIPE           DES:TRANSFER   ID:ST-E3C4O6L7J2E8           INDN:RICHARD PATRI           CO ID:XXXXX65600 CCD,,311.4
988,,,,,,,,
,05/02/2024,Deposit,,,,AMAZONCOMCA INC  DES:PAYMENT    ID:KO40USBWXKVW              INDN:Outdoor Playground Inc  CO ID:XXXXX70001 IAT           PMT INFO: BUS XXXXXXXXXXXXXX4363                            FOR MORE INFORMATION CONTACT CUSTOMER SERVICE,Reconciled,43.63
,05/02/2024,Deposit,,,,AMAZONCOMCA INC  DES:PAYMENT    ID:KO40USBWXKVW              INDN:Outdoor Playground Inc  CO ID:XXXXX70001 IAT           PMT INFO: BUS XXXXXXXXXXXXXX4363                            FOR MORE INFORMATION CONTACT CUSTOMER SERVICE,,43.63
989,,,,,,,,
,05/02/2024,Deposit,,,Shopify,Shopify          DES:TRANSFER   ID:ST-A2O3Z1X8F2F1           INDN:OUTDOOR PLAYGROUND      CO ID:XXXXX48598 CCD,Reconciled,1906.83
,05/02/2024,Deposit,,,Shopify,Shopify          DES:TRANSFER   ID:ST-A2O3Z1X8F2F1           INDN:OUTDOOR PLAYGROUND      CO ID:XXXXX48598 CCD,,1906.83
990,,,,,,,,
,05/02/2024,Deposit,,,Shopify,Shopify          DES:TRANSFER   ID:ST-N4X5Q6Z7B3K7           INDN:OUTDOOR PLAYGROUND INC  CO ID:XXXXX48598 CCD,Reconciled,30.43
,05/02/2024,Deposit,,,Shopify,Shopify          DES:TRANSFER   ID:ST-N4X5Q6Z7B3K7           INDN:OUTDOOR PLAYGROUND INC  CO ID:XXXXX48598 CCD,,30.43
991,,,,,,,,
,05/02/2024,Deposit,,,,AMAZON.CMINXE54A DES:PAYMENTS   ID:QU5H4EH2R99T4Y1           INDN:Outdoor Playground Inc  CO ID:XXXXX40102 CCD,Reconciled,1496.5
,05/02/2024,Deposit,,,,AMAZON.CMINXE54A DES:PAYMENTS   ID:QU5H4EH2R99T4Y1           INDN:Outdoor Playground Inc  CO ID:XXXXX40102 CCD,,1496.5
961,,,,,,,,
,05/03/2024,Deposit,,Stripe,,STRIPE           DES:TRANSFER   ID:ST-U3C4Y8T3T5Q9           INDN:RICHARD PATRI           CO ID:XXXXX65600 CCD,Reconciled,2500.98
,05/03/2024,Deposit,,Stripe,,STRIPE           DES:TRANSFER   ID:ST-U3C4Y8T3T5Q9           INDN:RICHARD PATRI           CO ID:XXXXX65600 CCD,,2500.98
962,,,,,,,,
,05/03/2024,Deposit,,,Shopify,Shopify          DES:TRANSFER   ID:ST-W8G4L0B0E8D0           INDN:OUTDOOR PLAYGROUND      CO ID:XXXXX48598 CCD,Reconciled,5080.28
,05/03/2024,Deposit,,,Shopify,Shopify          DES:TRANSFER   ID:ST-W8G4L0B0E8D0           INDN:OUTDOOR PLAYGROUND      CO ID:XXXXX48598 CCD,,5080.28
963,,,,,,,,
,05/03/2024,Deposit,,,Shopify,Shopify          DES:TRANSFER   ID:ST-J7J9C2I9Y1R4           INDN:OUTDOOR PLAYGROUND INC  CO ID:XXXXX48598 CCD,Reconciled,80.93
,05/03/2024,Deposit,,,Shopify,Shopify          DES:TRANSFER   ID:ST-J7J9C2I9Y1R4           INDN:OUTDOOR PLAYGROUND INC  CO ID:XXXXX48598 CCD,,80.93
981,,,,,,,,
,05/06/2024,Deposit,,,,AMAZON.CX02F0802 DES:PAYMENTS   ID:4HDZCY5V10NP8GD           INDN:Outdoor Playground Inc  CO ID:XXXXX40102 CCD,Reconciled,65.11
,05/06/2024,Deposit,,,,AMAZON.CX02F0802 DES:PAYMENTS   ID:4HDZCY5V10NP8GD           INDN:Outdoor Playground Inc  CO ID:XXXXX40102 CCD,,65.11
982,,,,,,,,
,05/06/2024,Deposit,,,Shopify,Shopify          DES:TRANSFER   ID:ST-C4A8R0L8R6W4           INDN:OUTDOOR PLAYGROUND      CO ID:XXXXX48598 CCD,Reconciled,3003.63
,05/06/2024,Deposit,,,Shopify,Shopify          DES:TRANSFER   ID:ST-C4A8R0L8R6W4           INDN:OUTDOOR PLAYGROUND      CO ID:XXXXX48598 CCD,,3003.63
984,,,,,,,,
,05/06/2024,Deposit,,,Shopify,Shopify          DES:TRANSFER   ID:ST-I5E8C7M6I5O4           INDN:OUTDOOR PLAYGROUND INC  CO ID:XXXXX48598 CCD,Reconciled,8.1
,05/06/2024,Deposit,,,Shopify,Shopify          DES:TRANSFER   ID:ST-I5E8C7M6I5O4           INDN:OUTDOOR PLAYGROUND INC  CO ID:XXXXX48598 CCD,,8.1
996,,,,,,,,
,05/07/2024,Deposit,,,,SHOPPAYINST AFRM DES:PAYMENTS   ID:PZXMOSXBSK02KF7           INDN:MONSTERBASS             CO ID:XXXXX98000 CCD,Reconciled,252.65
,05/07/2024,Deposit,,,,SHOPPAYINST AFRM DES:PAYMENTS   ID:PZXMOSXBSK02KF7           INDN:MONSTERBASS             CO ID:XXXXX98000 CCD,,252.65
997,,,,,,,,
,05/07/2024,Deposit,,,,PAYPAL           DES:TRANSFER   ID:XXXXX21403848             INDN:MAXIMUS OUTDOORS        CO ID:PAYPALSD11 PPD,Reconciled,4658.97
,05/07/2024,Deposit,,,,PAYPAL           DES:TRANSFER   ID:XXXXX21403848             INDN:MAXIMUS OUTDOORS        CO ID:PAYPALSD11 PPD,,4658.97
998,,,,,,,,
,05/07/2024,Deposit,,,,SHOPPAYINST AFRM DES:PAYMENTS   ID:YHR85DFYZOALA5L           INDN:MONSTERBASS             CO ID:XXXXX98000 CCD,Reconciled,68.37
,05/07/2024,Deposit,,,,SHOPPAYINST AFRM DES:PAYMENTS   ID:YHR85DFYZOALA5L           INDN:MONSTERBASS             CO ID:XXXXX98000 CCD,,68.37
999,,,,,,,,
,05/07/2024,Deposit,,Stripe,,STRIPE           DES:TRANSFER   ID:ST-Y3V8Z0L1M8H9           INDN:RICHARD PATRI           CO ID:XXXXX65600 CCD,Reconciled,3161.27
,05/07/2024,Deposit,,Stripe,,STRIPE           DES:TRANSFER   ID:ST-Y3V8Z0L1M8H9           INDN:RICHARD PATRI           CO ID:XXXXX65600 CCD,,3161.27
1000,,,,,,,,
,05/07/2024,Deposit,,,,SHOPPAYINST AFRM DES:PAYMENTS   ID:R2EOONHJZPQF7NG           INDN:Rick's Tackle Outlet    CO ID:XXXXX98000 CCD,Reconciled,80.21
,05/07/2024,Deposit,,,,SHOPPAYINST AFRM DES:PAYMENTS   ID:R2EOONHJZPQF7NG           INDN:Rick's Tackle Outlet    CO ID:XXXXX98000 CCD,,80.21
1001,,,,,,,,
,05/07/2024,Deposit,,,Shopify,Shopify          DES:TRANSFER   ID:ST-X9J0Q0Q5O7W7           INDN:OUTDOOR PLAYGROUND      CO ID:XXXXX48598 CCD,Reconciled,8007.54
,05/07/2024,Deposit,,,Shopify,Shopify          DES:TRANSFER   ID:ST-X9J0Q0Q5O7W7           INDN:OUTDOOR PLAYGROUND      CO ID:XXXXX48598 CCD,,8007.54
1002,,,,,,,,
,05/07/2024,Deposit,,,Shopify,Shopify          DES:TRANSFER   ID:ST-F4B8M3B4F6Z7           INDN:OUTDOOR PLAYGROUND INC  CO ID:XXXXX48598 CCD,Reconciled,265.79
,05/07/2024,Deposit,,,Shopify,Shopify          DES:TRANSFER   ID:ST-F4B8M3B4F6Z7           INDN:OUTDOOR PLAYGROUND INC  CO ID:XXXXX48598 CCD,,265.79
1007,,,,,,,,
,05/08/2024,Deposit,,,,CHASE CREDIT CRD DES:RWRD RDM   ID:b8eXXXXX8925531           INDN:PATRI RICHARD           CO ID:XXXXX40001 PPD,Reconciled,850.24
,05/08/2024,Deposit,,,,CHASE CREDIT CRD DES:RWRD RDM   ID:b8eXXXXX8925531           INDN:PATRI RICHARD           CO ID:XXXXX40001 PPD,,850.24
1008,,,,,,,,
,05/08/2024,Deposit,,Stripe,,STRIPE           DES:TRANSFER   ID:ST-C8H5I0N4O0Z7           INDN:RICHARD PATRI           CO ID:XXXXX65600 CCD,Reconciled,7906.18
,05/08/2024,Deposit,,Stripe,,STRIPE           DES:TRANSFER   ID:ST-C8H5I0N4O0Z7           INDN:RICHARD PATRI           CO ID:XXXXX65600 CCD,,7906.18
1009,,,,,,,,
,05/08/2024,Deposit,,,,SHOPPAYINST AFRM DES:PAYMENTS   ID:U40P4UB1ME0URY5           INDN:MONSTERBASS             CO ID:XXXXX98000 CCD,Reconciled,47.76
,05/08/2024,Deposit,,,,SHOPPAYINST AFRM DES:PAYMENTS   ID:U40P4UB1ME0URY5           INDN:MONSTERBASS             CO ID:XXXXX98000 CCD,,47.76
1010,,,,,,,,
,05/08/2024,Deposit,,,Shopify,Shopify          DES:TRANSFER   ID:ST-Q3J9K6I5F4H5           INDN:OUTDOOR PLAYGROUND INC  CO ID:XXXXX48598 CCD,Reconciled,5.83
,05/08/2024,Deposit,,,Shopify,Shopify          DES:TRANSFER   ID:ST-Q3J9K6I5F4H5           INDN:OUTDOOR PLAYGROUND INC  CO ID:XXXXX48598 CCD,,5.83
1011,,,,,,,,
,05/08/2024,Deposit,,,Shopify,Shopify          DES:TRANSFER   ID:ST-X9B2Q1Z3N5J6           INDN:OUTDOOR PLAYGROUND      CO ID:XXXXX48598 CCD,Reconciled,6329.62
,05/08/2024,Deposit,,,Shopify,Shopify          DES:TRANSFER   ID:ST-X9B2Q1Z3N5J6           INDN:OUTDOOR PLAYGROUND      CO ID:XXXXX48598 CCD,,6329.62
1012,,,,,,,,
,05/09/2024,Deposit,,Stripe,,STRIPE           DES:TRANSFER   ID:ST-F3O8W0H4X0H1           INDN:RICHARD PATRI           CO ID:XXXXX65600 CCD,Reconciled,1175.69
,05/09/2024,Deposit,,Stripe,,STRIPE           DES:TRANSFER   ID:ST-F3O8W0H4X0H1           INDN:RICHARD PATRI           CO ID:XXXXX65600 CCD,,1175.69
1014,,,,,,,,
,05/09/2024,Deposit,,,Shopify,Shopify          DES:TRANSFER   ID:ST-V2P2B3G4X1R8           INDN:OUTDOOR PLAYGROUND INC  CO ID:XXXXX48598 CCD,Reconciled,47.5
,05/09/2024,Deposit,,,Shopify,Shopify          DES:TRANSFER   ID:ST-V2P2B3G4X1R8           INDN:OUTDOOR PLAYGROUND INC  CO ID:XXXXX48598 CCD,,47.5
1015,,,,,,,,
,05/09/2024,Deposit,,,Shopify,Shopify          DES:TRANSFER   ID:ST-N4U1H0X7W4L7           INDN:OUTDOOR PLAYGROUND      CO ID:XXXXX48598 CCD,Reconciled,3356.33
,05/09/2024,Deposit,,,Shopify,Shopify          DES:TRANSFER   ID:ST-N4U1H0X7W4L7           INDN:OUTDOOR PLAYGROUND      CO ID:XXXXX48598 CCD,,3356.33
1016,,,,,,,,
,05/10/2024,Deposit,,Stripe,,STRIPE           DES:TRANSFER   ID:ST-C5F4P4L5A1E9           INDN:RICHARD PATRI           CO ID:XXXXX65600 CCD,Reconciled,1129.74
,05/10/2024,Deposit,,Stripe,,STRIPE           DES:TRANSFER   ID:ST-C5F4P4L5A1E9           INDN:RICHARD PATRI           CO ID:XXXXX65600 CCD,,1129.74
1017,,,,,,,,
,05/10/2024,Deposit,,,Shopify,Shopify          DES:TRANSFER   ID:ST-U2G5G8G4P0Z0           INDN:OUTDOOR PLAYGROUND      CO ID:XXXXX48598 CCD,Reconciled,3015.74
,05/10/2024,Deposit,,,Shopify,Shopify          DES:TRANSFER   ID:ST-U2G5G8G4P0Z0           INDN:OUTDOOR PLAYGROUND      CO ID:XXXXX48598 CCD,,3015.74
1024,,,,,,,,
,05/10/2024,Deposit,,,,SHOPPAYINST AFRM DES:PAYMENTS   ID:YBVZQOOSIZXU5XL           INDN:MONSTERBASS             CO ID:XXXXX98000 CCD,Reconciled,81.24
,05/10/2024,Deposit,,,,SHOPPAYINST AFRM DES:PAYMENTS   ID:YBVZQOOSIZXU5XL           INDN:MONSTERBASS             CO ID:XXXXX98000 CCD,,81.24
1039,,,,,,,,
,05/13/2024,Deposit,,,Shopify,Shopify          DES:TRANSFER   ID:ST-Y2H5Y6J2T8V1           INDN:OUTDOOR PLAYGROUND      CO ID:XXXXX48598 CCD,Reconciled,3443.7
,05/13/2024,Deposit,,,Shopify,Shopify          DES:TRANSFER   ID:ST-Y2H5Y6J2T8V1           INDN:OUTDOOR PLAYGROUND      CO ID:XXXXX48598 CCD,,3443.7
1040,,,,,,,,
,05/13/2024,Deposit,,,,SHOPPAYINST AFRM DES:PAYMENTS   ID:S589J2OXTA16H6T           INDN:MONSTERBASS             CO ID:XXXXX98000 CCD,Reconciled,49.11
,05/13/2024,Deposit,,,,SHOPPAYINST AFRM DES:PAYMENTS   ID:S589J2OXTA16H6T           INDN:MONSTERBASS             CO ID:XXXXX98000 CCD,,49.11
1041,,,,,,,,
,05/13/2024,Deposit,,,Shopify,Shopify          DES:TRANSFER   ID:ST-G5C2I6Q4I8G9           INDN:OUTDOOR PLAYGROUND INC  CO ID:XXXXX48598 CCD,Reconciled,38.7
,05/13/2024,Deposit,,,Shopify,Shopify          DES:TRANSFER   ID:ST-G5C2I6Q4I8G9           INDN:OUTDOOR PLAYGROUND INC  CO ID:XXXXX48598 CCD,,38.7
1042,,,,,,,,
,05/13/2024,Deposit,,Stripe,,STRIPE           DES:TRANSFER   ID:ST-J5O2W7Z4C7F0           INDN:RICHARD PATRI           CO ID:XXXXX65600 CCD,Reconciled,978.78
,05/13/2024,Deposit,,Stripe,,STRIPE           DES:TRANSFER   ID:ST-J5O2W7Z4C7F0           INDN:RICHARD PATRI           CO ID:XXXXX65600 CCD,,978.78
1046,,,,,,,,
,05/14/2024,Deposit,,Stripe,,STRIPE           DES:TRANSFER   ID:ST-L6U5L0A9X4L0           INDN:RICHARD PATRI           CO ID:XXXXX65600 CCD,Reconciled,1008.72
,05/14/2024,Deposit,,Stripe,,STRIPE           DES:TRANSFER   ID:ST-L6U5L0A9X4L0           INDN:RICHARD PATRI           CO ID:XXXXX65600 CCD,,1008.72
1049,,,,,,,,
,05/14/2024,Deposit,,,,SHOPPAYINST AFRM DES:PAYMENTS   ID:2EJHXG9MVPNE054           INDN:MONSTERBASS             CO ID:XXXXX98000 CCD,Reconciled,70.49
,05/14/2024,Deposit,,,,SHOPPAYINST AFRM DES:PAYMENTS   ID:2EJHXG9MVPNE054           INDN:MONSTERBASS             CO ID:XXXXX98000 CCD,,70.49
1050,,,,,,,,
,05/14/2024,Deposit,,,Shopify,Shopify          DES:TRANSFER   ID:ST-J5N1B5D3P8H7           INDN:OUTDOOR PLAYGROUND      CO ID:XXXXX48598 CCD,Reconciled,10979.04
,05/14/2024,Deposit,,,Shopify,Shopify          DES:TRANSFER   ID:ST-J5N1B5D3P8H7           INDN:OUTDOOR PLAYGROUND      CO ID:XXXXX48598 CCD,,10979.04
1051,,,,,,,,
,05/14/2024,Deposit,,,Shopify,Shopify          DES:TRANSFER   ID:ST-B2O7N0A3F6C4           INDN:OUTDOOR PLAYGROUND INC  CO ID:XXXXX48598 CCD,Reconciled,65.18
,05/14/2024,Deposit,,,Shopify,Shopify          DES:TRANSFER   ID:ST-B2O7N0A3F6C4           INDN:OUTDOOR PLAYGROUND INC  CO ID:XXXXX48598 CCD,,65.18
1052,,,,,,,,
,05/14/2024,Deposit,,,,SHOPPAYINST AFRM DES:PAYMENTS   ID:VGRS93LCI4H0ARW           INDN:MONSTERBASS             CO ID:XXXXX98000 CCD,Reconciled,84.79
,05/14/2024,Deposit,,,,SHOPPAYINST AFRM DES:PAYMENTS   ID:VGRS93LCI4H0ARW           INDN:MONSTERBASS             CO ID:XXXXX98000 CCD,,84.79
1053,,,,,,,,
,05/14/2024,Deposit,,,,PAYPAL           DES:TRANSFER   ID:XXXXX64811066             INDN:MAXIMUS OUTDOORS        CO ID:PAYPALSD11 PPD,Reconciled,5697.71
,05/14/2024,Deposit,,,,PAYPAL           DES:TRANSFER   ID:XXXXX64811066             INDN:MAXIMUS OUTDOORS        CO ID:PAYPALSD11 PPD,,5697.71
1057,,,,,,,,
,05/15/2024,Deposit,,,Shopify,Shopify          DES:TRANSFER   ID:ST-V3P6U2M8J3E8           INDN:OUTDOOR PLAYGROUND      CO ID:XXXXX48598 CCD,Reconciled,2200.41
,05/15/2024,Deposit,,,Shopify,Shopify          DES:TRANSFER   ID:ST-V3P6U2M8J3E8           INDN:OUTDOOR PLAYGROUND      CO ID:XXXXX48598 CCD,,2200.41
1058,,,,,,,,
,05/15/2024,Deposit,,,Shopify,Shopify          DES:TRANSFER   ID:ST-T7O3R0J4Y7G8           INDN:OUTDOOR PLAYGROUND INC  CO ID:XXXXX48598 CCD,Reconciled,83.21
,05/15/2024,Deposit,,,Shopify,Shopify          DES:TRANSFER   ID:ST-T7O3R0J4Y7G8           INDN:OUTDOOR PLAYGROUND INC  CO ID:XXXXX48598 CCD,,83.21
1059,,,,,,,,
,05/15/2024,Deposit,,Stripe,,STRIPE           DES:TRANSFER   ID:ST-X9X1L7N0X0Q4           INDN:RICHARD PATRI           CO ID:XXXXX65600 CCD,Reconciled,2697.02
,05/15/2024,Deposit,,Stripe,,STRIPE           DES:TRANSFER   ID:ST-X9X1L7N0X0Q4           INDN:RICHARD PATRI           CO ID:XXXXX65600 CCD,,2697.02
1061,,,,,,,,
,05/16/2024,Deposit,,Stripe,,STRIPE           DES:TRANSFER   ID:ST-L2X4C5P1D1W2           INDN:RICHARD PATRI           CO ID:XXXXX65600 CCD,Reconciled,119.54
,05/16/2024,Deposit,,Stripe,,STRIPE           DES:TRANSFER   ID:ST-L2X4C5P1D1W2           INDN:RICHARD PATRI           CO ID:XXXXX65600 CCD,,119.54
1062,,,,,,,,
,05/16/2024,Deposit,,,,AMAZONCOMCA INC  DES:PAYMENT    ID:KO4EUSBYKJ6U              INDN:Outdoor Playground Inc  CO ID:XXXXX70001 IAT           PMT INFO: BUS XXXXXXXXXX00004716                            FOR MORE INFORMATION CONTACT CUSTOMER SERVICE,Reconciled,47.16
,05/16/2024,Deposit,,,,AMAZONCOMCA INC  DES:PAYMENT    ID:KO4EUSBYKJ6U              INDN:Outdoor Playground Inc  CO ID:XXXXX70001 IAT           PMT INFO: BUS XXXXXXXXXX00004716                            FOR MORE INFORMATION CONTACT CUSTOMER SERVICE,,47.16
1063,,,,,,,,
,05/16/2024,Deposit,,,,AMAZON.CA0YPVC17 DES:PAYMENTS   ID:5WO0LIL8MPHIE5H           INDN:Outdoor Playground Inc  CO ID:XXXXX40102 CCD,Reconciled,121.22
,05/16/2024,Deposit,,,,AMAZON.CA0YPVC17 DES:PAYMENTS   ID:5WO0LIL8MPHIE5H           INDN:Outdoor Playground Inc  CO ID:XXXXX40102 CCD,,121.22
1064,,,,,,,,
,05/16/2024,Deposit,,,Shopify,Shopify          DES:TRANSFER   ID:ST-T6S2G2J0M6X7           INDN:OUTDOOR PLAYGROUND INC  CO ID:XXXXX48598 CCD,Reconciled,151.99
,05/16/2024,Deposit,,,Shopify,Shopify          DES:TRANSFER   ID:ST-T6S2G2J0M6X7           INDN:OUTDOOR PLAYGROUND INC  CO ID:XXXXX48598 CCD,,151.99
1065,,,,,,,,
,05/16/2024,Deposit,,,Shopify,Shopify          DES:TRANSFER   ID:ST-F7F7O4Z2N1R5           INDN:OUTDOOR PLAYGROUND      CO ID:XXXXX48598 CCD,Reconciled,2576.36
,05/16/2024,Deposit,,,Shopify,Shopify          DES:TRANSFER   ID:ST-F7F7O4Z2N1R5           INDN:OUTDOOR PLAYGROUND      CO ID:XXXXX48598 CCD,,2576.36
1071,,,,,,,,
,05/17/2024,Deposit,,,Shopify,Shopify          DES:TRANSFER   ID:ST-W7V6S8N4U9Z7           INDN:OUTDOOR PLAYGROUND      CO ID:XXXXX48598 CCD,Reconciled,4373.15
,05/17/2024,Deposit,,,Shopify,Shopify          DES:TRANSFER   ID:ST-W7V6S8N4U9Z7           INDN:OUTDOOR PLAYGROUND      CO ID:XXXXX48598 CCD,,4373.15
1072,,,,,,,,
,05/17/2024,Deposit,,,Shopify,Shopify          DES:TRANSFER   ID:ST-B5D7T3Q9P3R3           INDN:OUTDOOR PLAYGROUND INC  CO ID:XXXXX48598 CCD,Reconciled,123.44
,05/17/2024,Deposit,,,Shopify,Shopify          DES:TRANSFER   ID:ST-B5D7T3Q9P3R3           INDN:OUTDOOR PLAYGROUND INC  CO ID:XXXXX48598 CCD,,123.44
1073,,,,,,,,
,05/17/2024,Deposit,,Stripe,,STRIPE           DES:TRANSFER   ID:ST-I1F5R4Y7M0T9           INDN:RICHARD PATRI           CO ID:XXXXX65600 CCD,Reconciled,939.79
,05/17/2024,Deposit,,Stripe,,STRIPE           DES:TRANSFER   ID:ST-I1F5R4Y7M0T9           INDN:RICHARD PATRI           CO ID:XXXXX65600 CCD,,939.79
1087,,,,,,,,
,05/20/2024,Deposit,,Stripe,,STRIPE           DES:TRANSFER   ID:ST-Z7K8U3E6O9N0           INDN:RICHARD PATRI           CO ID:XXXXX65600 CCD,Reconciled,466.9
,05/20/2024,Deposit,,Stripe,,STRIPE           DES:TRANSFER   ID:ST-Z7K8U3E6O9N0           INDN:RICHARD PATRI           CO ID:XXXXX65600 CCD,,466.9
1088,,,,,,,,
,05/20/2024,Deposit,,,Shopify,Shopify          DES:TRANSFER   ID:ST-T1V0I3E3L9F1           INDN:OUTDOOR PLAYGROUND INC  CO ID:XXXXX48598 CCD,Reconciled,40.45
,05/20/2024,Deposit,,,Shopify,Shopify          DES:TRANSFER   ID:ST-T1V0I3E3L9F1           INDN:OUTDOOR PLAYGROUND INC  CO ID:XXXXX48598 CCD,,40.45
1089,,,,,,,,
,05/20/2024,Deposit,,,Shopify,Shopify          DES:TRANSFER   ID:ST-O2E3S1F3U3F9           INDN:OUTDOOR PLAYGROUND      CO ID:XXXXX48598 CCD,Reconciled,2762.95
,05/20/2024,Deposit,,,Shopify,Shopify          DES:TRANSFER   ID:ST-O2E3S1F3U3F9           INDN:OUTDOOR PLAYGROUND      CO ID:XXXXX48598 CCD,,2762.95
1094,,,,,,,,
,05/21/2024,Deposit,,,Shopify,Shopify          DES:TRANSFER   ID:ST-Z0L8J9C7L6J5           INDN:OUTDOOR PLAYGROUND INC  CO ID:XXXXX48598 CCD,Reconciled,325.01
,05/21/2024,Deposit,,,Shopify,Shopify          DES:TRANSFER   ID:ST-Z0L8J9C7L6J5           INDN:OUTDOOR PLAYGROUND INC  CO ID:XXXXX48598 CCD,,325.01
1095,,,,,,,,
,05/21/2024,Deposit,,,Shopify,Shopify          DES:TRANSFER   ID:ST-O1T7B7E4M8B9           INDN:OUTDOOR PLAYGROUND      CO ID:XXXXX48598 CCD,Reconciled,8674.55
,05/21/2024,Deposit,,,Shopify,Shopify          DES:TRANSFER   ID:ST-O1T7B7E4M8B9           INDN:OUTDOOR PLAYGROUND      CO ID:XXXXX48598 CCD,,8674.55
1096,,,,,,,,
,05/21/2024,Deposit,,Stripe,,STRIPE           DES:TRANSFER   ID:ST-N9M4R4W7R3G5           INDN:RICHARD PATRI           CO ID:XXXXX65600 CCD,Reconciled,1158.48
,05/21/2024,Deposit,,Stripe,,STRIPE           DES:TRANSFER   ID:ST-N9M4R4W7R3G5           INDN:RICHARD PATRI           CO ID:XXXXX65600 CCD,,1158.48
1099,,,,,,,,
,05/21/2024,Deposit,,,,SHOPPAYINST AFRM DES:PAYMENTS   ID:QQWMNE0Y9K3BQ9N           INDN:MONSTERBASS             CO ID:XXXXX98000 CCD,Reconciled,131.45
,05/21/2024,Deposit,,,,SHOPPAYINST AFRM DES:PAYMENTS   ID:QQWMNE0Y9K3BQ9N           INDN:MONSTERBASS             CO ID:XXXXX98000 CCD,,131.45
1100,,,,,,,,
,05/21/2024,Deposit,,,,SHOPPAYINST AFRM DES:PAYMENTS   ID:Q83R2OVWQZLL0JZ           INDN:MONSTERBASS             CO ID:XXXXX98000 CCD,Reconciled,121.62
,05/21/2024,Deposit,,,,SHOPPAYINST AFRM DES:PAYMENTS   ID:Q83R2OVWQZLL0JZ           INDN:MONSTERBASS             CO ID:XXXXX98000 CCD,,121.62
1101,,,,,,,,
,05/21/2024,Deposit,,,,PAYPAL           DES:TRANSFER   ID:XXXXX06818632             INDN:MAXIMUS OUTDOORS        CO ID:PAYPALSD11 PPD,Reconciled,4523.95
,05/21/2024,Deposit,,,,PAYPAL           DES:TRANSFER   ID:XXXXX06818632             INDN:MAXIMUS OUTDOORS        CO ID:PAYPALSD11 PPD,,4523.95
1102,,,,,,,,
,05/22/2024,Deposit,,,Shopify,Shopify          DES:TRANSFER   ID:ST-D7H3F5O6N5C0           INDN:OUTDOOR PLAYGROUND      CO ID:XXXXX48598 CCD,Reconciled,3104.08
,05/22/2024,Deposit,,,Shopify,Shopify          DES:TRANSFER   ID:ST-D7H3F5O6N5C0           INDN:OUTDOOR PLAYGROUND      CO ID:XXXXX48598 CCD,,3104.08
1104,,,,,,,,
,05/22/2024,Deposit,,Stripe,,STRIPE           DES:TRANSFER   ID:ST-R0S2L5V4H5W0           INDN:RICHARD PATRI           CO ID:XXXXX65600 CCD,Reconciled,2425.8
,05/22/2024,Deposit,,Stripe,,STRIPE           DES:TRANSFER   ID:ST-R0S2L5V4H5W0           INDN:RICHARD PATRI           CO ID:XXXXX65600 CCD,,2425.8
1122,,,,,,,,
,05/22/2024,Deposit,,,,SHOPPAYINST AFRM DES:PAYMENTS   ID:X3H6YB78JRNX7HG           INDN:MONSTERBASS             CO ID:XXXXX98000 CCD,Reconciled,85.68
,05/22/2024,Deposit,,,,SHOPPAYINST AFRM DES:PAYMENTS   ID:X3H6YB78JRNX7HG           INDN:MONSTERBASS             CO ID:XXXXX98000 CCD,,85.68
1105,,,,,,,,
,05/23/2024,Deposit,,Stripe,,STRIPE           DES:TRANSFER   ID:ST-E4T3P8D5J0R3           INDN:RICHARD PATRI           CO ID:XXXXX65600 CCD,Reconciled,677.63
,05/23/2024,Deposit,,Stripe,,STRIPE           DES:TRANSFER   ID:ST-E4T3P8D5J0R3           INDN:RICHARD PATRI           CO ID:XXXXX65600 CCD,,677.63
1106,,,,,,,,
,05/23/2024,Deposit,,,Shopify,Shopify          DES:TRANSFER   ID:ST-Y0L1G3W0R9X2           INDN:OUTDOOR PLAYGROUND      CO ID:XXXXX48598 CCD,Reconciled,2254.95
,05/23/2024,Deposit,,,Shopify,Shopify          DES:TRANSFER   ID:ST-Y0L1G3W0R9X2           INDN:OUTDOOR PLAYGROUND      CO ID:XXXXX48598 CCD,,2254.95
1107,,,,,,,,
,05/23/2024,Deposit,,,Shopify,Shopify          DES:TRANSFER   ID:ST-Y7K9C8A2L1B9           INDN:OUTDOOR PLAYGROUND INC  CO ID:XXXXX48598 CCD,Reconciled,0.62
,05/23/2024,Deposit,,,Shopify,Shopify          DES:TRANSFER   ID:ST-Y7K9C8A2L1B9           INDN:OUTDOOR PLAYGROUND INC  CO ID:XXXXX48598 CCD,,0.62
1120,,,,,,,,
,05/23/2024,Deposit,,,,SHOPPAYINST AFRM DES:AutoPay    ID:PVC6O1QG6OOMW9R           INDN:MONSTERBASS             CO ID:XXXXX98000 CCD,Reconciled,203.48
,05/23/2024,Deposit,,,,SHOPPAYINST AFRM DES:AutoPay    ID:PVC6O1QG6OOMW9R           INDN:MONSTERBASS             CO ID:XXXXX98000 CCD,,203.48
1121,,,,,,,,
,05/23/2024,Deposit,,,,SHOPPAYINST AFRM DES:PAYMENTS   ID:3YAHMJBJCF3VOI2           INDN:MONSTERBASS             CO ID:XXXXX98000 CCD,Reconciled,163.52
,05/23/2024,Deposit,,,,SHOPPAYINST AFRM DES:PAYMENTS   ID:3YAHMJBJCF3VOI2           INDN:MONSTERBASS             CO ID:XXXXX98000 CCD,,163.52
1109,,,,,,,,
,05/24/2024,Deposit,,,Shopify,Shopify          DES:TRANSFER   ID:ST-S7G3D3Q5C6M0           INDN:OUTDOOR PLAYGROUND      CO ID:XXXXX48598 CCD,Reconciled,2287.88
,05/24/2024,Deposit,,,Shopify,Shopify          DES:TRANSFER   ID:ST-S7G3D3Q5C6M0           INDN:OUTDOOR PLAYGROUND      CO ID:XXXXX48598 CCD,,2287.88
1110,,,,,,,,
,05/24/2024,Deposit,,Stripe,,STRIPE           DES:TRANSFER   ID:ST-R0K7A9S5N9O3           INDN:RICHARD PATRI           CO ID:XXXXX65600 CCD,Reconciled,330.82
,05/24/2024,Deposit,,Stripe,,STRIPE           DES:TRANSFER   ID:ST-R0K7A9S5N9O3           INDN:RICHARD PATRI           CO ID:XXXXX65600 CCD,,330.82
1111,,,,,,,,
,05/24/2024,Deposit,,,Shopify,Shopify          DES:TRANSFER   ID:ST-C2K0T0N6A2F0           INDN:OUTDOOR PLAYGROUND INC  CO ID:XXXXX48598 CCD,Reconciled,43.05
,05/24/2024,Deposit,,,Shopify,Shopify          DES:TRANSFER   ID:ST-C2K0T0N6A2F0           INDN:OUTDOOR PLAYGROUND INC  CO ID:XXXXX48598 CCD,,43.05
1126,,,,,,,,
,05/28/2024,Deposit,,,Shopify,Shopify          DES:TRANSFER   ID:ST-D1Z9H5O7P1K9           INDN:OUTDOOR PLAYGROUND      CO ID:XXXXX48598 CCD,Reconciled,2406.33
,05/28/2024,Deposit,,,Shopify,Shopify          DES:TRANSFER   ID:ST-D1Z9H5O7P1K9           INDN:OUTDOOR PLAYGROUND      CO ID:XXXXX48598 CCD,,2406.33
1129,,,,,,,,
,05/28/2024,Deposit,,Stripe,,STRIPE           DES:TRANSFER   ID:ST-F6K8O1Z6Z3M3           INDN:RICHARD PATRI           CO ID:XXXXX65600 CCD,Reconciled,624.66
,05/28/2024,Deposit,,Stripe,,STRIPE           DES:TRANSFER   ID:ST-F6K8O1Z6Z3M3           INDN:RICHARD PATRI           CO ID:XXXXX65600 CCD,,624.66
1153,,,,,,,,
,05/28/2024,Deposit,,,,SHOPPAYINST AFRM DES:PAYMENTS   ID:37HAHCT5CX09O3C           INDN:MONSTERBASS             CO ID:XXXXX98000 CCD,Reconciled,49.4
,05/28/2024,Deposit,,,,SHOPPAYINST AFRM DES:PAYMENTS   ID:37HAHCT5CX09O3C           INDN:MONSTERBASS             CO ID:XXXXX98000 CCD,,49.4
1154,,,,,,,,
,05/28/2024,Deposit,,,,PAYPAL           DES:TRANSFER   ID:XXXXX45993039             INDN:MAXIMUS OUTDOORS        CO ID:PAYPALSD11 PPD,Reconciled,3870.91
,05/28/2024,Deposit,,,,PAYPAL           DES:TRANSFER   ID:XXXXX45993039             INDN:MAXIMUS OUTDOORS        CO ID:PAYPALSD11 PPD,,3870.91
1134,,,,,,,,
,05/29/2024,Deposit,,,Shopify,Shopify          DES:TRANSFER   ID:ST-Q8P2R6N3G3P3           INDN:OUTDOOR PLAYGROUND      CO ID:XXXXX48598 CCD,Reconciled,20726.88
,05/29/2024,Deposit,,,Shopify,Shopify          DES:TRANSFER   ID:ST-Q8P2R6N3G3P3           INDN:OUTDOOR PLAYGROUND      CO ID:XXXXX48598 CCD,,20726.88
1138,,,,,,,,
,05/29/2024,Deposit,,Stripe,,STRIPE           DES:TRANSFER   ID:ST-G3P7L4V8A7Q7           INDN:RICHARD PATRI           CO ID:XXXXX65600 CCD,Reconciled,258.6
,05/29/2024,Deposit,,Stripe,,STRIPE           DES:TRANSFER   ID:ST-G3P7L4V8A7Q7           INDN:RICHARD PATRI           CO ID:XXXXX65600 CCD,,258.6
1139,,,,,,,,
,05/29/2024,Deposit,,,Shopify,Shopify          DES:TRANSFER   ID:ST-D6Z4I2R7J8J8           INDN:OUTDOOR PLAYGROUND INC  CO ID:XXXXX48598 CCD,Reconciled,156.97
,05/29/2024,Deposit,,,Shopify,Shopify          DES:TRANSFER   ID:ST-D6Z4I2R7J8J8           INDN:OUTDOOR PLAYGROUND INC  CO ID:XXXXX48598 CCD,,156.97
1147,,,,,,,,
,05/29/2024,Deposit,,,,SHOPPAYINST AFRM DES:PAYMENTS   ID:GDCJEXQXCGWHOJB           INDN:MONSTERBASS             CO ID:XXXXX98000 CCD,Reconciled,242.28
,05/29/2024,Deposit,,,,SHOPPAYINST AFRM DES:PAYMENTS   ID:GDCJEXQXCGWHOJB           INDN:MONSTERBASS             CO ID:XXXXX98000 CCD,,242.28
1148,,,,,,,,
,05/29/2024,Deposit,,,,SHOPPAYINST AFRM DES:PAYMENTS   ID:950L2EPNE3B4MYX           INDN:MONSTERBASS             CO ID:XXXXX98000 CCD,Reconciled,434.82
,05/29/2024,Deposit,,,,SHOPPAYINST AFRM DES:PAYMENTS   ID:950L2EPNE3B4MYX           INDN:MONSTERBASS             CO ID:XXXXX98000 CCD,,434.82
1149,,,,,,,,
,05/29/2024,Deposit,,,,SHOPPAYINST AFRM DES:PAYMENTS   ID:0R1OBP45D9IYPQY           INDN:MONSTERBASS             CO ID:XXXXX98000 CCD,Reconciled,256.77
,05/29/2024,Deposit,,,,SHOPPAYINST AFRM DES:PAYMENTS   ID:0R1OBP45D9IYPQY           INDN:MONSTERBASS             CO ID:XXXXX98000 CCD,,256.77
1151,,,,,,,,
,05/29/2024,Deposit,,,,SHOPPAYINST AFRM DES:AutoPay    ID:0ZJERUIR79MFTKV           INDN:MONSTERBASS             CO ID:394440     CCD,Reconciled,181.76
,05/29/2024,Deposit,,,,SHOPPAYINST AFRM DES:AutoPay    ID:0ZJERUIR79MFTKV           INDN:MONSTERBASS             CO ID:394440     CCD,,181.76
1133,,,,,,,,
,05/30/2024,Deposit,,,Shopify,Shopify          DES:TRANSFER   ID:ST-J8G9E2B8J9H4           INDN:OUTDOOR PLAYGROUND      CO ID:XXXXX48598 CCD,Reconciled,3756.51
,05/30/2024,Deposit,,,Shopify,Shopify          DES:TRANSFER   ID:ST-J8G9E2B8J9H4           INDN:OUTDOOR PLAYGROUND      CO ID:XXXXX48598 CCD,,3756.51
1135,,,,,,,,
,05/30/2024,Deposit,,,Shopify,Shopify          DES:TRANSFER   ID:ST-D8Z0B9Z7R8J6           INDN:OUTDOOR PLAYGROUND INC  CO ID:XXXXX48598 CCD,Reconciled,4.27
,05/30/2024,Deposit,,,Shopify,Shopify          DES:TRANSFER   ID:ST-D8Z0B9Z7R8J6           INDN:OUTDOOR PLAYGROUND INC  CO ID:XXXXX48598 CCD,,4.27
1136,,,,,,,,
,05/30/2024,Deposit,,Stripe,,STRIPE           DES:TRANSFER   ID:ST-S3B2O6C1D9J0           INDN:RICHARD PATRI           CO ID:XXXXX65600 CCD,Reconciled,1824.1
,05/30/2024,Deposit,,Stripe,,STRIPE           DES:TRANSFER   ID:ST-S3B2O6C1D9J0           INDN:RICHARD PATRI           CO ID:XXXXX65600 CCD,,1824.1
1144,,,,,,,,
,05/30/2024,Deposit,,,,AMAZONCOMCA INC  DES:PAYMENT    ID:KO4SUSC0C9VH              INDN:Outdoor Playground Inc  CO ID:XXXXX70001 IAT           PMT INFO: BUS XXXXXXXXXX00003293                            FOR MORE INFORMATION CONTACT CUSTOMER SERVICE,Reconciled,32.93
,05/30/2024,Deposit,,,,AMAZONCOMCA INC  DES:PAYMENT    ID:KO4SUSC0C9VH              INDN:Outdoor Playground Inc  CO ID:XXXXX70001 IAT           PMT INFO: BUS XXXXXXXXXX00003293                            FOR MORE INFORMATION CONTACT CUSTOMER SERVICE,,32.93
1146,,,,,,,,
,05/30/2024,Deposit,,,,AMAZON.CLCV04BDT DES:PAYMENTS   ID:44NUEWL8U0IP1UN           INDN:Outdoor Playground Inc  CO ID:XXXXX40102 CCD,Reconciled,511.94
,05/30/2024,Deposit,,,,AMAZON.CLCV04BDT DES:PAYMENTS   ID:44NUEWL8U0IP1UN           INDN:Outdoor Playground Inc  CO ID:XXXXX40102 CCD,,511.94
1132,,,,,,,,
,05/31/2024,Deposit,,Stripe,,STRIPE           DES:TRANSFER   ID:ST-L3M8J3R4E7B3           INDN:RICHARD PATRI           CO ID:XXXXX65600 CCD,Reconciled,262.45
,05/31/2024,Deposit,,Stripe,,STRIPE           DES:TRANSFER   ID:ST-L3M8J3R4E7B3           INDN:RICHARD PATRI           CO ID:XXXXX65600 CCD,,262.45
1137,,,,,,,,
,05/31/2024,Deposit,,,Shopify,Shopify          DES:TRANSFER   ID:ST-Q7J8C4Q5L5L5           INDN:OUTDOOR PLAYGROUND      CO ID:XXXXX48598 CCD,Reconciled,3829.11
,05/31/2024,Deposit,,,Shopify,Shopify          DES:TRANSFER   ID:ST-Q7J8C4Q5L5L5           INDN:OUTDOOR PLAYGROUND      CO ID:XXXXX48598 CCD,,3829.11
1174,,,,,,,,
,06/03/2024,Deposit,,,,Shopify          DES:TRANSFER   ID:ST-M3R3K7Y6X3C5           INDN:OUTDOOR PLAYGROUND      CO ID:XXXXX48598 CCD,Reconciled,4554.08
,06/03/2024,Deposit,,,,Shopify          DES:TRANSFER   ID:ST-M3R3K7Y6X3C5           INDN:OUTDOOR PLAYGROUND      CO ID:XXXXX48598 CCD,,4554.08
1176,,,,,,,,
,06/03/2024,Deposit,,,,Shopify          DES:TRANSFER   ID:ST-X6O7T1E2Y7A0           INDN:OUTDOOR PLAYGROUND INC  CO ID:XXXXX48598 CCD,Reconciled,51.73
,06/03/2024,Deposit,,,,Shopify          DES:TRANSFER   ID:ST-X6O7T1E2Y7A0           INDN:OUTDOOR PLAYGROUND INC  CO ID:XXXXX48598 CCD,,51.73
1178,,,,,,,,
,06/03/2024,Deposit,,,,SHOPPAYINST AFRM DES:PAYMENTS   ID:0IRE7N0FURB01KO           INDN:MONSTERBASS             CO ID:XXXXX98000 CCD,Reconciled,295.07
,06/03/2024,Deposit,,,,SHOPPAYINST AFRM DES:PAYMENTS   ID:0IRE7N0FURB01KO           INDN:MONSTERBASS             CO ID:XXXXX98000 CCD,,295.07
1182,,,,,,,,
,06/03/2024,Deposit,,,,STRIPE           DES:TRANSFER   ID:ST-P2B3Z5E3B3W0           INDN:RICHARD PATRI           CO ID:XXXXX65600 CCD,Reconciled,505.65
,06/03/2024,Deposit,,,,STRIPE           DES:TRANSFER   ID:ST-P2B3Z5E3B3W0           INDN:RICHARD PATRI           CO ID:XXXXX65600 CCD,,505.65
1187,,,,,,,,
,06/04/2024,Deposit,,,Shopify,Shopify          DES:TRANSFER   ID:ST-A2I7C8B5W5V5           INDN:OUTDOOR PLAYGROUND      CO ID:XXXXX48598 CCD,Reconciled,15555.57
,06/04/2024,Deposit,,,Shopify,Shopify          DES:TRANSFER   ID:ST-A2I7C8B5W5V5           INDN:OUTDOOR PLAYGROUND      CO ID:XXXXX48598 CCD,,15555.57
1188,,,,,,,,
,06/04/2024,Deposit,,,Shopify,Shopify          DES:TRANSFER   ID:ST-D2S3K4X1V5D6           INDN:OUTDOOR PLAYGROUND INC  CO ID:XXXXX48598 CCD,Reconciled,69.45
,06/04/2024,Deposit,,,Shopify,Shopify          DES:TRANSFER   ID:ST-D2S3K4X1V5D6           INDN:OUTDOOR PLAYGROUND INC  CO ID:XXXXX48598 CCD,,69.45
1197,,,,,,,,
,06/04/2024,Deposit,,,,SHOPPAYINST AFRM DES:PAYMENTS   ID:25TYQ145PX8RTBD           INDN:MONSTERBASS             CO ID:XXXXX98000 CCD,Reconciled,65.64
,06/04/2024,Deposit,,,,SHOPPAYINST AFRM DES:PAYMENTS   ID:25TYQ145PX8RTBD           INDN:MONSTERBASS             CO ID:XXXXX98000 CCD,,65.64
1198,,,,,,,,
,06/04/2024,Deposit,,,,SHOPPAYINST AFRM DES:PAYMENTS   ID:9U0WLWYJMKN6HK8           INDN:MONSTERBASS             CO ID:XXXXX98000 CCD,Reconciled,1034.07
,06/04/2024,Deposit,,,,SHOPPAYINST AFRM DES:PAYMENTS   ID:9U0WLWYJMKN6HK8           INDN:MONSTERBASS             CO ID:XXXXX98000 CCD,,1034.07
1199,,,,,,,,
,06/04/2024,Deposit,,,,SHOPPAYINST AFRM DES:AutoPay    ID:0UWX2N0OZ30PHDV           INDN:MONSTERBASS             CO ID:XXXXX98000 CCD,Reconciled,191.05
,06/04/2024,Deposit,,,,SHOPPAYINST AFRM DES:AutoPay    ID:0UWX2N0OZ30PHDV           INDN:MONSTERBASS             CO ID:XXXXX98000 CCD,,191.05
1201,,,,,,,,
,06/04/2024,Deposit,,,,SHOPPAYINST AFRM DES:PAYMENTS   ID:65KKM7GSSFPHJ47           INDN:MONSTERBASS             CO ID:XXXXX98000 CCD,Reconciled,200.98
,06/04/2024,Deposit,,,,SHOPPAYINST AFRM DES:PAYMENTS   ID:65KKM7GSSFPHJ47           INDN:MONSTERBASS             CO ID:XXXXX98000 CCD,,200.98
1202,,,,,,,,
,06/04/2024,Deposit,,,,PAYPAL           DES:TRANSFER   ID:XXXXX96378284             INDN:MAXIMUS OUTDOORS        CO ID:PAYPALSD11 PPD,Reconciled,7038.89
,06/04/2024,Deposit,,,,PAYPAL           DES:TRANSFER   ID:XXXXX96378284             INDN:MAXIMUS OUTDOORS        CO ID:PAYPALSD11 PPD,,7038.89
1203,,,,,,,,
,06/04/2024,Deposit,,,,SHOPPAYINST AFRM DES:AutoPay    ID:YQLX003189X7I9C           INDN:MONSTERBASS             CO ID:394440     CCD,Reconciled,241.5
,06/04/2024,Deposit,,,,SHOPPAYINST AFRM DES:AutoPay    ID:YQLX003189X7I9C           INDN:MONSTERBASS             CO ID:394440     CCD,,241.5
1192,,,,,,,,
,06/05/2024,Deposit,,,Shopify,Shopify          DES:TRANSFER   ID:ST-X8O2Q6N8X7K0           INDN:OUTDOOR PLAYGROUND      CO ID:XXXXX48598 CCD,Reconciled,5794.03
,06/05/2024,Deposit,,,Shopify,Shopify          DES:TRANSFER   ID:ST-X8O2Q6N8X7K0           INDN:OUTDOOR PLAYGROUND      CO ID:XXXXX48598 CCD,,5794.03
1193,,,,,,,,
,06/05/2024,Deposit,,Stripe,,STRIPE           DES:TRANSFER   ID:ST-H0F6K0P3J6U5           INDN:RICHARD PATRI           CO ID:XXXXX65600 CCD,Reconciled,5604.3
,06/05/2024,Deposit,,Stripe,,STRIPE           DES:TRANSFER   ID:ST-H0F6K0P3J6U5           INDN:RICHARD PATRI           CO ID:XXXXX65600 CCD,,5604.3
1194,,,,,,,,
,06/05/2024,Deposit,,,,SHOPPAYINST AFRM DES:PAYMENTS   ID:LFGSOWUZTKPDK4C           INDN:MONSTERBASS             CO ID:XXXXX98000 CCD,Reconciled,107.3
,06/05/2024,Deposit,,,,SHOPPAYINST AFRM DES:PAYMENTS   ID:LFGSOWUZTKPDK4C           INDN:MONSTERBASS             CO ID:XXXXX98000 CCD,,107.3
1196,,,,,,,,
,06/05/2024,Deposit,,,Shopify,Shopify          DES:TRANSFER   ID:ST-J4G8X0G9I6J9           INDN:OUTDOOR PLAYGROUND INC  CO ID:XXXXX48598 CCD,Reconciled,78.19
,06/05/2024,Deposit,,,Shopify,Shopify          DES:TRANSFER   ID:ST-J4G8X0G9I6J9           INDN:OUTDOOR PLAYGROUND INC  CO ID:XXXXX48598 CCD,,78.19
1212,,,,,,,,
,06/06/2024,Deposit,,,,SHOPPAYINST AFRM DES:PAYMENTS   ID:5TQBMGZCHFHKER4           INDN:MONSTERBASS             CO ID:XXXXX98000 CCD,Reconciled,140.41
,06/06/2024,Deposit,,,,SHOPPAYINST AFRM DES:PAYMENTS   ID:5TQBMGZCHFHKER4           INDN:MONSTERBASS             CO ID:XXXXX98000 CCD,,140.41
1213,,,,,,,,
,06/06/2024,Deposit,,,Shopify,Shopify          DES:TRANSFER   ID:ST-D6H9B9Q1B1D9           INDN:OUTDOOR PLAYGROUND      CO ID:XXXXX48598 CCD,Reconciled,3041.13
,06/06/2024,Deposit,,,Shopify,Shopify          DES:TRANSFER   ID:ST-D6H9B9Q1B1D9           INDN:OUTDOOR PLAYGROUND      CO ID:XXXXX48598 CCD,,3041.13
1214,,,,,,,,
,06/06/2024,Deposit,,Stripe,,STRIPE           DES:TRANSFER   ID:ST-O7X7S1E3W3U2           INDN:RICHARD PATRI           CO ID:XXXXX65600 CCD,Reconciled,356.61
,06/06/2024,Deposit,,Stripe,,STRIPE           DES:TRANSFER   ID:ST-O7X7S1E3W3U2           INDN:RICHARD PATRI           CO ID:XXXXX65600 CCD,,356.61
1215,,,,,,,,
,06/06/2024,Deposit,,,Shopify,Shopify          DES:TRANSFER   ID:ST-X3G1P9Y8U6N1           INDN:OUTDOOR PLAYGROUND INC  CO ID:XXXXX48598 CCD,Reconciled,45.93
,06/06/2024,Deposit,,,Shopify,Shopify          DES:TRANSFER   ID:ST-X3G1P9Y8U6N1           INDN:OUTDOOR PLAYGROUND INC  CO ID:XXXXX48598 CCD,,45.93
1219,,,,,,,,
,06/07/2024,Deposit,,,Shopify,Shopify          DES:TRANSFER   ID:ST-W5M7H5I1P4Z9           INDN:OUTDOOR PLAYGROUND      CO ID:XXXXX48598 CCD,Reconciled,1781.87
,06/07/2024,Deposit,,,Shopify,Shopify          DES:TRANSFER   ID:ST-W5M7H5I1P4Z9           INDN:OUTDOOR PLAYGROUND      CO ID:XXXXX48598 CCD,,1781.87
1220,,,,,,,,
,06/07/2024,Deposit,,Stripe,,STRIPE           DES:TRANSFER   ID:ST-P3D2Q2F7T8K1           INDN:RICHARD PATRI           CO ID:XXXXX65600 CCD,Reconciled,992.98
,06/07/2024,Deposit,,Stripe,,STRIPE           DES:TRANSFER   ID:ST-P3D2Q2F7T8K1           INDN:RICHARD PATRI           CO ID:XXXXX65600 CCD,,992.98
1221,,,,,,,,
,06/07/2024,Deposit,,,Shopify,Shopify          DES:TRANSFER   ID:ST-E6D6U5U9P8Q7           INDN:OUTDOOR PLAYGROUND INC  CO ID:XXXXX48598 CCD,Reconciled,39.12
,06/07/2024,Deposit,,,Shopify,Shopify          DES:TRANSFER   ID:ST-E6D6U5U9P8Q7           INDN:OUTDOOR PLAYGROUND INC  CO ID:XXXXX48598 CCD,,39.12
1243,,,,,,,,
,06/10/2024,Deposit,,,Shopify,Shopify          DES:TRANSFER   ID:ST-R8K1P2J3E9O9           INDN:OUTDOOR PLAYGROUND      CO ID:XXXXX48598 CCD,Reconciled,6496.89
,06/10/2024,Deposit,,,Shopify,Shopify          DES:TRANSFER   ID:ST-R8K1P2J3E9O9           INDN:OUTDOOR PLAYGROUND      CO ID:XXXXX48598 CCD,,6496.89
1244,,,,,,,,
,06/10/2024,Deposit,,,Shopify,Shopify          DES:TRANSFER   ID:ST-Q1Q1E2Z9C7N3           INDN:OUTDOOR PLAYGROUND INC  CO ID:XXXXX48598 CCD,Reconciled,40.48
,06/10/2024,Deposit,,,Shopify,Shopify          DES:TRANSFER   ID:ST-Q1Q1E2Z9C7N3           INDN:OUTDOOR PLAYGROUND INC  CO ID:XXXXX48598 CCD,,40.48
1245,,,,,,,,
,06/10/2024,Deposit,,Stripe,,STRIPE           DES:TRANSFER   ID:ST-G4A9Y6X0I2Q7           INDN:RICHARD PATRI           CO ID:XXXXX65600 CCD,Reconciled,4342.91
,06/10/2024,Deposit,,Stripe,,STRIPE           DES:TRANSFER   ID:ST-G4A9Y6X0I2Q7           INDN:RICHARD PATRI           CO ID:XXXXX65600 CCD,,4342.91
1263,,,,,,,,
,06/10/2024,Deposit,,,,SHOPPAYINST AFRM DES:PAYMENTS   ID:5M11FST3IOPXA1X           INDN:MONSTERBASS             CO ID:XXXXX98000 CCD,Reconciled,53.11
,06/10/2024,Deposit,,,,SHOPPAYINST AFRM DES:PAYMENTS   ID:5M11FST3IOPXA1X           INDN:MONSTERBASS             CO ID:XXXXX98000 CCD,,53.11
1255,,,,,,,,
,06/11/2024,Deposit,,,Shopify,Shopify          DES:TRANSFER   ID:ST-Q8C5N8F4X8S3           INDN:OUTDOOR PLAYGROUND INC  CO ID:XXXXX48598 CCD,Reconciled,263.41
,06/11/2024,Deposit,,,Shopify,Shopify          DES:TRANSFER   ID:ST-Q8C5N8F4X8S3           INDN:OUTDOOR PLAYGROUND INC  CO ID:XXXXX48598 CCD,,263.41
1256,,,,,,,,
,06/11/2024,Deposit,,,,BKOFAMERICA MOBILE 06/11 XXXXX75921 DEPOSIT                                    *MOBILE       CA,Reconciled,2641.65
,06/11/2024,Deposit,,,,BKOFAMERICA MOBILE 06/11 XXXXX75921 DEPOSIT                                    *MOBILE       CA,,-2641.65
1257,,,,,,,,
,06/11/2024,Deposit,,,Shopify,Shopify          DES:TRANSFER   ID:ST-P4R7D8N6X7E0           INDN:OUTDOOR PLAYGROUND      CO ID:XXXXX48598 CCD,Reconciled,11769.93
,06/11/2024,Deposit,,,Shopify,Shopify          DES:TRANSFER   ID:ST-P4R7D8N6X7E0           INDN:OUTDOOR PLAYGROUND      CO ID:XXXXX48598 CCD,,11769.93
1258,,,,,,,,
,06/11/2024,Deposit,,,,SHOPPAYINST AFRM DES:PAYMENTS   ID:SZP5E8BMWZ55W5Q           INDN:MONSTERBASS             CO ID:XXXXX98000 CCD,Reconciled,54.02
,06/11/2024,Deposit,,,,SHOPPAYINST AFRM DES:PAYMENTS   ID:SZP5E8BMWZ55W5Q           INDN:MONSTERBASS             CO ID:XXXXX98000 CCD,,54.02
1259,,,,,,,,
,06/11/2024,Deposit,,,,PAYPAL           DES:TRANSFER   ID:XXXXX42910997             INDN:MAXIMUS OUTDOORS        CO ID:PAYPALSD11 PPD,Reconciled,5896.26
,06/11/2024,Deposit,,,,PAYPAL           DES:TRANSFER   ID:XXXXX42910997             INDN:MAXIMUS OUTDOORS        CO ID:PAYPALSD11 PPD,,5896.26
1261,,,,,,,,
,06/11/2024,Deposit,,Stripe,,STRIPE           DES:TRANSFER   ID:ST-W8W1D3C1H6Y1           INDN:RICHARD PATRI           CO ID:XXXXX65600 CCD,Reconciled,838.09
,06/11/2024,Deposit,,Stripe,,STRIPE           DES:TRANSFER   ID:ST-W8W1D3C1H6Y1           INDN:RICHARD PATRI           CO ID:XXXXX65600 CCD,,838.09
1266,,,,,,,,
,06/12/2024,Deposit,,,Shopify,Shopify          DES:TRANSFER   ID:ST-H2E6R5E9J3W1           INDN:OUTDOOR PLAYGROUND      CO ID:XXXXX48598 CCD,Reconciled,4769.11
,06/12/2024,Deposit,,,Shopify,Shopify          DES:TRANSFER   ID:ST-H2E6R5E9J3W1           INDN:OUTDOOR PLAYGROUND      CO ID:XXXXX48598 CCD,,4769.11
1267,,,,,,,,
,06/12/2024,Deposit,,Stripe,,STRIPE           DES:TRANSFER   ID:ST-V3V7K7J9M7Q3           INDN:RICHARD PATRI           CO ID:XXXXX65600 CCD,Reconciled,2759.62
,06/12/2024,Deposit,,Stripe,,STRIPE           DES:TRANSFER   ID:ST-V3V7K7J9M7Q3           INDN:RICHARD PATRI           CO ID:XXXXX65600 CCD,,2759.62
1268,,,,,,,,
,06/12/2024,Deposit,,,Shopify,Shopify          DES:TRANSFER   ID:ST-I0O0N8N9X6N0           INDN:OUTDOOR PLAYGROUND INC  CO ID:XXXXX48598 CCD,Reconciled,222.16
,06/12/2024,Deposit,,,Shopify,Shopify          DES:TRANSFER   ID:ST-I0O0N8N9X6N0           INDN:OUTDOOR PLAYGROUND INC  CO ID:XXXXX48598 CCD,,222.16
1272,,,,,,,,
,06/13/2024,Deposit,,,Shopify,Shopify          DES:TRANSFER   ID:ST-W7M7U1F2L4R6           INDN:OUTDOOR PLAYGROUND INC  CO ID:XXXXX48598 CCD,Reconciled,114.39
,06/13/2024,Deposit,,,Shopify,Shopify          DES:TRANSFER   ID:ST-W7M7U1F2L4R6           INDN:OUTDOOR PLAYGROUND INC  CO ID:XXXXX48598 CCD,,114.39
1273,,,,,,,,
,06/13/2024,Deposit,,,Shopify,Shopify          DES:TRANSFER   ID:ST-D5I5B8G4W1Z3           INDN:OUTDOOR PLAYGROUND      CO ID:XXXXX48598 CCD,Reconciled,5555.19
,06/13/2024,Deposit,,,Shopify,Shopify          DES:TRANSFER   ID:ST-D5I5B8G4W1Z3           INDN:OUTDOOR PLAYGROUND      CO ID:XXXXX48598 CCD,,5555.19
1274,,,,,,,,
,06/13/2024,Deposit,,Stripe,,STRIPE           DES:TRANSFER   ID:ST-E5R9Z7Z0V1V6           INDN:RICHARD PATRI           CO ID:XXXXX65600 CCD,Reconciled,688.45
,06/13/2024,Deposit,,Stripe,,STRIPE           DES:TRANSFER   ID:ST-E5R9Z7Z0V1V6           INDN:RICHARD PATRI           CO ID:XXXXX65600 CCD,,688.45
1285,,,,,,,,
,06/13/2024,Deposit,,,,AMAZONCOMCA INC  DES:PAYMENT    ID:KO5BUSC2C4A6              INDN:Outdoor Playground Inc  CO ID:XXXXX70001 IAT           PMT INFO: BUS XXXXXXXXXX00002388                            FOR MORE INFORMATION CONTACT CUSTOMER SERVICE,Reconciled,23.88
,06/13/2024,Deposit,,,,AMAZONCOMCA INC  DES:PAYMENT    ID:KO5BUSC2C4A6              INDN:Outdoor Playground Inc  CO ID:XXXXX70001 IAT           PMT INFO: BUS XXXXXXXXXX00002388                            FOR MORE INFORMATION CONTACT CUSTOMER SERVICE,,23.88
1286,,,,,,,,
,06/13/2024,Deposit,,,,SHOPPAYINST AFRM DES:PAYMENTS   ID:XY4NHZ1PYA43J7H           INDN:MONSTERBASS             CO ID:XXXXX98000 CCD,Reconciled,63.24
,06/13/2024,Deposit,,,,SHOPPAYINST AFRM DES:PAYMENTS   ID:XY4NHZ1PYA43J7H           INDN:MONSTERBASS             CO ID:XXXXX98000 CCD,,63.24
1287,,,,,,,,
,06/13/2024,Deposit,,,,AMAZON.CEMQK6ZNI DES:PAYMENTS   ID:7CELHSG9COBMC5I           INDN:Outdoor Playground Inc  CO ID:XXXXX40102 CCD,Reconciled,1215.01
,06/13/2024,Deposit,,,,AMAZON.CEMQK6ZNI DES:PAYMENTS   ID:7CELHSG9COBMC5I           INDN:Outdoor Playground Inc  CO ID:XXXXX40102 CCD,,1215.01
1289,,,,,,,,
,06/13/2024,Deposit,,,,BKOFAMERICA MOBILE 06/13 XXXXX53155 DEPOSIT                                    *MOBILE       CA,Reconciled,1429.82
,06/13/2024,Deposit,,,,BKOFAMERICA MOBILE 06/13 XXXXX53155 DEPOSIT                                    *MOBILE       CA,,-1429.82
1275,,,,,,,,
,06/14/2024,Deposit,,,Shopify,Shopify          DES:TRANSFER   ID:ST-S1M5I0H8I7I7           INDN:OUTDOOR PLAYGROUND INC  CO ID:XXXXX48598 CCD,Reconciled,14.11
,06/14/2024,Deposit,,,Shopify,Shopify          DES:TRANSFER   ID:ST-S1M5I0H8I7I7           INDN:OUTDOOR PLAYGROUND INC  CO ID:XXXXX48598 CCD,,14.11
1276,,,,,,,,
,06/14/2024,Deposit,,Stripe,,STRIPE           DES:TRANSFER   ID:ST-A4U5X1U6R2T4           INDN:RICHARD PATRI           CO ID:XXXXX65600 CCD,Reconciled,1164.66
,06/14/2024,Deposit,,Stripe,,STRIPE           DES:TRANSFER   ID:ST-A4U5X1U6R2T4           INDN:RICHARD PATRI           CO ID:XXXXX65600 CCD,,1164.66
1277,,,,,,,,
,06/14/2024,Deposit,,,Shopify,Shopify          DES:TRANSFER   ID:ST-F8E6Q5K6G0O6           INDN:OUTDOOR PLAYGROUND      CO ID:XXXXX48598 CCD,Reconciled,4402.97
,06/14/2024,Deposit,,,Shopify,Shopify          DES:TRANSFER   ID:ST-F8E6Q5K6G0O6           INDN:OUTDOOR PLAYGROUND      CO ID:XXXXX48598 CCD,,4402.97
1284,,,,,,,,
,06/14/2024,Deposit,,,Facebook,FACEBOOK INC     DES:BDFNKDP27Z ID:BDFNKDP27Z                INDN:OUTDOOR PLAYGROUND      CO ID:HXXXXX5019 CCD           PMT INFO:RMR*IK*FACEBOOK PAYOUT BDFNKDP27Z\,Reconciled,6.98
,06/14/2024,Deposit,,,Facebook,FACEBOOK INC     DES:BDFNKDP27Z ID:BDFNKDP27Z                INDN:OUTDOOR PLAYGROUND      CO ID:HXXXXX5019 CCD           PMT INFO:RMR*IK*FACEBOOK PAYOUT BDFNKDP27Z\,,-6.98
1293,,,,,,,,
,06/17/2024,Deposit,,,Shopify,Shopify          DES:TRANSFER   ID:ST-O7I6Z8G1A4G3           INDN:OUTDOOR PLAYGROUND      CO ID:XXXXX48598 CCD,Reconciled,3463.99
,06/17/2024,Deposit,,,Shopify,Shopify          DES:TRANSFER   ID:ST-O7I6Z8G1A4G3           INDN:OUTDOOR PLAYGROUND      CO ID:XXXXX48598 CCD,,3463.99
1294,,,,,,,,
,06/17/2024,Deposit,,,,SHOPPAYINST AFRM DES:PAYMENTS   ID:GNARPE7ZO9GZBSZ           INDN:MONSTERBASS             CO ID:XXXXX98000 CCD,Reconciled,58.64
,06/17/2024,Deposit,,,,SHOPPAYINST AFRM DES:PAYMENTS   ID:GNARPE7ZO9GZBSZ           INDN:MONSTERBASS             CO ID:XXXXX98000 CCD,,58.64
1296,,,,,,,,
,06/17/2024,Deposit,,Stripe,,STRIPE           DES:TRANSFER   ID:ST-K1T7Z7L4U5G9           INDN:RICHARD PATRI           CO ID:XXXXX65600 CCD,Reconciled,1026.79
,06/17/2024,Deposit,,Stripe,,STRIPE           DES:TRANSFER   ID:ST-K1T7Z7L4U5G9           INDN:RICHARD PATRI           CO ID:XXXXX65600 CCD,,1026.79
1299,,,,,,,,
,06/18/2024,Deposit,,,Shopify,Shopify          DES:TRANSFER   ID:ST-H5B5J7T4G1M9           INDN:OUTDOOR PLAYGROUND INC  CO ID:XXXXX48598 CCD,Reconciled,131.02
,06/18/2024,Deposit,,,Shopify,Shopify          DES:TRANSFER   ID:ST-H5B5J7T4G1M9           INDN:OUTDOOR PLAYGROUND INC  CO ID:XXXXX48598 CCD,,131.02
1301,,,,,,,,
,06/18/2024,Deposit,,,Shopify,Shopify          DES:TRANSFER   ID:ST-V4D2U6G4V1G8           INDN:OUTDOOR PLAYGROUND      CO ID:XXXXX48598 CCD,Reconciled,16544.56
,06/18/2024,Deposit,,,Shopify,Shopify          DES:TRANSFER   ID:ST-V4D2U6G4V1G8           INDN:OUTDOOR PLAYGROUND      CO ID:XXXXX48598 CCD,,16544.56
1302,,,,,,,,
,06/18/2024,Deposit,,,,SHOPPAYINST AFRM DES:PAYMENTS   ID:KHAS6WEI9GRNBUA           INDN:MONSTERBASS             CO ID:XXXXX98000 CCD,Reconciled,164.14
,06/18/2024,Deposit,,,,SHOPPAYINST AFRM DES:PAYMENTS   ID:KHAS6WEI9GRNBUA           INDN:MONSTERBASS             CO ID:XXXXX98000 CCD,,164.14
1303,,,,,,,,
,06/18/2024,Deposit,,Stripe,,STRIPE           DES:TRANSFER   ID:ST-F6K2R0Y1U0A7           INDN:RICHARD PATRI           CO ID:XXXXX65600 CCD,Reconciled,434.31
,06/18/2024,Deposit,,Stripe,,STRIPE           DES:TRANSFER   ID:ST-F6K2R0Y1U0A7           INDN:RICHARD PATRI           CO ID:XXXXX65600 CCD,,434.31
1304,,,,,,,,
,06/18/2024,Deposit,,,,PAYPAL           DES:TRANSFER   ID:XXXXX86186309             INDN:MAXIMUS OUTDOORS        CO ID:PAYPALSD11 PPD,Reconciled,7068.88
,06/18/2024,Deposit,,,,PAYPAL           DES:TRANSFER   ID:XXXXX86186309             INDN:MAXIMUS OUTDOORS        CO ID:PAYPALSD11 PPD,,7068.88
1306,,,,,,,,
,06/18/2024,Deposit,,,,"TikTok Inc       DES:PAYMENT    ID:XXXXXXXXXX43015           INDN:Outdoor Playground Inc  CO ID:XXXXX67522 CCD           PMT INFO:TikTok Shop-USLC7NEW6U, payout ID 345914           XXXXX75859450",Reconciled,62.7
,06/18/2024,Deposit,,,,"TikTok Inc       DES:PAYMENT    ID:XXXXXXXXXX43015           INDN:Outdoor Playground Inc  CO ID:XXXXX67522 CCD           PMT INFO:TikTok Shop-USLC7NEW6U, payout ID 345914           XXXXX75859450",,62.7
1323,,,,,,,,
,06/20/2024,Deposit,,Stripe,,STRIPE           DES:TRANSFER   ID:ST-E7V6K0N8L1C1           INDN:RICHARD PATRI           CO ID:XXXXX65600 CCD,Reconciled,1920.5
,06/20/2024,Deposit,,Stripe,,STRIPE           DES:TRANSFER   ID:ST-E7V6K0N8L1C1           INDN:RICHARD PATRI           CO ID:XXXXX65600 CCD,,1920.5
1327,,,,,,,,
,06/20/2024,Deposit,,,,"TikTok Inc       DES:PAYMENT    ID:XXXXXXXXXX64898           INDN:Outdoor Playground Inc  CO ID:XXXXX67522 CCD           PMT INFO:TikTok Shop-USLC7NEW6U, payout ID 345915           XXXXX46813178",Reconciled,65.52
,06/20/2024,Deposit,,,,"TikTok Inc       DES:PAYMENT    ID:XXXXXXXXXX64898           INDN:Outdoor Playground Inc  CO ID:XXXXX67522 CCD           PMT INFO:TikTok Shop-USLC7NEW6U, payout ID 345915           XXXXX46813178",,65.52
1328,,,,,,,,
,06/20/2024,Deposit,,,Shopify,Shopify          DES:TRANSFER   ID:ST-V5A2U1X3Y9F1           INDN:OUTDOOR PLAYGROUND      CO ID:XXXXX48598 CCD,Reconciled,2670.55
,06/20/2024,Deposit,,,Shopify,Shopify          DES:TRANSFER   ID:ST-V5A2U1X3Y9F1           INDN:OUTDOOR PLAYGROUND      CO ID:XXXXX48598 CCD,,2670.55
1330,,,,,,,,
,06/20/2024,Deposit,,,,SHOPPAYINST AFRM DES:PAYMENTS   ID:216D65L4L6VHO9F           INDN:MONSTERBASS             CO ID:XXXXX98000 CCD,Reconciled,102.14
,06/20/2024,Deposit,,,,SHOPPAYINST AFRM DES:PAYMENTS   ID:216D65L4L6VHO9F           INDN:MONSTERBASS             CO ID:XXXXX98000 CCD,,102.14
1331,,,,,,,,
,06/20/2024,Deposit,,,,"TikTok Inc       DES:PAYMENT    ID:XXXXXXXXXX30344           INDN:Outdoor Playground Inc  CO ID:XXXXX67522 CCD           PMT INFO:TikTok Shop-USLC7NEW6U, payout ID 345914           XXXXX55889146",Reconciled,65.43
,06/20/2024,Deposit,,,,"TikTok Inc       DES:PAYMENT    ID:XXXXXXXXXX30344           INDN:Outdoor Playground Inc  CO ID:XXXXX67522 CCD           PMT INFO:TikTok Shop-USLC7NEW6U, payout ID 345914           XXXXX55889146",,65.43
1316,,,,,,,,
,06/21/2024,Deposit,,Stripe,,STRIPE           DES:TRANSFER   ID:ST-L6N2C8M0S9B0           INDN:RICHARD PATRI           CO ID:XXXXX65600 CCD,Reconciled,983.9
,06/21/2024,Deposit,,Stripe,,STRIPE           DES:TRANSFER   ID:ST-L6N2C8M0S9B0           INDN:RICHARD PATRI           CO ID:XXXXX65600 CCD,,983.9
1317,,,,,,,,
,06/21/2024,Deposit,,,Shopify,Shopify          DES:TRANSFER   ID:ST-F9R3E4X5T2V3           INDN:OUTDOOR PLAYGROUND INC  CO ID:XXXXX48598 CCD,Reconciled,60.23
,06/21/2024,Deposit,,,Shopify,Shopify          DES:TRANSFER   ID:ST-F9R3E4X5T2V3           INDN:OUTDOOR PLAYGROUND INC  CO ID:XXXXX48598 CCD,,60.23
1318,,,,,,,,
,06/21/2024,Deposit,,,Shopify,Shopify          DES:TRANSFER   ID:ST-V0Q4Z7O0G9U0           INDN:OUTDOOR PLAYGROUND      CO ID:XXXXX48598 CCD,Reconciled,6824.09
,06/21/2024,Deposit,,,Shopify,Shopify          DES:TRANSFER   ID:ST-V0Q4Z7O0G9U0           INDN:OUTDOOR PLAYGROUND      CO ID:XXXXX48598 CCD,,6824.09
1319,,,,,,,,
,06/21/2024,Deposit,,,,SHOPPAYINST AFRM DES:PAYMENTS   ID:GLOIOIJVW6DFJ0K           INDN:MONSTERBASS             CO ID:XXXXX98000 CCD,Reconciled,157.84
,06/21/2024,Deposit,,,,SHOPPAYINST AFRM DES:PAYMENTS   ID:GLOIOIJVW6DFJ0K           INDN:MONSTERBASS             CO ID:XXXXX98000 CCD,,157.84
1321,,,,,,,,
,06/21/2024,Deposit,,,,SHOPPAYINST AFRM DES:PAYMENTS   ID:VQI3GPEEXTWOPA6           INDN:MONSTERBASS             CO ID:XXXXX98000 CCD,Reconciled,68.8
,06/21/2024,Deposit,,,,SHOPPAYINST AFRM DES:PAYMENTS   ID:VQI3GPEEXTWOPA6           INDN:MONSTERBASS             CO ID:XXXXX98000 CCD,,68.8
1354,,,,,,,,
,06/24/2024,Deposit,,,,"TikTok Inc       DES:PAYMENT    ID:XXXXXXXXXX79031           INDN:Outdoor Playground Inc  CO ID:XXXXX67522 CCD           PMT INFO:TikTok Shop-USLC7NEW6U, payout ID 345915           XXXXX80549882",Reconciled,77.28
,06/24/2024,Deposit,,,,"TikTok Inc       DES:PAYMENT    ID:XXXXXXXXXX79031           INDN:Outdoor Playground Inc  CO ID:XXXXX67522 CCD           PMT INFO:TikTok Shop-USLC7NEW6U, payout ID 345915           XXXXX80549882",,77.28
1355,,,,,,,,
,06/24/2024,Deposit,,,Shopify,Shopify          DES:TRANSFER   ID:ST-X9J1E2I6V4H1           INDN:OUTDOOR PLAYGROUND      CO ID:XXXXX48598 CCD,Reconciled,5344.52
,06/24/2024,Deposit,,,Shopify,Shopify          DES:TRANSFER   ID:ST-X9J1E2I6V4H1           INDN:OUTDOOR PLAYGROUND      CO ID:XXXXX48598 CCD,,5344.52
1357,,,,,,,,
,06/24/2024,Deposit,,Stripe,,STRIPE           DES:TRANSFER   ID:ST-V0Q0M4R7K8F2           INDN:RICHARD PATRI           CO ID:XXXXX65600 CCD,Reconciled,993.91
,06/24/2024,Deposit,,Stripe,,STRIPE           DES:TRANSFER   ID:ST-V0Q0M4R7K8F2           INDN:RICHARD PATRI           CO ID:XXXXX65600 CCD,,993.91
1345,,,,,,,,
,06/25/2024,Deposit,,,,PAYPAL           DES:TRANSFER   ID:XXXXX26607789             INDN:MAXIMUS OUTDOORS        CO ID:PAYPALSD11 PPD,Reconciled,5080.01
,06/25/2024,Deposit,,,,PAYPAL           DES:TRANSFER   ID:XXXXX26607789             INDN:MAXIMUS OUTDOORS        CO ID:PAYPALSD11 PPD,,5080.01
1346,,,,,,,,
,06/25/2024,Deposit,,Stripe,,STRIPE           DES:TRANSFER   ID:ST-F4T0H8Z8T0B8           INDN:RICHARD PATRI           CO ID:XXXXX65600 CCD,Reconciled,719.97
,06/25/2024,Deposit,,Stripe,,STRIPE           DES:TRANSFER   ID:ST-F4T0H8Z8T0B8           INDN:RICHARD PATRI           CO ID:XXXXX65600 CCD,,719.97
1347,,,,,,,,
,06/25/2024,Deposit,,,Shopify,Shopify          DES:TRANSFER   ID:ST-X0V5N0O0L5W7           INDN:OUTDOOR PLAYGROUND INC  CO ID:XXXXX48598 CCD,Reconciled,136.44
,06/25/2024,Deposit,,,Shopify,Shopify          DES:TRANSFER   ID:ST-X0V5N0O0L5W7           INDN:OUTDOOR PLAYGROUND INC  CO ID:XXXXX48598 CCD,,136.44
1348,,,,,,,,
,06/25/2024,Deposit,,,Shopify,Shopify          DES:TRANSFER   ID:ST-M0I2B5D3E8G2           INDN:OUTDOOR PLAYGROUND      CO ID:XXXXX48598 CCD,Reconciled,12557.46
,06/25/2024,Deposit,,,Shopify,Shopify          DES:TRANSFER   ID:ST-M0I2B5D3E8G2           INDN:OUTDOOR PLAYGROUND      CO ID:XXXXX48598 CCD,,12557.46
1349,,,,,,,,
,06/25/2024,Deposit,,,,SHOPPAYINST AFRM DES:AutoPay    ID:476PGSA7CG3TXAQ           INDN:MONSTERBASS             CO ID:XXXXX98000 CCD,Reconciled,166.95
,06/25/2024,Deposit,,,,SHOPPAYINST AFRM DES:AutoPay    ID:476PGSA7CG3TXAQ           INDN:MONSTERBASS             CO ID:XXXXX98000 CCD,,166.95
1351,,,,,,,,
,06/25/2024,Deposit,,,,"TikTok Inc       DES:PAYMENT    ID:XXXXXXXXXX16915           INDN:Outdoor Playground Inc  CO ID:XXXXX67522 CCD           PMT INFO:TikTok Shop-USLC7NEW6U, payout ID 345916           XXXXX36596218",Reconciled,35.27
,06/25/2024,Deposit,,,,"TikTok Inc       DES:PAYMENT    ID:XXXXXXXXXX16915           INDN:Outdoor Playground Inc  CO ID:XXXXX67522 CCD           PMT INFO:TikTok Shop-USLC7NEW6U, payout ID 345916           XXXXX36596218",,35.27
1352,,,,,,,,
,06/25/2024,Deposit,,,,BMB,Reconciled,160.25
,06/25/2024,Deposit,,,,BMB,,160.25
1353,,,,,,,,
,06/25/2024,Deposit,,,,SHOPPAYINST AFRM DES:PAYMENTS   ID:K82QLUOL7ECNX0N           INDN:MONSTERBASS             CO ID:XXXXX98000 CCD,Reconciled,120.98
,06/25/2024,Deposit,,,,SHOPPAYINST AFRM DES:PAYMENTS   ID:K82QLUOL7ECNX0N           INDN:MONSTERBASS             CO ID:XXXXX98000 CCD,,120.98
1340,,,,,,,,
,06/26/2024,Deposit,,,,SHOPPAYINST AFRM DES:PAYMENTS   ID:8K73A7R55P12OCY           INDN:MONSTERBASS             CO ID:XXXXX98000 CCD,Reconciled,56.1
,06/26/2024,Deposit,,,,SHOPPAYINST AFRM DES:PAYMENTS   ID:8K73A7R55P12OCY           INDN:MONSTERBASS             CO ID:XXXXX98000 CCD,,56.1
1341,,,,,,,,
,06/26/2024,Deposit,,,Shopify,Shopify          DES:TRANSFER   ID:ST-E4A9F0U9H0E1           INDN:OUTDOOR PLAYGROUND      CO ID:XXXXX48598 CCD,Reconciled,3177.69
,06/26/2024,Deposit,,,Shopify,Shopify          DES:TRANSFER   ID:ST-E4A9F0U9H0E1           INDN:OUTDOOR PLAYGROUND      CO ID:XXXXX48598 CCD,,3177.69
1342,,,,,,,,
,06/26/2024,Deposit,,Stripe,,STRIPE           DES:TRANSFER   ID:ST-A2W2Q8A3E4X5           INDN:RICHARD PATRI           CO ID:XXXXX65600 CCD,Reconciled,1533.67
,06/26/2024,Deposit,,Stripe,,STRIPE           DES:TRANSFER   ID:ST-A2W2Q8A3E4X5           INDN:RICHARD PATRI           CO ID:XXXXX65600 CCD,,1533.67
1344,,,,,,,,
,06/26/2024,Deposit,,,,"TikTok Inc       DES:PAYMENT    ID:XXXXXXXXXX26111           INDN:Outdoor Playground Inc  CO ID:XXXXX67522 CCD           PMT INFO:TikTok Shop-USLC7NEW6U, payout ID 345916           XXXXX42975994",Reconciled,100.79
,06/26/2024,Deposit,,,,"TikTok Inc       DES:PAYMENT    ID:XXXXXXXXXX26111           INDN:Outdoor Playground Inc  CO ID:XXXXX67522 CCD           PMT INFO:TikTok Shop-USLC7NEW6U, payout ID 345916           XXXXX42975994",,100.79
1369,,,,,,,,
,06/27/2024,Deposit,,Stripe,,STRIPE           DES:TRANSFER   ID:ST-B9D3O5Z2G0B6           INDN:RICHARD PATRI           CO ID:XXXXX65600 CCD,Reconciled,531.34
,06/27/2024,Deposit,,Stripe,,STRIPE           DES:TRANSFER   ID:ST-B9D3O5Z2G0B6           INDN:RICHARD PATRI           CO ID:XXXXX65600 CCD,,531.34
1371,,,,,,,,
,06/27/2024,Deposit,,,,AMAZON.CZ26IMUZZ DES:PAYMENTS   ID:20I7GY9MZ8LHJF1           INDN:Outdoor Playground Inc  CO ID:XXXXX40102 CCD,Reconciled,2518.78
,06/27/2024,Deposit,,,,AMAZON.CZ26IMUZZ DES:PAYMENTS   ID:20I7GY9MZ8LHJF1           INDN:Outdoor Playground Inc  CO ID:XXXXX40102 CCD,,2518.78
1373,,,,,,,,
,06/27/2024,Deposit,,,,AMAZONCOMCA INC  DES:PAYMENT    ID:KO5PUSC497XW              INDN:Outdoor Playground Inc  CO ID:XXXXX70001 IAT           PMT INFO: BUS XXXXXXXXXX00004735                            FOR MORE INFORMATION CONTACT CUSTOMER SERVICE,Reconciled,47.35
,06/27/2024,Deposit,,,,AMAZONCOMCA INC  DES:PAYMENT    ID:KO5PUSC497XW              INDN:Outdoor Playground Inc  CO ID:XXXXX70001 IAT           PMT INFO: BUS XXXXXXXXXX00004735                            FOR MORE INFORMATION CONTACT CUSTOMER SERVICE,,47.35
1374,,,,,,,,
,06/27/2024,Deposit,,,Shopify,Shopify          DES:TRANSFER   ID:ST-U4Z8S2Y0J6P4           INDN:OUTDOOR PLAYGROUND      CO ID:XXXXX48598 CCD,Reconciled,3460.79
,06/27/2024,Deposit,,,Shopify,Shopify          DES:TRANSFER   ID:ST-U4Z8S2Y0J6P4           INDN:OUTDOOR PLAYGROUND      CO ID:XXXXX48598 CCD,,3460.79
1375,,,,,,,,
,06/27/2024,Deposit,,,,SHOPPAYINST AFRM DES:PAYMENTS   ID:EBG93PTLWJUU4RI           INDN:MONSTERBASS             CO ID:XXXXX98000 CCD,Reconciled,98.21
,06/27/2024,Deposit,,,,SHOPPAYINST AFRM DES:PAYMENTS   ID:EBG93PTLWJUU4RI           INDN:MONSTERBASS             CO ID:XXXXX98000 CCD,,98.21
1376,,,,,,,,
,06/27/2024,Deposit,,,Shopify,Shopify          DES:TRANSFER   ID:ST-P3N9X3Q8R0N0           INDN:OUTDOOR PLAYGROUND INC  CO ID:XXXXX48598 CCD,Reconciled,6.38
,06/27/2024,Deposit,,,Shopify,Shopify          DES:TRANSFER   ID:ST-P3N9X3Q8R0N0           INDN:OUTDOOR PLAYGROUND INC  CO ID:XXXXX48598 CCD,,6.38
1379,,,,,,,,
,06/28/2024,Deposit,,Stripe,,STRIPE           DES:TRANSFER   ID:ST-U0Y6D3Q0V3I7           INDN:RICHARD PATRI           CO ID:XXXXX65600 CCD,Reconciled,555.19
,06/28/2024,Deposit,,Stripe,,STRIPE           DES:TRANSFER   ID:ST-U0Y6D3Q0V3I7           INDN:RICHARD PATRI           CO ID:XXXXX65600 CCD,,555.19
1381,,,,,,,,
,06/28/2024,Deposit,,,Shopify,Shopify          DES:TRANSFER   ID:ST-F0A8D9J1N6D1           INDN:OUTDOOR PLAYGROUND INC  CO ID:XXXXX48598 CCD,Reconciled,59.95
,06/28/2024,Deposit,,,Shopify,Shopify          DES:TRANSFER   ID:ST-F0A8D9J1N6D1           INDN:OUTDOOR PLAYGROUND INC  CO ID:XXXXX48598 CCD,,59.95
1382,,,,,,,,
,06/28/2024,Deposit,,,Shopify,Shopify          DES:TRANSFER   ID:ST-Y3K1C0A9P3P9           INDN:OUTDOOR PLAYGROUND      CO ID:XXXXX48598 CCD,Reconciled,3390.23
,06/28/2024,Deposit,,,Shopify,Shopify          DES:TRANSFER   ID:ST-Y3K1C0A9P3P9           INDN:OUTDOOR PLAYGROUND      CO ID:XXXXX48598 CCD,,3390.23
1414,,,,,,,,
,07/01/2024,Deposit,,,,"TikTok Inc       DES:PAYMENT    ID:XXXXXXXXXX70689           INDN:Outdoor Playground Inc  CO ID:XXXXX67522 CCD           PMT INFO:TikTok Shop-USLC7NEW6U, payout ID 345917           XXXXX53983738",Reconciled,38.64
,07/01/2024,Deposit,,,,"TikTok Inc       DES:PAYMENT    ID:XXXXXXXXXX70689           INDN:Outdoor Playground Inc  CO ID:XXXXX67522 CCD           PMT INFO:TikTok Shop-USLC7NEW6U, payout ID 345917           XXXXX53983738",,38.64
1417,,,,,,,,
,07/01/2024,Deposit,,,,"WIRE TYPE:WIRE IN DATE: 240701 TIME:1019 ET                 TRN:XXXXXXXXXX485526 SEQ:XXXXXXXXXX099501/011953            ORIG:PLASTIQ C ID:O FINXERA SND BK:WELLS FARGO BAN          K, NA ID:XXXXX0248 PMT DET:FXXXXX2853 INVOICE 5452          12 SGES LLC DBA WARRIORS TACKLE SUPPLY INVOICE 545",Reconciled,1247.1
,07/01/2024,Deposit,,,,"WIRE TYPE:WIRE IN DATE: 240701 TIME:1019 ET                 TRN:XXXXXXXXXX485526 SEQ:XXXXXXXXXX099501/011953            ORIG:PLASTIQ C ID:O FINXERA SND BK:WELLS FARGO BAN          K, NA ID:XXXXX0248 PMT DET:FXXXXX2853 INVOICE 5452          12 SGES LLC DBA WARRIORS TACKLE SUPPLY INVOICE 545",,1247.1
1419,,,,,,,,
,07/01/2024,Deposit,,Stripe,,STRIPE           DES:TRANSFER   ID:ST-T3O8R4D2Y3J8           INDN:RICHARD PATRI           CO ID:XXXXX65600 CCD,Reconciled,796.63
,07/01/2024,Deposit,,Stripe,,STRIPE           DES:TRANSFER   ID:ST-T3O8R4D2Y3J8           INDN:RICHARD PATRI           CO ID:XXXXX65600 CCD,,796.63
1423,,,,,,,,
,07/01/2024,Deposit,,,,SHOPPAYINST AFRM DES:PAYMENTS   ID:KBZW0HTJNPHBQYW           INDN:MONSTERBASS             CO ID:XXXXX98000 CCD,Reconciled,69.98
,07/01/2024,Deposit,,,,SHOPPAYINST AFRM DES:PAYMENTS   ID:KBZW0HTJNPHBQYW           INDN:MONSTERBASS             CO ID:XXXXX98000 CCD,,69.98
1424,,,,,,,,
,07/01/2024,Deposit,,,Shopify,Shopify          DES:TRANSFER   ID:ST-B9N3F8Q7S0G0           INDN:OUTDOOR PLAYGROUND      CO ID:XXXXX48598 CCD,Reconciled,2209.44
,07/01/2024,Deposit,,,Shopify,Shopify          DES:TRANSFER   ID:ST-B9N3F8Q7S0G0           INDN:OUTDOOR PLAYGROUND      CO ID:XXXXX48598 CCD,,2209.44
1440,,,,,,,,
,07/02/2024,Deposit,,,Shopify,Shopify          DES:TRANSFER   ID:ST-J9C5V6X7V2C2           INDN:OUTDOOR PLAYGROUND INC  CO ID:XXXXX48598 CCD,Reconciled,176.64
,07/02/2024,Deposit,,,Shopify,Shopify          DES:TRANSFER   ID:ST-J9C5V6X7V2C2           INDN:OUTDOOR PLAYGROUND INC  CO ID:XXXXX48598 CCD,,176.64
1443,,,,,,,,
,07/02/2024,Deposit,,Stripe,,STRIPE           DES:TRANSFER   ID:ST-J4Z7A9K9B4E0           INDN:RICHARD PATRI           CO ID:XXXXX65600 CCD,Reconciled,843.16
,07/02/2024,Deposit,,Stripe,,STRIPE           DES:TRANSFER   ID:ST-J4Z7A9K9B4E0           INDN:RICHARD PATRI           CO ID:XXXXX65600 CCD,,843.16
1444,,,,,,,,
,07/02/2024,Deposit,,,,SHOPPAYINST AFRM DES:AutoPay    ID:2V3ONDPXVJ8CEGI           INDN:MONSTERBASS             CO ID:394440     CCD,Reconciled,164.08
,07/02/2024,Deposit,,,,SHOPPAYINST AFRM DES:AutoPay    ID:2V3ONDPXVJ8CEGI           INDN:MONSTERBASS             CO ID:394440     CCD,,164.08
1445,,,,,,,,
,07/02/2024,Deposit,,,,SHOPPAYINST AFRM DES:PAYMENTS   ID:47C9RRF978SXE2S           INDN:MONSTERBASS             CO ID:XXXXX98000 CCD,Reconciled,118.11
,07/02/2024,Deposit,,,,SHOPPAYINST AFRM DES:PAYMENTS   ID:47C9RRF978SXE2S           INDN:MONSTERBASS             CO ID:XXXXX98000 CCD,,118.11
1448,,,,,,,,
,07/02/2024,Deposit,,,,PAYPAL           DES:TRANSFER   ID:XXXXX75253756             INDN:MAXIMUS OUTDOORS        CO ID:PAYPALSD11 PPD,Reconciled,5136.65
,07/02/2024,Deposit,,,,PAYPAL           DES:TRANSFER   ID:XXXXX75253756             INDN:MAXIMUS OUTDOORS        CO ID:PAYPALSD11 PPD,,5136.65
1449,,,,,,,,
,07/02/2024,Deposit,,,,SHOPPAYINST AFRM DES:PAYMENTS   ID:NFBB6OQLKHCX9TB           INDN:MONSTERBASS             CO ID:XXXXX98000 CCD,Reconciled,215.21
,07/02/2024,Deposit,,,,SHOPPAYINST AFRM DES:PAYMENTS   ID:NFBB6OQLKHCX9TB           INDN:MONSTERBASS             CO ID:XXXXX98000 CCD,,215.21
1450,,,,,,,,
,07/02/2024,Deposit,,,Shopify,Shopify          DES:TRANSFER   ID:ST-O1Q5K5I6E8H9           INDN:OUTDOOR PLAYGROUND      CO ID:XXXXX48598 CCD,Reconciled,11472.76
,07/02/2024,Deposit,,,Shopify,Shopify          DES:TRANSFER   ID:ST-O1Q5K5I6E8H9           INDN:OUTDOOR PLAYGROUND      CO ID:XXXXX48598 CCD,,11472.76
1435,,,,,,,,
,07/03/2024,Deposit,,,Shopify,Shopify          DES:TRANSFER   ID:ST-V5H1G5U2X6P0           INDN:OUTDOOR PLAYGROUND      CO ID:XXXXX48598 CCD,Reconciled,8209.66
,07/03/2024,Deposit,,,Shopify,Shopify          DES:TRANSFER   ID:ST-V5H1G5U2X6P0           INDN:OUTDOOR PLAYGROUND      CO ID:XXXXX48598 CCD,,8209.66
1436,,,,,,,,
,07/03/2024,Deposit,,,Shopify,Shopify          DES:TRANSFER   ID:ST-J2J6L8Y1S5R8           INDN:OUTDOOR PLAYGROUND INC  CO ID:XXXXX48598 CCD,Reconciled,4.12
,07/03/2024,Deposit,,,Shopify,Shopify          DES:TRANSFER   ID:ST-J2J6L8Y1S5R8           INDN:OUTDOOR PLAYGROUND INC  CO ID:XXXXX48598 CCD,,4.12
1437,,,,,,,,
,07/03/2024,Deposit,,,,SHOPPAYINST AFRM DES:PAYMENTS   ID:CBHFDN4K6PQSPPW           INDN:MONSTERBASS             CO ID:XXXXX98000 CCD,Reconciled,84.83
,07/03/2024,Deposit,,,,SHOPPAYINST AFRM DES:PAYMENTS   ID:CBHFDN4K6PQSPPW           INDN:MONSTERBASS             CO ID:XXXXX98000 CCD,,84.83
1438,,,,,,,,
,07/03/2024,Deposit,,Stripe,,STRIPE           DES:TRANSFER   ID:ST-Y1D5R8R1P1A6           INDN:RICHARD PATRI           CO ID:XXXXX65600 CCD,Reconciled,3835.75
,07/03/2024,Deposit,,Stripe,,STRIPE           DES:TRANSFER   ID:ST-Y1D5R8R1P1A6           INDN:RICHARD PATRI           CO ID:XXXXX65600 CCD,,3835.75
1431,,,,,,,,
,07/05/2024,Deposit,,Stripe,,STRIPE           DES:TRANSFER   ID:ST-Z9G2T1P3N4H6           INDN:RICHARD PATRI           CO ID:XXXXX65600 CCD,Reconciled,524.37
,07/05/2024,Deposit,,Stripe,,STRIPE           DES:TRANSFER   ID:ST-Z9G2T1P3N4H6           INDN:RICHARD PATRI           CO ID:XXXXX65600 CCD,,524.37
1433,,,,,,,,
,07/05/2024,Deposit,,,,SHOPPAYINST AFRM DES:PAYMENTS   ID:Q2PI53U1HC6JHAZ           INDN:MONSTERBASS             CO ID:XXXXX98000 CCD,Reconciled,50.08
,07/05/2024,Deposit,,,,SHOPPAYINST AFRM DES:PAYMENTS   ID:Q2PI53U1HC6JHAZ           INDN:MONSTERBASS             CO ID:XXXXX98000 CCD,,50.08
1434,,,,,,,,
,07/05/2024,Deposit,,,Shopify,Shopify          DES:TRANSFER   ID:ST-C6M8G5M0V6D7           INDN:OUTDOOR PLAYGROUND      CO ID:XXXXX48598 CCD,Reconciled,2515.42
,07/05/2024,Deposit,,,Shopify,Shopify          DES:TRANSFER   ID:ST-C6M8G5M0V6D7           INDN:OUTDOOR PLAYGROUND      CO ID:XXXXX48598 CCD,,2515.42
1486,,,,,,,,
,07/08/2024,Deposit,,,Shopify,Shopify          DES:TRANSFER   ID:ST-U0Q6W0U6G9J9           INDN:OUTDOOR PLAYGROUND INC  CO ID:XXXXX48598 CCD,Reconciled,14.3
,07/08/2024,Deposit,,,Shopify,Shopify          DES:TRANSFER   ID:ST-U0Q6W0U6G9J9           INDN:OUTDOOR PLAYGROUND INC  CO ID:XXXXX48598 CCD,,14.3
1487,,,,,,,,
,07/08/2024,Deposit,,,,"TikTok Inc       DES:PAYMENT    ID:XXXXXXXXXX27599           INDN:Outdoor Playground Inc  CO ID:XXXXX67522 CCD           PMT INFO:TikTok Shop-USLC7NEW6U, payout ID 345917           XXXXX17657850",Reconciled,37.57
,07/08/2024,Deposit,,,,"TikTok Inc       DES:PAYMENT    ID:XXXXXXXXXX27599           INDN:Outdoor Playground Inc  CO ID:XXXXX67522 CCD           PMT INFO:TikTok Shop-USLC7NEW6U, payout ID 345917           XXXXX17657850",,37.57
1488,,,,,,,,
,07/08/2024,Deposit,,,Shopify,Shopify          DES:TRANSFER   ID:ST-T9N2B9C0U6A4           INDN:OUTDOOR PLAYGROUND      CO ID:XXXXX48598 CCD,Reconciled,8489.15
,07/08/2024,Deposit,,,Shopify,Shopify          DES:TRANSFER   ID:ST-T9N2B9C0U6A4           INDN:OUTDOOR PLAYGROUND      CO ID:XXXXX48598 CCD,,8489.15
1489,,,,,,,,
,07/08/2024,Deposit,,Stripe,,STRIPE           DES:TRANSFER   ID:ST-S7T6N5J4V8J0           INDN:RICHARD PATRI           CO ID:XXXXX65600 CCD,Reconciled,3545.07
,07/08/2024,Deposit,,Stripe,,STRIPE           DES:TRANSFER   ID:ST-S7T6N5J4V8J0           INDN:RICHARD PATRI           CO ID:XXXXX65600 CCD,,3545.07
1491,,,,,,,,
,07/08/2024,Deposit,,,,SHOPPAYINST AFRM DES:PAYMENTS   ID:7EYVAKCND2HD6ET           INDN:MONSTERBASS             CO ID:XXXXX98000 CCD,Reconciled,68.76
,07/08/2024,Deposit,,,,SHOPPAYINST AFRM DES:PAYMENTS   ID:7EYVAKCND2HD6ET           INDN:MONSTERBASS             CO ID:XXXXX98000 CCD,,68.76
1492,,,,,,,,
,07/08/2024,Deposit,,,,SHOPPAYINST AFRM DES:PAYMENTS   ID:UKKSXHXGNTH9UXC           INDN:MONSTERBASS             CO ID:XXXXX98000 CCD,Reconciled,69.64
,07/08/2024,Deposit,,,,SHOPPAYINST AFRM DES:PAYMENTS   ID:UKKSXHXGNTH9UXC           INDN:MONSTERBASS             CO ID:XXXXX98000 CCD,,69.64
1498,,,,,,,,
,07/09/2024,Deposit,,,Shopify,Shopify          DES:TRANSFER   ID:ST-J3P9E7K6Q0T5           INDN:OUTDOOR PLAYGROUND      CO ID:XXXXX48598 CCD,Reconciled,11931.75
,07/09/2024,Deposit,,,Shopify,Shopify          DES:TRANSFER   ID:ST-J3P9E7K6Q0T5           INDN:OUTDOOR PLAYGROUND      CO ID:XXXXX48598 CCD,,11931.75
1500,,,,,,,,
,07/09/2024,Deposit,,,,"TikTok Inc       DES:PAYMENT    ID:XXXXXXXXXX23287           INDN:Outdoor Playground Inc  CO ID:XXXXX67522 CCD           PMT INFO:TikTok Shop-USLC7NEW6U, payout ID 345918           XXXXX37139450",Reconciled,38.64
,07/09/2024,Deposit,,,,"TikTok Inc       DES:PAYMENT    ID:XXXXXXXXXX23287           INDN:Outdoor Playground Inc  CO ID:XXXXX67522 CCD           PMT INFO:TikTok Shop-USLC7NEW6U, payout ID 345918           XXXXX37139450",,38.64
1502,,,,,,,,
,07/09/2024,Deposit,,,,PAYPAL           DES:TRANSFER   ID:XXXXX24180584             INDN:MAXIMUS OUTDOORS        CO ID:PAYPALSD11 PPD,Reconciled,5659.95
,07/09/2024,Deposit,,,,PAYPAL           DES:TRANSFER   ID:XXXXX24180584             INDN:MAXIMUS OUTDOORS        CO ID:PAYPALSD11 PPD,,5659.95
1504,,,,,,,,
,07/09/2024,Deposit,,,,"TikTok Inc       DES:PAYMENT    ID:XXXXXXXXXX88853           INDN:Outdoor Playground Inc  CO ID:XXXXX67522 CCD           PMT INFO:TikTok Shop-USLC7NEW6U, payout ID 345918           XXXXX09900026",Reconciled,38.64
,07/09/2024,Deposit,,,,"TikTok Inc       DES:PAYMENT    ID:XXXXXXXXXX88853           INDN:Outdoor Playground Inc  CO ID:XXXXX67522 CCD           PMT INFO:TikTok Shop-USLC7NEW6U, payout ID 345918           XXXXX09900026",,38.64
1505,,,,,,,,
,07/09/2024,Deposit,,,Shopify,Shopify          DES:TRANSFER   ID:ST-H2T8Z7M1A2J1           INDN:OUTDOOR PLAYGROUND INC  CO ID:XXXXX48598 CCD,Reconciled,19.44
,07/09/2024,Deposit,,,Shopify,Shopify          DES:TRANSFER   ID:ST-H2T8Z7M1A2J1           INDN:OUTDOOR PLAYGROUND INC  CO ID:XXXXX48598 CCD,,19.44
1507,,,,,,,,
,07/09/2024,Deposit,,Stripe,,STRIPE           DES:TRANSFER   ID:ST-Z8J3Y6I7U5H3           INDN:RICHARD PATRI           CO ID:XXXXX65600 CCD,Reconciled,1136.7
,07/09/2024,Deposit,,Stripe,,STRIPE           DES:TRANSFER   ID:ST-Z8J3Y6I7U5H3           INDN:RICHARD PATRI           CO ID:XXXXX65600 CCD,,1136.7
1510,,,,,,,,
,07/10/2024,Deposit,,,Shopify,Shopify          DES:TRANSFER   ID:ST-P9E5Q4F9H8T6           INDN:OUTDOOR PLAYGROUND      CO ID:XXXXX48598 CCD,Reconciled,3130.5
,07/10/2024,Deposit,,,Shopify,Shopify          DES:TRANSFER   ID:ST-P9E5Q4F9H8T6           INDN:OUTDOOR PLAYGROUND      CO ID:XXXXX48598 CCD,,3130.5
1511,,,,,,,,
,07/10/2024,Deposit,,,Shopify,Shopify          DES:TRANSFER   ID:ST-P2M2X5T5T2Q0           INDN:OUTDOOR PLAYGROUND INC  CO ID:XXXXX48598 CCD,Reconciled,49.09
,07/10/2024,Deposit,,,Shopify,Shopify          DES:TRANSFER   ID:ST-P2M2X5T5T2Q0           INDN:OUTDOOR PLAYGROUND INC  CO ID:XXXXX48598 CCD,,49.09
1512,,,,,,,,
,07/10/2024,Deposit,,Stripe,,STRIPE           DES:TRANSFER   ID:ST-X9F9L9D7C9W0           INDN:RICHARD PATRI           CO ID:XXXXX65600 CCD,Reconciled,5114.81
,07/10/2024,Deposit,,Stripe,,STRIPE           DES:TRANSFER   ID:ST-X9F9L9D7C9W0           INDN:RICHARD PATRI           CO ID:XXXXX65600 CCD,,5114.81
1550,,,,,,,,
,07/10/2024,Deposit,,,,SHOPPAYINST AFRM DES:PAYMENTS   ID:VM4DUHGJ7XIFGTC           INDN:MONSTERBASS             CO ID:XXXXX98000 CCD,Reconciled,196.59
,07/10/2024,Deposit,,,,SHOPPAYINST AFRM DES:PAYMENTS   ID:VM4DUHGJ7XIFGTC           INDN:MONSTERBASS             CO ID:XXXXX98000 CCD,,196.59
1552,,,,,,,,
,07/10/2024,Deposit,,,Bruiser Baits,BKOFAMERICA MOBILE 07/10 XXXXX49231 DEPOSIT                                    *MOBILE       CA,Reconciled,852
,07/10/2024,Deposit,,,Bruiser Baits,BKOFAMERICA MOBILE 07/10 XXXXX49231 DEPOSIT                                    *MOBILE       CA,,852
1513,,,,,,,,
,07/11/2024,Deposit,,Stripe,,STRIPE           DES:TRANSFER   ID:ST-U7A4M9C4A8Z0           INDN:RICHARD PATRI           CO ID:XXXXX65600 CCD,Reconciled,671.51
,07/11/2024,Deposit,,Stripe,,STRIPE           DES:TRANSFER   ID:ST-U7A4M9C4A8Z0           INDN:RICHARD PATRI           CO ID:XXXXX65600 CCD,,671.51
1514,,,,,,,,
,07/11/2024,Deposit,,,Shopify,Shopify          DES:TRANSFER   ID:ST-T2E1S5W7U9N6           INDN:OUTDOOR PLAYGROUND INC  CO ID:XXXXX48598 CCD,Reconciled,33.99
,07/11/2024,Deposit,,,Shopify,Shopify          DES:TRANSFER   ID:ST-T2E1S5W7U9N6           INDN:OUTDOOR PLAYGROUND INC  CO ID:XXXXX48598 CCD,,33.99
1515,,,,,,,,
,07/11/2024,Deposit,,,Shopify,Shopify          DES:TRANSFER   ID:ST-C2J6J9H6A8M1           INDN:OUTDOOR PLAYGROUND      CO ID:XXXXX48598 CCD,Reconciled,3066
,07/11/2024,Deposit,,,Shopify,Shopify          DES:TRANSFER   ID:ST-C2J6J9H6A8M1           INDN:OUTDOOR PLAYGROUND      CO ID:XXXXX48598 CCD,,3066
1546,,,,,,,,
,07/11/2024,Deposit,,,,AMAZON.CJL5AL3KK DES:PAYMENTS   ID:46F5K5PJRFNPL7F           INDN:Outdoor Playground Inc  CO ID:XXXXX40102 CCD,Reconciled,311.37
,07/11/2024,Deposit,,,,AMAZON.CJL5AL3KK DES:PAYMENTS   ID:46F5K5PJRFNPL7F           INDN:Outdoor Playground Inc  CO ID:XXXXX40102 CCD,,311.37
1547,,,,,,,,
,07/11/2024,Deposit,,,,AMAZONCOMCA INC  DES:PAYMENT    ID:KO69USC6DVMF              INDN:Outdoor Playground Inc  CO ID:XXXXX70001 IAT           PMT INFO: BUS XXXXXXXXXX00002401                            FOR MORE INFORMATION CONTACT CUSTOMER SERVICE,Reconciled,24.01
,07/11/2024,Deposit,,,,AMAZONCOMCA INC  DES:PAYMENT    ID:KO69USC6DVMF              INDN:Outdoor Playground Inc  CO ID:XXXXX70001 IAT           PMT INFO: BUS XXXXXXXXXX00002401                            FOR MORE INFORMATION CONTACT CUSTOMER SERVICE,,24.01
1548,,,,,,,,
,07/11/2024,Deposit,,,,"TikTok Inc       DES:PAYMENT    ID:XXXXXXXXXX75349           INDN:Outdoor Playground Inc  CO ID:XXXXX67522 CCD           PMT INFO:TikTok Shop-USLC7NEW6U, payout ID 345918           XXXXX92329210",Reconciled,8.39
,07/11/2024,Deposit,,,,"TikTok Inc       DES:PAYMENT    ID:XXXXXXXXXX75349           INDN:Outdoor Playground Inc  CO ID:XXXXX67522 CCD           PMT INFO:TikTok Shop-USLC7NEW6U, payout ID 345918           XXXXX92329210",,8.39
1549,,,,,,,,
,07/11/2024,Deposit,,,,"TikTok Inc       DES:PAYMENT    ID:XXXXXXXXXX44885           INDN:Outdoor Playground Inc  CO ID:XXXXX67522 CCD           PMT INFO:TikTok Shop-USLC7NEW6U, payout ID 345918           XXXXX97869050",Reconciled,7.8
,07/11/2024,Deposit,,,,"TikTok Inc       DES:PAYMENT    ID:XXXXXXXXXX44885           INDN:Outdoor Playground Inc  CO ID:XXXXX67522 CCD           PMT INFO:TikTok Shop-USLC7NEW6U, payout ID 345918           XXXXX97869050",,7.8
1517,,,,,,,,
,07/12/2024,Deposit,,,Shopify,Shopify          DES:TRANSFER   ID:ST-Z7Z1C9H8Y7N1           INDN:OUTDOOR PLAYGROUND      CO ID:XXXXX48598 CCD,Reconciled,2494.12
,07/12/2024,Deposit,,,Shopify,Shopify          DES:TRANSFER   ID:ST-Z7Z1C9H8Y7N1           INDN:OUTDOOR PLAYGROUND      CO ID:XXXXX48598 CCD,,2494.12
1518,,,,,,,,
,07/12/2024,Deposit,,Stripe,,STRIPE           DES:TRANSFER   ID:ST-K5P9W5C5H5Z7           INDN:RICHARD PATRI           CO ID:XXXXX65600 CCD,Reconciled,882.43
,07/12/2024,Deposit,,Stripe,,STRIPE           DES:TRANSFER   ID:ST-K5P9W5C5H5Z7           INDN:RICHARD PATRI           CO ID:XXXXX65600 CCD,,882.43
1520,,,,,,,,
,07/15/2024,Deposit,,Stripe,,STRIPE           DES:TRANSFER   ID:ST-Y9E3D4F7R7P2           INDN:RICHARD PATRI           CO ID:XXXXX65600 CCD,Reconciled,399.8
,07/15/2024,Deposit,,Stripe,,STRIPE           DES:TRANSFER   ID:ST-Y9E3D4F7R7P2           INDN:RICHARD PATRI           CO ID:XXXXX65600 CCD,,399.8
1521,,,,,,,,
,07/15/2024,Deposit,,,Shopify,Shopify          DES:TRANSFER   ID:ST-W2E8O6N2S3X6           INDN:OUTDOOR PLAYGROUND      CO ID:XXXXX48598 CCD,Reconciled,3461.04
,07/15/2024,Deposit,,,Shopify,Shopify          DES:TRANSFER   ID:ST-W2E8O6N2S3X6           INDN:OUTDOOR PLAYGROUND      CO ID:XXXXX48598 CCD,,3461.04
1543,,,,,,,,
,07/15/2024,Deposit,,,,"TikTok Inc       DES:PAYMENT    ID:XXXXXXXXXX77744           INDN:Outdoor Playground Inc  CO ID:XXXXX67522 CCD           PMT INFO:TikTok Shop-USLC7NEW6U, payout ID 345919           XXXXX72496634",Reconciled,7.8
,07/15/2024,Deposit,,,,"TikTok Inc       DES:PAYMENT    ID:XXXXXXXXXX77744           INDN:Outdoor Playground Inc  CO ID:XXXXX67522 CCD           PMT INFO:TikTok Shop-USLC7NEW6U, payout ID 345919           XXXXX72496634",,7.8
1537,,,,,,,,
,07/16/2024,Deposit,,Stripe,,STRIPE           DES:TRANSFER   ID:ST-G4S3Q8B8R8J5           INDN:RICHARD PATRI           CO ID:XXXXX65600 CCD,Reconciled,923.29
,07/16/2024,Deposit,,Stripe,,STRIPE           DES:TRANSFER   ID:ST-G4S3Q8B8R8J5           INDN:RICHARD PATRI           CO ID:XXXXX65600 CCD,,923.29
1538,,,,,,,,
,07/16/2024,Deposit,,,Shopify,Shopify          DES:TRANSFER   ID:ST-I1C5B2O0Q4E3           INDN:OUTDOOR PLAYGROUND INC  CO ID:XXXXX48598 CCD,Reconciled,23.74
,07/16/2024,Deposit,,,Shopify,Shopify          DES:TRANSFER   ID:ST-I1C5B2O0Q4E3           INDN:OUTDOOR PLAYGROUND INC  CO ID:XXXXX48598 CCD,,23.74
1539,,,,,,,,
,07/16/2024,Deposit,,,Shopify,Shopify          DES:TRANSFER   ID:ST-U3N7P9A7N0W2           INDN:OUTDOOR PLAYGROUND      CO ID:XXXXX48598 CCD,Reconciled,9254.1
,07/16/2024,Deposit,,,Shopify,Shopify          DES:TRANSFER   ID:ST-U3N7P9A7N0W2           INDN:OUTDOOR PLAYGROUND      CO ID:XXXXX48598 CCD,,9254.1
1540,,,,,,,,
,07/16/2024,Deposit,,,,"TikTok Inc       DES:PAYMENT    ID:XXXXXXXXXX75298           INDN:Outdoor Playground Inc  CO ID:XXXXX67522 CCD           PMT INFO:TikTok Shop-USLC7NEW6U, payout ID 345919           XXXXX87372538",Reconciled,9.2
,07/16/2024,Deposit,,,,"TikTok Inc       DES:PAYMENT    ID:XXXXXXXXXX75298           INDN:Outdoor Playground Inc  CO ID:XXXXX67522 CCD           PMT INFO:TikTok Shop-USLC7NEW6U, payout ID 345919           XXXXX87372538",,9.2
1541,,,,,,,,
,07/16/2024,Deposit,,,Shopify,Shopify          DES:TRANSFER   ID:ST-T4E4J4Q6C1J3           INDN:OUTDOOR PLAYGROUND INC  CO ID:XXXXX48598 CCD,Reconciled,53.16
,07/16/2024,Deposit,,,Shopify,Shopify          DES:TRANSFER   ID:ST-T4E4J4Q6C1J3           INDN:OUTDOOR PLAYGROUND INC  CO ID:XXXXX48598 CCD,,53.16
1542,,,,,,,,
,07/16/2024,Deposit,,,,PAYPAL           DES:TRANSFER   ID:XXXXX66971764             INDN:MAXIMUS OUTDOORS        CO ID:PAYPALSD11 PPD,Reconciled,2678.45
,07/16/2024,Deposit,,,,PAYPAL           DES:TRANSFER   ID:XXXXX66971764             INDN:MAXIMUS OUTDOORS        CO ID:PAYPALSD11 PPD,,2678.45
1532,,,,,,,,
,07/17/2024,Deposit,,,Shopify,Shopify          DES:TRANSFER   ID:ST-E0Y0K2Z5W0A3           INDN:OUTDOOR PLAYGROUND      CO ID:XXXXX48598 CCD,Reconciled,3525.77
,07/17/2024,Deposit,,,Shopify,Shopify          DES:TRANSFER   ID:ST-E0Y0K2Z5W0A3           INDN:OUTDOOR PLAYGROUND      CO ID:XXXXX48598 CCD,,3525.77
1533,,,,,,,,
,07/17/2024,Deposit,,,,"TikTok Inc       DES:PAYMENT    ID:XXXXXXXXXX62961           INDN:Outdoor Playground Inc  CO ID:XXXXX67522 CCD           PMT INFO:TikTok Shop-USLC7NEW6U, payout ID 345919           XXXXX57298170",Reconciled,4.2
,07/17/2024,Deposit,,,,"TikTok Inc       DES:PAYMENT    ID:XXXXXXXXXX62961           INDN:Outdoor Playground Inc  CO ID:XXXXX67522 CCD           PMT INFO:TikTok Shop-USLC7NEW6U, payout ID 345919           XXXXX57298170",,4.2
1534,,,,,,,,
,07/17/2024,Deposit,,,,SHOPPAYINST AFRM DES:PAYMENTS   ID:9IANM2PG8N2JUQK           INDN:MONSTERBASS             CO ID:XXXXX98000 CCD,Reconciled,64.27
,07/17/2024,Deposit,,,,SHOPPAYINST AFRM DES:PAYMENTS   ID:9IANM2PG8N2JUQK           INDN:MONSTERBASS             CO ID:XXXXX98000 CCD,,64.27
1535,,,,,,,,
,07/17/2024,Deposit,,Stripe,,STRIPE           DES:TRANSFER   ID:ST-X8H5R8R7N2R1           INDN:RICHARD PATRI           CO ID:XXXXX65600 CCD,Reconciled,2279.95
,07/17/2024,Deposit,,Stripe,,STRIPE           DES:TRANSFER   ID:ST-X8H5R8R7N2R1           INDN:RICHARD PATRI           CO ID:XXXXX65600 CCD,,2279.95
1536,,,,,,,,
,07/17/2024,Deposit,,,Shopify,Shopify          DES:TRANSFER   ID:ST-C1C3R5J4B9U7           INDN:OUTDOOR PLAYGROUND INC  CO ID:XXXXX48598 CCD,Reconciled,27.63
,07/17/2024,Deposit,,,Shopify,Shopify          DES:TRANSFER   ID:ST-C1C3R5J4B9U7           INDN:OUTDOOR PLAYGROUND INC  CO ID:XXXXX48598 CCD,,27.63
1556,,,,,,,,
,07/18/2024,Deposit,,Stripe,,STRIPE           DES:TRANSFER   ID:ST-S1Y9G6F9B0M7           INDN:RICHARD PATRI           CO ID:XXXXX65600 CCD,Reconciled,543.03
,07/18/2024,Deposit,,Stripe,,STRIPE           DES:TRANSFER   ID:ST-S1Y9G6F9B0M7           INDN:RICHARD PATRI           CO ID:XXXXX65600 CCD,,543.03
1557,,,,,,,,
,07/18/2024,Deposit,,,Shopify,Shopify          DES:TRANSFER   ID:ST-V8L6Z3B6X2L0           INDN:OUTDOOR PLAYGROUND INC  CO ID:XXXXX48598 CCD,Reconciled,37.8
,07/18/2024,Deposit,,,Shopify,Shopify          DES:TRANSFER   ID:ST-V8L6Z3B6X2L0           INDN:OUTDOOR PLAYGROUND INC  CO ID:XXXXX48598 CCD,,37.8
1558,,,,,,,,
,07/18/2024,Deposit,,,,SHOPPAYINST AFRM DES:PAYMENTS   ID:D5Y413UA3K2TZ9X           INDN:MONSTERBASS             CO ID:XXXXX98000 CCD,Reconciled,570.76
,07/18/2024,Deposit,,,,SHOPPAYINST AFRM DES:PAYMENTS   ID:D5Y413UA3K2TZ9X           INDN:MONSTERBASS             CO ID:XXXXX98000 CCD,,570.76
1559,,,,,,,,
,07/18/2024,Deposit,,,Shopify,Shopify          DES:TRANSFER   ID:ST-V9J9F9X9E4F0           INDN:OUTDOOR PLAYGROUND      CO ID:XXXXX48598 CCD,Reconciled,4829.47
,07/18/2024,Deposit,,,Shopify,Shopify          DES:TRANSFER   ID:ST-V9J9F9X9E4F0           INDN:OUTDOOR PLAYGROUND      CO ID:XXXXX48598 CCD,,4829.47
1560,,,,,,,,
,07/18/2024,Deposit,,,,SHOPPAYINST AFRM DES:AutoPay    ID:IQT6SKTDWWTBPGK           INDN:MONSTERBASS             CO ID:394440     CCD,Reconciled,296.99
,07/18/2024,Deposit,,,,SHOPPAYINST AFRM DES:AutoPay    ID:IQT6SKTDWWTBPGK           INDN:MONSTERBASS             CO ID:394440     CCD,,296.99
1561,,,,,,,,
,07/19/2024,Deposit,,,Shopify,Shopify          DES:TRANSFER   ID:ST-S5S5X9X3J3A7           INDN:OUTDOOR PLAYGROUND      CO ID:XXXXX48598 CCD,Reconciled,3049.03
,07/19/2024,Deposit,,,Shopify,Shopify          DES:TRANSFER   ID:ST-S5S5X9X3J3A7           INDN:OUTDOOR PLAYGROUND      CO ID:XXXXX48598 CCD,,3049.03
1562,,,,,,,,
,07/19/2024,Deposit,,,Shopify,Shopify          DES:TRANSFER   ID:ST-H6S0L3Q5S4Z0           INDN:OUTDOOR PLAYGROUND INC  CO ID:XXXXX48598 CCD,Reconciled,11.92
,07/19/2024,Deposit,,,Shopify,Shopify          DES:TRANSFER   ID:ST-H6S0L3Q5S4Z0           INDN:OUTDOOR PLAYGROUND INC  CO ID:XXXXX48598 CCD,,11.92
1564,,,,,,,,
,07/19/2024,Deposit,,Stripe,,STRIPE           DES:TRANSFER   ID:ST-E7I9Y1M4N0C8           INDN:RICHARD PATRI           CO ID:XXXXX65600 CCD,Reconciled,612.63
,07/19/2024,Deposit,,Stripe,,STRIPE           DES:TRANSFER   ID:ST-E7I9Y1M4N0C8           INDN:RICHARD PATRI           CO ID:XXXXX65600 CCD,,612.63
1568,,,,,,,,
,07/19/2024,Deposit,,,,"TikTok Inc       DES:PAYMENT    ID:XXXXXXXXXX24799           INDN:Outdoor Playground Inc  CO ID:XXXXX67522 CCD           PMT INFO:TikTok Shop-USLC7NEW6U, payout ID 345919           XXXXX99426810",Reconciled,50.64
,07/19/2024,Deposit,,,,"TikTok Inc       DES:PAYMENT    ID:XXXXXXXXXX24799           INDN:Outdoor Playground Inc  CO ID:XXXXX67522 CCD           PMT INFO:TikTok Shop-USLC7NEW6U, payout ID 345919           XXXXX99426810",,50.64
1576,,,,,,,,
,07/22/2024,Deposit,,Stripe,,STRIPE           DES:TRANSFER   ID:ST-G4P4A5I9S0M3           INDN:RICHARD PATRI           CO ID:XXXXX65600 CCD,Reconciled,866.48
,07/22/2024,Deposit,,Stripe,,STRIPE           DES:TRANSFER   ID:ST-G4P4A5I9S0M3           INDN:RICHARD PATRI           CO ID:XXXXX65600 CCD,,866.48
1577,,,,,,,,
,07/22/2024,Deposit,,,,"TikTok Inc       DES:PAYMENT    ID:XXXXXXXXXX61718           INDN:Outdoor Playground Inc  CO ID:XXXXX67522 CCD           PMT INFO:TikTok Shop-USLC7NEW6U, payout ID 345920           XXXXX11511034",Reconciled,38.64
,07/22/2024,Deposit,,,,"TikTok Inc       DES:PAYMENT    ID:XXXXXXXXXX61718           INDN:Outdoor Playground Inc  CO ID:XXXXX67522 CCD           PMT INFO:TikTok Shop-USLC7NEW6U, payout ID 345920           XXXXX11511034",,38.64
1578,,,,,,,,
,07/22/2024,Deposit,,,,BKOFAMERICA MOBILE 07/22 XXXXX69782 DEPOSIT                                    *MOBILE       CA,Reconciled,5610.12
,07/22/2024,Deposit,,,,BKOFAMERICA MOBILE 07/22 XXXXX69782 DEPOSIT                                    *MOBILE       CA,,5610.12
1579,,,,,,,,
,07/22/2024,Deposit,,,Shopify,Shopify          DES:TRANSFER   ID:ST-V7O5V1Q0O4H3           INDN:OUTDOOR PLAYGROUND      CO ID:XXXXX48598 CCD,Reconciled,2708.76
,07/22/2024,Deposit,,,Shopify,Shopify          DES:TRANSFER   ID:ST-V7O5V1Q0O4H3           INDN:OUTDOOR PLAYGROUND      CO ID:XXXXX48598 CCD,,2708.76
1584,,,,,,,,
,07/23/2024,Deposit,,,Shopify,Shopify          DES:TRANSFER   ID:ST-O1U5N1B9E5U0           INDN:OUTDOOR PLAYGROUND INC  CO ID:XXXXX48598 CCD,Reconciled,34.89
,07/23/2024,Deposit,,,Shopify,Shopify          DES:TRANSFER   ID:ST-O1U5N1B9E5U0           INDN:OUTDOOR PLAYGROUND INC  CO ID:XXXXX48598 CCD,,34.89
1585,,,,,,,,
,07/23/2024,Deposit,,,Shopify,Shopify          DES:TRANSFER   ID:ST-A9M9G3W5N5T4           INDN:OUTDOOR PLAYGROUND      CO ID:XXXXX48598 CCD,Reconciled,7180.96
,07/23/2024,Deposit,,,Shopify,Shopify          DES:TRANSFER   ID:ST-A9M9G3W5N5T4           INDN:OUTDOOR PLAYGROUND      CO ID:XXXXX48598 CCD,,7180.96
1586,,,,,,,,
,07/23/2024,Deposit,,Stripe,,STRIPE           DES:TRANSFER   ID:ST-H4I8T2R1A8P6           INDN:RICHARD PATRI           CO ID:XXXXX65600 CCD,Reconciled,225.13
,07/23/2024,Deposit,,Stripe,,STRIPE           DES:TRANSFER   ID:ST-H4I8T2R1A8P6           INDN:RICHARD PATRI           CO ID:XXXXX65600 CCD,,225.13
1600,,,,,,,,
,07/23/2024,Deposit,,,,SHOPPAYINST AFRM DES:AutoPay    ID:B5R77R12OBGWZUR           INDN:MONSTERBASS             CO ID:XXXXX98000 CCD,Reconciled,476.92
,07/23/2024,Deposit,,,,SHOPPAYINST AFRM DES:AutoPay    ID:B5R77R12OBGWZUR           INDN:MONSTERBASS             CO ID:XXXXX98000 CCD,,476.92
1601,,,,,,,,
,07/23/2024,Deposit,,,,SHOPPAYINST AFRM DES:PAYMENTS   ID:5JV9JOR2I3KBSLN           INDN:MONSTERBASS             CO ID:XXXXX98000 CCD,Reconciled,109.64
,07/23/2024,Deposit,,,,SHOPPAYINST AFRM DES:PAYMENTS   ID:5JV9JOR2I3KBSLN           INDN:MONSTERBASS             CO ID:XXXXX98000 CCD,,109.64
1602,,,,,,,,
,07/23/2024,Deposit,,,,"TikTok Inc       DES:PAYMENT    ID:XXXXXXXXXX97737           INDN:Outdoor Playground Inc  CO ID:XXXXX67522 CCD           PMT INFO:TikTok Shop-USLC7NEW6U, payout ID 345920           XXXXX59573754",Reconciled,4.6
,07/23/2024,Deposit,,,,"TikTok Inc       DES:PAYMENT    ID:XXXXXXXXXX97737           INDN:Outdoor Playground Inc  CO ID:XXXXX67522 CCD           PMT INFO:TikTok Shop-USLC7NEW6U, payout ID 345920           XXXXX59573754",,4.6
1603,,,,,,,,
,07/23/2024,Deposit,,,,PAYPAL           DES:TRANSFER   ID:XXXXX06320000             INDN:MAXIMUS OUTDOORS        CO ID:PAYPALSD11 PPD,Reconciled,5152.69
,07/23/2024,Deposit,,,,PAYPAL           DES:TRANSFER   ID:XXXXX06320000             INDN:MAXIMUS OUTDOORS        CO ID:PAYPALSD11 PPD,,5152.69
1597,,,,,,,,
,07/24/2024,Deposit,,,Shopify,Shopify          DES:TRANSFER   ID:ST-J4J0G0X5Y7Q7           INDN:OUTDOOR PLAYGROUND INC  CO ID:XXXXX48598 CCD,Reconciled,8.33
,07/24/2024,Deposit,,,Shopify,Shopify          DES:TRANSFER   ID:ST-J4J0G0X5Y7Q7           INDN:OUTDOOR PLAYGROUND INC  CO ID:XXXXX48598 CCD,,8.33
1598,,,,,,,,
,07/24/2024,Deposit,,,Shopify,Shopify          DES:TRANSFER   ID:ST-M0K8V0C5L1V1           INDN:OUTDOOR PLAYGROUND      CO ID:XXXXX48598 CCD,Reconciled,2831.54
,07/24/2024,Deposit,,,Shopify,Shopify          DES:TRANSFER   ID:ST-M0K8V0C5L1V1           INDN:OUTDOOR PLAYGROUND      CO ID:XXXXX48598 CCD,,2831.54
1599,,,,,,,,
,07/24/2024,Deposit,,Stripe,,STRIPE           DES:TRANSFER   ID:ST-Z1C9L8E2A1D8           INDN:RICHARD PATRI           CO ID:XXXXX65600 CCD,Reconciled,1523.19
,07/24/2024,Deposit,,Stripe,,STRIPE           DES:TRANSFER   ID:ST-Z1C9L8E2A1D8           INDN:RICHARD PATRI           CO ID:XXXXX65600 CCD,,1523.19
1609,,,,,,,,
,07/25/2024,Deposit,,,,AMAZON.C6NVKQ0TG DES:PAYMENTS   ID:72KMIYCYJ6Q5N63           INDN:Outdoor Playground Inc  CO ID:XXXXX40102 CCD,Reconciled,117.3
,07/25/2024,Deposit,,,,AMAZON.C6NVKQ0TG DES:PAYMENTS   ID:72KMIYCYJ6Q5N63           INDN:Outdoor Playground Inc  CO ID:XXXXX40102 CCD,,117.3
1610,,,,,,,,
,07/25/2024,Deposit,,,,Amazon.com.ca In DES:INTL PYMNT ID:128Q5BSXXXXXGD            INDN:OUTDOOR PLAYGROUND INC  CO ID:XXXXX00247 IAT           PMT INFO: BUS XXXXXXXXXX00010442 128Q5BSXXXXXGD             FOR MORE INFORMATION CONTACT CUSTOMER SERVICE,Reconciled,104.42
,07/25/2024,Deposit,,,,Amazon.com.ca In DES:INTL PYMNT ID:128Q5BSXXXXXGD            INDN:OUTDOOR PLAYGROUND INC  CO ID:XXXXX00247 IAT           PMT INFO: BUS XXXXXXXXXX00010442 128Q5BSXXXXXGD             FOR MORE INFORMATION CONTACT CUSTOMER SERVICE,,104.42
1611,,,,,,,,
,07/25/2024,Deposit,,,Shopify,Shopify          DES:TRANSFER   ID:ST-C9N5Y5R3N9P4           INDN:OUTDOOR PLAYGROUND INC  CO ID:XXXXX48598 CCD,Reconciled,8.19
,07/25/2024,Deposit,,,Shopify,Shopify          DES:TRANSFER   ID:ST-C9N5Y5R3N9P4           INDN:OUTDOOR PLAYGROUND INC  CO ID:XXXXX48598 CCD,,8.19
1612,,,,,,,,
,07/25/2024,Deposit,,,Shopify,Shopify          DES:TRANSFER   ID:ST-W7W5G5X4G3V0           INDN:OUTDOOR PLAYGROUND      CO ID:XXXXX48598 CCD,Reconciled,2730.17
,07/25/2024,Deposit,,,Shopify,Shopify          DES:TRANSFER   ID:ST-W7W5G5X4G3V0           INDN:OUTDOOR PLAYGROUND      CO ID:XXXXX48598 CCD,,2730.17
1613,,,,,,,,
,07/25/2024,Deposit,,Stripe,,STRIPE           DES:TRANSFER   ID:ST-M3U3Y7W8N2O9           INDN:RICHARD PATRI           CO ID:XXXXX65600 CCD,Reconciled,371.44
,07/25/2024,Deposit,,Stripe,,STRIPE           DES:TRANSFER   ID:ST-M3U3Y7W8N2O9           INDN:RICHARD PATRI           CO ID:XXXXX65600 CCD,,371.44
1614,,,,,,,,
,07/25/2024,Deposit,,,,"WIRE TYPE:WIRE IN DATE: 240725 TIME:1116 ET                 TRN:XXXXXXXXXX444026 SEQ:XXXXXXXXXX088228/011147            ORIG:PLASTIQ C ID:O FINXERA SND BK:WELLS FARGO BAN          K, NA ID:XXXXX0248 PMT DET:FXXXXX6413 INVOICE 5452          12 SGES LLC DBA WARRIORS TACKLE SUPPLY INVOICE 545",Reconciled,1898.16
,07/25/2024,Deposit,,,,"WIRE TYPE:WIRE IN DATE: 240725 TIME:1116 ET                 TRN:XXXXXXXXXX444026 SEQ:XXXXXXXXXX088228/011147            ORIG:PLASTIQ C ID:O FINXERA SND BK:WELLS FARGO BAN          K, NA ID:XXXXX0248 PMT DET:FXXXXX6413 INVOICE 5452          12 SGES LLC DBA WARRIORS TACKLE SUPPLY INVOICE 545",,1898.16
1617,,,,,,,,
,07/26/2024,Deposit,,,Shopify,Shopify          DES:TRANSFER   ID:ST-U0I6Q3N1Q3M2           INDN:OUTDOOR PLAYGROUND      CO ID:XXXXX48598 CCD,Reconciled,3125.87
,07/26/2024,Deposit,,,Shopify,Shopify          DES:TRANSFER   ID:ST-U0I6Q3N1Q3M2           INDN:OUTDOOR PLAYGROUND      CO ID:XXXXX48598 CCD,,3125.87
1618,,,,,,,,
,07/26/2024,Deposit,,Stripe,,STRIPE           DES:TRANSFER   ID:ST-F9W3D6B2O4G0           INDN:RICHARD PATRI           CO ID:XXXXX65600 CCD,Reconciled,878.91
,07/26/2024,Deposit,,Stripe,,STRIPE           DES:TRANSFER   ID:ST-F9W3D6B2O4G0           INDN:RICHARD PATRI           CO ID:XXXXX65600 CCD,,878.91
1623,,,,,,,,
,07/26/2024,Deposit,,,,"TikTok Inc       DES:PAYMENT    ID:XXXXXXXXXX72803           INDN:Outdoor Playground Inc  CO ID:XXXXX67522 CCD           PMT INFO:TikTok Shop-USLC7NEW6U, payout ID 345921           XXXXX27748346",Reconciled,38.64
,07/26/2024,Deposit,,,,"TikTok Inc       DES:PAYMENT    ID:XXXXXXXXXX72803           INDN:Outdoor Playground Inc  CO ID:XXXXX67522 CCD           PMT INFO:TikTok Shop-USLC7NEW6U, payout ID 345921           XXXXX27748346",,38.64
1626,,,,,,,,
,07/26/2024,Deposit,,,,SHOPPAYINST AFRM DES:PAYMENTS   ID:WRT0RHHBW4PJ6BR           INDN:MONSTERBASS             CO ID:XXXXX98000 CCD,Reconciled,44.06
,07/26/2024,Deposit,,,,SHOPPAYINST AFRM DES:PAYMENTS   ID:WRT0RHHBW4PJ6BR           INDN:MONSTERBASS             CO ID:XXXXX98000 CCD,,44.06
1630,,,,,,,,
,07/29/2024,Deposit,,,Shopify,Shopify          DES:TRANSFER   ID:ST-S2G1G8N6H5M9           INDN:OUTDOOR PLAYGROUND      CO ID:XXXXX48598 CCD,Reconciled,2533.84
,07/29/2024,Deposit,,,Shopify,Shopify          DES:TRANSFER   ID:ST-S2G1G8N6H5M9           INDN:OUTDOOR PLAYGROUND      CO ID:XXXXX48598 CCD,,2533.84
1631,,,,,,,,
,07/29/2024,Deposit,,,Shopify,Shopify          DES:TRANSFER   ID:ST-K0Y2H6I4P7D6           INDN:OUTDOOR PLAYGROUND INC  CO ID:XXXXX48598 CCD,Reconciled,32.99
,07/29/2024,Deposit,,,Shopify,Shopify          DES:TRANSFER   ID:ST-K0Y2H6I4P7D6           INDN:OUTDOOR PLAYGROUND INC  CO ID:XXXXX48598 CCD,,32.99
1632,,,,,,,,
,07/29/2024,Deposit,,,,SHOPPAYINST AFRM DES:PAYMENTS   ID:E9EVMYSVCPANIVD           INDN:MONSTERBASS             CO ID:XXXXX98000 CCD,Reconciled,123.63
,07/29/2024,Deposit,,,,SHOPPAYINST AFRM DES:PAYMENTS   ID:E9EVMYSVCPANIVD           INDN:MONSTERBASS             CO ID:XXXXX98000 CCD,,123.63
1633,,,,,,,,
,07/29/2024,Deposit,,Stripe,,STRIPE           DES:TRANSFER   ID:ST-G4O2W0Z1X9N5           INDN:RICHARD PATRI           CO ID:XXXXX65600 CCD,Reconciled,410.2
,07/29/2024,Deposit,,Stripe,,STRIPE           DES:TRANSFER   ID:ST-G4O2W0Z1X9N5           INDN:RICHARD PATRI           CO ID:XXXXX65600 CCD,,410.2
1634,,,,,,,,
,07/29/2024,Deposit,,,,"TikTok Inc       DES:PAYMENT    ID:XXXXXXXXXX13915           INDN:Outdoor Playground Inc  CO ID:XXXXX67522 CCD           PMT INFO:TikTok Shop-USLC7NEW6U, payout ID 345921           XXXXX41728250",Reconciled,38.64
,07/29/2024,Deposit,,,,"TikTok Inc       DES:PAYMENT    ID:XXXXXXXXXX13915           INDN:Outdoor Playground Inc  CO ID:XXXXX67522 CCD           PMT INFO:TikTok Shop-USLC7NEW6U, payout ID 345921           XXXXX41728250",,38.64
1640,,,,,,,,
,07/30/2024,Deposit,,Stripe,,STRIPE           DES:TRANSFER   ID:ST-T0Q5D6M4T2R5           INDN:RICHARD PATRI           CO ID:XXXXX65600 CCD,Reconciled,316.9
,07/30/2024,Deposit,,Stripe,,STRIPE           DES:TRANSFER   ID:ST-T0Q5D6M4T2R5           INDN:RICHARD PATRI           CO ID:XXXXX65600 CCD,,316.9
1642,,,,,,,,
,07/30/2024,Deposit,,,,SHOPPAYINST AFRM DES:PAYMENTS   ID:66J3AW5DT0BPGP4           INDN:MONSTERBASS             CO ID:XXXXX98000 CCD,Reconciled,131.04
,07/30/2024,Deposit,,,,SHOPPAYINST AFRM DES:PAYMENTS   ID:66J3AW5DT0BPGP4           INDN:MONSTERBASS             CO ID:XXXXX98000 CCD,,131.04
1643,,,,,,,,
,07/30/2024,Deposit,,,,"TikTok Inc       DES:PAYMENT    ID:XXXXXXXXXX09448           INDN:Outdoor Playground Inc  CO ID:XXXXX67522 CCD           PMT INFO:TikTok Shop-USLC7NEW6U, payout ID 345921           XXXXX19954938",Reconciled,4.6
,07/30/2024,Deposit,,,,"TikTok Inc       DES:PAYMENT    ID:XXXXXXXXXX09448           INDN:Outdoor Playground Inc  CO ID:XXXXX67522 CCD           PMT INFO:TikTok Shop-USLC7NEW6U, payout ID 345921           XXXXX19954938",,4.6
1644,,,,,,,,
,07/30/2024,Deposit,,,,PAYPAL           DES:TRANSFER   ID:XXXXX46651596             INDN:MAXIMUS OUTDOORS        CO ID:PAYPALSD11 PPD,Reconciled,3915.88
,07/30/2024,Deposit,,,,PAYPAL           DES:TRANSFER   ID:XXXXX46651596             INDN:MAXIMUS OUTDOORS        CO ID:PAYPALSD11 PPD,,3915.88
1645,,,,,,,,
,07/30/2024,Deposit,,,,SHOPPAYINST AFRM DES:PAYMENTS   ID:BXV9ZROLV5WZP4B           INDN:MONSTERBASS             CO ID:XXXXX98000 CCD,Reconciled,104.67
,07/30/2024,Deposit,,,,SHOPPAYINST AFRM DES:PAYMENTS   ID:BXV9ZROLV5WZP4B           INDN:MONSTERBASS             CO ID:XXXXX98000 CCD,,104.67
1647,,,,,,,,
,07/30/2024,Deposit,,,Shopify,Shopify          DES:TRANSFER   ID:ST-R0I0V4M0S3I5           INDN:OUTDOOR PLAYGROUND      CO ID:XXXXX48598 CCD,Reconciled,8903.01
,07/30/2024,Deposit,,,Shopify,Shopify          DES:TRANSFER   ID:ST-R0I0V4M0S3I5           INDN:OUTDOOR PLAYGROUND      CO ID:XXXXX48598 CCD,,8903.01
1648,,,,,,,,
,07/30/2024,Deposit,,,Shopify,Shopify          DES:TRANSFER   ID:ST-F0G8P8B2A6T0           INDN:OUTDOOR PLAYGROUND INC  CO ID:XXXXX48598 CCD,Reconciled,54.32
,07/30/2024,Deposit,,,Shopify,Shopify          DES:TRANSFER   ID:ST-F0G8P8B2A6T0           INDN:OUTDOOR PLAYGROUND INC  CO ID:XXXXX48598 CCD,,54.32
1650,,,,,,,,
,07/30/2024,Deposit,,,,"TikTok Inc       DES:PAYMENT    ID:XXXXXXXXXX24562           INDN:Outdoor Playground Inc  CO ID:XXXXX67522 CCD           PMT INFO:TikTok Shop-USLC7NEW6U, payout ID 345921           XXXXX12691194",Reconciled,4.6
,07/30/2024,Deposit,,,,"TikTok Inc       DES:PAYMENT    ID:XXXXXXXXXX24562           INDN:Outdoor Playground Inc  CO ID:XXXXX67522 CCD           PMT INFO:TikTok Shop-USLC7NEW6U, payout ID 345921           XXXXX12691194",,4.6
1658,,,,,,,,
,07/31/2024,Deposit,,,Shopify,Shopify          DES:TRANSFER   ID:ST-C5C2E5W5S7Z1           INDN:OUTDOOR PLAYGROUND      CO ID:XXXXX48598 CCD,Reconciled,3121.02
,07/31/2024,Deposit,,,Shopify,Shopify          DES:TRANSFER   ID:ST-C5C2E5W5S7Z1           INDN:OUTDOOR PLAYGROUND      CO ID:XXXXX48598 CCD,,3121.02
1659,,,,,,,,
,07/31/2024,Deposit,,,,"TikTok Inc       DES:PAYMENT    ID:XXXXXXXXXX31239           INDN:Outdoor Playground Inc  CO ID:XXXXX67522 CCD           PMT INFO:TikTok Shop-USLC7NEW6U, payout ID 345921           XXXXX02987002",Reconciled,38.64
,07/31/2024,Deposit,,,,"TikTok Inc       DES:PAYMENT    ID:XXXXXXXXXX31239           INDN:Outdoor Playground Inc  CO ID:XXXXX67522 CCD           PMT INFO:TikTok Shop-USLC7NEW6U, payout ID 345921           XXXXX02987002",,38.64
1660,,,,,,,,
,07/31/2024,Deposit,,Stripe,,STRIPE           DES:TRANSFER   ID:ST-O9V2X9X9S3K8           INDN:RICHARD PATRI           CO ID:XXXXX65600 CCD,Reconciled,756.86
,07/31/2024,Deposit,,Stripe,,STRIPE           DES:TRANSFER   ID:ST-O9V2X9X9S3K8           INDN:RICHARD PATRI           CO ID:XXXXX65600 CCD,,756.86
1665,,,,,,,,
,08/01/2024,Deposit,,,Shopify,Shopify          DES:TRANSFER   ID:ST-U6Q8Y1U5Q3G4           INDN:OUTDOOR PLAYGROUND INC  CO ID:XXXXX48598 CCD,Reconciled,9.73
,08/01/2024,Deposit,,,Shopify,Shopify          DES:TRANSFER   ID:ST-U6Q8Y1U5Q3G4           INDN:OUTDOOR PLAYGROUND INC  CO ID:XXXXX48598 CCD,,9.73
1666,,,,,,,,
,08/01/2024,Deposit,,,Shopify,Shopify          DES:TRANSFER   ID:ST-I2L2B2D8C8X1           INDN:OUTDOOR PLAYGROUND      CO ID:XXXXX48598 CCD,Reconciled,3209.53
,08/01/2024,Deposit,,,Shopify,Shopify          DES:TRANSFER   ID:ST-I2L2B2D8C8X1           INDN:OUTDOOR PLAYGROUND      CO ID:XXXXX48598 CCD,,3209.53
1670,,,,,,,,
,08/01/2024,Deposit,,Stripe,,STRIPE           DES:TRANSFER   ID:ST-M1D4Q5G8X7L2           INDN:RICHARD PATRI           CO ID:XXXXX65600 CCD,Reconciled,475.76
,08/01/2024,Deposit,,Stripe,,STRIPE           DES:TRANSFER   ID:ST-M1D4Q5G8X7L2           INDN:RICHARD PATRI           CO ID:XXXXX65600 CCD,,475.76
1685,,,,,,,,
,08/01/2024,Deposit,,,,"TikTok Inc       DES:PAYMENT    ID:XXXXXXXXXX97078           INDN:Outdoor Playground Inc  CO ID:XXXXX67522 CCD           PMT INFO:TikTok Shop-USLC7NEW6U, payout ID 345922           XXXXX79552506",Reconciled,4.6
,08/01/2024,Deposit,,,,"TikTok Inc       DES:PAYMENT    ID:XXXXXXXXXX97078           INDN:Outdoor Playground Inc  CO ID:XXXXX67522 CCD           PMT INFO:TikTok Shop-USLC7NEW6U, payout ID 345922           XXXXX79552506",,4.6
1688,,,,,,,,
,08/01/2024,Deposit,,,,SHOPPAYINST AFRM DES:PAYMENTS   ID:B0DBYF8ZYXPRAO4           INDN:MONSTERBASS             CO ID:XXXXX98000 CCD,Reconciled,59.86
,08/01/2024,Deposit,,,,SHOPPAYINST AFRM DES:PAYMENTS   ID:B0DBYF8ZYXPRAO4           INDN:MONSTERBASS             CO ID:XXXXX98000 CCD,,59.86
1689,,,,,,,,
,08/01/2024,Deposit,,,,SHOPPAYINST AFRM DES:AutoPay    ID:KF9LHX96A4LV1I0           INDN:MONSTERBASS             CO ID:394440     CCD,Reconciled,213.51
,08/01/2024,Deposit,,,,SHOPPAYINST AFRM DES:AutoPay    ID:KF9LHX96A4LV1I0           INDN:MONSTERBASS             CO ID:394440     CCD,,213.51
1669,,,,,,,,
,08/02/2024,Deposit,,,Shopify,Shopify          DES:TRANSFER   ID:ST-O8E2R4V1O5S2           INDN:OUTDOOR PLAYGROUND      CO ID:XXXXX48598 CCD,Reconciled,1975.4
,08/02/2024,Deposit,,,Shopify,Shopify          DES:TRANSFER   ID:ST-O8E2R4V1O5S2           INDN:OUTDOOR PLAYGROUND      CO ID:XXXXX48598 CCD,,1975.4
1695,,,,,,,,
,08/05/2024,Deposit,,,Shopify,Shopify          DES:TRANSFER   ID:ST-G9G3U9H3W1B6           INDN:OUTDOOR PLAYGROUND      CO ID:XXXXX48598 CCD,Reconciled,8055.9
,08/05/2024,Deposit,,,Shopify,Shopify          DES:TRANSFER   ID:ST-G9G3U9H3W1B6           INDN:OUTDOOR PLAYGROUND      CO ID:XXXXX48598 CCD,,8055.9
1696,,,,,,,,
,08/05/2024,Deposit,,Stripe,,STRIPE           DES:TRANSFER   ID:ST-K8P0X7L1U6U8           INDN:RICHARD PATRI           CO ID:XXXXX65600 CCD,Reconciled,3042.38
,08/05/2024,Deposit,,Stripe,,STRIPE           DES:TRANSFER   ID:ST-K8P0X7L1U6U8           INDN:RICHARD PATRI           CO ID:XXXXX65600 CCD,,3042.38
1705,,,,,,,,
,08/06/2024,Deposit,,,Shopify,Shopify          DES:TRANSFER   ID:ST-E5I1F4S4P0W0           INDN:OUTDOOR PLAYGROUND      CO ID:XXXXX48598 CCD,Reconciled,8474.21
,08/06/2024,Deposit,,,Shopify,Shopify          DES:TRANSFER   ID:ST-E5I1F4S4P0W0           INDN:OUTDOOR PLAYGROUND      CO ID:XXXXX48598 CCD,,8474.21
1706,,,,,,,,
,08/06/2024,Deposit,,,Shopify,Shopify          DES:TRANSFER   ID:ST-L2C7S2U5L4Q2           INDN:OUTDOOR PLAYGROUND INC  CO ID:XXXXX48598 CCD,Reconciled,80.27
,08/06/2024,Deposit,,,Shopify,Shopify          DES:TRANSFER   ID:ST-L2C7S2U5L4Q2           INDN:OUTDOOR PLAYGROUND INC  CO ID:XXXXX48598 CCD,,80.27
1707,,,,,,,,
,08/06/2024,Deposit,,Stripe,,STRIPE           DES:TRANSFER   ID:ST-X5L6T1B6Q1W7           INDN:RICHARD PATRI           CO ID:XXXXX65600 CCD,Reconciled,288.97
,08/06/2024,Deposit,,Stripe,,STRIPE           DES:TRANSFER   ID:ST-X5L6T1B6Q1W7           INDN:RICHARD PATRI           CO ID:XXXXX65600 CCD,,288.97
1709,,,,,,,,
,08/06/2024,Deposit,,,,SHOPPAYINST AFRM DES:AutoPay    ID:35AGXF364LWSI3W           INDN:MONSTERBASS             CO ID:394440     CCD,Reconciled,179.26
,08/06/2024,Deposit,,,,SHOPPAYINST AFRM DES:AutoPay    ID:35AGXF364LWSI3W           INDN:MONSTERBASS             CO ID:394440     CCD,,179.26
1710,,,,,,,,
,08/06/2024,Deposit,,,,PAYPAL           DES:TRANSFER   ID:XXXXX96148722             INDN:MAXIMUS OUTDOORS        CO ID:PAYPALSD11 PPD,Reconciled,2267.9
,08/06/2024,Deposit,,,,PAYPAL           DES:TRANSFER   ID:XXXXX96148722             INDN:MAXIMUS OUTDOORS        CO ID:PAYPALSD11 PPD,,2267.9
1744,,,,,,,,
,08/07/2024,Deposit,,Stripe,,STRIPE           DES:TRANSFER   ID:ST-R3E2G2H3C3J5           INDN:RICHARD PATRI           CO ID:XXXXX65600 CCD,Reconciled,1177.71
,08/07/2024,Deposit,,Stripe,,STRIPE           DES:TRANSFER   ID:ST-R3E2G2H3C3J5           INDN:RICHARD PATRI           CO ID:XXXXX65600 CCD,,1177.71
1745,,,,,,,,
,08/07/2024,Deposit,,,Shopify,Shopify          DES:TRANSFER   ID:ST-Z9B1M1M4E3N1           INDN:OUTDOOR PLAYGROUND INC  CO ID:XXXXX48598 CCD,Reconciled,6.85
,08/07/2024,Deposit,,,Shopify,Shopify          DES:TRANSFER   ID:ST-Z9B1M1M4E3N1           INDN:OUTDOOR PLAYGROUND INC  CO ID:XXXXX48598 CCD,,6.85
1746,,,,,,,,
,08/07/2024,Deposit,,,Shopify,Shopify          DES:TRANSFER   ID:ST-X3N5W5S6J3S0           INDN:OUTDOOR PLAYGROUND      CO ID:XXXXX48598 CCD,Reconciled,1855.22
,08/07/2024,Deposit,,,Shopify,Shopify          DES:TRANSFER   ID:ST-X3N5W5S6J3S0           INDN:OUTDOOR PLAYGROUND      CO ID:XXXXX48598 CCD,,1855.22
1747,,,,,,,,
,08/07/2024,Deposit,,,,SHOPPAYINST AFRM DES:AutoPay    ID:FTV3MMPWT61UY21           INDN:MONSTERBASS             CO ID:394440     CCD,Reconciled,177.06
,08/07/2024,Deposit,,,,SHOPPAYINST AFRM DES:AutoPay    ID:FTV3MMPWT61UY21           INDN:MONSTERBASS             CO ID:394440     CCD,,177.06
1721,,,,,,,,
,08/08/2024,Deposit,,Stripe,,STRIPE           DES:TRANSFER   ID:ST-P0U9F6Y9N5U6           INDN:RICHARD PATRI           CO ID:XXXXX65600 CCD,Reconciled,6612.45
,08/08/2024,Deposit,,Stripe,,STRIPE           DES:TRANSFER   ID:ST-P0U9F6Y9N5U6           INDN:RICHARD PATRI           CO ID:XXXXX65600 CCD,,6612.45
1724,,,,,,,,
,08/08/2024,Deposit,,,Shopify,Shopify          DES:TRANSFER   ID:ST-W7U3A0G9V6I8           INDN:OUTDOOR PLAYGROUND      CO ID:XXXXX48598 CCD,Reconciled,4479.01
,08/08/2024,Deposit,,,Shopify,Shopify          DES:TRANSFER   ID:ST-W7U3A0G9V6I8           INDN:OUTDOOR PLAYGROUND      CO ID:XXXXX48598 CCD,,4479.01
1743,,,,,,,,
,08/08/2024,Deposit,,,,AMAZONCOMCA INC  DES:PAYMENT    ID:KO76USCADSJ4              INDN:Outdoor Playground Inc  CO ID:XXXXX70001 IAT           PMT INFO: BUS XXXXXXXXXX00005938                            FOR MORE INFORMATION CONTACT CUSTOMER SERVICE,Reconciled,59.38
,08/08/2024,Deposit,,,,AMAZONCOMCA INC  DES:PAYMENT    ID:KO76USCADSJ4              INDN:Outdoor Playground Inc  CO ID:XXXXX70001 IAT           PMT INFO: BUS XXXXXXXXXX00005938                            FOR MORE INFORMATION CONTACT CUSTOMER SERVICE,,59.38
1722,,,,,,,,
,08/09/2024,Deposit,,Stripe,,STRIPE           DES:TRANSFER   ID:ST-I4Q1V8J5C8U1           INDN:RICHARD PATRI           CO ID:XXXXX65600 CCD,Reconciled,1073.56
,08/09/2024,Deposit,,Stripe,,STRIPE           DES:TRANSFER   ID:ST-I4Q1V8J5C8U1           INDN:RICHARD PATRI           CO ID:XXXXX65600 CCD,,1073.56
1726,,,,,,,,
,08/09/2024,Deposit,,,Shopify,Shopify          DES:TRANSFER   ID:ST-F0O8U1D3K7K2           INDN:OUTDOOR PLAYGROUND INC  CO ID:XXXXX48598 CCD,Reconciled,7.22
,08/09/2024,Deposit,,,Shopify,Shopify          DES:TRANSFER   ID:ST-F0O8U1D3K7K2           INDN:OUTDOOR PLAYGROUND INC  CO ID:XXXXX48598 CCD,,7.22
1727,,,,,,,,
,08/09/2024,Deposit,,,Shopify,Shopify          DES:TRANSFER   ID:ST-O8P8D3L6V1A8           INDN:OUTDOOR PLAYGROUND      CO ID:XXXXX48598 CCD,Reconciled,2170.46
,08/09/2024,Deposit,,,Shopify,Shopify          DES:TRANSFER   ID:ST-O8P8D3L6V1A8           INDN:OUTDOOR PLAYGROUND      CO ID:XXXXX48598 CCD,,2170.46
1738,,,,,,,,
,08/12/2024,Deposit,,,Facebook,FACEBOOK INC     DES:BDFDQJIIRP ID:BDFDQJIIRP                INDN:OUTDOOR PLAYGROUND      CO ID:HXXXXX5019 CCD           PMT INFO:RMR*IK*FACEBOOK PAYOUT BDFDQJIIRP\,Reconciled,6.98
,08/12/2024,Deposit,,,Facebook,FACEBOOK INC     DES:BDFDQJIIRP ID:BDFDQJIIRP                INDN:OUTDOOR PLAYGROUND      CO ID:HXXXXX5019 CCD           PMT INFO:RMR*IK*FACEBOOK PAYOUT BDFDQJIIRP\,,-6.98
1739,,,,,,,,
,08/12/2024,Deposit,,,Shopify,Shopify          DES:TRANSFER   ID:ST-O2T8H3S4H8M2           INDN:OUTDOOR PLAYGROUND      CO ID:XXXXX48598 CCD,Reconciled,1749.53
,08/12/2024,Deposit,,,Shopify,Shopify          DES:TRANSFER   ID:ST-O2T8H3S4H8M2           INDN:OUTDOOR PLAYGROUND      CO ID:XXXXX48598 CCD,,1749.53
1740,,,,,,,,
,08/12/2024,Deposit,,Stripe,,STRIPE           DES:TRANSFER   ID:ST-O0H9J7D6Z5H4           INDN:RICHARD PATRI           CO ID:XXXXX65600 CCD,Reconciled,446.24
,08/12/2024,Deposit,,Stripe,,STRIPE           DES:TRANSFER   ID:ST-O0H9J7D6Z5H4           INDN:RICHARD PATRI           CO ID:XXXXX65600 CCD,,446.24
1741,,,,,,,,
,08/12/2024,Deposit,,,,SHOPPAYINST AFRM DES:PAYMENTS   ID:4GL6SIOQSPGDE2C           INDN:MONSTERBASS             CO ID:XXXXX98000 CCD,Reconciled,44.65
,08/12/2024,Deposit,,,,SHOPPAYINST AFRM DES:PAYMENTS   ID:4GL6SIOQSPGDE2C           INDN:MONSTERBASS             CO ID:XXXXX98000 CCD,,44.65
1752,,,,,,,,
,08/13/2024,Deposit,,,Shopify,Shopify          DES:TRANSFER   ID:ST-W7Q8X1F7C6Q1           INDN:OUTDOOR PLAYGROUND      CO ID:XXXXX48598 CCD,Reconciled,8799.66
,08/13/2024,Deposit,,,Shopify,Shopify          DES:TRANSFER   ID:ST-W7Q8X1F7C6Q1           INDN:OUTDOOR PLAYGROUND      CO ID:XXXXX48598 CCD,,8799.66
1753,,,,,,,,
,08/13/2024,Deposit,,,,PAYPAL           DES:TRANSFER   ID:XXXXX37135991             INDN:MAXIMUS OUTDOORS        CO ID:PAYPALSD11 PPD,Reconciled,4178.16
,08/13/2024,Deposit,,,,PAYPAL           DES:TRANSFER   ID:XXXXX37135991             INDN:MAXIMUS OUTDOORS        CO ID:PAYPALSD11 PPD,,4178.16
1754,,,,,,,,
,08/13/2024,Deposit,,,,"TikTok Inc       DES:PAYMENT    ID:XXXXXXXXXX38936           INDN:Outdoor Playground Inc  CO ID:XXXXX67522 CCD           PMT INFO:TikTok Shop-USLC7NEW6U, payout ID 345923           XXXXX06209786",Reconciled,43.24
,08/13/2024,Deposit,,,,"TikTok Inc       DES:PAYMENT    ID:XXXXXXXXXX38936           INDN:Outdoor Playground Inc  CO ID:XXXXX67522 CCD           PMT INFO:TikTok Shop-USLC7NEW6U, payout ID 345923           XXXXX06209786",,43.24
1755,,,,,,,,
,08/13/2024,Deposit,,Stripe,,STRIPE           DES:TRANSFER   ID:ST-F9V6F5G5E5K1           INDN:RICHARD PATRI           CO ID:XXXXX65600 CCD,Reconciled,540.11
,08/13/2024,Deposit,,Stripe,,STRIPE           DES:TRANSFER   ID:ST-F9V6F5G5E5K1           INDN:RICHARD PATRI           CO ID:XXXXX65600 CCD,,540.11
1756,,,,,,,,
,08/13/2024,Deposit,,,Shopify,Shopify          DES:TRANSFER   ID:ST-X6J4A4Y1L9E7           INDN:OUTDOOR PLAYGROUND INC  CO ID:XXXXX48598 CCD,Reconciled,2.51
,08/13/2024,Deposit,,,Shopify,Shopify          DES:TRANSFER   ID:ST-X6J4A4Y1L9E7           INDN:OUTDOOR PLAYGROUND INC  CO ID:XXXXX48598 CCD,,2.51
1757,,,,,,,,
,08/13/2024,Deposit,,,,SHOPPAYINST AFRM DES:PAYMENTS   ID:Q4U75O1Q1OYLCND           INDN:MONSTERBASS             CO ID:XXXXX98000 CCD,Reconciled,67.52
,08/13/2024,Deposit,,,,SHOPPAYINST AFRM DES:PAYMENTS   ID:Q4U75O1Q1OYLCND           INDN:MONSTERBASS             CO ID:XXXXX98000 CCD,,67.52
1759,,,,,,,,
,08/13/2024,Deposit,,,,"TikTok Shop      DES:XXXXX25201 ID:USLC7NEW6U,               INDN:Outdoor Playground Inc  CO ID:XXXXX92853 CCD           PMT INFO:USLC7NEW6U,",Reconciled,4.6
,08/13/2024,Deposit,,,,"TikTok Shop      DES:XXXXX25201 ID:USLC7NEW6U,               INDN:Outdoor Playground Inc  CO ID:XXXXX92853 CCD           PMT INFO:USLC7NEW6U,",,4.6
1760,,,,,,,,
,08/13/2024,Deposit,,,,"TikTok Shop      DES:XXXXX25201 ID:USLC7NEW6U,               INDN:Outdoor Playground Inc  CO ID:XXXXX92853 CCD           PMT INFO:USLC7NEW6U,",Reconciled,38.64
,08/13/2024,Deposit,,,,"TikTok Shop      DES:XXXXX25201 ID:USLC7NEW6U,               INDN:Outdoor Playground Inc  CO ID:XXXXX92853 CCD           PMT INFO:USLC7NEW6U,",,38.64
1762,,,,,,,,
,08/14/2024,Deposit,,,Shopify,Shopify          DES:TRANSFER   ID:ST-N1V9M1P7Q7Q3           INDN:OUTDOOR PLAYGROUND INC  CO ID:XXXXX48598 CCD,Reconciled,9.82
,08/14/2024,Deposit,,,Shopify,Shopify          DES:TRANSFER   ID:ST-N1V9M1P7Q7Q3           INDN:OUTDOOR PLAYGROUND INC  CO ID:XXXXX48598 CCD,,9.82
1763,,,,,,,,
,08/14/2024,Deposit,,Stripe,,STRIPE           DES:TRANSFER   ID:ST-J6V6A5E0G2K5           INDN:RICHARD PATRI           CO ID:XXXXX65600 CCD,Reconciled,2482.58
,08/14/2024,Deposit,,Stripe,,STRIPE           DES:TRANSFER   ID:ST-J6V6A5E0G2K5           INDN:RICHARD PATRI           CO ID:XXXXX65600 CCD,,2482.58
1764,,,,,,,,
,08/14/2024,Deposit,,,Shopify,Shopify          DES:TRANSFER   ID:ST-Y9S1V7Q1B8M0           INDN:OUTDOOR PLAYGROUND      CO ID:XXXXX48598 CCD,Reconciled,2066.96
,08/14/2024,Deposit,,,Shopify,Shopify          DES:TRANSFER   ID:ST-Y9S1V7Q1B8M0           INDN:OUTDOOR PLAYGROUND      CO ID:XXXXX48598 CCD,,2066.96
1767,,,,,,,,
,08/14/2024,Deposit,,,,SHOPPAYINST AFRM DES:PAYMENTS   ID:VYWDO0JAXOFNUQW           INDN:MONSTERBASS             CO ID:XXXXX98000 CCD,Reconciled,116.75
,08/14/2024,Deposit,,,,SHOPPAYINST AFRM DES:PAYMENTS   ID:VYWDO0JAXOFNUQW           INDN:MONSTERBASS             CO ID:XXXXX98000 CCD,,116.75
1771,,,,,,,,
,08/15/2024,Deposit,,Stripe,,STRIPE           DES:TRANSFER   ID:ST-W4P9I1K9G4M4           INDN:RICHARD PATRI           CO ID:XXXXX65600 CCD,Reconciled,1064.84
,08/15/2024,Deposit,,Stripe,,STRIPE           DES:TRANSFER   ID:ST-W4P9I1K9G4M4           INDN:RICHARD PATRI           CO ID:XXXXX65600 CCD,,1064.84
1773,,,,,,,,
,08/15/2024,Deposit,,,Shopify,Shopify          DES:TRANSFER   ID:ST-I4N3Q2P8E1Q1           INDN:OUTDOOR PLAYGROUND      CO ID:XXXXX48598 CCD,Reconciled,1436.33
,08/15/2024,Deposit,,,Shopify,Shopify          DES:TRANSFER   ID:ST-I4N3Q2P8E1Q1           INDN:OUTDOOR PLAYGROUND      CO ID:XXXXX48598 CCD,,1436.33
1774,,,,,,,,
,08/15/2024,Deposit,,,Shopify,Shopify          DES:TRANSFER   ID:ST-J3K7T3Q8K2C6           INDN:OUTDOOR PLAYGROUND INC  CO ID:XXXXX48598 CCD,Reconciled,5.44
,08/15/2024,Deposit,,,Shopify,Shopify          DES:TRANSFER   ID:ST-J3K7T3Q8K2C6           INDN:OUTDOOR PLAYGROUND INC  CO ID:XXXXX48598 CCD,,5.44
1776,,,,,,,,
,08/16/2024,Deposit,,,Shopify,Shopify          DES:TRANSFER   ID:ST-T4U4P2K4Y3M9           INDN:OUTDOOR PLAYGROUND INC  CO ID:XXXXX48598 CCD,Reconciled,56.11
,08/16/2024,Deposit,,,Shopify,Shopify          DES:TRANSFER   ID:ST-T4U4P2K4Y3M9           INDN:OUTDOOR PLAYGROUND INC  CO ID:XXXXX48598 CCD,,56.11
1777,,,,,,,,
,08/16/2024,Deposit,,,Shopify,Shopify          DES:TRANSFER   ID:ST-K3U9E1Y5H2S1           INDN:OUTDOOR PLAYGROUND      CO ID:XXXXX48598 CCD,Reconciled,1599.63
,08/16/2024,Deposit,,,Shopify,Shopify          DES:TRANSFER   ID:ST-K3U9E1Y5H2S1           INDN:OUTDOOR PLAYGROUND      CO ID:XXXXX48598 CCD,,1599.63
1779,,,,,,,,
,08/16/2024,Deposit,,,,SHOPPAYINST AFRM DES:PAYMENTS   ID:AXMN1H0LF0VIKWZ           INDN:MONSTERBASS             CO ID:XXXXX98000 CCD,Reconciled,58.13
,08/16/2024,Deposit,,,,SHOPPAYINST AFRM DES:PAYMENTS   ID:AXMN1H0LF0VIKWZ           INDN:MONSTERBASS             CO ID:XXXXX98000 CCD,,58.13
1786,,,,,,,,
,08/19/2024,Deposit,,,Shopify,Shopify          DES:TRANSFER   ID:ST-E7K0L2O3Y0N2           INDN:OUTDOOR PLAYGROUND INC  CO ID:XXXXX48598 CCD,Reconciled,80.55
,08/19/2024,Deposit,,,Shopify,Shopify          DES:TRANSFER   ID:ST-E7K0L2O3Y0N2           INDN:OUTDOOR PLAYGROUND INC  CO ID:XXXXX48598 CCD,,80.55
1787,,,,,,,,
,08/19/2024,Deposit,,,Shopify,Shopify          DES:TRANSFER   ID:ST-G5W2R8P1U7V2           INDN:OUTDOOR PLAYGROUND      CO ID:XXXXX48598 CCD,Reconciled,4088.26
,08/19/2024,Deposit,,,Shopify,Shopify          DES:TRANSFER   ID:ST-G5W2R8P1U7V2           INDN:OUTDOOR PLAYGROUND      CO ID:XXXXX48598 CCD,,4088.26
1788,,,,,,,,
,08/19/2024,Deposit,,,,SHOPPAYINST AFRM DES:PAYMENTS   ID:RPOVUO6LWJESF27           INDN:MONSTERBASS             CO ID:XXXXX98000 CCD,Reconciled,35.55
,08/19/2024,Deposit,,,,SHOPPAYINST AFRM DES:PAYMENTS   ID:RPOVUO6LWJESF27           INDN:MONSTERBASS             CO ID:XXXXX98000 CCD,,35.55
1789,,,,,,,,
,08/19/2024,Deposit,,Stripe,,STRIPE           DES:TRANSFER   ID:ST-S8V7H0I1D9Y0           INDN:RICHARD PATRI           CO ID:XXXXX65600 CCD,Reconciled,533.65
,08/19/2024,Deposit,,Stripe,,STRIPE           DES:TRANSFER   ID:ST-S8V7H0I1D9Y0           INDN:RICHARD PATRI           CO ID:XXXXX65600 CCD,,533.65
1799,,,,,,,,
,08/20/2024,Deposit,,,Shopify,Shopify          DES:TRANSFER   ID:ST-C3H8M2I2K3C4           INDN:OUTDOOR PLAYGROUND INC  CO ID:XXXXX48598 CCD,Reconciled,82.47
,08/20/2024,Deposit,,,Shopify,Shopify          DES:TRANSFER   ID:ST-C3H8M2I2K3C4           INDN:OUTDOOR PLAYGROUND INC  CO ID:XXXXX48598 CCD,,82.47
1801,,,,,,,,
,08/20/2024,Deposit,,,Shopify,Shopify          DES:TRANSFER   ID:ST-R5B7F7U2P9J0           INDN:OUTDOOR PLAYGROUND      CO ID:XXXXX48598 CCD,Reconciled,8063.57
,08/20/2024,Deposit,,,Shopify,Shopify          DES:TRANSFER   ID:ST-R5B7F7U2P9J0           INDN:OUTDOOR PLAYGROUND      CO ID:XXXXX48598 CCD,,8063.57
1803,,,,,,,,
,08/20/2024,Deposit,,,,SHOPPAYINST AFRM DES:PAYMENTS   ID:4WDD60ZN4T4CRRU           INDN:MONSTERBASS             CO ID:XXXXX98000 CCD,Reconciled,222.1
,08/20/2024,Deposit,,,,SHOPPAYINST AFRM DES:PAYMENTS   ID:4WDD60ZN4T4CRRU           INDN:MONSTERBASS             CO ID:XXXXX98000 CCD,,222.1
1804,,,,,,,,
,08/20/2024,Deposit,,,,SHOPPAYINST AFRM DES:PAYMENTS   ID:HFCYB5C02VQZ7TJ           INDN:MONSTERBASS             CO ID:XXXXX98000 CCD,Reconciled,43.83
,08/20/2024,Deposit,,,,SHOPPAYINST AFRM DES:PAYMENTS   ID:HFCYB5C02VQZ7TJ           INDN:MONSTERBASS             CO ID:XXXXX98000 CCD,,43.83
1805,,,,,,,,
,08/20/2024,Deposit,,,,SHOPPAYINST AFRM DES:PAYMENTS   ID:ZPIFDK2PK1AYNDF           INDN:Rick's Tackle Outlet    CO ID:XXXXX98000 CCD,Reconciled,46.24
,08/20/2024,Deposit,,,,SHOPPAYINST AFRM DES:PAYMENTS   ID:ZPIFDK2PK1AYNDF           INDN:Rick's Tackle Outlet    CO ID:XXXXX98000 CCD,,46.24
1807,,,,,,,,
,08/20/2024,Deposit,,Stripe,,STRIPE           DES:TRANSFER   ID:ST-P5J4S0K4Q4G7           INDN:RICHARD PATRI           CO ID:XXXXX65600 CCD,Reconciled,524.76
,08/20/2024,Deposit,,Stripe,,STRIPE           DES:TRANSFER   ID:ST-P5J4S0K4Q4G7           INDN:RICHARD PATRI           CO ID:XXXXX65600 CCD,,524.76
1808,,,,,,,,
,08/20/2024,Deposit,,,,"TikTok Inc       DES:PAYMENT    ID:XXXXXXXXXX04555           INDN:Outdoor Playground Inc  CO ID:XXXXX67522 CCD           PMT INFO:TikTok Shop-USLC7NEW6U, payout ID 345924           XXXXX52932602",Reconciled,43.24
,08/20/2024,Deposit,,,,"TikTok Inc       DES:PAYMENT    ID:XXXXXXXXXX04555           INDN:Outdoor Playground Inc  CO ID:XXXXX67522 CCD           PMT INFO:TikTok Shop-USLC7NEW6U, payout ID 345924           XXXXX52932602",,43.24
1809,,,,,,,,
,08/20/2024,Deposit,,,,"TikTok Inc       DES:PAYMENT    ID:XXXXXXXXXX87871           INDN:Outdoor Playground Inc  CO ID:XXXXX67522 CCD           PMT INFO:TikTok Shop-USLC7NEW6U, payout ID 345924           XXXXX07397370",Reconciled,4.6
,08/20/2024,Deposit,,,,"TikTok Inc       DES:PAYMENT    ID:XXXXXXXXXX87871           INDN:Outdoor Playground Inc  CO ID:XXXXX67522 CCD           PMT INFO:TikTok Shop-USLC7NEW6U, payout ID 345924           XXXXX07397370",,4.6
1811,,,,,,,,
,08/20/2024,Deposit,,,,PAYPAL           DES:TRANSFER   ID:XXXXX78960526             INDN:MAXIMUS OUTDOORS        CO ID:PAYPALSD11 PPD,Reconciled,5569.52
,08/20/2024,Deposit,,,,PAYPAL           DES:TRANSFER   ID:XXXXX78960526             INDN:MAXIMUS OUTDOORS        CO ID:PAYPALSD11 PPD,,5569.52
1813,,,,,,,,
,08/20/2024,Deposit,,,,BKOFAMERICA MOBILE 08/20 XXXXX04130 DEPOSIT                                    *MOBILE       CA,Reconciled,232.61
,08/20/2024,Deposit,,,,BKOFAMERICA MOBILE 08/20 XXXXX04130 DEPOSIT                                    *MOBILE       CA,,232.61
1814,,,,,,,,
,08/20/2024,Deposit,,,,BKOFAMERICA MOBILE 08/20 XXXXX64930 DEPOSIT                                    *MOBILE       CA,Reconciled,642.31
,08/20/2024,Deposit,,,,BKOFAMERICA MOBILE 08/20 XXXXX64930 DEPOSIT                                    *MOBILE       CA,,642.31
1800,,,,,,,,
,08/21/2024,Deposit,,,Shopify,Shopify          DES:TRANSFER   ID:ST-N5R5V8V6I1U3           INDN:OUTDOOR PLAYGROUND      CO ID:XXXXX48598 CCD,Reconciled,2196.78
,08/21/2024,Deposit,,,Shopify,Shopify          DES:TRANSFER   ID:ST-N5R5V8V6I1U3           INDN:OUTDOOR PLAYGROUND      CO ID:XXXXX48598 CCD,,2196.78
1802,,,,,,,,
,08/21/2024,Deposit,,,Shopify,Shopify          DES:TRANSFER   ID:ST-T5B9W5H4A8A3           INDN:OUTDOOR PLAYGROUND INC  CO ID:XXXXX48598 CCD,Reconciled,63.25
,08/21/2024,Deposit,,,Shopify,Shopify          DES:TRANSFER   ID:ST-T5B9W5H4A8A3           INDN:OUTDOOR PLAYGROUND INC  CO ID:XXXXX48598 CCD,,63.25
1806,,,,,,,,
,08/21/2024,Deposit,,Stripe,,STRIPE           DES:TRANSFER   ID:ST-F4E2Q0L6C9Y6           INDN:RICHARD PATRI           CO ID:XXXXX65600 CCD,Reconciled,1456.55
,08/21/2024,Deposit,,Stripe,,STRIPE           DES:TRANSFER   ID:ST-F4E2Q0L6C9Y6           INDN:RICHARD PATRI           CO ID:XXXXX65600 CCD,,1456.55
1812,,,,,,,,
,08/21/2024,Deposit,,,,BKOFAMERICA MOBILE 08/21 XXXXX19906 DEPOSIT                                    *MOBILE       CA,Reconciled,232.61
,08/21/2024,Deposit,,,,BKOFAMERICA MOBILE 08/21 XXXXX19906 DEPOSIT                                    *MOBILE       CA,,232.61
1830,,,,,,,,
,08/22/2024,Deposit,,,,AMAZON.CHIPXHP46 DES:PAYMENTS   ID:3HBKS6P36VN7FJF           INDN:Outdoor Playground Inc  CO ID:XXXXX40102 CCD,Reconciled,473.83
,08/22/2024,Deposit,,,,AMAZON.CHIPXHP46 DES:PAYMENTS   ID:3HBKS6P36VN7FJF           INDN:Outdoor Playground Inc  CO ID:XXXXX40102 CCD,,473.83
1833,,,,,,,,
,08/22/2024,Deposit,,,Shopify,Shopify          DES:TRANSFER   ID:ST-F2X7J1F6Z8U8           INDN:OUTDOOR PLAYGROUND      CO ID:XXXXX48598 CCD,Reconciled,3105.84
,08/22/2024,Deposit,,,Shopify,Shopify          DES:TRANSFER   ID:ST-F2X7J1F6Z8U8           INDN:OUTDOOR PLAYGROUND      CO ID:XXXXX48598 CCD,,3105.84
1834,,,,,,,,
,08/22/2024,Deposit,,Stripe,,STRIPE           DES:TRANSFER   ID:ST-Z3J9L4T9W3F7           INDN:RICHARD PATRI           CO ID:XXXXX65600 CCD,Reconciled,537.69
,08/22/2024,Deposit,,Stripe,,STRIPE           DES:TRANSFER   ID:ST-Z3J9L4T9W3F7           INDN:RICHARD PATRI           CO ID:XXXXX65600 CCD,,537.69
1819,,,,,,,,
,08/23/2024,Deposit,,Stripe,,STRIPE           DES:TRANSFER   ID:ST-F5P5W8R4L1S2           INDN:RICHARD PATRI           CO ID:XXXXX65600 CCD,Reconciled,147.44
,08/23/2024,Deposit,,Stripe,,STRIPE           DES:TRANSFER   ID:ST-F5P5W8R4L1S2           INDN:RICHARD PATRI           CO ID:XXXXX65600 CCD,,147.44
1820,,,,,,,,
,08/23/2024,Deposit,,,Shopify,Shopify          DES:TRANSFER   ID:ST-U8T4V3E4F6F8           INDN:OUTDOOR PLAYGROUND      CO ID:XXXXX48598 CCD,Reconciled,1793.78
,08/23/2024,Deposit,,,Shopify,Shopify          DES:TRANSFER   ID:ST-U8T4V3E4F6F8           INDN:OUTDOOR PLAYGROUND      CO ID:XXXXX48598 CCD,,1793.78
1821,,,,,,,,
,08/23/2024,Deposit,,,Shopify,Shopify          DES:TRANSFER   ID:ST-F9P4V7E0S6O2           INDN:OUTDOOR PLAYGROUND INC  CO ID:XXXXX48598 CCD,Reconciled,4.53
,08/23/2024,Deposit,,,Shopify,Shopify          DES:TRANSFER   ID:ST-F9P4V7E0S6O2           INDN:OUTDOOR PLAYGROUND INC  CO ID:XXXXX48598 CCD,,4.53
1832,,,,,,,,
,08/23/2024,Deposit,,,,"TikTok Inc       DES:PAYMENT    ID:XXXXXXXXXX39430           INDN:Outdoor Playground Inc  CO ID:XXXXX67522 CCD           PMT INFO:TikTok Shop-USLC7NEW6U, payout ID 345925           XXXXX25732602",Reconciled,4.6
,08/23/2024,Deposit,,,,"TikTok Inc       DES:PAYMENT    ID:XXXXXXXXXX39430           INDN:Outdoor Playground Inc  CO ID:XXXXX67522 CCD           PMT INFO:TikTok Shop-USLC7NEW6U, payout ID 345925           XXXXX25732602",,4.6
1823,,,,,,,,
,08/26/2024,Deposit,,,Shopify,Shopify          DES:TRANSFER   ID:ST-U9R8G4Z7X2R7           INDN:OUTDOOR PLAYGROUND INC  CO ID:XXXXX48598 CCD,Reconciled,21.14
,08/26/2024,Deposit,,,Shopify,Shopify          DES:TRANSFER   ID:ST-U9R8G4Z7X2R7           INDN:OUTDOOR PLAYGROUND INC  CO ID:XXXXX48598 CCD,,21.14
1824,,,,,,,,
,08/26/2024,Deposit,,,Shopify,Shopify          DES:TRANSFER   ID:ST-N7Y1K9N0U0Q8           INDN:OUTDOOR PLAYGROUND      CO ID:XXXXX48598 CCD,Reconciled,2042.26
,08/26/2024,Deposit,,,Shopify,Shopify          DES:TRANSFER   ID:ST-N7Y1K9N0U0Q8           INDN:OUTDOOR PLAYGROUND      CO ID:XXXXX48598 CCD,,2042.26
1826,,,,,,,,
,08/26/2024,Deposit,,Stripe,,STRIPE           DES:TRANSFER   ID:ST-I4K7M0R0W4L0           INDN:RICHARD PATRI           CO ID:XXXXX65600 CCD,Reconciled,244.01
,08/26/2024,Deposit,,Stripe,,STRIPE           DES:TRANSFER   ID:ST-I4K7M0R0W4L0           INDN:RICHARD PATRI           CO ID:XXXXX65600 CCD,,244.01
1839,,,,,,,,
,08/27/2024,Deposit,,,Shopify,Shopify          DES:TRANSFER   ID:ST-F2V3W6X5E6P7           INDN:OUTDOOR PLAYGROUND      CO ID:XXXXX48598 CCD,Reconciled,9058.29
,08/27/2024,Deposit,,,Shopify,Shopify          DES:TRANSFER   ID:ST-F2V3W6X5E6P7           INDN:OUTDOOR PLAYGROUND      CO ID:XXXXX48598 CCD,,9058.29
1840,,,,,,,,
,08/27/2024,Deposit,,,Shopify,Shopify          DES:TRANSFER   ID:ST-I1Z6G6E8W5K5           INDN:OUTDOOR PLAYGROUND INC  CO ID:XXXXX48598 CCD,Reconciled,50.19
,08/27/2024,Deposit,,,Shopify,Shopify          DES:TRANSFER   ID:ST-I1Z6G6E8W5K5           INDN:OUTDOOR PLAYGROUND INC  CO ID:XXXXX48598 CCD,,50.19
1841,,,,,,,,
,08/27/2024,Deposit,,Stripe,,STRIPE           DES:TRANSFER   ID:ST-M9M8S2T6V2G8           INDN:RICHARD PATRI           CO ID:XXXXX65600 CCD,Reconciled,546.05
,08/27/2024,Deposit,,Stripe,,STRIPE           DES:TRANSFER   ID:ST-M9M8S2T6V2G8           INDN:RICHARD PATRI           CO ID:XXXXX65600 CCD,,546.05
1846,,,,,,,,
,08/27/2024,Deposit,,,,PAYPAL           DES:TRANSFER   ID:XXXXX20034936             INDN:MAXIMUS OUTDOORS        CO ID:PAYPALSD11 PPD,Reconciled,2861.32
,08/27/2024,Deposit,,,,PAYPAL           DES:TRANSFER   ID:XXXXX20034936             INDN:MAXIMUS OUTDOORS        CO ID:PAYPALSD11 PPD,,2861.32
1847,,,,,,,,
,08/27/2024,Deposit,,,,SHOPPAYINST AFRM DES:PAYMENTS   ID:0IKPS05J6O7GQ9Z           INDN:MONSTERBASS             CO ID:XXXXX98000 CCD,Reconciled,209.96
,08/27/2024,Deposit,,,,SHOPPAYINST AFRM DES:PAYMENTS   ID:0IKPS05J6O7GQ9Z           INDN:MONSTERBASS             CO ID:XXXXX98000 CCD,,209.96
1842,,,,,,,,
,08/28/2024,Deposit,,,Shopify,Shopify          DES:TRANSFER   ID:ST-P7F0P7P9I2Q6           INDN:OUTDOOR PLAYGROUND INC  CO ID:XXXXX48598 CCD,Reconciled,34.31
,08/28/2024,Deposit,,,Shopify,Shopify          DES:TRANSFER   ID:ST-P7F0P7P9I2Q6           INDN:OUTDOOR PLAYGROUND INC  CO ID:XXXXX48598 CCD,,34.31
1843,,,,,,,,
,08/28/2024,Deposit,,Stripe,,STRIPE           DES:TRANSFER   ID:ST-A4L1R9Z2W0M4           INDN:RICHARD PATRI           CO ID:XXXXX65600 CCD,Reconciled,810.38
,08/28/2024,Deposit,,Stripe,,STRIPE           DES:TRANSFER   ID:ST-A4L1R9Z2W0M4           INDN:RICHARD PATRI           CO ID:XXXXX65600 CCD,,810.38
1844,,,,,,,,
,08/28/2024,Deposit,,,Shopify,Shopify          DES:TRANSFER   ID:ST-X2Q0P3J4Y8K3           INDN:OUTDOOR PLAYGROUND      CO ID:XXXXX48598 CCD,Reconciled,2273.9
,08/28/2024,Deposit,,,Shopify,Shopify          DES:TRANSFER   ID:ST-X2Q0P3J4Y8K3           INDN:OUTDOOR PLAYGROUND      CO ID:XXXXX48598 CCD,,2273.9
1850,,,,,,,,
,08/29/2024,Deposit,,,Shopify,Shopify          DES:TRANSFER   ID:ST-B4B5Q2Q4Z5F8           INDN:OUTDOOR PLAYGROUND      CO ID:XXXXX48598 CCD,Reconciled,2226.57
,08/29/2024,Deposit,,,Shopify,Shopify          DES:TRANSFER   ID:ST-B4B5Q2Q4Z5F8           INDN:OUTDOOR PLAYGROUND      CO ID:XXXXX48598 CCD,,2226.57
1851,,,,,,,,
,08/29/2024,Deposit,,,Shopify,Shopify          DES:TRANSFER   ID:ST-W1P9H8K5U6G4           INDN:OUTDOOR PLAYGROUND INC  CO ID:XXXXX48598 CCD,Reconciled,46.7
,08/29/2024,Deposit,,,Shopify,Shopify          DES:TRANSFER   ID:ST-W1P9H8K5U6G4           INDN:OUTDOOR PLAYGROUND INC  CO ID:XXXXX48598 CCD,,46.7
1853,,,,,,,,
,08/29/2024,Deposit,,Stripe,,STRIPE           DES:TRANSFER   ID:ST-G3X6Z3V7Z0V0           INDN:RICHARD PATRI           CO ID:XXXXX65600 CCD,Reconciled,167.1
,08/29/2024,Deposit,,Stripe,,STRIPE           DES:TRANSFER   ID:ST-G3X6Z3V7Z0V0           INDN:RICHARD PATRI           CO ID:XXXXX65600 CCD,,167.1
1855,,,,,,,,
,08/30/2024,Deposit,,,Shopify,Shopify          DES:TRANSFER   ID:ST-V4S7C8I3V3G9           INDN:OUTDOOR PLAYGROUND INC  CO ID:XXXXX48598 CCD,Reconciled,1.31
,08/30/2024,Deposit,,,Shopify,Shopify          DES:TRANSFER   ID:ST-V4S7C8I3V3G9           INDN:OUTDOOR PLAYGROUND INC  CO ID:XXXXX48598 CCD,,1.31
1856,,,,,,,,
,08/30/2024,Deposit,,,Shopify,Shopify          DES:TRANSFER   ID:ST-D2Q3Z8L2Z7X5           INDN:OUTDOOR PLAYGROUND      CO ID:XXXXX48598 CCD,Reconciled,3063.09
,08/30/2024,Deposit,,,Shopify,Shopify          DES:TRANSFER   ID:ST-D2Q3Z8L2Z7X5           INDN:OUTDOOR PLAYGROUND      CO ID:XXXXX48598 CCD,,3063.09
1857,,,,,,,,
,08/30/2024,Deposit,,Stripe,,STRIPE           DES:TRANSFER   ID:ST-J0F1U8V7Y7S7           INDN:RICHARD PATRI           CO ID:XXXXX65600 CCD,Reconciled,726.84
,08/30/2024,Deposit,,Stripe,,STRIPE           DES:TRANSFER   ID:ST-J0F1U8V7Y7S7           INDN:RICHARD PATRI           CO ID:XXXXX65600 CCD,,726.84
1881,,,,,,,,
,09/03/2024,Deposit,,,Shopify,Shopify          DES:TRANSFER   ID:ST-I4N0J1D1R3X8           INDN:OUTDOOR PLAYGROUND INC  CO ID:XXXXX48598 CCD,Reconciled,80.06
,09/03/2024,Deposit,,,Shopify,Shopify          DES:TRANSFER   ID:ST-I4N0J1D1R3X8           INDN:OUTDOOR PLAYGROUND INC  CO ID:XXXXX48598 CCD,,80.06
1882,,,,,,,,
,09/03/2024,Deposit,,,Shopify,Shopify          DES:TRANSFER   ID:ST-L6H4W9L1W9F2           INDN:OUTDOOR PLAYGROUND      CO ID:XXXXX48598 CCD,Reconciled,3297.8
,09/03/2024,Deposit,,,Shopify,Shopify          DES:TRANSFER   ID:ST-L6H4W9L1W9F2           INDN:OUTDOOR PLAYGROUND      CO ID:XXXXX48598 CCD,,3297.8
1885,,,,,,,,
,09/03/2024,Deposit,,,,PAYPAL           DES:TRANSFER   ID:XXXXX69379608             INDN:MAXIMUS OUTDOORS        CO ID:PAYPALSD11 PPD,Reconciled,5775.15
,09/03/2024,Deposit,,,,PAYPAL           DES:TRANSFER   ID:XXXXX69379608             INDN:MAXIMUS OUTDOORS        CO ID:PAYPALSD11 PPD,,5775.15
1887,,,,,,,,
,09/03/2024,Deposit,,Stripe,,STRIPE           DES:TRANSFER   ID:ST-R8L1U1H4D6K5           INDN:RICHARD PATRI           CO ID:XXXXX65600 CCD,Reconciled,120.16
,09/03/2024,Deposit,,Stripe,,STRIPE           DES:TRANSFER   ID:ST-R8L1U1H4D6K5           INDN:RICHARD PATRI           CO ID:XXXXX65600 CCD,,120.16
1888,,,,,,,,
,09/03/2024,Deposit,,,,"TikTok Inc       DES:PAYMENT    ID:XXXXXXXXXX78636           INDN:Outdoor Playground Inc  CO ID:XXXXX67522 CCD           PMT INFO:TikTok Shop-USLC7NEW6U, payout ID 345927           XXXXX27330554",Reconciled,4.22
,09/03/2024,Deposit,,,,"TikTok Inc       DES:PAYMENT    ID:XXXXXXXXXX78636           INDN:Outdoor Playground Inc  CO ID:XXXXX67522 CCD           PMT INFO:TikTok Shop-USLC7NEW6U, payout ID 345927           XXXXX27330554",,4.22
1889,,,,,,,,
,09/03/2024,Deposit,,,,"TikTok Inc       DES:PAYMENT    ID:XXXXXXXXXX94171           INDN:Outdoor Playground Inc  CO ID:XXXXX67522 CCD           PMT INFO:TikTok Shop-USLC7NEW6U, payout ID 345927           XXXXX17696250",Reconciled,4.6
,09/03/2024,Deposit,,,,"TikTok Inc       DES:PAYMENT    ID:XXXXXXXXXX94171           INDN:Outdoor Playground Inc  CO ID:XXXXX67522 CCD           PMT INFO:TikTok Shop-USLC7NEW6U, payout ID 345927           XXXXX17696250",,4.6
1903,,,,,,,,
,09/04/2024,Deposit,,,Shopify,Shopify          DES:TRANSFER   ID:ST-M2H3H2I8X9U7           INDN:OUTDOOR PLAYGROUND INC  CO ID:XXXXX48598 CCD,Reconciled,115.65
,09/04/2024,Deposit,,,Shopify,Shopify          DES:TRANSFER   ID:ST-M2H3H2I8X9U7           INDN:OUTDOOR PLAYGROUND INC  CO ID:XXXXX48598 CCD,,115.65
1907,,,,,,,,
,09/04/2024,Deposit,,Stripe,,STRIPE           DES:TRANSFER   ID:ST-C9I4N0U5T0Y0           INDN:RICHARD PATRI           CO ID:XXXXX65600 CCD,Reconciled,164.81
,09/04/2024,Deposit,,Stripe,,STRIPE           DES:TRANSFER   ID:ST-C9I4N0U5T0Y0           INDN:RICHARD PATRI           CO ID:XXXXX65600 CCD,,164.81
1910,,,,,,,,
,09/04/2024,Deposit,,,Shopify,Shopify          DES:TRANSFER   ID:ST-U4O0G2P4K2D1           INDN:OUTDOOR PLAYGROUND      CO ID:XXXXX48598 CCD,Reconciled,20573.25
,09/04/2024,Deposit,,,Shopify,Shopify          DES:TRANSFER   ID:ST-U4O0G2P4K2D1           INDN:OUTDOOR PLAYGROUND      CO ID:XXXXX48598 CCD,,20573.25
1935,,,,,,,,
,09/04/2024,Deposit,,,,SHOPPAYINST AFRM DES:AutoPay    ID:AHHVZ77GWD3TOV4           INDN:MONSTERBASS             CO ID:394440     CCD,Reconciled,259.27
,09/04/2024,Deposit,,,,SHOPPAYINST AFRM DES:AutoPay    ID:AHHVZ77GWD3TOV4           INDN:MONSTERBASS             CO ID:394440     CCD,,259.27
1937,,,,,,,,
,09/04/2024,Deposit,,,,SHOPPAYINST AFRM DES:PAYMENTS   ID:5P9KMOND1BY8RKR           INDN:MONSTERBASS             CO ID:XXXXX98000 CCD,Reconciled,67.48
,09/04/2024,Deposit,,,,SHOPPAYINST AFRM DES:PAYMENTS   ID:5P9KMOND1BY8RKR           INDN:MONSTERBASS             CO ID:XXXXX98000 CCD,,67.48
1938,,,,,,,,
,09/04/2024,Deposit,,,,SHOPPAYINST AFRM DES:PAYMENTS   ID:FW1R631Z1RWW3FK           INDN:MONSTERBASS             CO ID:XXXXX98000 CCD,Reconciled,78.05
,09/04/2024,Deposit,,,,SHOPPAYINST AFRM DES:PAYMENTS   ID:FW1R631Z1RWW3FK           INDN:MONSTERBASS             CO ID:XXXXX98000 CCD,,78.05
1902,,,,,,,,
,09/05/2024,Deposit,,Stripe,,STRIPE           DES:TRANSFER   ID:ST-R0H5D3Y1V3R0           INDN:RICHARD PATRI           CO ID:XXXXX65600 CCD,Reconciled,4454.36
,09/05/2024,Deposit,,Stripe,,STRIPE           DES:TRANSFER   ID:ST-R0H5D3Y1V3R0           INDN:RICHARD PATRI           CO ID:XXXXX65600 CCD,,4454.36
1904,,,,,,,,
,09/05/2024,Deposit,,,Shopify,Shopify          DES:TRANSFER   ID:ST-Y1B8E7Q6F0W3           INDN:OUTDOOR PLAYGROUND      CO ID:XXXXX48598 CCD,Reconciled,6907.31
,09/05/2024,Deposit,,,Shopify,Shopify          DES:TRANSFER   ID:ST-Y1B8E7Q6F0W3           INDN:OUTDOOR PLAYGROUND      CO ID:XXXXX48598 CCD,,6907.31
1934,,,,,,,,
,09/05/2024,Deposit,,,,AMAZON.C9RI8QVGM DES:PAYMENTS   ID:17YKNR4QR67VEQU           INDN:Outdoor Playground Inc  CO ID:XXXXX40102 CCD,Reconciled,1001.74
,09/05/2024,Deposit,,,,AMAZON.C9RI8QVGM DES:PAYMENTS   ID:17YKNR4QR67VEQU           INDN:Outdoor Playground Inc  CO ID:XXXXX40102 CCD,,1001.74
1936,,,,,,,,
,09/05/2024,Deposit,,,,SHOPPAYINST AFRM DES:PAYMENTS   ID:0WWTMT6DOWODN2P           INDN:MONSTERBASS             CO ID:XXXXX98000 CCD,Reconciled,81.97
,09/05/2024,Deposit,,,,SHOPPAYINST AFRM DES:PAYMENTS   ID:0WWTMT6DOWODN2P           INDN:MONSTERBASS             CO ID:XXXXX98000 CCD,,81.97
1941,,,,,,,,
,09/05/2024,Deposit,,,,AMAZONCOMCA INC  DES:PAYMENT    ID:KO83USCEDJZW              INDN:Outdoor Playground Inc  CO ID:XXXXX70001 IAT           PMT INFO: BUS XXXXXXXXXXXXXXX395                            FOR MORE INFORMATION CONTACT CUSTOMER SERVICE,Reconciled,3.95
,09/05/2024,Deposit,,,,AMAZONCOMCA INC  DES:PAYMENT    ID:KO83USCEDJZW              INDN:Outdoor Playground Inc  CO ID:XXXXX70001 IAT           PMT INFO: BUS XXXXXXXXXXXXXXX395                            FOR MORE INFORMATION CONTACT CUSTOMER SERVICE,,3.95
1906,,,,,,,,
,09/06/2024,Deposit,,,Shopify,Shopify          DES:TRANSFER   ID:ST-Y8W3J3W4T4T7           INDN:OUTDOOR PLAYGROUND      CO ID:XXXXX48598 CCD,Reconciled,2609.81
,09/06/2024,Deposit,,,Shopify,Shopify          DES:TRANSFER   ID:ST-Y8W3J3W4T4T7           INDN:OUTDOOR PLAYGROUND      CO ID:XXXXX48598 CCD,,2609.81
1908,,,,,,,,
,09/06/2024,Deposit,,,Shopify,Shopify          DES:TRANSFER   ID:ST-S4J0Q0J8X2F8           INDN:OUTDOOR PLAYGROUND INC  CO ID:XXXXX48598 CCD,Reconciled,62.31
,09/06/2024,Deposit,,,Shopify,Shopify          DES:TRANSFER   ID:ST-S4J0Q0J8X2F8           INDN:OUTDOOR PLAYGROUND INC  CO ID:XXXXX48598 CCD,,62.31
1909,,,,,,,,
,09/06/2024,Deposit,,Stripe,,STRIPE           DES:TRANSFER   ID:ST-Q9J6I2S2U8P0           INDN:RICHARD PATRI           CO ID:XXXXX65600 CCD,Reconciled,472.95
,09/06/2024,Deposit,,Stripe,,STRIPE           DES:TRANSFER   ID:ST-Q9J6I2S2U8P0           INDN:RICHARD PATRI           CO ID:XXXXX65600 CCD,,472.95
1939,,,,,,,,
,09/06/2024,Deposit,,,,SHOPPAYINST AFRM DES:PAYMENTS   ID:SHWFDOR3DI4LED3           INDN:MONSTERBASS             CO ID:XXXXX98000 CCD,Reconciled,57.89
,09/06/2024,Deposit,,,,SHOPPAYINST AFRM DES:PAYMENTS   ID:SHWFDOR3DI4LED3           INDN:MONSTERBASS             CO ID:XXXXX98000 CCD,,57.89
1947,,,,,,,,
,09/09/2024,Deposit,,,Shopify,Shopify          DES:TRANSFER   ID:ST-M1E8G8D8P7W4           INDN:OUTDOOR PLAYGROUND      CO ID:XXXXX48598 CCD,Reconciled,3071.4
,09/09/2024,Deposit,,,Shopify,Shopify          DES:TRANSFER   ID:ST-M1E8G8D8P7W4           INDN:OUTDOOR PLAYGROUND      CO ID:XXXXX48598 CCD,,3071.4
1951,,,,,,,,
,09/09/2024,Deposit,,Stripe,,STRIPE           DES:TRANSFER   ID:ST-L1R8W3A2V1U3           INDN:RICHARD PATRI           CO ID:XXXXX65600 CCD,Reconciled,866.91
,09/09/2024,Deposit,,Stripe,,STRIPE           DES:TRANSFER   ID:ST-L1R8W3A2V1U3           INDN:RICHARD PATRI           CO ID:XXXXX65600 CCD,,866.91
1952,,,,,,,,
,09/09/2024,Deposit,,,Shopify,Shopify          DES:TRANSFER   ID:ST-M7M4N2V7Q7I2           INDN:OUTDOOR PLAYGROUND INC  CO ID:XXXXX48598 CCD,Reconciled,22.5
,09/09/2024,Deposit,,,Shopify,Shopify          DES:TRANSFER   ID:ST-M7M4N2V7Q7I2           INDN:OUTDOOR PLAYGROUND INC  CO ID:XXXXX48598 CCD,,22.5
1959,,,,,,,,
,09/09/2024,Deposit,,,,AMAZON.CIGLIAJOC DES:PAYMENTS   ID:3LZ4NO1QE0FAVLF           INDN:Outdoor Playground Inc  CO ID:XXXXX40102 CCD,Reconciled,18.42
,09/09/2024,Deposit,,,,AMAZON.CIGLIAJOC DES:PAYMENTS   ID:3LZ4NO1QE0FAVLF           INDN:Outdoor Playground Inc  CO ID:XXXXX40102 CCD,,18.42
1963,,,,,,,,
,09/09/2024,Deposit,,,,SHOPPAYINST AFRM DES:PAYMENTS   ID:E8KY56LOJX7WE5G           INDN:MONSTERBASS             CO ID:XXXXX98000 CCD,Reconciled,50.91
,09/09/2024,Deposit,,,,SHOPPAYINST AFRM DES:PAYMENTS   ID:E8KY56LOJX7WE5G           INDN:MONSTERBASS             CO ID:XXXXX98000 CCD,,50.91
1945,,,,,,,,
,09/10/2024,Deposit,,,Shopify,Shopify          DES:TRANSFER   ID:ST-Y1E7W8Y9D7K5           INDN:OUTDOOR PLAYGROUND INC  CO ID:XXXXX48598 CCD,Reconciled,78.15
,09/10/2024,Deposit,,,Shopify,Shopify          DES:TRANSFER   ID:ST-Y1E7W8Y9D7K5           INDN:OUTDOOR PLAYGROUND INC  CO ID:XXXXX48598 CCD,,78.15
1948,,,,,,,,
,09/10/2024,Deposit,,Stripe,,STRIPE           DES:TRANSFER   ID:ST-O0D0W2C0C3C6           INDN:RICHARD PATRI           CO ID:XXXXX65600 CCD,Reconciled,3513.86
,09/10/2024,Deposit,,Stripe,,STRIPE           DES:TRANSFER   ID:ST-O0D0W2C0C3C6           INDN:RICHARD PATRI           CO ID:XXXXX65600 CCD,,3513.86
1950,,,,,,,,
,09/10/2024,Deposit,,,Shopify,Shopify          DES:TRANSFER   ID:ST-K9P8I8Z9W3C1           INDN:OUTDOOR PLAYGROUND      CO ID:XXXXX48598 CCD,Reconciled,11969.07
,09/10/2024,Deposit,,,Shopify,Shopify          DES:TRANSFER   ID:ST-K9P8I8Z9W3C1           INDN:OUTDOOR PLAYGROUND      CO ID:XXXXX48598 CCD,,11969.07
1960,,,,,,,,
,09/10/2024,Deposit,,,,PAYPAL           DES:TRANSFER   ID:XXXXX19061464             INDN:MAXIMUS OUTDOORS        CO ID:PAYPALSD11 PPD,Reconciled,4792.7
,09/10/2024,Deposit,,,,PAYPAL           DES:TRANSFER   ID:XXXXX19061464             INDN:MAXIMUS OUTDOORS        CO ID:PAYPALSD11 PPD,,4792.7
1962,,,,,,,,
,09/10/2024,Deposit,,,,SHOPPAYINST AFRM DES:PAYMENTS   ID:3TAD0EIF0CTWXWU           INDN:MONSTERBASS             CO ID:XXXXX98000 CCD,Reconciled,58
,09/10/2024,Deposit,,,,SHOPPAYINST AFRM DES:PAYMENTS   ID:3TAD0EIF0CTWXWU           INDN:MONSTERBASS             CO ID:XXXXX98000 CCD,,58
1964,,,,,,,,
,09/10/2024,Deposit,,,,"TikTok Shop      DES:XXXXX95201 ID:USLC7NEW6U,               INDN:Outdoor Playground Inc  CO ID:XXXXX92853 CCD           PMT INFO:USLC7NEW6U,",Reconciled,38.64
,09/10/2024,Deposit,,,,"TikTok Shop      DES:XXXXX95201 ID:USLC7NEW6U,               INDN:Outdoor Playground Inc  CO ID:XXXXX92853 CCD           PMT INFO:USLC7NEW6U,",,38.64
1965,,,,,,,,
,09/10/2024,Deposit,,,,"TikTok Inc       DES:PAYMENT    ID:XXXXXXXXXX41941           INDN:Outdoor Playground Inc  CO ID:XXXXX67522 CCD           PMT INFO:TikTok Shop-USLC7NEW6U, payout ID 345928           XXXXX38881530",Reconciled,4.6
,09/10/2024,Deposit,,,,"TikTok Inc       DES:PAYMENT    ID:XXXXXXXXXX41941           INDN:Outdoor Playground Inc  CO ID:XXXXX67522 CCD           PMT INFO:TikTok Shop-USLC7NEW6U, payout ID 345928           XXXXX38881530",,4.6
1967,,,,,,,,
,09/11/2024,Deposit,,Stripe,,STRIPE           DES:TRANSFER   ID:ST-W9K7I2D0C8E8           INDN:RICHARD PATRI           CO ID:XXXXX65600 CCD,Reconciled,2166.24
,09/11/2024,Deposit,,Stripe,,STRIPE           DES:TRANSFER   ID:ST-W9K7I2D0C8E8           INDN:RICHARD PATRI           CO ID:XXXXX65600 CCD,,2166.24
1970,,,,,,,,
,09/11/2024,Deposit,,,Shopify,Shopify          DES:TRANSFER   ID:ST-X4Y9S3P8E6F5           INDN:OUTDOOR PLAYGROUND      CO ID:XXXXX48598 CCD,Reconciled,1374.96
,09/11/2024,Deposit,,,Shopify,Shopify          DES:TRANSFER   ID:ST-X4Y9S3P8E6F5           INDN:OUTDOOR PLAYGROUND      CO ID:XXXXX48598 CCD,,1374.96
1976,,,,,,,,
,09/12/2024,Deposit,,,Shopify,Shopify          DES:TRANSFER   ID:ST-G5S3M9C4J0J2           INDN:OUTDOOR PLAYGROUND      CO ID:XXXXX48598 CCD,Reconciled,2630.95
,09/12/2024,Deposit,,,Shopify,Shopify          DES:TRANSFER   ID:ST-G5S3M9C4J0J2           INDN:OUTDOOR PLAYGROUND      CO ID:XXXXX48598 CCD,,2630.95
1977,,,,,,,,
,09/12/2024,Deposit,,,Shopify,Shopify          DES:TRANSFER   ID:ST-J1F4D5K5S3S0           INDN:OUTDOOR PLAYGROUND INC  CO ID:XXXXX48598 CCD,Reconciled,0.72
,09/12/2024,Deposit,,,Shopify,Shopify          DES:TRANSFER   ID:ST-J1F4D5K5S3S0           INDN:OUTDOOR PLAYGROUND INC  CO ID:XXXXX48598 CCD,,0.72
1978,,,,,,,,
,09/12/2024,Deposit,,Stripe,,STRIPE           DES:TRANSFER   ID:ST-C1N3P7B7P2P8           INDN:RICHARD PATRI           CO ID:XXXXX65600 CCD,Reconciled,313.83
,09/12/2024,Deposit,,Stripe,,STRIPE           DES:TRANSFER   ID:ST-C1N3P7B7P2P8           INDN:RICHARD PATRI           CO ID:XXXXX65600 CCD,,313.83
1979,,,,,,,,
,09/13/2024,Deposit,,Stripe,,STRIPE           DES:TRANSFER   ID:ST-F9S5H2J4M0Z7           INDN:RICHARD PATRI           CO ID:XXXXX65600 CCD,Reconciled,818.47
,09/13/2024,Deposit,,Stripe,,STRIPE           DES:TRANSFER   ID:ST-F9S5H2J4M0Z7           INDN:RICHARD PATRI           CO ID:XXXXX65600 CCD,,818.47
1980,,,,,,,,
,09/13/2024,Deposit,,,Shopify,Shopify          DES:TRANSFER   ID:ST-Y0P0L7C6C3J5           INDN:OUTDOOR PLAYGROUND      CO ID:XXXXX48598 CCD,Reconciled,4002.46
,09/13/2024,Deposit,,,Shopify,Shopify          DES:TRANSFER   ID:ST-Y0P0L7C6C3J5           INDN:OUTDOOR PLAYGROUND      CO ID:XXXXX48598 CCD,,4002.46
1981,,,,,,,,
,09/13/2024,Deposit,,,Shopify,Shopify          DES:TRANSFER   ID:ST-R4Z7D5H3G8U2           INDN:OUTDOOR PLAYGROUND INC  CO ID:XXXXX48598 CCD,Reconciled,49.23
,09/13/2024,Deposit,,,Shopify,Shopify          DES:TRANSFER   ID:ST-R4Z7D5H3G8U2           INDN:OUTDOOR PLAYGROUND INC  CO ID:XXXXX48598 CCD,,49.23
1991,,,,,,,,
,09/13/2024,Deposit,,,,"WIRE TYPE:WIRE IN DATE: 240913 TIME:1218 ET                 TRN:XXXXXXXXXX403655 SEQ:XXXXXXXXXX097490/011307            ORIG:PLASTIQ C ID:O FINXERA SND BK:WELLS FARGO BAN          K, NA ID:XXXXX0248 PMT DET:FXXXXX7216 INVOICE 5568          69 SGES LLC DBA WARRIORS TACKLE SUPPLY INVOICE 556",Reconciled,1745.8
,09/13/2024,Deposit,,,,"WIRE TYPE:WIRE IN DATE: 240913 TIME:1218 ET                 TRN:XXXXXXXXXX403655 SEQ:XXXXXXXXXX097490/011307            ORIG:PLASTIQ C ID:O FINXERA SND BK:WELLS FARGO BAN          K, NA ID:XXXXX0248 PMT DET:FXXXXX7216 INVOICE 5568          69 SGES LLC DBA WARRIORS TACKLE SUPPLY INVOICE 556",,1745.8
1986,,,,,,,,
,09/16/2024,Deposit,,,Shopify,Shopify          DES:TRANSFER   ID:ST-S5T9W5I3C1B7           INDN:OUTDOOR PLAYGROUND      CO ID:XXXXX48598 CCD,Reconciled,3802.88
,09/16/2024,Deposit,,,Shopify,Shopify          DES:TRANSFER   ID:ST-S5T9W5I3C1B7           INDN:OUTDOOR PLAYGROUND      CO ID:XXXXX48598 CCD,,3802.88
1987,,,,,,,,
,09/16/2024,Deposit,,,Shopify,SHOPIFY          DES:TRANSFER   ID:BASS365                   INDN:OUTDOOR PLAYGROUND INC  CO ID:SHOPIFYPMT WEB,Reconciled,22.1
,09/16/2024,Deposit,,,Shopify,SHOPIFY          DES:TRANSFER   ID:BASS365                   INDN:OUTDOOR PLAYGROUND INC  CO ID:SHOPIFYPMT WEB,,22.1
1990,,,,,,,,
,09/16/2024,Deposit,,Stripe,,STRIPE           DES:TRANSFER   ID:ST-V8B2Y9W5A9V1           INDN:RICHARD PATRI           CO ID:XXXXX65600 CCD,Reconciled,564.59
,09/16/2024,Deposit,,Stripe,,STRIPE           DES:TRANSFER   ID:ST-V8B2Y9W5A9V1           INDN:RICHARD PATRI           CO ID:XXXXX65600 CCD,,564.59
1992,,,,,,,,
,09/16/2024,Deposit,,,,SHOPPAYINST AFRM DES:PAYMENTS   ID:BQMFRR519TZE811           INDN:MONSTERBASS             CO ID:XXXXX98000 CCD,Reconciled,304.22
,09/16/2024,Deposit,,,,SHOPPAYINST AFRM DES:PAYMENTS   ID:BQMFRR519TZE811           INDN:MONSTERBASS             CO ID:XXXXX98000 CCD,,304.22
1999,,,,,,,,
,09/17/2024,Deposit,,,Shopify,Shopify          DES:TRANSFER   ID:ST-P1C4O8M1A0T9           INDN:OUTDOOR PLAYGROUND INC  CO ID:XXXXX48598 CCD,Reconciled,9.99
,09/17/2024,Deposit,,,Shopify,Shopify          DES:TRANSFER   ID:ST-P1C4O8M1A0T9           INDN:OUTDOOR PLAYGROUND INC  CO ID:XXXXX48598 CCD,,9.99
2000,,,,,,,,
,09/17/2024,Deposit,,,Shopify,Shopify          DES:TRANSFER   ID:ST-E5O6V7Q7K6P0           INDN:OUTDOOR PLAYGROUND      CO ID:XXXXX48598 CCD,Reconciled,9283.65
,09/17/2024,Deposit,,,Shopify,Shopify          DES:TRANSFER   ID:ST-E5O6V7Q7K6P0           INDN:OUTDOOR PLAYGROUND      CO ID:XXXXX48598 CCD,,9283.65
2001,,,,,,,,
,09/17/2024,Deposit,,Stripe,,STRIPE           DES:TRANSFER   ID:ST-E0E4S1I7E2V9           INDN:RICHARD PATRI           CO ID:XXXXX65600 CCD,Reconciled,461.75
,09/17/2024,Deposit,,Stripe,,STRIPE           DES:TRANSFER   ID:ST-E0E4S1I7E2V9           INDN:RICHARD PATRI           CO ID:XXXXX65600 CCD,,461.75
2006,,,,,,,,
,09/17/2024,Deposit,,,,PAYPAL           DES:TRANSFER   ID:XXXXX65518647             INDN:MAXIMUS OUTDOORS        CO ID:PAYPALSD11 PPD,Reconciled,3363.19
,09/17/2024,Deposit,,,,PAYPAL           DES:TRANSFER   ID:XXXXX65518647             INDN:MAXIMUS OUTDOORS        CO ID:PAYPALSD11 PPD,,3363.19
2008,,,,,,,,
,09/17/2024,Deposit,,,,SHOPPAYINST AFRM DES:PAYMENTS   ID:GJFZVY8GKT2F36X           INDN:MONSTERBASS             CO ID:XXXXX98000 CCD,Reconciled,50.72
,09/17/2024,Deposit,,,,SHOPPAYINST AFRM DES:PAYMENTS   ID:GJFZVY8GKT2F36X           INDN:MONSTERBASS             CO ID:XXXXX98000 CCD,,50.72
1998,,,,,,,,
,09/18/2024,Deposit,,Stripe,,STRIPE           DES:TRANSFER   ID:ST-M6X3J0Z1W3W0           INDN:RICHARD PATRI           CO ID:XXXXX65600 CCD,Reconciled,1687.8
,09/18/2024,Deposit,,Stripe,,STRIPE           DES:TRANSFER   ID:ST-M6X3J0Z1W3W0           INDN:RICHARD PATRI           CO ID:XXXXX65600 CCD,,1687.8
2002,,,,,,,,
,09/18/2024,Deposit,,,Shopify,Shopify          DES:TRANSFER   ID:ST-S2S2D3J0D1D0           INDN:OUTDOOR PLAYGROUND      CO ID:XXXXX48598 CCD,Reconciled,3338.64
,09/18/2024,Deposit,,,Shopify,Shopify          DES:TRANSFER   ID:ST-S2S2D3J0D1D0           INDN:OUTDOOR PLAYGROUND      CO ID:XXXXX48598 CCD,,3338.64
2005,,,,,,,,
,09/18/2024,Deposit,,,,BKOFAMERICA MOBILE 09/18 XXXXX73997 DEPOSIT                                    *MOBILE       CA,Reconciled,846.98
,09/18/2024,Deposit,,,,BKOFAMERICA MOBILE 09/18 XXXXX73997 DEPOSIT                                    *MOBILE       CA,,846.98
2016,,,,,,,,
,09/19/2024,Deposit,,,,AMAZON.CDIBRCJAJ DES:PAYMENTS   ID:329M0UNRM2PMLJC           INDN:Outdoor Playground Inc  CO ID:XXXXX40102 CCD,Reconciled,301.15
,09/19/2024,Deposit,,,,AMAZON.CDIBRCJAJ DES:PAYMENTS   ID:329M0UNRM2PMLJC           INDN:Outdoor Playground Inc  CO ID:XXXXX40102 CCD,,301.15
2017,,,,,,,,
,09/19/2024,Deposit,,,,AMAZONCOMCA INC  DES:PAYMENT    ID:KO8HUSCG359L              INDN:Outdoor Playground Inc  CO ID:XXXXX70001 IAT           PMT INFO: BUS XXXXXXXXXX00005992                            FOR MORE INFORMATION CONTACT CUSTOMER SERVICE,Reconciled,59.92
,09/19/2024,Deposit,,,,AMAZONCOMCA INC  DES:PAYMENT    ID:KO8HUSCG359L              INDN:Outdoor Playground Inc  CO ID:XXXXX70001 IAT           PMT INFO: BUS XXXXXXXXXX00005992                            FOR MORE INFORMATION CONTACT CUSTOMER SERVICE,,59.92
2018,,,,,,,,
,09/19/2024,Deposit,,,Shopify,Shopify          DES:TRANSFER   ID:ST-K3P7X3F8S5M7           INDN:OUTDOOR PLAYGROUND      CO ID:XXXXX48598 CCD,Reconciled,2448.52
,09/19/2024,Deposit,,,Shopify,Shopify          DES:TRANSFER   ID:ST-K3P7X3F8S5M7           INDN:OUTDOOR PLAYGROUND      CO ID:XXXXX48598 CCD,,2448.52
2019,,,,,,,,
,09/19/2024,Deposit,,,Shopify,Shopify          DES:TRANSFER   ID:ST-O0R8P8S7F5T0           INDN:OUTDOOR PLAYGROUND INC  CO ID:XXXXX48598 CCD,Reconciled,2.93
,09/19/2024,Deposit,,,Shopify,Shopify          DES:TRANSFER   ID:ST-O0R8P8S7F5T0           INDN:OUTDOOR PLAYGROUND INC  CO ID:XXXXX48598 CCD,,2.93
2020,,,,,,,,
,09/19/2024,Deposit,,,,SHOPPAYINST AFRM DES:PAYMENTS   ID:S2L1WV9PBF6I7UC           INDN:MONSTERBASS             CO ID:XXXXX98000 CCD,Reconciled,81.91
,09/19/2024,Deposit,,,,SHOPPAYINST AFRM DES:PAYMENTS   ID:S2L1WV9PBF6I7UC           INDN:MONSTERBASS             CO ID:XXXXX98000 CCD,,81.91
2021,,,,,,,,
,09/19/2024,Deposit,,Stripe,,STRIPE           DES:TRANSFER   ID:ST-O2U4H1Z2V9H7           INDN:RICHARD PATRI           CO ID:XXXXX65600 CCD,Reconciled,376.32
,09/19/2024,Deposit,,Stripe,,STRIPE           DES:TRANSFER   ID:ST-O2U4H1Z2V9H7           INDN:RICHARD PATRI           CO ID:XXXXX65600 CCD,,376.32
2022,,,,,,,,
,09/19/2024,Deposit,,,,"TikTok Inc       DES:PAYMENT    ID:XXXXXXXXXX78587           INDN:Outdoor Playground Inc  CO ID:XXXXX67522 CCD           PMT INFO:TikTok Shop-USLC7NEW6U, payout ID 345931           XXXXX37606650",Reconciled,38
,09/19/2024,Deposit,,,,"TikTok Inc       DES:PAYMENT    ID:XXXXXXXXXX78587           INDN:Outdoor Playground Inc  CO ID:XXXXX67522 CCD           PMT INFO:TikTok Shop-USLC7NEW6U, payout ID 345931           XXXXX37606650",,38
2023,,,,,,,,
,09/20/2024,Deposit,,,Shopify,Shopify          DES:TRANSFER   ID:ST-B0E7K0A7J9N5           INDN:OUTDOOR PLAYGROUND      CO ID:XXXXX48598 CCD,Reconciled,2128.28
,09/20/2024,Deposit,,,Shopify,Shopify          DES:TRANSFER   ID:ST-B0E7K0A7J9N5           INDN:OUTDOOR PLAYGROUND      CO ID:XXXXX48598 CCD,,2128.28
2024,,,,,,,,
,09/20/2024,Deposit,,Stripe,,STRIPE           DES:TRANSFER   ID:ST-F7G0S9M9N3V2           INDN:RICHARD PATRI           CO ID:XXXXX65600 CCD,Reconciled,328.25
,09/20/2024,Deposit,,Stripe,,STRIPE           DES:TRANSFER   ID:ST-F7G0S9M9N3V2           INDN:RICHARD PATRI           CO ID:XXXXX65600 CCD,,328.25
2026,,,,,,,,
,09/20/2024,Deposit,,,Shopify,Shopify          DES:TRANSFER   ID:ST-S4C5Q7U6M3H9           INDN:OUTDOOR PLAYGROUND INC  CO ID:XXXXX48598 CCD,Reconciled,7.7
,09/20/2024,Deposit,,,Shopify,Shopify          DES:TRANSFER   ID:ST-S4C5Q7U6M3H9           INDN:OUTDOOR PLAYGROUND INC  CO ID:XXXXX48598 CCD,,7.7
2030,,,,,,,,
,09/23/2024,Deposit,,,Shopify,Shopify          DES:TRANSFER   ID:ST-E1D5N9I3A7E5           INDN:OUTDOOR PLAYGROUND      CO ID:XXXXX48598 CCD,Reconciled,2214.42
,09/23/2024,Deposit,,,Shopify,Shopify          DES:TRANSFER   ID:ST-E1D5N9I3A7E5           INDN:OUTDOOR PLAYGROUND      CO ID:XXXXX48598 CCD,,2214.42
2032,,,,,,,,
,09/23/2024,Deposit,,Stripe,,STRIPE           DES:TRANSFER   ID:ST-U9H2N9L1F0C3           INDN:RICHARD PATRI           CO ID:XXXXX65600 CCD,Reconciled,291.61
,09/23/2024,Deposit,,Stripe,,STRIPE           DES:TRANSFER   ID:ST-U9H2N9L1F0C3           INDN:RICHARD PATRI           CO ID:XXXXX65600 CCD,,291.61
2046,,,,,,,,
,09/23/2024,Deposit,,,,"TikTok Inc       DES:PAYMENT    ID:XXXXXXXXXX18530           INDN:Outdoor Playground Inc  CO ID:XXXXX67522 CCD           PMT INFO:TikTok Shop-USLC7NEW6U, payout ID 345932           XXXXX59215866",Reconciled,38.76
,09/23/2024,Deposit,,,,"TikTok Inc       DES:PAYMENT    ID:XXXXXXXXXX18530           INDN:Outdoor Playground Inc  CO ID:XXXXX67522 CCD           PMT INFO:TikTok Shop-USLC7NEW6U, payout ID 345932           XXXXX59215866",,38.76
2038,,,,,,,,
,09/24/2024,Deposit,,Stripe,,STRIPE           DES:TRANSFER   ID:ST-M8S6C0R1V9R6           INDN:RICHARD PATRI           CO ID:XXXXX65600 CCD,Reconciled,1144.13
,09/24/2024,Deposit,,Stripe,,STRIPE           DES:TRANSFER   ID:ST-M8S6C0R1V9R6           INDN:RICHARD PATRI           CO ID:XXXXX65600 CCD,,1144.13
2039,,,,,,,,
,09/24/2024,Deposit,,,Shopify,Shopify          DES:TRANSFER   ID:ST-O0B0E7J0Y8I9           INDN:OUTDOOR PLAYGROUND INC  CO ID:XXXXX48598 CCD,Reconciled,24.62
,09/24/2024,Deposit,,,Shopify,Shopify          DES:TRANSFER   ID:ST-O0B0E7J0Y8I9           INDN:OUTDOOR PLAYGROUND INC  CO ID:XXXXX48598 CCD,,24.62
2040,,,,,,,,
,09/24/2024,Deposit,,,Shopify,Shopify          DES:TRANSFER   ID:ST-M2O9G2A8X5D1           INDN:OUTDOOR PLAYGROUND      CO ID:XXXXX48598 CCD,Reconciled,10182.65
,09/24/2024,Deposit,,,Shopify,Shopify          DES:TRANSFER   ID:ST-M2O9G2A8X5D1           INDN:OUTDOOR PLAYGROUND      CO ID:XXXXX48598 CCD,,10182.65
2044,,,,,,,,
,09/24/2024,Deposit,,,,PAYPAL           DES:TRANSFER   ID:XXXXX08343465             INDN:MAXIMUS OUTDOORS        CO ID:PAYPALSD11 PPD,Reconciled,3457.55
,09/24/2024,Deposit,,,,PAYPAL           DES:TRANSFER   ID:XXXXX08343465             INDN:MAXIMUS OUTDOORS        CO ID:PAYPALSD11 PPD,,3457.55
2045,,,,,,,,
,09/24/2024,Deposit,,,,SHOPPAYINST AFRM DES:PAYMENTS   ID:CEQUNS7L1ZLQTNM           INDN:MONSTERBASS             CO ID:XXXXX98000 CCD,Reconciled,56.12
,09/24/2024,Deposit,,,,SHOPPAYINST AFRM DES:PAYMENTS   ID:CEQUNS7L1ZLQTNM           INDN:MONSTERBASS             CO ID:XXXXX98000 CCD,,56.12
2047,,,,,,,,
,09/24/2024,Deposit,,,,"TikTok Inc       DES:PAYMENT    ID:XXXXXXXXXX39094           INDN:Outdoor Playground Inc  CO ID:XXXXX67522 CCD           PMT INFO:TikTok Shop-USLC7NEW6U, payout ID 345932           XXXXX79342842",Reconciled,38.64
,09/24/2024,Deposit,,,,"TikTok Inc       DES:PAYMENT    ID:XXXXXXXXXX39094           INDN:Outdoor Playground Inc  CO ID:XXXXX67522 CCD           PMT INFO:TikTok Shop-USLC7NEW6U, payout ID 345932           XXXXX79342842",,38.64
2050,,,,,,,,
,09/25/2024,Deposit,,Stripe,,STRIPE           DES:TRANSFER   ID:ST-R2U5Q0S1T8I5           INDN:RICHARD PATRI           CO ID:XXXXX65600 CCD,Reconciled,1148.61
,09/25/2024,Deposit,,Stripe,,STRIPE           DES:TRANSFER   ID:ST-R2U5Q0S1T8I5           INDN:RICHARD PATRI           CO ID:XXXXX65600 CCD,,1148.61
2052,,,,,,,,
,09/25/2024,Deposit,,,Shopify,Shopify          DES:TRANSFER   ID:ST-Y5F1J4W4S7Y3           INDN:OUTDOOR PLAYGROUND      CO ID:XXXXX48598 CCD,Reconciled,3677.14
,09/25/2024,Deposit,,,Shopify,Shopify          DES:TRANSFER   ID:ST-Y5F1J4W4S7Y3           INDN:OUTDOOR PLAYGROUND      CO ID:XXXXX48598 CCD,,3677.14
2054,,,,,,,,
,09/25/2024,Deposit,,,Shopify,Shopify          DES:TRANSFER   ID:ST-X1T7S3G0M1O4           INDN:OUTDOOR PLAYGROUND INC  CO ID:XXXXX48598 CCD,Reconciled,26.58
,09/25/2024,Deposit,,,Shopify,Shopify          DES:TRANSFER   ID:ST-X1T7S3G0M1O4           INDN:OUTDOOR PLAYGROUND INC  CO ID:XXXXX48598 CCD,,26.58
2048,,,,,,,,
,09/26/2024,Deposit,,,Shopify,SHOPIFY          DES:TRANSFER   ID:BASS365                   INDN:OUTDOOR PLAYGROUND INC  CO ID:SHOPIFYPMT WEB,Reconciled,5.15
,09/26/2024,Deposit,,,Shopify,SHOPIFY          DES:TRANSFER   ID:BASS365                   INDN:OUTDOOR PLAYGROUND INC  CO ID:SHOPIFYPMT WEB,,5.15
2051,,,,,,,,
,09/26/2024,Deposit,,Stripe,,STRIPE           DES:TRANSFER   ID:ST-P4X1G5O1N2S0           INDN:RICHARD PATRI           CO ID:XXXXX65600 CCD,Reconciled,375.74
,09/26/2024,Deposit,,Stripe,,STRIPE           DES:TRANSFER   ID:ST-P4X1G5O1N2S0           INDN:RICHARD PATRI           CO ID:XXXXX65600 CCD,,375.74
2055,,,,,,,,
,09/26/2024,Deposit,,,Shopify,Shopify          DES:TRANSFER   ID:ST-C8L2P6P2H4P6           INDN:OUTDOOR PLAYGROUND      CO ID:XXXXX48598 CCD,Reconciled,2832.4
,09/26/2024,Deposit,,,Shopify,Shopify          DES:TRANSFER   ID:ST-C8L2P6P2H4P6           INDN:OUTDOOR PLAYGROUND      CO ID:XXXXX48598 CCD,,2832.4
2064,,,,,,,,
,09/26/2024,Deposit,,,,BKOFAMERICA MOBILE 09/26 XXXXX22641 DEPOSIT                                    *MOBILE       CA,Reconciled,1549.43
,09/26/2024,Deposit,,,,BKOFAMERICA MOBILE 09/26 XXXXX22641 DEPOSIT                                    *MOBILE       CA,,1549.43
2066,,,,,,,,
,09/26/2024,Deposit,,,,SHOPPAYINST AFRM DES:PAYMENTS   ID:C810A5JT7LTOQ2M           INDN:MONSTERBASS             CO ID:XXXXX98000 CCD,Reconciled,65.92
,09/26/2024,Deposit,,,,SHOPPAYINST AFRM DES:PAYMENTS   ID:C810A5JT7LTOQ2M           INDN:MONSTERBASS             CO ID:XXXXX98000 CCD,,65.92
2056,,,,,,,,
,09/27/2024,Deposit,,Stripe,,STRIPE           DES:TRANSFER   ID:ST-I1O9L9I3L8Q2           INDN:RICHARD PATRI           CO ID:XXXXX65600 CCD,Reconciled,580.67
,09/27/2024,Deposit,,Stripe,,STRIPE           DES:TRANSFER   ID:ST-I1O9L9I3L8Q2           INDN:RICHARD PATRI           CO ID:XXXXX65600 CCD,,580.67
2057,,,,,,,,
,09/27/2024,Deposit,,,Shopify,Shopify          DES:TRANSFER   ID:ST-D3R7N2K1T5G4           INDN:OUTDOOR PLAYGROUND      CO ID:XXXXX48598 CCD,Reconciled,2822.7
,09/27/2024,Deposit,,,Shopify,Shopify          DES:TRANSFER   ID:ST-D3R7N2K1T5G4           INDN:OUTDOOR PLAYGROUND      CO ID:XXXXX48598 CCD,,2822.7
2058,,,,,,,,
,09/27/2024,Deposit,,,Shopify,SHOPIFY          DES:TRANSFER   ID:BASS365                   INDN:OUTDOOR PLAYGROUND INC  CO ID:SHOPIFYPMT WEB,Reconciled,16.75
,09/27/2024,Deposit,,,Shopify,SHOPIFY          DES:TRANSFER   ID:BASS365                   INDN:OUTDOOR PLAYGROUND INC  CO ID:SHOPIFYPMT WEB,,16.75
2059,,,,,,,,
,09/27/2024,Deposit,,,Shopify,Shopify          DES:TRANSFER   ID:ST-Z3Y9K2P8G6J2           INDN:OUTDOOR PLAYGROUND INC  CO ID:XXXXX48598 CCD,Reconciled,84.4
,09/27/2024,Deposit,,,Shopify,Shopify          DES:TRANSFER   ID:ST-Z3Y9K2P8G6J2           INDN:OUTDOOR PLAYGROUND INC  CO ID:XXXXX48598 CCD,,84.4
2067,,,,,,,,
,09/27/2024,Deposit,,,,SHOPPAYINST AFRM DES:PAYMENTS   ID:ZJ4R87U359A5MZ2           INDN:MONSTERBASS             CO ID:XXXXX98000 CCD,Reconciled,71.84
,09/27/2024,Deposit,,,,SHOPPAYINST AFRM DES:PAYMENTS   ID:ZJ4R87U359A5MZ2           INDN:MONSTERBASS             CO ID:XXXXX98000 CCD,,71.84
2080,,,,,,,,
,09/30/2024,Deposit,,,Shopify,Shopify          DES:TRANSFER   ID:ST-G6K4J3C1M2K6           INDN:OUTDOOR PLAYGROUND      CO ID:XXXXX48598 CCD,Reconciled,2163.26
,09/30/2024,Deposit,,,Shopify,Shopify          DES:TRANSFER   ID:ST-G6K4J3C1M2K6           INDN:OUTDOOR PLAYGROUND      CO ID:XXXXX48598 CCD,,2163.26
2081,,,,,,,,
,09/30/2024,Deposit,,,,SHOPPAYINST AFRM DES:PAYMENTS   ID:90FCAAK88ZT8WDF           INDN:Rick's Tackle Outlet    CO ID:XXXXX98000 CCD,Reconciled,51.33
,09/30/2024,Deposit,,,,SHOPPAYINST AFRM DES:PAYMENTS   ID:90FCAAK88ZT8WDF           INDN:Rick's Tackle Outlet    CO ID:XXXXX98000 CCD,,51.33
2082,,,,,,,,
,09/30/2024,Deposit,,Stripe,,STRIPE           DES:TRANSFER   ID:ST-W9A2B2X0I0P1           INDN:RICHARD PATRI           CO ID:XXXXX65600 CCD,Reconciled,788.94
,09/30/2024,Deposit,,Stripe,,STRIPE           DES:TRANSFER   ID:ST-W9A2B2X0I0P1           INDN:RICHARD PATRI           CO ID:XXXXX65600 CCD,,788.94
2085,,,,,,,,
,10/01/2024,Deposit,,,Shopify,Shopify          DES:TRANSFER   ID:ST-W4Z5D2G7C6X9           INDN:OUTDOOR PLAYGROUND      CO ID:XXXXX48598 CCD,Reconciled,7672.84
,10/01/2024,Deposit,,,Shopify,Shopify          DES:TRANSFER   ID:ST-W4Z5D2G7C6X9           INDN:OUTDOOR PLAYGROUND      CO ID:XXXXX48598 CCD,,7672.84
2086,,,,,,,,
,10/01/2024,Deposit,,,Shopify,Shopify          DES:TRANSFER   ID:ST-T9X5Y8K6N8G6           INDN:OUTDOOR PLAYGROUND INC  CO ID:XXXXX48598 CCD,Reconciled,46.95
,10/01/2024,Deposit,,,Shopify,Shopify          DES:TRANSFER   ID:ST-T9X5Y8K6N8G6           INDN:OUTDOOR PLAYGROUND INC  CO ID:XXXXX48598 CCD,,46.95
2087,,,,,,,,
,10/01/2024,Deposit,,Stripe,,STRIPE           DES:TRANSFER   ID:ST-U6D8R7Y6U9M7           INDN:RICHARD PATRI           CO ID:XXXXX65600 CCD,Reconciled,168.06
,10/01/2024,Deposit,,Stripe,,STRIPE           DES:TRANSFER   ID:ST-U6D8R7Y6U9M7           INDN:RICHARD PATRI           CO ID:XXXXX65600 CCD,,168.06
2090,,,,,,,,
,10/01/2024,Deposit,,,,PAYPAL           DES:TRANSFER   ID:XXXXX56801923             INDN:MAXIMUS OUTDOORS        CO ID:PAYPALSD11 PPD,Reconciled,4036.64
,10/01/2024,Deposit,,,,PAYPAL           DES:TRANSFER   ID:XXXXX56801923             INDN:MAXIMUS OUTDOORS        CO ID:PAYPALSD11 PPD,,4036.64
2093,,,,,,,,
,10/01/2024,Deposit,,,,"TikTok Inc       DES:PAYMENT    ID:XXXXXXXXXX71444           INDN:Outdoor Playground Inc  CO ID:XXXXX67522 CCD           PMT INFO:TikTok Shop-USLC7NEW6U, payout ID 345935           XXXXX15308794",Reconciled,4.22
,10/01/2024,Deposit,,,,"TikTok Inc       DES:PAYMENT    ID:XXXXXXXXXX71444           INDN:Outdoor Playground Inc  CO ID:XXXXX67522 CCD           PMT INFO:TikTok Shop-USLC7NEW6U, payout ID 345935           XXXXX15308794",,4.22
2096,,,,,,,,
,10/02/2024,Deposit,,,Shopify,Shopify          DES:TRANSFER   ID:ST-R6A8V2V6H2C6           INDN:OUTDOOR PLAYGROUND      CO ID:XXXXX48598 CCD,Reconciled,3127.34
,10/02/2024,Deposit,,,Shopify,Shopify          DES:TRANSFER   ID:ST-R6A8V2V6H2C6           INDN:OUTDOOR PLAYGROUND      CO ID:XXXXX48598 CCD,,3127.34
2098,,,,,,,,
,10/02/2024,Deposit,,,Shopify,Shopify          DES:TRANSFER   ID:ST-K8I6I0N5R2X3           INDN:OUTDOOR PLAYGROUND INC  CO ID:XXXXX48598 CCD,Reconciled,8.96
,10/02/2024,Deposit,,,Shopify,Shopify          DES:TRANSFER   ID:ST-K8I6I0N5R2X3           INDN:OUTDOOR PLAYGROUND INC  CO ID:XXXXX48598 CCD,,8.96
2099,,,,,,,,
,10/02/2024,Deposit,,Stripe,,STRIPE           DES:TRANSFER   ID:ST-G5Z7Q8J2A2Q9           INDN:RICHARD PATRI           CO ID:XXXXX65600 CCD,Reconciled,1244.31
,10/02/2024,Deposit,,Stripe,,STRIPE           DES:TRANSFER   ID:ST-G5Z7Q8J2A2Q9           INDN:RICHARD PATRI           CO ID:XXXXX65600 CCD,,1244.31
2104,,,,,,,,
,10/03/2024,Deposit,,Stripe,,STRIPE           DES:TRANSFER   ID:ST-I8Z1Z3A0Z5H7           INDN:RICHARD PATRI           CO ID:XXXXX65600 CCD,Reconciled,4170.67
,10/03/2024,Deposit,,Stripe,,STRIPE           DES:TRANSFER   ID:ST-I8Z1Z3A0Z5H7           INDN:RICHARD PATRI           CO ID:XXXXX65600 CCD,,4170.67
2106,,,,,,,,
,10/03/2024,Deposit,,,Shopify,Shopify          DES:TRANSFER   ID:ST-O9T9G1I7H2R7           INDN:OUTDOOR PLAYGROUND      CO ID:XXXXX48598 CCD,Reconciled,9333.81
,10/03/2024,Deposit,,,Shopify,Shopify          DES:TRANSFER   ID:ST-O9T9G1I7H2R7           INDN:OUTDOOR PLAYGROUND      CO ID:XXXXX48598 CCD,,9333.81
2107,,,,,,,,
,10/03/2024,Deposit,,,,AMAZON.CRNXHGIU7 DES:PAYMENTS   ID:34GQXHBKGEAQEX1           INDN:Outdoor Playground Inc  CO ID:XXXXX40102 CCD,Reconciled,370.78
,10/03/2024,Deposit,,,,AMAZON.CRNXHGIU7 DES:PAYMENTS   ID:34GQXHBKGEAQEX1           INDN:Outdoor Playground Inc  CO ID:XXXXX40102 CCD,,370.78
2108,,,,,,,,
,10/03/2024,Deposit,,,,AMAZONCOMCA INC  DES:PAYMENT    ID:KO91USCIAARB              INDN:Outdoor Playground Inc  CO ID:XXXXX70001 IAT           PMT INFO: BUS XXXXXXXXXX00003437                            FOR MORE INFORMATION CONTACT CUSTOMER SERVICE,Reconciled,34.37
,10/03/2024,Deposit,,,,AMAZONCOMCA INC  DES:PAYMENT    ID:KO91USCIAARB              INDN:Outdoor Playground Inc  CO ID:XXXXX70001 IAT           PMT INFO: BUS XXXXXXXXXX00003437                            FOR MORE INFORMATION CONTACT CUSTOMER SERVICE,,34.37
2110,,,,,,,,
,10/03/2024,Deposit,,,,SHOPPAYINST AFRM DES:PAYMENTS   ID:O211PB6WA01IF1U           INDN:MONSTERBASS             CO ID:XXXXX98000 CCD,Reconciled,250.54
,10/03/2024,Deposit,,,,SHOPPAYINST AFRM DES:PAYMENTS   ID:O211PB6WA01IF1U           INDN:MONSTERBASS             CO ID:XXXXX98000 CCD,,250.54
2115,,,,,,,,
,10/04/2024,Deposit,,,Shopify,Shopify          DES:TRANSFER   ID:ST-S2L7G6T7T4Z0           INDN:OUTDOOR PLAYGROUND      CO ID:XXXXX48598 CCD,Reconciled,4751.14
,10/04/2024,Deposit,,,Shopify,Shopify          DES:TRANSFER   ID:ST-S2L7G6T7T4Z0           INDN:OUTDOOR PLAYGROUND      CO ID:XXXXX48598 CCD,,4751.14
2116,,,,,,,,
,10/04/2024,Deposit,,,Shopify,Shopify          DES:TRANSFER   ID:ST-J6T7S9Y9L4O0           INDN:OUTDOOR PLAYGROUND INC  CO ID:XXXXX48598 CCD,Reconciled,5.91
,10/04/2024,Deposit,,,Shopify,Shopify          DES:TRANSFER   ID:ST-J6T7S9Y9L4O0           INDN:OUTDOOR PLAYGROUND INC  CO ID:XXXXX48598 CCD,,5.91
2118,,,,,,,,
,10/04/2024,Deposit,,Stripe,,STRIPE           DES:TRANSFER   ID:ST-X3X8L9R9G7T0           INDN:RICHARD PATRI           CO ID:XXXXX65600 CCD,Reconciled,579.7
,10/04/2024,Deposit,,Stripe,,STRIPE           DES:TRANSFER   ID:ST-X3X8L9R9G7T0           INDN:RICHARD PATRI           CO ID:XXXXX65600 CCD,,579.7
2130,,,,,,,,
,10/04/2024,Deposit,,,,"TikTok Inc       DES:PAYMENT    ID:XXXXXXXXXX91545           INDN:Outdoor Playground Inc  CO ID:XXXXX67522 CCD           PMT INFO:TikTok Shop-USLC7NEW6U, payout ID 345936           XXXXX02969594",Reconciled,32.24
,10/04/2024,Deposit,,,,"TikTok Inc       DES:PAYMENT    ID:XXXXXXXXXX91545           INDN:Outdoor Playground Inc  CO ID:XXXXX67522 CCD           PMT INFO:TikTok Shop-USLC7NEW6U, payout ID 345936           XXXXX02969594",,32.24
2309,,,,,,,,
,10/04/2024,Deposit,,,,,Reconciled,1161.02
,10/04/2024,Deposit,,,,,,1161.02
2128,,,,,,,,
,10/07/2024,Deposit,,,Shopify,Shopify          DES:TRANSFER   ID:ST-U5A4Q1U1Y0S5           INDN:OUTDOOR PLAYGROUND      CO ID:XXXXX48598 CCD,Reconciled,4983.05
,10/07/2024,Deposit,,,Shopify,Shopify          DES:TRANSFER   ID:ST-U5A4Q1U1Y0S5           INDN:OUTDOOR PLAYGROUND      CO ID:XXXXX48598 CCD,,4983.05
2129,,,,,,,,
,10/07/2024,Deposit,,Stripe,,STRIPE           DES:TRANSFER   ID:ST-R7N0V1T8S2F7           INDN:RICHARD PATRI           CO ID:XXXXX65600 CCD,Reconciled,2049.27
,10/07/2024,Deposit,,Stripe,,STRIPE           DES:TRANSFER   ID:ST-R7N0V1T8S2F7           INDN:RICHARD PATRI           CO ID:XXXXX65600 CCD,,2049.27
2132,,,,,,,,
,10/08/2024,Deposit,,Stripe,,STRIPE           DES:TRANSFER   ID:ST-V0B3Q1B6S7Y6           INDN:RICHARD PATRI           CO ID:XXXXX65600 CCD,Reconciled,392.66
,10/08/2024,Deposit,,Stripe,,STRIPE           DES:TRANSFER   ID:ST-V0B3Q1B6S7Y6           INDN:RICHARD PATRI           CO ID:XXXXX65600 CCD,,392.66
2133,,,,,,,,
,10/08/2024,Deposit,,,Shopify,Shopify          DES:TRANSFER   ID:ST-K5X2W7X0L3V5           INDN:OUTDOOR PLAYGROUND      CO ID:XXXXX48598 CCD,Reconciled,6444.97
,10/08/2024,Deposit,,,Shopify,Shopify          DES:TRANSFER   ID:ST-K5X2W7X0L3V5           INDN:OUTDOOR PLAYGROUND      CO ID:XXXXX48598 CCD,,6444.97
2134,,,,,,,,
,10/08/2024,Deposit,,,Shopify,Shopify          DES:TRANSFER   ID:ST-N4D1T5C2W2S0           INDN:OUTDOOR PLAYGROUND INC  CO ID:XXXXX48598 CCD,Reconciled,38.59
,10/08/2024,Deposit,,,Shopify,Shopify          DES:TRANSFER   ID:ST-N4D1T5C2W2S0           INDN:OUTDOOR PLAYGROUND INC  CO ID:XXXXX48598 CCD,,38.59
2154,,,,,,,,
,10/08/2024,Deposit,,,,SHOPPAYINST AFRM DES:PAYMENTS   ID:1X7UJ3C9OAP39OR           INDN:MONSTERBASS             CO ID:XXXXX98000 CCD,Reconciled,247.17
,10/08/2024,Deposit,,,,SHOPPAYINST AFRM DES:PAYMENTS   ID:1X7UJ3C9OAP39OR           INDN:MONSTERBASS             CO ID:XXXXX98000 CCD,,247.17
2155,,,,,,,,
,10/08/2024,Deposit,,,,PAYPAL           DES:TRANSFER   ID:XXXXX16022707             INDN:MAXIMUS OUTDOORS        CO ID:PAYPALSD11 PPD,Reconciled,4651.28
,10/08/2024,Deposit,,,,PAYPAL           DES:TRANSFER   ID:XXXXX16022707             INDN:MAXIMUS OUTDOORS        CO ID:PAYPALSD11 PPD,,4651.28
2139,,,,,,,,
,10/09/2024,Deposit,,,Shopify,Shopify          DES:TRANSFER   ID:ST-Y9Q5S9A3S9G0           INDN:OUTDOOR PLAYGROUND      CO ID:XXXXX48598 CCD,Reconciled,1799.94
,10/09/2024,Deposit,,,Shopify,Shopify          DES:TRANSFER   ID:ST-Y9Q5S9A3S9G0           INDN:OUTDOOR PLAYGROUND      CO ID:XXXXX48598 CCD,,1799.94
2140,,,,,,,,
,10/09/2024,Deposit,,,Shopify,Shopify          DES:TRANSFER   ID:ST-R2M8A0N5E3H9           INDN:OUTDOOR PLAYGROUND INC  CO ID:XXXXX48598 CCD,Reconciled,29.28
,10/09/2024,Deposit,,,Shopify,Shopify          DES:TRANSFER   ID:ST-R2M8A0N5E3H9           INDN:OUTDOOR PLAYGROUND INC  CO ID:XXXXX48598 CCD,,29.28
2142,,,,,,,,
,10/09/2024,Deposit,,Stripe,,STRIPE           DES:TRANSFER   ID:ST-H9D7C1H7I1C0           INDN:RICHARD PATRI           CO ID:XXXXX65600 CCD,Reconciled,4332.61
,10/09/2024,Deposit,,Stripe,,STRIPE           DES:TRANSFER   ID:ST-H9D7C1H7I1C0           INDN:RICHARD PATRI           CO ID:XXXXX65600 CCD,,4332.61
2143,,,,,,,,
,10/09/2024,Deposit,,,Shopify,SHOPIFY          DES:TRANSFER   ID:BASS365                   INDN:OUTDOOR PLAYGROUND INC  CO ID:SHOPIFYPMT WEB,Reconciled,16.6
,10/09/2024,Deposit,,,Shopify,SHOPIFY          DES:TRANSFER   ID:BASS365                   INDN:OUTDOOR PLAYGROUND INC  CO ID:SHOPIFYPMT WEB,,16.6
2149,,,,,,,,
,10/10/2024,Deposit,,,Shopify,Shopify          DES:TRANSFER   ID:ST-W4E9K9B2E0N9           INDN:OUTDOOR PLAYGROUND      CO ID:XXXXX48598 CCD,Reconciled,2472.67
,10/10/2024,Deposit,,,Shopify,Shopify          DES:TRANSFER   ID:ST-W4E9K9B2E0N9           INDN:OUTDOOR PLAYGROUND      CO ID:XXXXX48598 CCD,,2472.67
2151,,,,,,,,
,10/10/2024,Deposit,,Stripe,,STRIPE           DES:TRANSFER   ID:ST-A5W7W2J2O9D3           INDN:RICHARD PATRI           CO ID:XXXXX65600 CCD,Reconciled,701.47
,10/10/2024,Deposit,,Stripe,,STRIPE           DES:TRANSFER   ID:ST-A5W7W2J2O9D3           INDN:RICHARD PATRI           CO ID:XXXXX65600 CCD,,701.47
2156,,,,,,,,
,10/11/2024,Deposit,,Stripe,,STRIPE           DES:TRANSFER   ID:ST-Z8Q9W3U9B6S5           INDN:RICHARD PATRI           CO ID:XXXXX65600 CCD,Reconciled,779.51
,10/11/2024,Deposit,,Stripe,,STRIPE           DES:TRANSFER   ID:ST-Z8Q9W3U9B6S5           INDN:RICHARD PATRI           CO ID:XXXXX65600 CCD,,779.51
2157,,,,,,,,
,10/11/2024,Deposit,,,Shopify,Shopify          DES:TRANSFER   ID:ST-Q0J2J1X5B5K9           INDN:OUTDOOR PLAYGROUND INC  CO ID:XXXXX48598 CCD,Reconciled,18.94
,10/11/2024,Deposit,,,Shopify,Shopify          DES:TRANSFER   ID:ST-Q0J2J1X5B5K9           INDN:OUTDOOR PLAYGROUND INC  CO ID:XXXXX48598 CCD,,18.94
2158,,,,,,,,
,10/11/2024,Deposit,,,Shopify,Shopify          DES:TRANSFER   ID:ST-U2B0N3E8H4S8           INDN:OUTDOOR PLAYGROUND      CO ID:XXXXX48598 CCD,Reconciled,2164.72
,10/11/2024,Deposit,,,Shopify,Shopify          DES:TRANSFER   ID:ST-U2B0N3E8H4S8           INDN:OUTDOOR PLAYGROUND      CO ID:XXXXX48598 CCD,,2164.72
2174,,,,,,,,
,10/11/2024,Deposit,,,,SHOPPAYINST AFRM DES:PAYMENTS   ID:WP6WKSINZRINB1C           INDN:MONSTERBASS             CO ID:XXXXX98000 CCD,Reconciled,111.96
,10/11/2024,Deposit,,,,SHOPPAYINST AFRM DES:PAYMENTS   ID:WP6WKSINZRINB1C           INDN:MONSTERBASS             CO ID:XXXXX98000 CCD,,111.96
2179,,,,,,,,
,10/15/2024,Deposit,,,Shopify,Shopify          DES:TRANSFER   ID:ST-E3N5V4O2W3B1           INDN:OUTDOOR PLAYGROUND      CO ID:XXXXX48598 CCD,Reconciled,2368.91
,10/15/2024,Deposit,,,Shopify,Shopify          DES:TRANSFER   ID:ST-E3N5V4O2W3B1           INDN:OUTDOOR PLAYGROUND      CO ID:XXXXX48598 CCD,,2368.91
2180,,,,,,,,
,10/15/2024,Deposit,,,Shopify,SHOPIFY          DES:TRANSFER   ID:BASS365                   INDN:OUTDOOR PLAYGROUND INC  CO ID:SHOPIFYPMT WEB,Reconciled,38.76
,10/15/2024,Deposit,,,Shopify,SHOPIFY          DES:TRANSFER   ID:BASS365                   INDN:OUTDOOR PLAYGROUND INC  CO ID:SHOPIFYPMT WEB,,38.76
2182,,,,,,,,
,10/15/2024,Deposit,,Stripe,,STRIPE           DES:TRANSFER   ID:ST-A1R2P3E5O2B3           INDN:RICHARD PATRI           CO ID:XXXXX65600 CCD,Reconciled,900.02
,10/15/2024,Deposit,,Stripe,,STRIPE           DES:TRANSFER   ID:ST-A1R2P3E5O2B3           INDN:RICHARD PATRI           CO ID:XXXXX65600 CCD,,900.02
2187,,,,,,,,
,10/15/2024,Deposit,,,,PAYPAL           DES:TRANSFER   ID:XXXXX64530624             INDN:MAXIMUS OUTDOORS        CO ID:PAYPALSD11 PPD,Reconciled,4341.19
,10/15/2024,Deposit,,,,PAYPAL           DES:TRANSFER   ID:XXXXX64530624             INDN:MAXIMUS OUTDOORS        CO ID:PAYPALSD11 PPD,,4341.19
2188,,,,,,,,
,10/15/2024,Deposit,,,Facebook,FACEBOOK INC     DES:BDFPNU5YRS ID:BDFPNU5YRS                INDN:OUTDOOR PLAYGROUND      CO ID:HXXXXX5019 CCD           PMT INFO:RMR*IK*FACEBOOK PAYOUT BDFPNU5YRS\,Reconciled,6.98
,10/15/2024,Deposit,,,Facebook,FACEBOOK INC     DES:BDFPNU5YRS ID:BDFPNU5YRS                INDN:OUTDOOR PLAYGROUND      CO ID:HXXXXX5019 CCD           PMT INFO:RMR*IK*FACEBOOK PAYOUT BDFPNU5YRS\,,-6.98
2191,,,,,,,,
,10/15/2024,Deposit,,,,"TikTok Inc       DES:PAYMENT    ID:XXXXXXXXXX32375           INDN:Outdoor Playground Inc  CO ID:XXXXX67522 CCD           PMT INFO:TikTok Shop-USLC7NEW6U, payout ID 345939           XXXXX93739770",Reconciled,2.83
,10/15/2024,Deposit,,,,"TikTok Inc       DES:PAYMENT    ID:XXXXXXXXXX32375           INDN:Outdoor Playground Inc  CO ID:XXXXX67522 CCD           PMT INFO:TikTok Shop-USLC7NEW6U, payout ID 345939           XXXXX93739770",,2.83
2192,,,,,,,,
,10/15/2024,Deposit,,,,"TikTok Inc       DES:PAYMENT    ID:XXXXXXXXXX53702           INDN:Outdoor Playground Inc  CO ID:XXXXX67522 CCD           PMT INFO:TikTok Shop-USLC7NEW6U, payout ID 345940           XXXXX97828602",Reconciled,3.9
,10/15/2024,Deposit,,,,"TikTok Inc       DES:PAYMENT    ID:XXXXXXXXXX53702           INDN:Outdoor Playground Inc  CO ID:XXXXX67522 CCD           PMT INFO:TikTok Shop-USLC7NEW6U, payout ID 345940           XXXXX97828602",,3.9
2177,,,,,,,,
,10/16/2024,Deposit,,,Shopify,Shopify          DES:TRANSFER   ID:ST-Q2S5Z9W1P6U3           INDN:OUTDOOR PLAYGROUND      CO ID:XXXXX48598 CCD,Reconciled,10792.73
,10/16/2024,Deposit,,,Shopify,Shopify          DES:TRANSFER   ID:ST-Q2S5Z9W1P6U3           INDN:OUTDOOR PLAYGROUND      CO ID:XXXXX48598 CCD,,10792.73
2181,,,,,,,,
,10/16/2024,Deposit,,Stripe,,STRIPE           DES:TRANSFER   ID:ST-E3W6I5Y7W7G3           INDN:RICHARD PATRI           CO ID:XXXXX65600 CCD,Reconciled,571.2
,10/16/2024,Deposit,,Stripe,,STRIPE           DES:TRANSFER   ID:ST-E3W6I5Y7W7G3           INDN:RICHARD PATRI           CO ID:XXXXX65600 CCD,,571.2
2189,,,,,,,,
,10/16/2024,Deposit,,,,SHOPPAYINST AFRM DES:PAYMENTS   ID:ORUTI3LDL3IDKNT           INDN:MONSTERBASS             CO ID:XXXXX98000 CCD,Reconciled,48.58
,10/16/2024,Deposit,,,,SHOPPAYINST AFRM DES:PAYMENTS   ID:ORUTI3LDL3IDKNT           INDN:MONSTERBASS             CO ID:XXXXX98000 CCD,,48.58
2190,,,,,,,,
,10/16/2024,Deposit,,,,SHOPPAYINST AFRM DES:PAYMENTS   ID:WZ5O1OMCXXO83YO           INDN:MONSTERBASS             CO ID:XXXXX98000 CCD,Reconciled,91.39
,10/16/2024,Deposit,,,,SHOPPAYINST AFRM DES:PAYMENTS   ID:WZ5O1OMCXXO83YO           INDN:MONSTERBASS             CO ID:XXXXX98000 CCD,,91.39
2193,,,,,,,,
,10/16/2024,Deposit,,,,"TikTok Shop      DES:XXXXX55002 ID:USLC7NEW6U,               INDN:Outdoor Playground Inc  CO ID:XXXXX92853 CCD           PMT INFO:USLC7NEW6U,",Reconciled,4.6
,10/16/2024,Deposit,,,,"TikTok Shop      DES:XXXXX55002 ID:USLC7NEW6U,               INDN:Outdoor Playground Inc  CO ID:XXXXX92853 CCD           PMT INFO:USLC7NEW6U,",,4.6
2195,,,,,,,,
,10/17/2024,Deposit,,,Shopify,Shopify          DES:TRANSFER   ID:ST-V4W8S8N5L0K0           INDN:OUTDOOR PLAYGROUND      CO ID:XXXXX48598 CCD,Reconciled,2249.97
,10/17/2024,Deposit,,,Shopify,Shopify          DES:TRANSFER   ID:ST-V4W8S8N5L0K0           INDN:OUTDOOR PLAYGROUND      CO ID:XXXXX48598 CCD,,2249.97
2196,,,,,,,,
,10/17/2024,Deposit,,Stripe,,STRIPE           DES:TRANSFER   ID:ST-T2F1C0X9L1H1           INDN:RICHARD PATRI           CO ID:XXXXX65600 CCD,Reconciled,1453.08
,10/17/2024,Deposit,,Stripe,,STRIPE           DES:TRANSFER   ID:ST-T2F1C0X9L1H1           INDN:RICHARD PATRI           CO ID:XXXXX65600 CCD,,1453.08
2208,,,,,,,,
,10/17/2024,Deposit,,,,AMAZON.C7XOZF3RJ DES:PAYMENTS   ID:230JDQL8JNDTW37           INDN:Outdoor Playground Inc  CO ID:XXXXX40102 CCD,Reconciled,293.77
,10/17/2024,Deposit,,,,AMAZON.C7XOZF3RJ DES:PAYMENTS   ID:230JDQL8JNDTW37           INDN:Outdoor Playground Inc  CO ID:XXXXX40102 CCD,,293.77
2212,,,,,,,,
,10/17/2024,Deposit,,,,SHOPPAYINST AFRM DES:PAYMENTS   ID:YBXSH48N1NEI1DY           INDN:MONSTERBASS             CO ID:XXXXX98000 CCD,Reconciled,87.59
,10/17/2024,Deposit,,,,SHOPPAYINST AFRM DES:PAYMENTS   ID:YBXSH48N1NEI1DY           INDN:MONSTERBASS             CO ID:XXXXX98000 CCD,,87.59
2199,,,,,,,,
,10/18/2024,Deposit,,Stripe,,STRIPE           DES:TRANSFER   ID:ST-G9V0P9A0C5D5           INDN:RICHARD PATRI           CO ID:XXXXX48598 CCD,Reconciled,569.39
,10/18/2024,Deposit,,Stripe,,STRIPE           DES:TRANSFER   ID:ST-G9V0P9A0C5D5           INDN:RICHARD PATRI           CO ID:XXXXX48598 CCD,,569.39
2200,,,,,,,,
,10/18/2024,Deposit,,,Shopify,Shopify          DES:TRANSFER   ID:ST-N5V7P9B7S5W3           INDN:OUTDOOR PLAYGROUND      CO ID:XXXXX48598 CCD,Reconciled,709.63
,10/18/2024,Deposit,,,Shopify,Shopify          DES:TRANSFER   ID:ST-N5V7P9B7S5W3           INDN:OUTDOOR PLAYGROUND      CO ID:XXXXX48598 CCD,,709.63
2209,,,,,,,,
,10/18/2024,Deposit,,,,AMAZONCOMCA INC  DES:PAYMENT    ID:KO9FUSCJZE0G              INDN:Outdoor Playground Inc  CO ID:XXXXX70001 IAT           PMT INFO: BUS XXXXXXXXXX00005892                            FOR MORE INFORMATION CONTACT CUSTOMER SERVICE,Reconciled,58.92
,10/18/2024,Deposit,,,,AMAZONCOMCA INC  DES:PAYMENT    ID:KO9FUSCJZE0G              INDN:Outdoor Playground Inc  CO ID:XXXXX70001 IAT           PMT INFO: BUS XXXXXXXXXX00005892                            FOR MORE INFORMATION CONTACT CUSTOMER SERVICE,,58.92
2211,,,,,,,,
,10/18/2024,Deposit,,,,SHOPPAYINST AFRM DES:PAYMENTS   ID:2AOOVCSMC4ZVZIQ           INDN:MONSTERBASS             CO ID:XXXXX98000 CCD,Reconciled,52.13
,10/18/2024,Deposit,,,,SHOPPAYINST AFRM DES:PAYMENTS   ID:2AOOVCSMC4ZVZIQ           INDN:MONSTERBASS             CO ID:XXXXX98000 CCD,,52.13
2221,,,,,,,,
,10/21/2024,Deposit,,,Shopify,Shopify          DES:TRANSFER   ID:ST-P0I0Q3F9G2L8           INDN:OUTDOOR PLAYGROUND INC  CO ID:XXXXX48598 CCD,Reconciled,12.2
,10/21/2024,Deposit,,,Shopify,Shopify          DES:TRANSFER   ID:ST-P0I0Q3F9G2L8           INDN:OUTDOOR PLAYGROUND INC  CO ID:XXXXX48598 CCD,,12.2
2222,,,,,,,,
,10/21/2024,Deposit,,,Shopify,Shopify          DES:TRANSFER   ID:ST-Q1F5E7N8L9P4           INDN:OUTDOOR PLAYGROUND      CO ID:XXXXX48598 CCD,Reconciled,1618.49
,10/21/2024,Deposit,,,Shopify,Shopify          DES:TRANSFER   ID:ST-Q1F5E7N8L9P4           INDN:OUTDOOR PLAYGROUND      CO ID:XXXXX48598 CCD,,1618.49
2223,,,,,,,,
,10/21/2024,Deposit,,Stripe,,STRIPE           DES:TRANSFER   ID:ST-K9A8Y6I7D9C0           INDN:RICHARD PATRI           CO ID:XXXXX65600 CCD,Reconciled,291.18
,10/21/2024,Deposit,,Stripe,,STRIPE           DES:TRANSFER   ID:ST-K9A8Y6I7D9C0           INDN:RICHARD PATRI           CO ID:XXXXX65600 CCD,,291.18
2224,,,,,,,,
,10/21/2024,Deposit,,,,"TikTok Inc       DES:PAYMENT    ID:XXXXXXXXXX59607           INDN:Outdoor Playground Inc  CO ID:XXXXX67522 CCD           PMT INFO:TikTok Shop-USLC7NEW6U, payout ID 345942           XXXXX41404410",Reconciled,38.76
,10/21/2024,Deposit,,,,"TikTok Inc       DES:PAYMENT    ID:XXXXXXXXXX59607           INDN:Outdoor Playground Inc  CO ID:XXXXX67522 CCD           PMT INFO:TikTok Shop-USLC7NEW6U, payout ID 345942           XXXXX41404410",,38.76
2228,,,,,,,,
,10/22/2024,Deposit,,,,PAYPAL           DES:TRANSFER   ID:XXXXX10334006             INDN:MAXIMUS OUTDOORS        CO ID:PAYPALSD11 PPD,Reconciled,3088.27
,10/22/2024,Deposit,,,,PAYPAL           DES:TRANSFER   ID:XXXXX10334006             INDN:MAXIMUS OUTDOORS        CO ID:PAYPALSD11 PPD,,3088.27
2229,,,,,,,,
,10/22/2024,Deposit,,,Shopify,Shopify          DES:TRANSFER   ID:ST-F5V8Y7D7N3N9           INDN:OUTDOOR PLAYGROUND      CO ID:XXXXX48598 CCD,Reconciled,6886.2
,10/22/2024,Deposit,,,Shopify,Shopify          DES:TRANSFER   ID:ST-F5V8Y7D7N3N9           INDN:OUTDOOR PLAYGROUND      CO ID:XXXXX48598 CCD,,6886.2
2230,,,,,,,,
,10/22/2024,Deposit,,,Shopify,Shopify          DES:TRANSFER   ID:ST-X4Z0H3X4I8L0           INDN:OUTDOOR PLAYGROUND INC  CO ID:XXXXX48598 CCD,Reconciled,71.98
,10/22/2024,Deposit,,,Shopify,Shopify          DES:TRANSFER   ID:ST-X4Z0H3X4I8L0           INDN:OUTDOOR PLAYGROUND INC  CO ID:XXXXX48598 CCD,,71.98
2231,,,,,,,,
,10/22/2024,Deposit,,Stripe,,STRIPE           DES:TRANSFER   ID:ST-R5Q8U3T5L4P9           INDN:RICHARD PATRI           CO ID:XXXXX48598 CCD,Reconciled,491.15
,10/22/2024,Deposit,,Stripe,,STRIPE           DES:TRANSFER   ID:ST-R5Q8U3T5L4P9           INDN:RICHARD PATRI           CO ID:XXXXX48598 CCD,,491.15
2233,,,,,,,,
,10/23/2024,Deposit,,Stripe,,STRIPE           DES:TRANSFER   ID:ST-T0J1Z3T8R5S1           INDN:RICHARD PATRI           CO ID:XXXXX65600 CCD,Reconciled,1436.91
,10/23/2024,Deposit,,Stripe,,STRIPE           DES:TRANSFER   ID:ST-T0J1Z3T8R5S1           INDN:RICHARD PATRI           CO ID:XXXXX65600 CCD,,1436.91
2234,,,,,,,,
,10/23/2024,Deposit,,,Shopify,Shopify          DES:TRANSFER   ID:ST-O4R4H9R5T7P4           INDN:OUTDOOR PLAYGROUND      CO ID:XXXXX48598 CCD,Reconciled,1483.95
,10/23/2024,Deposit,,,Shopify,Shopify          DES:TRANSFER   ID:ST-O4R4H9R5T7P4           INDN:OUTDOOR PLAYGROUND      CO ID:XXXXX48598 CCD,,1483.95
2235,,,,,,,,
,10/24/2024,Deposit,,Stripe,,STRIPE           DES:TRANSFER   ID:ST-Z1Y2U9E2Q2T1           INDN:RICHARD PATRI           CO ID:XXXXX65600 CCD,Reconciled,463.49
,10/24/2024,Deposit,,Stripe,,STRIPE           DES:TRANSFER   ID:ST-Z1Y2U9E2Q2T1           INDN:RICHARD PATRI           CO ID:XXXXX65600 CCD,,463.49
2237,,,,,,,,
,10/24/2024,Deposit,,,Shopify,Shopify          DES:TRANSFER   ID:ST-M7F2H0U5Y1J0           INDN:OUTDOOR PLAYGROUND      CO ID:XXXXX48598 CCD,Reconciled,2131.87
,10/24/2024,Deposit,,,Shopify,Shopify          DES:TRANSFER   ID:ST-M7F2H0U5Y1J0           INDN:OUTDOOR PLAYGROUND      CO ID:XXXXX48598 CCD,,2131.87
2236,,,,,,,,
,10/25/2024,Deposit,,,Shopify,Shopify          DES:TRANSFER   ID:ST-J2L1K0T5D2E4           INDN:OUTDOOR PLAYGROUND      CO ID:XXXXX48598 CCD,Reconciled,2619.29
,10/25/2024,Deposit,,,Shopify,Shopify          DES:TRANSFER   ID:ST-J2L1K0T5D2E4           INDN:OUTDOOR PLAYGROUND      CO ID:XXXXX48598 CCD,,2619.29
2239,,,,,,,,
,10/25/2024,Deposit,,Stripe,,STRIPE           DES:TRANSFER   ID:ST-X9E6T5G2C1S9           INDN:RICHARD PATRI           CO ID:XXXXX65600 CCD,Reconciled,463.27
,10/25/2024,Deposit,,Stripe,,STRIPE           DES:TRANSFER   ID:ST-X9E6T5G2C1S9           INDN:RICHARD PATRI           CO ID:XXXXX65600 CCD,,463.27
2240,,,,,,,,
,10/25/2024,Deposit,,,Shopify,Shopify          DES:TRANSFER   ID:ST-Z3E6S0Y9X7V4           INDN:OUTDOOR PLAYGROUND INC  CO ID:XXXXX48598 CCD,Reconciled,200.17
,10/25/2024,Deposit,,,Shopify,Shopify          DES:TRANSFER   ID:ST-Z3E6S0Y9X7V4           INDN:OUTDOOR PLAYGROUND INC  CO ID:XXXXX48598 CCD,,200.17
2258,,,,,,,,
,10/25/2024,Deposit,,,,SHOPPAYINST AFRM DES:PAYMENTS   ID:QHESSF7I314DCLU           INDN:MONSTERBASS             CO ID:XXXXX98000 CCD,Reconciled,488.41
,10/25/2024,Deposit,,,,SHOPPAYINST AFRM DES:PAYMENTS   ID:QHESSF7I314DCLU           INDN:MONSTERBASS             CO ID:XXXXX98000 CCD,,488.41
2242,,,,,,,,
,10/28/2024,Deposit,,,Shopify,Shopify          DES:TRANSFER   ID:ST-M2I1L3D9O6B2           INDN:OUTDOOR PLAYGROUND INC  CO ID:XXXXX48598 CCD,Reconciled,15.23
,10/28/2024,Deposit,,,Shopify,Shopify          DES:TRANSFER   ID:ST-M2I1L3D9O6B2           INDN:OUTDOOR PLAYGROUND INC  CO ID:XXXXX48598 CCD,,15.23
2244,,,,,,,,
,10/28/2024,Deposit,,,Shopify,Shopify          DES:TRANSFER   ID:ST-H4S1H1S0G7P2           INDN:OUTDOOR PLAYGROUND      CO ID:XXXXX48598 CCD,Reconciled,1194.92
,10/28/2024,Deposit,,,Shopify,Shopify          DES:TRANSFER   ID:ST-H4S1H1S0G7P2           INDN:OUTDOOR PLAYGROUND      CO ID:XXXXX48598 CCD,,1194.92
2247,,,,,,,,
,10/28/2024,Deposit,,Stripe,,STRIPE           DES:TRANSFER   ID:ST-W2T8R0M6J4N5           INDN:RICHARD PATRI           CO ID:XXXXX65600 CCD,Reconciled,294.71
,10/28/2024,Deposit,,Stripe,,STRIPE           DES:TRANSFER   ID:ST-W2T8R0M6J4N5           INDN:RICHARD PATRI           CO ID:XXXXX65600 CCD,,294.71
2259,,,,,,,,
,10/28/2024,Deposit,,,,SHOPPAYINST AFRM DES:PAYMENTS   ID:DPTCHOGCCYEXNQ2           INDN:MONSTERBASS             CO ID:XXXXX98000 CCD,Reconciled,49.37
,10/28/2024,Deposit,,,,SHOPPAYINST AFRM DES:PAYMENTS   ID:DPTCHOGCCYEXNQ2           INDN:MONSTERBASS             CO ID:XXXXX98000 CCD,,49.37
2254,,,,,,,,
,10/29/2024,Deposit,,,,"TikTok Shop      DES:XXXXX85001 ID:USLC7NEW6U,               INDN:Outdoor Playground Inc  CO ID:XXXXX92853 CCD           PMT INFO:USLC7NEW6U,",Reconciled,3.9
,10/29/2024,Deposit,,,,"TikTok Shop      DES:XXXXX85001 ID:USLC7NEW6U,               INDN:Outdoor Playground Inc  CO ID:XXXXX92853 CCD           PMT INFO:USLC7NEW6U,",,3.9
2255,,,,,,,,
,10/29/2024,Deposit,,Stripe,,STRIPE           DES:TRANSFER   ID:ST-V6I7D3L1V4D6           INDN:RICHARD PATRI           CO ID:XXXXX65600 CCD,Reconciled,234.44
,10/29/2024,Deposit,,Stripe,,STRIPE           DES:TRANSFER   ID:ST-V6I7D3L1V4D6           INDN:RICHARD PATRI           CO ID:XXXXX65600 CCD,,234.44
2256,,,,,,,,
,10/29/2024,Deposit,,,,SHOPPAYINST AFRM DES:PAYMENTS   ID:YEK0L8G7N2S7AGS           INDN:MONSTERBASS             CO ID:XXXXX98000 CCD,Reconciled,47.92
,10/29/2024,Deposit,,,,SHOPPAYINST AFRM DES:PAYMENTS   ID:YEK0L8G7N2S7AGS           INDN:MONSTERBASS             CO ID:XXXXX98000 CCD,,47.92
2257,,,,,,,,
,10/29/2024,Deposit,,,,SHOPPAYINST AFRM DES:PAYMENTS   ID:XG7R2YBXHYS9J48           INDN:MONSTERBASS             CO ID:XXXXX98000 CCD,Reconciled,378.47
,10/29/2024,Deposit,,,,SHOPPAYINST AFRM DES:PAYMENTS   ID:XG7R2YBXHYS9J48           INDN:MONSTERBASS             CO ID:XXXXX98000 CCD,,378.47
2260,,,,,,,,
,10/29/2024,Deposit,,,,SHOPPAYINST AFRM DES:AutoPay    ID:MGXD1TODLFRTDA0           INDN:MONSTERBASS             CO ID:394440     CCD,Reconciled,144.8
,10/29/2024,Deposit,,,,SHOPPAYINST AFRM DES:AutoPay    ID:MGXD1TODLFRTDA0           INDN:MONSTERBASS             CO ID:394440     CCD,,144.8
2261,,,,,,,,
,10/29/2024,Deposit,,,Shopify,Shopify          DES:TRANSFER   ID:ST-Y3G5Q3G4V9J1           INDN:OUTDOOR PLAYGROUND      CO ID:XXXXX48598 CCD,Reconciled,7428.64
,10/29/2024,Deposit,,,Shopify,Shopify          DES:TRANSFER   ID:ST-Y3G5Q3G4V9J1           INDN:OUTDOOR PLAYGROUND      CO ID:XXXXX48598 CCD,,7428.64
2262,,,,,,,,
,10/29/2024,Deposit,,,Shopify,Shopify          DES:TRANSFER   ID:ST-H3O9Q7Y1Q0X8           INDN:OUTDOOR PLAYGROUND INC  CO ID:XXXXX48598 CCD,Reconciled,115.44
,10/29/2024,Deposit,,,Shopify,Shopify          DES:TRANSFER   ID:ST-H3O9Q7Y1Q0X8           INDN:OUTDOOR PLAYGROUND INC  CO ID:XXXXX48598 CCD,,115.44
2264,,,,,,,,
,10/29/2024,Deposit,,,,PAYPAL           DES:TRANSFER   ID:XXXXX55959930             INDN:MAXIMUS OUTDOORS        CO ID:PAYPALSD11 PPD,Reconciled,3895.16
,10/29/2024,Deposit,,,,PAYPAL           DES:TRANSFER   ID:XXXXX55959930             INDN:MAXIMUS OUTDOORS        CO ID:PAYPALSD11 PPD,,3895.16
2265,,,,,,,,
,10/29/2024,Deposit,,,,ANE WHOLESALE LL DES:ACH Pmt    ID:XXXXX663348               INDN:OUTDOOR PLAYGROUND      CO ID:XXXXX02235 CCD,Reconciled,10719.52
,10/29/2024,Deposit,,,,ANE WHOLESALE LL DES:ACH Pmt    ID:XXXXX663348               INDN:OUTDOOR PLAYGROUND      CO ID:XXXXX02235 CCD,,-10719.52
2270,,,,,,,,
,10/30/2024,Deposit,,Stripe,,STRIPE           DES:TRANSFER   ID:ST-R2O7Q9R0X5A8           INDN:RICHARD PATRI           CO ID:XXXXX65600 CCD,Reconciled,729.83
,10/30/2024,Deposit,,Stripe,,STRIPE           DES:TRANSFER   ID:ST-R2O7Q9R0X5A8           INDN:RICHARD PATRI           CO ID:XXXXX65600 CCD,,729.83
2271,,,,,,,,
,10/30/2024,Deposit,,,Shopify,Shopify          DES:TRANSFER   ID:ST-S9W2Z2D8I1Z7           INDN:OUTDOOR PLAYGROUND      CO ID:XXXXX48598 CCD,Reconciled,1450.68
,10/30/2024,Deposit,,,Shopify,Shopify          DES:TRANSFER   ID:ST-S9W2Z2D8I1Z7           INDN:OUTDOOR PLAYGROUND      CO ID:XXXXX48598 CCD,,1450.68
2295,,,,,,,,
,10/31/2024,Deposit,,,,AMAZONCOMCA INC  DES:PAYMENT    ID:KO9TUSCM2ZVP              INDN:Outdoor Playground Inc  CO ID:XXXXX70001 IAT           PMT INFO: BUS XXXXXXXXXX00005042                            FOR MORE INFORMATION CONTACT CUSTOMER SERVICE,Reconciled,50.42
,10/31/2024,Deposit,,,,AMAZONCOMCA INC  DES:PAYMENT    ID:KO9TUSCM2ZVP              INDN:Outdoor Playground Inc  CO ID:XXXXX70001 IAT           PMT INFO: BUS XXXXXXXXXX00005042                            FOR MORE INFORMATION CONTACT CUSTOMER SERVICE,,50.42
2296,,,,,,,,
,10/31/2024,Deposit,,,Shopify,Shopify          DES:TRANSFER   ID:ST-K8Z2A8W7A6K8           INDN:OUTDOOR PLAYGROUND      CO ID:XXXXX48598 CCD,Reconciled,2045.08
,10/31/2024,Deposit,,,Shopify,Shopify          DES:TRANSFER   ID:ST-K8Z2A8W7A6K8           INDN:OUTDOOR PLAYGROUND      CO ID:XXXXX48598 CCD,,2045.08
2297,,,,,,,,
,10/31/2024,Deposit,,Stripe,,STRIPE           DES:TRANSFER   ID:ST-E1C9P6D4Y4I3           INDN:RICHARD PATRI           CO ID:XXXXX65600 CCD,Reconciled,165.53
,10/31/2024,Deposit,,Stripe,,STRIPE           DES:TRANSFER   ID:ST-E1C9P6D4Y4I3           INDN:RICHARD PATRI           CO ID:XXXXX65600 CCD,,165.53
2298,,,,,,,,
,10/31/2024,Deposit,,,,AMAZON.CHKHQ5QHK DES:PAYMENTS   ID:5QAZC53YY22RSIM           INDN:Outdoor Playground Inc  CO ID:XXXXX40102 CCD,Reconciled,447.09
,10/31/2024,Deposit,,,,AMAZON.CHKHQ5QHK DES:PAYMENTS   ID:5QAZC53YY22RSIM           INDN:Outdoor Playground Inc  CO ID:XXXXX40102 CCD,,447.09
2288,,,,,,,,
,11/01/2024,Deposit,,Stripe,,STRIPE           DES:TRANSFER   ID:ST-P4O6R5X0K8B9           INDN:RICHARD PATRI           CO ID:XXXXX65600 CCD,Reconciled,945.45
,11/01/2024,Deposit,,Stripe,,STRIPE           DES:TRANSFER   ID:ST-P4O6R5X0K8B9           INDN:RICHARD PATRI           CO ID:XXXXX65600 CCD,,945.45
2289,,,,,,,,
,11/01/2024,Deposit,,,Shopify,Shopify          DES:TRANSFER   ID:ST-Q4R3J9Q0Q7O5           INDN:OUTDOOR PLAYGROUND      CO ID:XXXXX48598 CCD,Reconciled,2429.46
,11/01/2024,Deposit,,,Shopify,Shopify          DES:TRANSFER   ID:ST-Q4R3J9Q0Q7O5           INDN:OUTDOOR PLAYGROUND      CO ID:XXXXX48598 CCD,,2429.46
2315,,,,,,,,
,11/04/2024,Deposit,,Stripe,,STRIPE           DES:TRANSFER   ID:ST-L2L1K1V7T0T6           INDN:RICHARD PATRI           CO ID:XXXXX65600 CCD,Reconciled,238.51
,11/04/2024,Deposit,,Stripe,,STRIPE           DES:TRANSFER   ID:ST-L2L1K1V7T0T6           INDN:RICHARD PATRI           CO ID:XXXXX65600 CCD,,238.51
2316,,,,,,,,
,11/04/2024,Deposit,,,,SHOPPAYINST AFRM DES:PAYMENTS   ID:ILOV6TAYBII34RP           INDN:MONSTERBASS             CO ID:XXXXX98000 CCD,Reconciled,172.81
,11/04/2024,Deposit,,,,SHOPPAYINST AFRM DES:PAYMENTS   ID:ILOV6TAYBII34RP           INDN:MONSTERBASS             CO ID:XXXXX98000 CCD,,172.81
2317,,,,,,,,
,11/04/2024,Deposit,,,Shopify,Shopify          DES:TRANSFER   ID:ST-M2X1B5P3V2M2           INDN:OUTDOOR PLAYGROUND      CO ID:XXXXX48598 CCD,Reconciled,1948.79
,11/04/2024,Deposit,,,Shopify,Shopify          DES:TRANSFER   ID:ST-M2X1B5P3V2M2           INDN:OUTDOOR PLAYGROUND      CO ID:XXXXX48598 CCD,,1948.79
2319,,,,,,,,
,11/04/2024,Deposit,,,,BKOFAMERICA MOBILE 11/04 XXXXX69581 DEPOSIT                                    *MOBILE       CA,Reconciled,96.02
,11/04/2024,Deposit,,,,BKOFAMERICA MOBILE 11/04 XXXXX69581 DEPOSIT                                    *MOBILE       CA,,-96.02
2321,,,,,,,,
,11/05/2024,Deposit,,,Shopify,Shopify          DES:TRANSFER   ID:ST-P4A8G9P3S1H3           INDN:OUTDOOR PLAYGROUND      CO ID:XXXXX48598 CCD,Reconciled,18745.39
,11/05/2024,Deposit,,,Shopify,Shopify          DES:TRANSFER   ID:ST-P4A8G9P3S1H3           INDN:OUTDOOR PLAYGROUND      CO ID:XXXXX48598 CCD,,18745.39
2324,,,,,,,,
,11/05/2024,Deposit,,Stripe,,STRIPE           DES:TRANSFER   ID:ST-M2O3Q6L0L4F1           INDN:RICHARD PATRI           CO ID:XXXXX65600 CCD,Reconciled,4368.53
,11/05/2024,Deposit,,Stripe,,STRIPE           DES:TRANSFER   ID:ST-M2O3Q6L0L4F1           INDN:RICHARD PATRI           CO ID:XXXXX65600 CCD,,4368.53
2325,,,,,,,,
,11/05/2024,Deposit,,,,PAYPAL           DES:TRANSFER   ID:XXXXX13803234             INDN:MAXIMUS OUTDOORS        CO ID:PAYPALSD11 PPD,Reconciled,5537.06
,11/05/2024,Deposit,,,,PAYPAL           DES:TRANSFER   ID:XXXXX13803234             INDN:MAXIMUS OUTDOORS        CO ID:PAYPALSD11 PPD,,5537.06
2332,,,,,,,,
,11/06/2024,Deposit,,,,CHASE CREDIT CRD DES:RWRD RDM   ID:2aeXXXXX5699209           INDN:PATRI RICHARD           CO ID:XXXXX40001 PPD,Reconciled,507.87
,11/06/2024,Deposit,,,,CHASE CREDIT CRD DES:RWRD RDM   ID:2aeXXXXX5699209           INDN:PATRI RICHARD           CO ID:XXXXX40001 PPD,,507.87
2333,,,,,,,,
,11/06/2024,Deposit,,,Shopify,Shopify          DES:TRANSFER   ID:ST-P2J3C3L1Z2C8           INDN:OUTDOOR PLAYGROUND      CO ID:XXXXX48598 CCD,Reconciled,1865.35
,11/06/2024,Deposit,,,Shopify,Shopify          DES:TRANSFER   ID:ST-P2J3C3L1Z2C8           INDN:OUTDOOR PLAYGROUND      CO ID:XXXXX48598 CCD,,1865.35
2334,,,,,,,,
,11/06/2024,Deposit,,,Shopify,Shopify          DES:TRANSFER   ID:ST-M0A8E0K8D9C4           INDN:OUTDOOR PLAYGROUND INC  CO ID:XXXXX48598 CCD,Reconciled,72.54
,11/06/2024,Deposit,,,Shopify,Shopify          DES:TRANSFER   ID:ST-M0A8E0K8D9C4           INDN:OUTDOOR PLAYGROUND INC  CO ID:XXXXX48598 CCD,,72.54
2335,,,,,,,,
,11/06/2024,Deposit,,Stripe,,STRIPE           DES:TRANSFER   ID:ST-C2F2N7X9Y6V5           INDN:RICHARD PATRI           CO ID:XXXXX65600 CCD,Reconciled,1843.89
,11/06/2024,Deposit,,Stripe,,STRIPE           DES:TRANSFER   ID:ST-C2F2N7X9Y6V5           INDN:RICHARD PATRI           CO ID:XXXXX65600 CCD,,1843.89
2340,,,,,,,,
,11/07/2024,Deposit,,Stripe,,STRIPE           DES:TRANSFER   ID:ST-V5X0J8M0F0L8           INDN:RICHARD PATRI           CO ID:XXXXX65600 CCD,Reconciled,372.88
,11/07/2024,Deposit,,Stripe,,STRIPE           DES:TRANSFER   ID:ST-V5X0J8M0F0L8           INDN:RICHARD PATRI           CO ID:XXXXX65600 CCD,,372.88
2341,,,,,,,,
,11/07/2024,Deposit,,,Shopify,Shopify          DES:TRANSFER   ID:ST-L0V1M5C6E5I4           INDN:OUTDOOR PLAYGROUND      CO ID:XXXXX48598 CCD,Reconciled,2642.92
,11/07/2024,Deposit,,,Shopify,Shopify          DES:TRANSFER   ID:ST-L0V1M5C6E5I4           INDN:OUTDOOR PLAYGROUND      CO ID:XXXXX48598 CCD,,2642.92
2347,,,,,,,,
,11/08/2024,Deposit,,,Shopify,Shopify          DES:TRANSFER   ID:ST-Y6P0K4C8B8X2           INDN:OUTDOOR PLAYGROUND      CO ID:XXXXX48598 CCD,Reconciled,3137.97
,11/08/2024,Deposit,,,Shopify,Shopify          DES:TRANSFER   ID:ST-Y6P0K4C8B8X2           INDN:OUTDOOR PLAYGROUND      CO ID:XXXXX48598 CCD,,3137.97
2348,,,,,,,,
,11/08/2024,Deposit,,Stripe,,STRIPE           DES:TRANSFER   ID:ST-F3H8U9W9V4W8           INDN:RICHARD PATRI           CO ID:XXXXX65600 CCD,Reconciled,4275.67
,11/08/2024,Deposit,,Stripe,,STRIPE           DES:TRANSFER   ID:ST-F3H8U9W9V4W8           INDN:RICHARD PATRI           CO ID:XXXXX65600 CCD,,4275.67
2349,,,,,,,,
,11/08/2024,Deposit,,,Shopify,Shopify          DES:TRANSFER   ID:ST-P9I0Q4R7A4P6           INDN:OUTDOOR PLAYGROUND INC  CO ID:XXXXX48598 CCD,Reconciled,9.02
,11/08/2024,Deposit,,,Shopify,Shopify          DES:TRANSFER   ID:ST-P9I0Q4R7A4P6           INDN:OUTDOOR PLAYGROUND INC  CO ID:XXXXX48598 CCD,,9.02
2352,,,,,,,,
,11/08/2024,Deposit,,,,SHOPPAYINST AFRM DES:PAYMENTS   ID:HUS0LCFDFXCKZ9E           INDN:MONSTERBASS             CO ID:XXXXX98000 CCD,Reconciled,92.04
,11/08/2024,Deposit,,,,SHOPPAYINST AFRM DES:PAYMENTS   ID:HUS0LCFDFXCKZ9E           INDN:MONSTERBASS             CO ID:XXXXX98000 CCD,,92.04
2364,,,,,,,,
,11/12/2024,Deposit,,,Shopify,Shopify          DES:TRANSFER   ID:ST-B5H2K7W3Q3N3           INDN:OUTDOOR PLAYGROUND INC  CO ID:XXXXX48598 CCD,Reconciled,30.59
,11/12/2024,Deposit,,,Shopify,Shopify          DES:TRANSFER   ID:ST-B5H2K7W3Q3N3           INDN:OUTDOOR PLAYGROUND INC  CO ID:XXXXX48598 CCD,,30.59
2365,,,,,,,,
,11/12/2024,Deposit,,,Shopify,Shopify          DES:TRANSFER   ID:ST-Q0C6Q4Q5K9M9           INDN:OUTDOOR PLAYGROUND      CO ID:XXXXX48598 CCD,Reconciled,1823.94
,11/12/2024,Deposit,,,Shopify,Shopify          DES:TRANSFER   ID:ST-Q0C6Q4Q5K9M9           INDN:OUTDOOR PLAYGROUND      CO ID:XXXXX48598 CCD,,1823.94
2366,,,,,,,,
,11/12/2024,Deposit,,Stripe,,STRIPE           DES:TRANSFER   ID:ST-Y8V5K1K3C5N7           INDN:RICHARD PATRI           CO ID:XXXXX65600 CCD,Reconciled,614.36
,11/12/2024,Deposit,,Stripe,,STRIPE           DES:TRANSFER   ID:ST-Y8V5K1K3C5N7           INDN:RICHARD PATRI           CO ID:XXXXX65600 CCD,,614.36
2368,,,,,,,,
,11/12/2024,Deposit,,,,"TikTok Inc       DES:PAYMENT    ID:XXXXXXXXXX29027           INDN:Outdoor Playground Inc  CO ID:XXXXX67522 CCD           PMT INFO:TikTok Shop-USLC7NEW6U, payout ID 345958           XXXXX16089850",Reconciled,69.42
,11/12/2024,Deposit,,,,"TikTok Inc       DES:PAYMENT    ID:XXXXXXXXXX29027           INDN:Outdoor Playground Inc  CO ID:XXXXX67522 CCD           PMT INFO:TikTok Shop-USLC7NEW6U, payout ID 345958           XXXXX16089850",,69.42
2379,,,,,,,,
,11/12/2024,Deposit,,,,PAYPAL           DES:TRANSFER   ID:XXXXX67483791             INDN:MAXIMUS OUTDOORS        CO ID:PAYPALSD11 PPD,Reconciled,3686.8
,11/12/2024,Deposit,,,,PAYPAL           DES:TRANSFER   ID:XXXXX67483791             INDN:MAXIMUS OUTDOORS        CO ID:PAYPALSD11 PPD,,3686.8
2369,,,,,,,,
,11/13/2024,Deposit,,Stripe,,STRIPE           DES:TRANSFER   ID:ST-M6Y2C2M6B3H2           INDN:RICHARD PATRI           CO ID:XXXXX65600 CCD,Reconciled,376.22
,11/13/2024,Deposit,,Stripe,,STRIPE           DES:TRANSFER   ID:ST-M6Y2C2M6B3H2           INDN:RICHARD PATRI           CO ID:XXXXX65600 CCD,,376.22
2375,,,,,,,,
,11/13/2024,Deposit,,,,SHOPPAYINST AFRM DES:PAYMENTS   ID:JGHUF24A4EGTW4W           INDN:MONSTERBASS             CO ID:XXXXX98000 CCD,Reconciled,59.02
,11/13/2024,Deposit,,,,SHOPPAYINST AFRM DES:PAYMENTS   ID:JGHUF24A4EGTW4W           INDN:MONSTERBASS             CO ID:XXXXX98000 CCD,,59.02
2376,,,,,,,,
,11/13/2024,Deposit,,,,SHOPPAYINST AFRM DES:PAYMENTS   ID:CUZB2YTXAS92L59           INDN:MONSTERBASS             CO ID:XXXXX98000 CCD,Reconciled,104.16
,11/13/2024,Deposit,,,,SHOPPAYINST AFRM DES:PAYMENTS   ID:CUZB2YTXAS92L59           INDN:MONSTERBASS             CO ID:XXXXX98000 CCD,,104.16
2377,,,,,,,,
,11/13/2024,Deposit,,,Shopify,Shopify          DES:TRANSFER   ID:ST-Y8W1C2T1E2I8           INDN:OUTDOOR PLAYGROUND INC  CO ID:XXXXX48598 CCD,Reconciled,7.21
,11/13/2024,Deposit,,,Shopify,Shopify          DES:TRANSFER   ID:ST-Y8W1C2T1E2I8           INDN:OUTDOOR PLAYGROUND INC  CO ID:XXXXX48598 CCD,,7.21
2378,,,,,,,,
,11/13/2024,Deposit,,,Shopify,Shopify          DES:TRANSFER   ID:ST-G3T5P2X7D2X7           INDN:OUTDOOR PLAYGROUND      CO ID:XXXXX48598 CCD,Reconciled,9702.27
,11/13/2024,Deposit,,,Shopify,Shopify          DES:TRANSFER   ID:ST-G3T5P2X7D2X7           INDN:OUTDOOR PLAYGROUND      CO ID:XXXXX48598 CCD,,9702.27
2381,,,,,,,,
,11/14/2024,Deposit,,,Shopify,Shopify          DES:TRANSFER   ID:ST-F0G7J0S1V6W5           INDN:OUTDOOR PLAYGROUND INC  CO ID:XXXXX65600 CCD,Reconciled,9.16
,11/14/2024,Deposit,,,Shopify,Shopify          DES:TRANSFER   ID:ST-F0G7J0S1V6W5           INDN:OUTDOOR PLAYGROUND INC  CO ID:XXXXX65600 CCD,,9.16
2382,,,,,,,,
,11/14/2024,Deposit,,Stripe,,STRIPE           DES:TRANSFER   ID:ST-N1D3I2I2P9L7           INDN:RICHARD PATRI           CO ID:XXXXX65600 CCD,Reconciled,2534.03
,11/14/2024,Deposit,,Stripe,,STRIPE           DES:TRANSFER   ID:ST-N1D3I2I2P9L7           INDN:RICHARD PATRI           CO ID:XXXXX65600 CCD,,2534.03
2383,,,,,,,,
,11/14/2024,Deposit,,,Shopify,Shopify          DES:TRANSFER   ID:ST-Y2W7I3L3D9T1           INDN:OUTDOOR PLAYGROUND      CO ID:XXXXX65600 CCD,Reconciled,1383.45
,11/14/2024,Deposit,,,Shopify,Shopify          DES:TRANSFER   ID:ST-Y2W7I3L3D9T1           INDN:OUTDOOR PLAYGROUND      CO ID:XXXXX65600 CCD,,1383.45
2394,,,,,,,,
,11/14/2024,Deposit,,,,SHOPPAYINST AFRM DES:PAYMENTS   ID:5356Z1QNTDS4WN5           INDN:MONSTERBASS             CO ID:XXXXX98000 CCD,Reconciled,64.37
,11/14/2024,Deposit,,,,SHOPPAYINST AFRM DES:PAYMENTS   ID:5356Z1QNTDS4WN5           INDN:MONSTERBASS             CO ID:XXXXX98000 CCD,,64.37
2395,,,,,,,,
,11/14/2024,Deposit,,,,AMAZONCOMCA INC  DES:PAYMENT    ID:KOACUSCNPVWX              INDN:Outdoor Playground Inc  CO ID:XXXXX70001 IAT           PMT INFO: BUS XXXXXXXXXX00002268                            FOR MORE INFORMATION CONTACT CUSTOMER SERVICE,Reconciled,22.68
,11/14/2024,Deposit,,,,AMAZONCOMCA INC  DES:PAYMENT    ID:KOACUSCNPVWX              INDN:Outdoor Playground Inc  CO ID:XXXXX70001 IAT           PMT INFO: BUS XXXXXXXXXX00002268                            FOR MORE INFORMATION CONTACT CUSTOMER SERVICE,,22.68
2396,,,,,,,,
,11/14/2024,Deposit,,,,AMAZON.C2TR4TUJR DES:PAYMENTS   ID:380ZIQN1JT8MYSZ           INDN:Outdoor Playground Inc  CO ID:XXXXX40102 CCD,Reconciled,454.44
,11/14/2024,Deposit,,,,AMAZON.C2TR4TUJR DES:PAYMENTS   ID:380ZIQN1JT8MYSZ           INDN:Outdoor Playground Inc  CO ID:XXXXX40102 CCD,,454.44
2390,,,,,,,,
,11/15/2024,Deposit,,Stripe,,STRIPE           DES:TRANSFER   ID:ST-E5O0P7G5F4N2           INDN:RICHARD PATRI           CO ID:XXXXX65600 CCD,Reconciled,668.34
,11/15/2024,Deposit,,Stripe,,STRIPE           DES:TRANSFER   ID:ST-E5O0P7G5F4N2           INDN:RICHARD PATRI           CO ID:XXXXX65600 CCD,,668.34
2391,,,,,,,,
,11/15/2024,Deposit,,,Shopify,Shopify          DES:TRANSFER   ID:ST-I1U7O0B7O2M6           INDN:OUTDOOR PLAYGROUND INC  CO ID:XXXXX48598 CCD,Reconciled,0.82
,11/15/2024,Deposit,,,Shopify,Shopify          DES:TRANSFER   ID:ST-I1U7O0B7O2M6           INDN:OUTDOOR PLAYGROUND INC  CO ID:XXXXX48598 CCD,,0.82
2392,,,,,,,,
,11/15/2024,Deposit,,,Shopify,Shopify          DES:TRANSFER   ID:ST-N5N9S8I6H5Y9           INDN:OUTDOOR PLAYGROUND      CO ID:XXXXX48598 CCD,Reconciled,2298.52
,11/15/2024,Deposit,,,Shopify,Shopify          DES:TRANSFER   ID:ST-N5N9S8I6H5Y9           INDN:OUTDOOR PLAYGROUND      CO ID:XXXXX48598 CCD,,2298.52
2402,,,,,,,,
,11/18/2024,Deposit,,Stripe,,STRIPE           DES:TRANSFER   ID:ST-M2K3P2O4M4C8           INDN:RICHARD PATRI           CO ID:XXXXX65600 CCD,Reconciled,23.88
,11/18/2024,Deposit,,Stripe,,STRIPE           DES:TRANSFER   ID:ST-M2K3P2O4M4C8           INDN:RICHARD PATRI           CO ID:XXXXX65600 CCD,,23.88
2404,,,,,,,,
,11/18/2024,Deposit,,,Shopify,Shopify          DES:TRANSFER   ID:ST-M9J0B6C6Q5B8           INDN:OUTDOOR PLAYGROUND      CO ID:XXXXX48598 CCD,Reconciled,549.53
,11/18/2024,Deposit,,,Shopify,Shopify          DES:TRANSFER   ID:ST-M9J0B6C6Q5B8           INDN:OUTDOOR PLAYGROUND      CO ID:XXXXX48598 CCD,,549.53
2417,,,,,,,,
,11/18/2024,Deposit,,,,"TikTok Shop      DES:XXXXX75001 ID:USLC7NEW6U,               INDN:Outdoor Playground Inc  CO ID:XXXXX92853 CCD           PMT INFO:USLC7NEW6U,",Reconciled,7
,11/18/2024,Deposit,,,,"TikTok Shop      DES:XXXXX75001 ID:USLC7NEW6U,               INDN:Outdoor Playground Inc  CO ID:XXXXX92853 CCD           PMT INFO:USLC7NEW6U,",,7
2418,,,,,,,,
,11/18/2024,Deposit,,,,"TikTok Shop      DES:XXXXX55003 ID:USLC7NEW6U,               INDN:Outdoor Playground Inc  CO ID:XXXXX92853 CCD           PMT INFO:USLC7NEW6U,",Reconciled,38.76
,11/18/2024,Deposit,,,,"TikTok Shop      DES:XXXXX55003 ID:USLC7NEW6U,               INDN:Outdoor Playground Inc  CO ID:XXXXX92853 CCD           PMT INFO:USLC7NEW6U,",,38.76
2421,,,,,,,,
,11/18/2024,Deposit,,,,BKOFAMERICA MOBILE 11/18 XXXXX31345 DEPOSIT                                    *MOBILE       CA,Reconciled,96.08
,11/18/2024,Deposit,,,,BKOFAMERICA MOBILE 11/18 XXXXX31345 DEPOSIT                                    *MOBILE       CA,,-96.08
2408,,,,,,,,
,11/19/2024,Deposit,,,Shopify,Shopify          DES:TRANSFER   ID:ST-Q7P1B5T5R1Y6           INDN:OUTDOOR PLAYGROUND INC  CO ID:XXXXX48598 CCD,Reconciled,43.44
,11/19/2024,Deposit,,,Shopify,Shopify          DES:TRANSFER   ID:ST-Q7P1B5T5R1Y6           INDN:OUTDOOR PLAYGROUND INC  CO ID:XXXXX48598 CCD,,43.44
2409,,,,,,,,
,11/19/2024,Deposit,,,Shopify,Shopify          DES:TRANSFER   ID:ST-I0G2V2W5L4G4           INDN:OUTDOOR PLAYGROUND      CO ID:XXXXX48598 CCD,Reconciled,7115.49
,11/19/2024,Deposit,,,Shopify,Shopify          DES:TRANSFER   ID:ST-I0G2V2W5L4G4           INDN:OUTDOOR PLAYGROUND      CO ID:XXXXX48598 CCD,,7115.49
2410,,,,,,,,
,11/19/2024,Deposit,,Stripe,,STRIPE           DES:TRANSFER   ID:ST-Q7I1J1W4Q8R1           INDN:RICHARD PATRI           CO ID:XXXXX65600 CCD,Reconciled,1571.75
,11/19/2024,Deposit,,Stripe,,STRIPE           DES:TRANSFER   ID:ST-Q7I1J1W4Q8R1           INDN:RICHARD PATRI           CO ID:XXXXX65600 CCD,,1571.75
2423,,,,,,,,
,11/19/2024,Deposit,,,,SHOPPAYINST AFRM DES:PAYMENTS   ID:IKEMIEAMGSYHM6K           INDN:MONSTERBASS             CO ID:XXXXX98000 CCD,Reconciled,103.64
,11/19/2024,Deposit,,,,SHOPPAYINST AFRM DES:PAYMENTS   ID:IKEMIEAMGSYHM6K           INDN:MONSTERBASS             CO ID:XXXXX98000 CCD,,103.64
2426,,,,,,,,
,11/19/2024,Deposit,,,,PAYPAL           DES:TRANSFER   ID:XXXXX21331376             INDN:MAXIMUS OUTDOORS        CO ID:PAYPALSD11 PPD,Reconciled,3436.7
,11/19/2024,Deposit,,,,PAYPAL           DES:TRANSFER   ID:XXXXX21331376             INDN:MAXIMUS OUTDOORS        CO ID:PAYPALSD11 PPD,,3436.7
2419,,,,,,,,
,11/20/2024,Deposit,,Stripe,,STRIPE           DES:TRANSFER   ID:ST-E0E0L0O5Z2U3           INDN:RICHARD PATRI           CO ID:XXXXX65600 CCD,Reconciled,1253.36
,11/20/2024,Deposit,,Stripe,,STRIPE           DES:TRANSFER   ID:ST-E0E0L0O5Z2U3           INDN:RICHARD PATRI           CO ID:XXXXX65600 CCD,,1253.36
2422,,,,,,,,
,11/20/2024,Deposit,,,,SHOPPAYINST AFRM DES:PAYMENTS   ID:QUXE5RHN93FWU8A           INDN:MONSTERBASS             CO ID:XXXXX98000 CCD,Reconciled,114.99
,11/20/2024,Deposit,,,,SHOPPAYINST AFRM DES:PAYMENTS   ID:QUXE5RHN93FWU8A           INDN:MONSTERBASS             CO ID:XXXXX98000 CCD,,114.99
2424,,,,,,,,
,11/20/2024,Deposit,,,Shopify,Shopify          DES:TRANSFER   ID:ST-H2D2K5G1C9K5           INDN:OUTDOOR PLAYGROUND INC  CO ID:XXXXX48598 CCD,Reconciled,31.91
,11/20/2024,Deposit,,,Shopify,Shopify          DES:TRANSFER   ID:ST-H2D2K5G1C9K5           INDN:OUTDOOR PLAYGROUND INC  CO ID:XXXXX48598 CCD,,31.91
2425,,,,,,,,
,11/20/2024,Deposit,,,Shopify,Shopify          DES:TRANSFER   ID:ST-D9C1D0R6Q8X9           INDN:OUTDOOR PLAYGROUND      CO ID:XXXXX48598 CCD,Reconciled,1986.31
,11/20/2024,Deposit,,,Shopify,Shopify          DES:TRANSFER   ID:ST-D9C1D0R6Q8X9           INDN:OUTDOOR PLAYGROUND      CO ID:XXXXX48598 CCD,,1986.31
2432,,,,,,,,
,11/21/2024,Deposit,,,Shopify,Shopify          DES:TRANSFER   ID:ST-K2H1R4R0N0R6           INDN:OUTDOOR PLAYGROUND INC  CO ID:XXXXX48598 CCD,Reconciled,32.09
,11/21/2024,Deposit,,,Shopify,Shopify          DES:TRANSFER   ID:ST-K2H1R4R0N0R6           INDN:OUTDOOR PLAYGROUND INC  CO ID:XXXXX48598 CCD,,32.09
2434,,,,,,,,
,11/21/2024,Deposit,,,Shopify,Shopify          DES:TRANSFER   ID:ST-A7X0K1Y0N7W5           INDN:OUTDOOR PLAYGROUND      CO ID:XXXXX48598 CCD,Reconciled,1966.01
,11/21/2024,Deposit,,,Shopify,Shopify          DES:TRANSFER   ID:ST-A7X0K1Y0N7W5           INDN:OUTDOOR PLAYGROUND      CO ID:XXXXX48598 CCD,,1966.01
2435,,,,,,,,
,11/21/2024,Deposit,,Stripe,,STRIPE           DES:TRANSFER   ID:ST-Q9D9F9A1J4Y5           INDN:RICHARD PATRI           CO ID:XXXXX65600 CCD,Reconciled,666.61
,11/21/2024,Deposit,,Stripe,,STRIPE           DES:TRANSFER   ID:ST-Q9D9F9A1J4Y5           INDN:RICHARD PATRI           CO ID:XXXXX65600 CCD,,666.61
2439,,,,,,,,
,11/21/2024,Deposit,,,,SHOPPAYINST AFRM DES:PAYMENTS   ID:0C77QMP9J9L3LCH           INDN:MONSTERBASS             CO ID:XXXXX98000 CCD,Reconciled,103.89
,11/21/2024,Deposit,,,,SHOPPAYINST AFRM DES:PAYMENTS   ID:0C77QMP9J9L3LCH           INDN:MONSTERBASS             CO ID:XXXXX98000 CCD,,103.89
2433,,,,,,,,
,11/22/2024,Deposit,,,Shopify,Shopify          DES:TRANSFER   ID:ST-T7B9C3F9E7S2           INDN:OUTDOOR PLAYGROUND      CO ID:XXXXX48598 CCD,Reconciled,2106.28
,11/22/2024,Deposit,,,Shopify,Shopify          DES:TRANSFER   ID:ST-T7B9C3F9E7S2           INDN:OUTDOOR PLAYGROUND      CO ID:XXXXX48598 CCD,,2106.28
2436,,,,,,,,
,11/22/2024,Deposit,,Stripe,,STRIPE           DES:TRANSFER   ID:ST-C9M0C5K6F4Y6           INDN:RICHARD PATRI           CO ID:XXXXX65600 CCD,Reconciled,574.96
,11/22/2024,Deposit,,Stripe,,STRIPE           DES:TRANSFER   ID:ST-C9M0C5K6F4Y6           INDN:RICHARD PATRI           CO ID:XXXXX65600 CCD,,574.96
2446,,,,,,,,
,11/25/2024,Deposit,,,Shopify,Shopify          DES:TRANSFER   ID:ST-N5I0F1L5S2P0           INDN:OUTDOOR PLAYGROUND      CO ID:XXXXX48598 CCD,Reconciled,2528.4
,11/25/2024,Deposit,,,Shopify,Shopify          DES:TRANSFER   ID:ST-N5I0F1L5S2P0           INDN:OUTDOOR PLAYGROUND      CO ID:XXXXX48598 CCD,,2528.4
2447,,,,,,,,
,11/25/2024,Deposit,,,Shopify,Shopify          DES:TRANSFER   ID:ST-U8W3E5L3A9P5           INDN:OUTDOOR PLAYGROUND INC  CO ID:XXXXX48598 CCD,Reconciled,24.25
,11/25/2024,Deposit,,,Shopify,Shopify          DES:TRANSFER   ID:ST-U8W3E5L3A9P5           INDN:OUTDOOR PLAYGROUND INC  CO ID:XXXXX48598 CCD,,24.25
2448,,,,,,,,
,11/25/2024,Deposit,,Stripe,,STRIPE           DES:TRANSFER   ID:ST-W4A1W5V1R2T0           INDN:RICHARD PATRI           CO ID:XXXXX65600 CCD,Reconciled,358.74
,11/25/2024,Deposit,,Stripe,,STRIPE           DES:TRANSFER   ID:ST-W4A1W5V1R2T0           INDN:RICHARD PATRI           CO ID:XXXXX65600 CCD,,358.74
2449,,,,,,,,
,11/26/2024,Deposit,,Stripe,,STRIPE           DES:TRANSFER   ID:ST-M9P0N0B4L4R0           INDN:RICHARD PATRI           CO ID:XXXXX65600 CCD,Reconciled,247.13
,11/26/2024,Deposit,,Stripe,,STRIPE           DES:TRANSFER   ID:ST-M9P0N0B4L4R0           INDN:RICHARD PATRI           CO ID:XXXXX65600 CCD,,247.13
2450,,,,,,,,
,11/26/2024,Deposit,,,Shopify,Shopify          DES:TRANSFER   ID:ST-Y8N0Q3T7K7V8           INDN:OUTDOOR PLAYGROUND      CO ID:XXXXX48598 CCD,Reconciled,7266.02
,11/26/2024,Deposit,,,Shopify,Shopify          DES:TRANSFER   ID:ST-Y8N0Q3T7K7V8           INDN:OUTDOOR PLAYGROUND      CO ID:XXXXX48598 CCD,,7266.02
2451,,,,,,,,
,11/26/2024,Deposit,,,Shopify,Shopify          DES:TRANSFER   ID:ST-X5D8E4C9W7T1           INDN:OUTDOOR PLAYGROUND INC  CO ID:XXXXX48598 CCD,Reconciled,8.5
,11/26/2024,Deposit,,,Shopify,Shopify          DES:TRANSFER   ID:ST-X5D8E4C9W7T1           INDN:OUTDOOR PLAYGROUND INC  CO ID:XXXXX48598 CCD,,8.5
2466,,,,,,,,
,11/26/2024,Deposit,,,,SHOPPAYINST AFRM DES:PAYMENTS   ID:NTRNSADTOYE8J26           INDN:Rick's Tackle Outlet    CO ID:XXXXX98000 CCD,Reconciled,37.08
,11/26/2024,Deposit,,,,SHOPPAYINST AFRM DES:PAYMENTS   ID:NTRNSADTOYE8J26           INDN:Rick's Tackle Outlet    CO ID:XXXXX98000 CCD,,37.08
2467,,,,,,,,
,11/26/2024,Deposit,,,,SHOPPAYINST AFRM DES:PAYMENTS   ID:MWAV1D7VFMDR6SE           INDN:MONSTERBASS             CO ID:XXXXX98000 CCD,Reconciled,195.53
,11/26/2024,Deposit,,,,SHOPPAYINST AFRM DES:PAYMENTS   ID:MWAV1D7VFMDR6SE           INDN:MONSTERBASS             CO ID:XXXXX98000 CCD,,195.53
2483,,,,,,,,
,11/26/2024,Deposit,,,,PAYPAL           DES:TRANSFER   ID:XXXXX75895296             INDN:MAXIMUS OUTDOORS        CO ID:PAYPALSD11 PPD,Reconciled,3261.5
,11/26/2024,Deposit,,,,PAYPAL           DES:TRANSFER   ID:XXXXX75895296             INDN:MAXIMUS OUTDOORS        CO ID:PAYPALSD11 PPD,,3261.5
2452,,,,,,,,
,11/27/2024,Deposit,,,Shopify,Shopify          DES:TRANSFER   ID:ST-V1X7T9Q4L9O1           INDN:OUTDOOR PLAYGROUND      CO ID:XXXXX48598 CCD,Reconciled,3602.33
,11/27/2024,Deposit,,,Shopify,Shopify          DES:TRANSFER   ID:ST-V1X7T9Q4L9O1           INDN:OUTDOOR PLAYGROUND      CO ID:XXXXX48598 CCD,,3602.33
2453,,,,,,,,
,11/27/2024,Deposit,,Stripe,,STRIPE           DES:TRANSFER   ID:ST-C1D4K0E6M2K4           INDN:RICHARD PATRI           CO ID:XXXXX65600 CCD,Reconciled,501.16
,11/27/2024,Deposit,,Stripe,,STRIPE           DES:TRANSFER   ID:ST-C1D4K0E6M2K4           INDN:RICHARD PATRI           CO ID:XXXXX65600 CCD,,501.16
2454,,,,,,,,
,11/27/2024,Deposit,,,Shopify,Shopify          DES:TRANSFER   ID:ST-I5X5P9A1X9V3           INDN:OUTDOOR PLAYGROUND INC  CO ID:XXXXX48598 CCD,Reconciled,29.77
,11/27/2024,Deposit,,,Shopify,Shopify          DES:TRANSFER   ID:ST-I5X5P9A1X9V3           INDN:OUTDOOR PLAYGROUND INC  CO ID:XXXXX48598 CCD,,29.77
2456,,,,,,,,
,11/29/2024,Deposit,,,Shopify,Shopify          DES:TRANSFER   ID:ST-S9Z9I5X1I4J2           INDN:OUTDOOR PLAYGROUND INC  CO ID:XXXXX48598 CCD,Reconciled,47.57
,11/29/2024,Deposit,,,Shopify,Shopify          DES:TRANSFER   ID:ST-S9Z9I5X1I4J2           INDN:OUTDOOR PLAYGROUND INC  CO ID:XXXXX48598 CCD,,47.57
2457,,,,,,,,
,11/29/2024,Deposit,,,Shopify,Shopify          DES:TRANSFER   ID:ST-K6Q3X4L8B5C6           INDN:OUTDOOR PLAYGROUND      CO ID:XXXXX48598 CCD,Reconciled,1188.61
,11/29/2024,Deposit,,,Shopify,Shopify          DES:TRANSFER   ID:ST-K6Q3X4L8B5C6           INDN:OUTDOOR PLAYGROUND      CO ID:XXXXX48598 CCD,,1188.61
2459,,,,,,,,
,11/29/2024,Deposit,,Stripe,,STRIPE           DES:TRANSFER   ID:ST-E9V6C0D6D0M3           INDN:RICHARD PATRI           CO ID:XXXXX65600 CCD,Reconciled,192.7
,11/29/2024,Deposit,,Stripe,,STRIPE           DES:TRANSFER   ID:ST-E9V6C0D6D0M3           INDN:RICHARD PATRI           CO ID:XXXXX65600 CCD,,192.7
2475,,,,,,,,
,11/29/2024,Deposit,,,,Amazon.com.ca In DES:INTL PYMNT ID:12889VJ00003GD            INDN:OUTDOOR PLAYGROUND INC  CO ID:XXXXX00247 IAT           PMT INFO: BUS XXXXXXXXXX00007087 12889VJ00003GD             FOR MORE INFORMATION CONTACT CUSTOMER SERVICE,Reconciled,70.87
,11/29/2024,Deposit,,,,Amazon.com.ca In DES:INTL PYMNT ID:12889VJ00003GD            INDN:OUTDOOR PLAYGROUND INC  CO ID:XXXXX00247 IAT           PMT INFO: BUS XXXXXXXXXX00007087 12889VJ00003GD             FOR MORE INFORMATION CONTACT CUSTOMER SERVICE,,70.87
2476,,,,,,,,
,11/29/2024,Deposit,,,,AMAZON.CXSZ1T1JO DES:PAYMENTS   ID:723ZHVTRX8YCQEO           INDN:Outdoor Playground Inc  CO ID:XXXXX40102 CCD,Reconciled,1104.88
,11/29/2024,Deposit,,,,AMAZON.CXSZ1T1JO DES:PAYMENTS   ID:723ZHVTRX8YCQEO           INDN:Outdoor Playground Inc  CO ID:XXXXX40102 CCD,,1104.88
2468,,,,,,,,
,11/30/2024,Deposit,,,Shopify,Shopify          DES:TRANSFER   ID:ST-Z4A2R4E6G1F8           INDN:OUTDOOR PLAYGROUND      CO ID:XXXXX48598 CCD,Reconciled,5948.36
,11/30/2024,Deposit,,,Shopify,Shopify          DES:TRANSFER   ID:ST-Z4A2R4E6G1F8           INDN:OUTDOOR PLAYGROUND      CO ID:XXXXX48598 CCD,,5948.36
2511,,,,,,,,
,11/30/2024,Deposit,,,Shopify,Shopify          DES:TRANSFER   ID:ST-D2X9E6X1T4P9           INDN:OUTDOOR PLAYGROUND      CO ID:XXXXX48598 CCD,Reconciled,15105.39
,11/30/2024,Deposit,,,Shopify,Shopify          DES:TRANSFER   ID:ST-D2X9E6X1T4P9           INDN:OUTDOOR PLAYGROUND      CO ID:XXXXX48598 CCD,,15105.39
2464,,,,,,,,
,12/02/2024,Deposit,,Stripe,,STRIPE           DES:TRANSFER   ID:ST-M7E3Q7A4S8K5           INDN:RICHARD PATRI           CO ID:XXXXX65600 CCD,Reconciled,292.64
,12/02/2024,Deposit,,Stripe,,STRIPE           DES:TRANSFER   ID:ST-M7E3Q7A4S8K5           INDN:RICHARD PATRI           CO ID:XXXXX65600 CCD,,292.64
2465,,,,,,,,
,12/02/2024,Deposit,,,,SHOPPAYINST AFRM DES:PAYMENTS   ID:ZTWOVQYOW6L9N1F           INDN:MONSTERBASS             CO ID:XXXXX98000 CCD,Reconciled,62.93
,12/02/2024,Deposit,,,,SHOPPAYINST AFRM DES:PAYMENTS   ID:ZTWOVQYOW6L9N1F           INDN:MONSTERBASS             CO ID:XXXXX98000 CCD,,62.93
2469,,,,,,,,
,12/02/2024,Deposit,,,Shopify,Shopify          DES:TRANSFER   ID:ST-J7X4W8C2X9R6           INDN:OUTDOOR PLAYGROUND INC  CO ID:XXXXX48598 CCD,Reconciled,152.83
,12/02/2024,Deposit,,,Shopify,Shopify          DES:TRANSFER   ID:ST-J7X4W8C2X9R6           INDN:OUTDOOR PLAYGROUND INC  CO ID:XXXXX48598 CCD,,152.83
2505,,,,,,,,
,12/03/2024,Deposit,,,,"TikTok Inc       DES:PAYMENT    ID:XXXXXXXXXX38179           INDN:Outdoor Playground Inc  CO ID:XXXXX67522 CCD           PMT INFO:TikTok Shop-USLC7NEW6U, payout ID 345972           XXXXX89183738",Reconciled,7.48
,12/03/2024,Deposit,,,,"TikTok Inc       DES:PAYMENT    ID:XXXXXXXXXX38179           INDN:Outdoor Playground Inc  CO ID:XXXXX67522 CCD           PMT INFO:TikTok Shop-USLC7NEW6U, payout ID 345972           XXXXX89183738",,7.48
2506,,,,,,,,
,12/03/2024,Deposit,,Stripe,,STRIPE           DES:TRANSFER   ID:ST-O6P4U3E1D2A5           INDN:RICHARD PATRI           CO ID:XXXXX65600 CCD,Reconciled,462.89
,12/03/2024,Deposit,,Stripe,,STRIPE           DES:TRANSFER   ID:ST-O6P4U3E1D2A5           INDN:RICHARD PATRI           CO ID:XXXXX65600 CCD,,462.89
2507,,,,,,,,
,12/03/2024,Deposit,,,,SHOPPAYINST AFRM DES:PAYMENTS   ID:S47MPXKO1O6A045           INDN:MONSTERBASS             CO ID:XXXXX98000 CCD,Reconciled,256.94
,12/03/2024,Deposit,,,,SHOPPAYINST AFRM DES:PAYMENTS   ID:S47MPXKO1O6A045           INDN:MONSTERBASS             CO ID:XXXXX98000 CCD,,256.94
2508,,,,,,,,
,12/03/2024,Deposit,,,,SHOPPAYINST AFRM DES:PAYMENTS   ID:L188W888EKC56JG           INDN:MONSTERBASS             CO ID:XXXXX98000 CCD,Reconciled,181.8
,12/03/2024,Deposit,,,,SHOPPAYINST AFRM DES:PAYMENTS   ID:L188W888EKC56JG           INDN:MONSTERBASS             CO ID:XXXXX98000 CCD,,181.8
2509,,,,,,,,
,12/03/2024,Deposit,,,,SHOPPAYINST AFRM DES:PAYMENTS   ID:5YTVEOZUHRSU4XH           INDN:MONSTERBASS             CO ID:XXXXX98000 CCD,Reconciled,197.07
,12/03/2024,Deposit,,,,SHOPPAYINST AFRM DES:PAYMENTS   ID:5YTVEOZUHRSU4XH           INDN:MONSTERBASS             CO ID:XXXXX98000 CCD,,197.07
2510,,,,,,,,
,12/03/2024,Deposit,,,Shopify,Shopify          DES:TRANSFER   ID:ST-G1F2I5I1S9T4           INDN:OUTDOOR PLAYGROUND INC  CO ID:XXXXX48598 CCD,Reconciled,67.68
,12/03/2024,Deposit,,,Shopify,Shopify          DES:TRANSFER   ID:ST-G1F2I5I1S9T4           INDN:OUTDOOR PLAYGROUND INC  CO ID:XXXXX48598 CCD,,67.68
2513,,,,,,,,
,12/03/2024,Deposit,,,,PAYPAL           DES:TRANSFER   ID:XXXXX53623228             INDN:MAXIMUS OUTDOORS        CO ID:PAYPALSD11 PPD,Reconciled,4696.64
,12/03/2024,Deposit,,,,PAYPAL           DES:TRANSFER   ID:XXXXX53623228             INDN:MAXIMUS OUTDOORS        CO ID:PAYPALSD11 PPD,,4696.64
2515,,,,,,,,
,12/04/2024,Deposit,,,Shopify,Shopify          DES:TRANSFER   ID:ST-C2A6T1W9P6E1           INDN:OUTDOOR PLAYGROUND      CO ID:XXXXX48598 CCD,Reconciled,2424.16
,12/04/2024,Deposit,,,Shopify,Shopify          DES:TRANSFER   ID:ST-C2A6T1W9P6E1           INDN:OUTDOOR PLAYGROUND      CO ID:XXXXX48598 CCD,,2424.16
2516,,,,,,,,
,12/04/2024,Deposit,,Stripe,,STRIPE           DES:TRANSFER   ID:ST-Q8R7S3Y1Z0A1           INDN:RICHARD PATRI           CO ID:XXXXX65600 CCD,Reconciled,243.12
,12/04/2024,Deposit,,Stripe,,STRIPE           DES:TRANSFER   ID:ST-Q8R7S3Y1Z0A1           INDN:RICHARD PATRI           CO ID:XXXXX65600 CCD,,243.12
2536,,,,,,,,
,12/04/2024,Deposit,,,,SHOPPAYINST AFRM DES:PAYMENTS   ID:6H59221E69CDJMP           INDN:MONSTERBASS             CO ID:XXXXX98000 CCD,Reconciled,147.99
,12/04/2024,Deposit,,,,SHOPPAYINST AFRM DES:PAYMENTS   ID:6H59221E69CDJMP           INDN:MONSTERBASS             CO ID:XXXXX98000 CCD,,147.99
2517,,,,,,,,
,12/05/2024,Deposit,,,Shopify,Shopify          DES:TRANSFER   ID:ST-V7P6D9A0U8E3           INDN:OUTDOOR PLAYGROUND      CO ID:XXXXX48598 CCD,Reconciled,15684.86
,12/05/2024,Deposit,,,Shopify,Shopify          DES:TRANSFER   ID:ST-V7P6D9A0U8E3           INDN:OUTDOOR PLAYGROUND      CO ID:XXXXX48598 CCD,,15684.86
2518,,,,,,,,
,12/05/2024,Deposit,,Stripe,,STRIPE           DES:TRANSFER   ID:ST-T2M7C9T1S8L2           INDN:RICHARD PATRI           CO ID:XXXXX65600 CCD,Reconciled,6695.66
,12/05/2024,Deposit,,Stripe,,STRIPE           DES:TRANSFER   ID:ST-T2M7C9T1S8L2           INDN:RICHARD PATRI           CO ID:XXXXX65600 CCD,,6695.66
2519,,,,,,,,
,12/05/2024,Deposit,,,Shopify,Shopify          DES:TRANSFER   ID:ST-G9K0Q0K3C2L9           INDN:OUTDOOR PLAYGROUND INC  CO ID:XXXXX48598 CCD,Reconciled,22.82
,12/05/2024,Deposit,,,Shopify,Shopify          DES:TRANSFER   ID:ST-G9K0Q0K3C2L9           INDN:OUTDOOR PLAYGROUND INC  CO ID:XXXXX48598 CCD,,22.82
2535,,,,,,,,
,12/05/2024,Deposit,,,,SHOPPAYINST AFRM DES:PAYMENTS   ID:GRHM0T1VLVEFQDB           INDN:MONSTERBASS             CO ID:XXXXX98000 CCD,Reconciled,59.06
,12/05/2024,Deposit,,,,SHOPPAYINST AFRM DES:PAYMENTS   ID:GRHM0T1VLVEFQDB           INDN:MONSTERBASS             CO ID:XXXXX98000 CCD,,59.06
2520,,,,,,,,
,12/06/2024,Deposit,,,Shopify,Shopify          DES:TRANSFER   ID:ST-F9V5E5T7R2Z4           INDN:OUTDOOR PLAYGROUND      CO ID:XXXXX48598 CCD,Reconciled,2237.27
,12/06/2024,Deposit,,,Shopify,Shopify          DES:TRANSFER   ID:ST-F9V5E5T7R2Z4           INDN:OUTDOOR PLAYGROUND      CO ID:XXXXX48598 CCD,,2237.27
2521,,,,,,,,
,12/06/2024,Deposit,,Stripe,,STRIPE           DES:TRANSFER   ID:ST-M0B7O8D1Y1V4           INDN:RICHARD PATRI           CO ID:XXXXX65600 CCD,Reconciled,470.39
,12/06/2024,Deposit,,Stripe,,STRIPE           DES:TRANSFER   ID:ST-M0B7O8D1Y1V4           INDN:RICHARD PATRI           CO ID:XXXXX65600 CCD,,470.39
2534,,,,,,,,
,12/06/2024,Deposit,,,,SHOPPAYINST AFRM DES:PAYMENTS   ID:WXGAWCIJ2LJN9N4           INDN:MONSTERBASS             CO ID:XXXXX98000 CCD,Reconciled,52.42
,12/06/2024,Deposit,,,,SHOPPAYINST AFRM DES:PAYMENTS   ID:WXGAWCIJ2LJN9N4           INDN:MONSTERBASS             CO ID:XXXXX98000 CCD,,52.42
2541,,,,,,,,
,12/09/2024,Deposit,,,Shopify,Shopify          DES:TRANSFER   ID:ST-R8A8V3F2K9P6           INDN:OUTDOOR PLAYGROUND INC  CO ID:XXXXX48598 CCD,Reconciled,5.36
,12/09/2024,Deposit,,,Shopify,Shopify          DES:TRANSFER   ID:ST-R8A8V3F2K9P6           INDN:OUTDOOR PLAYGROUND INC  CO ID:XXXXX48598 CCD,,5.36
2545,,,,,,,,
,12/09/2024,Deposit,,Stripe,,STRIPE           DES:TRANSFER   ID:ST-H8C7J7J4T7N0           INDN:RICHARD PATRI           CO ID:XXXXX65600 CCD,Reconciled,957.3
,12/09/2024,Deposit,,Stripe,,STRIPE           DES:TRANSFER   ID:ST-H8C7J7J4T7N0           INDN:RICHARD PATRI           CO ID:XXXXX65600 CCD,,957.3
2547,,,,,,,,
,12/09/2024,Deposit,,,Shopify,Shopify          DES:TRANSFER   ID:ST-W9F5B5H0M5Y3           INDN:OUTDOOR PLAYGROUND      CO ID:XXXXX48598 CCD,Reconciled,2194.91
,12/09/2024,Deposit,,,Shopify,Shopify          DES:TRANSFER   ID:ST-W9F5B5H0M5Y3           INDN:OUTDOOR PLAYGROUND      CO ID:XXXXX48598 CCD,,2194.91
2542,,,,,,,,
,12/10/2024,Deposit,,Stripe,,STRIPE           DES:TRANSFER   ID:ST-H7P8O9J9K7K7           INDN:RICHARD PATRI           CO ID:XXXXX65600 CCD,Reconciled,2645.08
,12/10/2024,Deposit,,Stripe,,STRIPE           DES:TRANSFER   ID:ST-H7P8O9J9K7K7           INDN:RICHARD PATRI           CO ID:XXXXX65600 CCD,,2645.08
2543,,,,,,,,
,12/10/2024,Deposit,,,Shopify,Shopify          DES:TRANSFER   ID:ST-O9O9Y8R7M7F4           INDN:OUTDOOR PLAYGROUND      CO ID:XXXXX48598 CCD,Reconciled,9955.37
,12/10/2024,Deposit,,,Shopify,Shopify          DES:TRANSFER   ID:ST-O9O9Y8R7M7F4           INDN:OUTDOOR PLAYGROUND      CO ID:XXXXX48598 CCD,,9955.37
2544,,,,,,,,
,12/10/2024,Deposit,,,Shopify,Shopify          DES:TRANSFER   ID:ST-D9U5A4Q7I2B8           INDN:OUTDOOR PLAYGROUND INC  CO ID:XXXXX48598 CCD,Reconciled,10.02
,12/10/2024,Deposit,,,Shopify,Shopify          DES:TRANSFER   ID:ST-D9U5A4Q7I2B8           INDN:OUTDOOR PLAYGROUND INC  CO ID:XXXXX48598 CCD,,10.02
2549,,,,,,,,
,12/10/2024,Deposit,,,,"TikTok Inc       DES:PAYMENT    ID:XXXXXXXXXX32100           INDN:Outdoor Playground Inc  CO ID:XXXXX67522 CCD           PMT INFO:TikTok Shop-USLC7NEW6U, payout ID 345978           XXXXX64705018",Reconciled,80.66
,12/10/2024,Deposit,,,,"TikTok Inc       DES:PAYMENT    ID:XXXXXXXXXX32100           INDN:Outdoor Playground Inc  CO ID:XXXXX67522 CCD           PMT INFO:TikTok Shop-USLC7NEW6U, payout ID 345978           XXXXX64705018",,80.66
2551,,,,,,,,
,12/10/2024,Deposit,,,,PAYPAL           DES:TRANSFER   ID:XXXXX26869961             INDN:MAXIMUS OUTDOORS        CO ID:PAYPALSD11 PPD,Reconciled,4187.58
,12/10/2024,Deposit,,,,PAYPAL           DES:TRANSFER   ID:XXXXX26869961             INDN:MAXIMUS OUTDOORS        CO ID:PAYPALSD11 PPD,,4187.58
2554,,,,,,,,
,12/10/2024,Deposit,,,,SHOPPAYINST AFRM DES:PAYMENTS   ID:LVXRAQ4ENCH449X           INDN:MONSTERBASS             CO ID:XXXXX98000 CCD,Reconciled,164.04
,12/10/2024,Deposit,,,,SHOPPAYINST AFRM DES:PAYMENTS   ID:LVXRAQ4ENCH449X           INDN:MONSTERBASS             CO ID:XXXXX98000 CCD,,164.04
2555,,,,,,,,
,12/10/2024,Deposit,,,,SHOPPAYINST AFRM DES:PAYMENTS   ID:79T9O8QDI0I2XCT           INDN:MONSTERBASS             CO ID:XXXXX98000 CCD,Reconciled,51.27
,12/10/2024,Deposit,,,,SHOPPAYINST AFRM DES:PAYMENTS   ID:79T9O8QDI0I2XCT           INDN:MONSTERBASS             CO ID:XXXXX98000 CCD,,51.27
2560,,,,,,,,
,12/11/2024,Deposit,,,Shopify,Shopify          DES:TRANSFER   ID:ST-B2L0U0B4P2B7           INDN:OUTDOOR PLAYGROUND      CO ID:XXXXX48598 CCD,Reconciled,1724.5
,12/11/2024,Deposit,,,Shopify,Shopify          DES:TRANSFER   ID:ST-B2L0U0B4P2B7           INDN:OUTDOOR PLAYGROUND      CO ID:XXXXX48598 CCD,,1724.5
2562,,,,,,,,
,12/11/2024,Deposit,,Stripe,,STRIPE           DES:TRANSFER   ID:ST-C1I6W4G8E0W5           INDN:RICHARD PATRI           CO ID:XXXXX65600 CCD,Reconciled,2492.17
,12/11/2024,Deposit,,Stripe,,STRIPE           DES:TRANSFER   ID:ST-C1I6W4G8E0W5           INDN:RICHARD PATRI           CO ID:XXXXX65600 CCD,,2492.17
2571,,,,,,,,
,12/11/2024,Deposit,,,,SHOPPAYINST AFRM DES:PAYMENTS   ID:ZYBLTJ9A2U1MH9G           INDN:MONSTERBASS             CO ID:XXXXX98000 CCD,Reconciled,118.5
,12/11/2024,Deposit,,,,SHOPPAYINST AFRM DES:PAYMENTS   ID:ZYBLTJ9A2U1MH9G           INDN:MONSTERBASS             CO ID:XXXXX98000 CCD,,118.5
2564,,,,,,,,
,12/12/2024,Deposit,,,,AMAZON.CJIYLIINN DES:PAYMENTS   ID:54LIP7ZIGHFZB4Z           INDN:Outdoor Playground Inc  CO ID:XXXXX40102 CCD,Reconciled,2073.26
,12/12/2024,Deposit,,,,AMAZON.CJIYLIINN DES:PAYMENTS   ID:54LIP7ZIGHFZB4Z           INDN:Outdoor Playground Inc  CO ID:XXXXX40102 CCD,,2073.26
2565,,,,,,,,
,12/12/2024,Deposit,,,,Amazon.com.ca In DES:INTL PYMNT ID:128M9HM0000DGD            INDN:OUTDOOR PLAYGROUND INC  CO ID:XXXXX00247 IAT           PMT INFO: BUS XXXXXXXXXX00008978 128M9HM0000DGD             FOR MORE INFORMATION CONTACT CUSTOMER SERVICE,Reconciled,89.78
,12/12/2024,Deposit,,,,Amazon.com.ca In DES:INTL PYMNT ID:128M9HM0000DGD            INDN:OUTDOOR PLAYGROUND INC  CO ID:XXXXX00247 IAT           PMT INFO: BUS XXXXXXXXXX00008978 128M9HM0000DGD             FOR MORE INFORMATION CONTACT CUSTOMER SERVICE,,89.78
2567,,,,,,,,
,12/12/2024,Deposit,,,Shopify,Shopify          DES:TRANSFER   ID:ST-A5M5N1O0T3V3           INDN:OUTDOOR PLAYGROUND      CO ID:XXXXX48598 CCD,Reconciled,3925.47
,12/12/2024,Deposit,,,Shopify,Shopify          DES:TRANSFER   ID:ST-A5M5N1O0T3V3           INDN:OUTDOOR PLAYGROUND      CO ID:XXXXX48598 CCD,,3925.47
2568,,,,,,,,
,12/12/2024,Deposit,,Stripe,,STRIPE           DES:TRANSFER   ID:ST-P5M4M7C7X5O1           INDN:RICHARD PATRI           CO ID:XXXXX65600 CCD,Reconciled,515.55
,12/12/2024,Deposit,,Stripe,,STRIPE           DES:TRANSFER   ID:ST-P5M4M7C7X5O1           INDN:RICHARD PATRI           CO ID:XXXXX65600 CCD,,515.55
2577,,,,,,,,
,12/13/2024,Deposit,,,Shopify,Shopify          DES:TRANSFER   ID:ST-J6L0S6P6L1S9           INDN:OUTDOOR PLAYGROUND INC  CO ID:XXXXX48598 CCD,Reconciled,17.53
,12/13/2024,Deposit,,,Shopify,Shopify          DES:TRANSFER   ID:ST-J6L0S6P6L1S9           INDN:OUTDOOR PLAYGROUND INC  CO ID:XXXXX48598 CCD,,17.53
2578,,,,,,,,
,12/13/2024,Deposit,,Stripe,,STRIPE           DES:TRANSFER   ID:ST-Z1H9V0Q1D1U8           INDN:RICHARD PATRI           CO ID:XXXXX65600 CCD,Reconciled,588.03
,12/13/2024,Deposit,,Stripe,,STRIPE           DES:TRANSFER   ID:ST-Z1H9V0Q1D1U8           INDN:RICHARD PATRI           CO ID:XXXXX65600 CCD,,588.03
2579,,,,,,,,
,12/13/2024,Deposit,,,Shopify,Shopify          DES:TRANSFER   ID:ST-I0L5L7W1U7S3           INDN:OUTDOOR PLAYGROUND      CO ID:XXXXX48598 CCD,Reconciled,3549.3
,12/13/2024,Deposit,,,Shopify,Shopify          DES:TRANSFER   ID:ST-I0L5L7W1U7S3           INDN:OUTDOOR PLAYGROUND      CO ID:XXXXX48598 CCD,,3549.3
2583,,,,,,,,
,12/13/2024,Deposit,,,,SHOPPAYINST AFRM DES:PAYMENTS   ID:X60ZDMS8L4UHPNM           INDN:MONSTERBASS             CO ID:XXXXX98000 CCD,Reconciled,37.91
,12/13/2024,Deposit,,,,SHOPPAYINST AFRM DES:PAYMENTS   ID:X60ZDMS8L4UHPNM           INDN:MONSTERBASS             CO ID:XXXXX98000 CCD,,37.91
2587,,,,,,,,
,12/16/2024,Deposit,,,Shopify,Shopify          DES:TRANSFER   ID:ST-Y0C0Q2S0I0W2           INDN:OUTDOOR PLAYGROUND      CO ID:XXXXX48598 CCD,Reconciled,4052.03
,12/16/2024,Deposit,,,Shopify,Shopify          DES:TRANSFER   ID:ST-Y0C0Q2S0I0W2           INDN:OUTDOOR PLAYGROUND      CO ID:XXXXX48598 CCD,,4052.03
2588,,,,,,,,
,12/16/2024,Deposit,,Stripe,,STRIPE           DES:TRANSFER   ID:ST-H3A1A1M5R7P1           INDN:RICHARD PATRI           CO ID:XXXXX65600 CCD,Reconciled,1066.57
,12/16/2024,Deposit,,Stripe,,STRIPE           DES:TRANSFER   ID:ST-H3A1A1M5R7P1           INDN:RICHARD PATRI           CO ID:XXXXX65600 CCD,,1066.57
2589,,,,,,,,
,12/16/2024,Deposit,,,,SHOPPAYINST AFRM DES:AutoPay    ID:D40SCSDXR9GM32N           INDN:MONSTERBASS             CO ID:XXXXX98000 CCD,Reconciled,160.01
,12/16/2024,Deposit,,,,SHOPPAYINST AFRM DES:AutoPay    ID:D40SCSDXR9GM32N           INDN:MONSTERBASS             CO ID:XXXXX98000 CCD,,160.01
2592,,,,,,,,
,12/16/2024,Deposit,,,,SHOPPAYINST AFRM DES:PAYMENTS   ID:WPQNU67KKQMBUWJ           INDN:MONSTERBASS             CO ID:XXXXX98000 CCD,Reconciled,50.9
,12/16/2024,Deposit,,,,SHOPPAYINST AFRM DES:PAYMENTS   ID:WPQNU67KKQMBUWJ           INDN:MONSTERBASS             CO ID:XXXXX98000 CCD,,50.9
2594,,,,,,,,
,12/17/2024,Deposit,,Stripe,,STRIPE           DES:TRANSFER   ID:ST-T5S0T5E3R3O0           INDN:RICHARD PATRI           CO ID:XXXXX65600 CCD,Reconciled,413.9
,12/17/2024,Deposit,,Stripe,,STRIPE           DES:TRANSFER   ID:ST-T5S0T5E3R3O0           INDN:RICHARD PATRI           CO ID:XXXXX65600 CCD,,413.9
2595,,,,,,,,
,12/17/2024,Deposit,,,Shopify,Shopify          DES:TRANSFER   ID:ST-K5E6X3N5G8K3           INDN:OUTDOOR PLAYGROUND      CO ID:XXXXX48598 CCD,Reconciled,19214.78
,12/17/2024,Deposit,,,Shopify,Shopify          DES:TRANSFER   ID:ST-K5E6X3N5G8K3           INDN:OUTDOOR PLAYGROUND      CO ID:XXXXX48598 CCD,,19214.78
2596,,,,,,,,
,12/17/2024,Deposit,,,Shopify,Shopify          DES:TRANSFER   ID:ST-E7C5Q9P7J8S4           INDN:OUTDOOR PLAYGROUND INC  CO ID:XXXXX48598 CCD,Reconciled,43.74
,12/17/2024,Deposit,,,Shopify,Shopify          DES:TRANSFER   ID:ST-E7C5Q9P7J8S4           INDN:OUTDOOR PLAYGROUND INC  CO ID:XXXXX48598 CCD,,43.74
2598,,,,,,,,
,12/17/2024,Deposit,,,,SHOPPAYINST AFRM DES:PAYMENTS   ID:D769BGLZ0VPVIUV           INDN:MONSTERBASS             CO ID:XXXXX98000 CCD,Reconciled,120.56
,12/17/2024,Deposit,,,,SHOPPAYINST AFRM DES:PAYMENTS   ID:D769BGLZ0VPVIUV           INDN:MONSTERBASS             CO ID:XXXXX98000 CCD,,120.56
2599,,,,,,,,
,12/17/2024,Deposit,,,,PAYPAL           DES:TRANSFER   ID:XXXXX95428560             INDN:MAXIMUS OUTDOORS        CO ID:PAYPALSD11 PPD,Reconciled,4306.42
,12/17/2024,Deposit,,,,PAYPAL           DES:TRANSFER   ID:XXXXX95428560             INDN:MAXIMUS OUTDOORS        CO ID:PAYPALSD11 PPD,,4306.42
2600,,,,,,,,
,12/17/2024,Deposit,,,,SHOPPAYINST AFRM DES:PAYMENTS   ID:IBQ7WHLDJ4GN19M           INDN:MONSTERBASS             CO ID:XXXXX98000 CCD,Reconciled,465.81
,12/17/2024,Deposit,,,,SHOPPAYINST AFRM DES:PAYMENTS   ID:IBQ7WHLDJ4GN19M           INDN:MONSTERBASS             CO ID:XXXXX98000 CCD,,465.81
2601,,,,,,,,
,12/17/2024,Deposit,,,,SHOPPAYINST AFRM DES:PAYMENTS   ID:6KVYRLPRNSEF9AZ           INDN:MONSTERBASS             CO ID:XXXXX98000 CCD,Reconciled,53.18
,12/17/2024,Deposit,,,,SHOPPAYINST AFRM DES:PAYMENTS   ID:6KVYRLPRNSEF9AZ           INDN:MONSTERBASS             CO ID:XXXXX98000 CCD,,53.18
2602,,,,,,,,
,12/18/2024,Deposit,,Stripe,,STRIPE           DES:TRANSFER   ID:ST-N7K7X4H0Q5X8           INDN:RICHARD PATRI           CO ID:XXXXX65600 CCD,Reconciled,1159.47
,12/18/2024,Deposit,,Stripe,,STRIPE           DES:TRANSFER   ID:ST-N7K7X4H0Q5X8           INDN:RICHARD PATRI           CO ID:XXXXX65600 CCD,,1159.47
2603,,,,,,,,
,12/18/2024,Deposit,,,Shopify,Shopify          DES:TRANSFER   ID:ST-H4D7F4B2A9T6           INDN:OUTDOOR PLAYGROUND      CO ID:XXXXX48598 CCD,Reconciled,4170.86
,12/18/2024,Deposit,,,Shopify,Shopify          DES:TRANSFER   ID:ST-H4D7F4B2A9T6           INDN:OUTDOOR PLAYGROUND      CO ID:XXXXX48598 CCD,,4170.86
2605,,,,,,,,
,12/19/2024,Deposit,,,Shopify,Shopify          DES:TRANSFER   ID:ST-D4U2S4T3R0T6           INDN:OUTDOOR PLAYGROUND      CO ID:XXXXX48598 CCD,Reconciled,3559.16
,12/19/2024,Deposit,,,Shopify,Shopify          DES:TRANSFER   ID:ST-D4U2S4T3R0T6           INDN:OUTDOOR PLAYGROUND      CO ID:XXXXX48598 CCD,,3559.16
2606,,,,,,,,
,12/19/2024,Deposit,,Stripe,,STRIPE           DES:TRANSFER   ID:ST-J8O7E3J9P8I0           INDN:RICHARD PATRI           CO ID:XXXXX65600 CCD,Reconciled,330.45
,12/19/2024,Deposit,,Stripe,,STRIPE           DES:TRANSFER   ID:ST-J8O7E3J9P8I0           INDN:RICHARD PATRI           CO ID:XXXXX65600 CCD,,330.45
2608,,,,,,,,
,12/19/2024,Deposit,,,,WIRE TYPE:WIRE IN DATE: XXXXX9 TIME:1227 ET                 TRN:XXXXXXXXXX462594 SEQ:XXXXX9006652/000781                ORIG:1/YOTPO INC OPERATING ACC ID:XXXXX66969                SND BK:COMERICA BANK ID:XXXXX7522 PMT DET:00107843          77 OVERPAYMENT,Reconciled,8933.92
,12/19/2024,Deposit,,,,WIRE TYPE:WIRE IN DATE: XXXXX9 TIME:1227 ET                 TRN:XXXXXXXXXX462594 SEQ:XXXXX9006652/000781                ORIG:1/YOTPO INC OPERATING ACC ID:XXXXX66969                SND BK:COMERICA BANK ID:XXXXX7522 PMT DET:00107843          77 OVERPAYMENT,,-8933.92
2609,,,,,,,,
,12/19/2024,Deposit,,,,SHOPPAYINST AFRM DES:PAYMENTS   ID:GRNL8FRRDTW6XD7           INDN:MONSTERBASS             CO ID:XXXXX98000 CCD,Reconciled,143.62
,12/19/2024,Deposit,,,,SHOPPAYINST AFRM DES:PAYMENTS   ID:GRNL8FRRDTW6XD7           INDN:MONSTERBASS             CO ID:XXXXX98000 CCD,,143.62
2610,,,,,,,,
,12/20/2024,Deposit,,Stripe,,STRIPE           DES:TRANSFER   ID:ST-C8D1S1C4A4X8           INDN:RICHARD PATRI           CO ID:XXXXX65600 CCD,Reconciled,370.39
,12/20/2024,Deposit,,Stripe,,STRIPE           DES:TRANSFER   ID:ST-C8D1S1C4A4X8           INDN:RICHARD PATRI           CO ID:XXXXX65600 CCD,,370.39
2611,,,,,,,,
,12/20/2024,Deposit,,,Shopify,Shopify          DES:TRANSFER   ID:ST-D9L0Z3G9X6M4           INDN:OUTDOOR PLAYGROUND      CO ID:XXXXX48598 CCD,Reconciled,4051.64
,12/20/2024,Deposit,,,Shopify,Shopify          DES:TRANSFER   ID:ST-D9L0Z3G9X6M4           INDN:OUTDOOR PLAYGROUND      CO ID:XXXXX48598 CCD,,4051.64
2614,,,,,,,,
,12/23/2024,Deposit,,Stripe,,STRIPE           DES:TRANSFER   ID:ST-X5D1Q4T3S8D8           INDN:RICHARD PATRI           CO ID:XXXXX65600 CCD,Reconciled,136.51
,12/23/2024,Deposit,,Stripe,,STRIPE           DES:TRANSFER   ID:ST-X5D1Q4T3S8D8           INDN:RICHARD PATRI           CO ID:XXXXX65600 CCD,,136.51
2615,,,,,,,,
,12/23/2024,Deposit,,,Shopify,Shopify          DES:TRANSFER   ID:ST-U8B9K2R9O0K1           INDN:OUTDOOR PLAYGROUND      CO ID:XXXXX48598 CCD,Reconciled,1181.98
,12/23/2024,Deposit,,,Shopify,Shopify          DES:TRANSFER   ID:ST-U8B9K2R9O0K1           INDN:OUTDOOR PLAYGROUND      CO ID:XXXXX48598 CCD,,1181.98
2618,,,,,,,,
,12/24/2024,Deposit,,,Shopify,Shopify          DES:TRANSFER   ID:ST-Z5J1V1X3G7K4           INDN:OUTDOOR PLAYGROUND INC  CO ID:XXXXX48598 CCD,Reconciled,1.55
,12/24/2024,Deposit,,,Shopify,Shopify          DES:TRANSFER   ID:ST-Z5J1V1X3G7K4           INDN:OUTDOOR PLAYGROUND INC  CO ID:XXXXX48598 CCD,,1.55
2619,,,,,,,,
,12/24/2024,Deposit,,,Shopify,Shopify          DES:TRANSFER   ID:ST-J9I5A9I1U6S7           INDN:OUTDOOR PLAYGROUND      CO ID:XXXXX48598 CCD,Reconciled,11667.83
,12/24/2024,Deposit,,,Shopify,Shopify          DES:TRANSFER   ID:ST-J9I5A9I1U6S7           INDN:OUTDOOR PLAYGROUND      CO ID:XXXXX48598 CCD,,11667.83
2620,,,,,,,,
,12/24/2024,Deposit,,Stripe,,STRIPE           DES:TRANSFER   ID:ST-Y3N8I7K0F6G1           INDN:RICHARD PATRI           CO ID:XXXXX65600 CCD,Reconciled,761.12
,12/24/2024,Deposit,,Stripe,,STRIPE           DES:TRANSFER   ID:ST-Y3N8I7K0F6G1           INDN:RICHARD PATRI           CO ID:XXXXX65600 CCD,,761.12
2621,,,,,,,,
,12/24/2024,Deposit,,,,SHOPPAYINST AFRM DES:PAYMENTS   ID:VX4OLQ85RLCLXGY           INDN:MONSTERBASS             CO ID:XXXXX98000 CCD,Reconciled,53
,12/24/2024,Deposit,,,,SHOPPAYINST AFRM DES:PAYMENTS   ID:VX4OLQ85RLCLXGY           INDN:MONSTERBASS             CO ID:XXXXX98000 CCD,,53
2624,,,,,,,,
,12/24/2024,Deposit,,,,PAYPAL           DES:TRANSFER   ID:XXXXX53900537             INDN:MAXIMUS OUTDOORS        CO ID:PAYPALSD11 PPD,Reconciled,5016.48
,12/24/2024,Deposit,,,,PAYPAL           DES:TRANSFER   ID:XXXXX53900537             INDN:MAXIMUS OUTDOORS        CO ID:PAYPALSD11 PPD,,5016.48
2626,,,,,,,,
,12/24/2024,Deposit,,,,SHOPPAYINST AFRM DES:AutoPay    ID:F14HP6UT5HE0D3E           INDN:MONSTERBASS             CO ID:XXXXX98000 CCD,Reconciled,207.69
,12/24/2024,Deposit,,,,SHOPPAYINST AFRM DES:AutoPay    ID:F14HP6UT5HE0D3E           INDN:MONSTERBASS             CO ID:XXXXX98000 CCD,,207.69
2629,,,,,,,,
,12/26/2024,Deposit,,Stripe,,STRIPE           DES:TRANSFER   ID:ST-D6U2L6L3Q0B5           INDN:RICHARD PATRI           CO ID:XXXXX65600 CCD,Reconciled,1076.87
,12/26/2024,Deposit,,Stripe,,STRIPE           DES:TRANSFER   ID:ST-D6U2L6L3Q0B5           INDN:RICHARD PATRI           CO ID:XXXXX65600 CCD,,1076.87
2630,,,,,,,,
,12/26/2024,Deposit,,,Shopify,Shopify          DES:TRANSFER   ID:ST-K0T4G5P9O7V1           INDN:OUTDOOR PLAYGROUND      CO ID:XXXXX48598 CCD,Reconciled,2707.18
,12/26/2024,Deposit,,,Shopify,Shopify          DES:TRANSFER   ID:ST-K0T4G5P9O7V1           INDN:OUTDOOR PLAYGROUND      CO ID:XXXXX48598 CCD,,2707.18
2646,,,,,,,,
,12/26/2024,Deposit,,,,SHOPPAYINST AFRM DES:PAYMENTS   ID:QQXV12HC97QSI5X           INDN:MONSTERBASS             CO ID:XXXXX98000 CCD,Reconciled,37.16
,12/26/2024,Deposit,,,,SHOPPAYINST AFRM DES:PAYMENTS   ID:QQXV12HC97QSI5X           INDN:MONSTERBASS             CO ID:XXXXX98000 CCD,,37.16
2647,,,,,,,,
,12/26/2024,Deposit,,,,AMAZON.CQGENYKLC DES:PAYMENTS   ID:3QP8AGQ5HTVCNZ5           INDN:Outdoor Playground Inc  CO ID:XXXXX40102 CCD,Reconciled,3036.42
,12/26/2024,Deposit,,,,AMAZON.CQGENYKLC DES:PAYMENTS   ID:3QP8AGQ5HTVCNZ5           INDN:Outdoor Playground Inc  CO ID:XXXXX40102 CCD,,3036.42
2648,,,,,,,,
,12/26/2024,Deposit,,,,"TikTok Shop      DES:XXXXX45001 ID:USLC7NEW6U,               INDN:Outdoor Playground Inc  CO ID:XXXXX92853 CCD           PMT INFO:USLC7NEW6U,",Reconciled,33.92
,12/26/2024,Deposit,,,,"TikTok Shop      DES:XXXXX45001 ID:USLC7NEW6U,               INDN:Outdoor Playground Inc  CO ID:XXXXX92853 CCD           PMT INFO:USLC7NEW6U,",,33.92
2631,,,,,,,,
,12/27/2024,Deposit,,,Shopify,Shopify          DES:TRANSFER   ID:ST-Y1H6V9Y6J3I7           INDN:OUTDOOR PLAYGROUND      CO ID:XXXXX48598 CCD,Reconciled,6113.93
,12/27/2024,Deposit,,,Shopify,Shopify          DES:TRANSFER   ID:ST-Y1H6V9Y6J3I7           INDN:OUTDOOR PLAYGROUND      CO ID:XXXXX48598 CCD,,6113.93
2633,,,,,,,,
,12/27/2024,Deposit,,Stripe,,STRIPE           DES:TRANSFER   ID:ST-G6G9R3L1F0G1           INDN:RICHARD PATRI           CO ID:XXXXX65600 CCD,Reconciled,545.37
,12/27/2024,Deposit,,Stripe,,STRIPE           DES:TRANSFER   ID:ST-G6G9R3L1F0G1           INDN:RICHARD PATRI           CO ID:XXXXX65600 CCD,,545.37
2644,,,,,,,,
,12/27/2024,Deposit,,,,Amazon.com.ca In DES:INTL PYMNT ID:1180ANX00001GD            INDN:OUTDOOR PLAYGROUND INC  CO ID:XXXXX00247 IAT           PMT INFO: BUS XXXXXXXXXX00020786 1180ANX00001GD             FOR MORE INFORMATION CONTACT CUSTOMER SERVICE,Reconciled,207.86
,12/27/2024,Deposit,,,,Amazon.com.ca In DES:INTL PYMNT ID:1180ANX00001GD            INDN:OUTDOOR PLAYGROUND INC  CO ID:XXXXX00247 IAT           PMT INFO: BUS XXXXXXXXXX00020786 1180ANX00001GD             FOR MORE INFORMATION CONTACT CUSTOMER SERVICE,,207.86
2645,,,,,,,,
,12/27/2024,Deposit,,,,SHOPPAYINST AFRM DES:AutoPay    ID:ZM3IB0LU3H7SY5K           INDN:MONSTERBASS             CO ID:394440     CCD,Reconciled,207.69
,12/27/2024,Deposit,,,,SHOPPAYINST AFRM DES:AutoPay    ID:ZM3IB0LU3H7SY5K           INDN:MONSTERBASS             CO ID:394440     CCD,,207.69
2638,,,,,,,,
,12/30/2024,Deposit,,,Shopify,Shopify          DES:TRANSFER   ID:ST-C2W2U2Z9Z6I4           INDN:OUTDOOR PLAYGROUND      CO ID:XXXXX48598 CCD,Reconciled,1942.56
,12/30/2024,Deposit,,,Shopify,Shopify          DES:TRANSFER   ID:ST-C2W2U2Z9Z6I4           INDN:OUTDOOR PLAYGROUND      CO ID:XXXXX48598 CCD,,1942.56
2639,,,,,,,,
,12/30/2024,Deposit,,Stripe,,STRIPE           DES:TRANSFER   ID:ST-N5Q8X0R6K4L3           INDN:RICHARD PATRI           CO ID:XXXXX65600 CCD,Reconciled,756.77
,12/30/2024,Deposit,,Stripe,,STRIPE           DES:TRANSFER   ID:ST-N5Q8X0R6K4L3           INDN:RICHARD PATRI           CO ID:XXXXX65600 CCD,,756.77
2651,,,,,,,,
,12/31/2024,Deposit,,Stripe,,STRIPE           DES:TRANSFER   ID:ST-A7N7A0T8E0N3           INDN:RICHARD PATRI           CO ID:XXXXX65600 CCD,Reconciled,282.37
,12/31/2024,Deposit,,Stripe,,STRIPE           DES:TRANSFER   ID:ST-A7N7A0T8E0N3           INDN:RICHARD PATRI           CO ID:XXXXX65600 CCD,,282.37
2662,,,,,,,,
,12/31/2024,Deposit,,,,SHOPPAYINST AFRM DES:PAYMENTS   ID:J55W042AFW8VJKM           INDN:MONSTERBASS             CO ID:XXXXX98000 CCD,Reconciled,34.88
,12/31/2024,Deposit,,,,SHOPPAYINST AFRM DES:PAYMENTS   ID:J55W042AFW8VJKM           INDN:MONSTERBASS             CO ID:XXXXX98000 CCD,,34.88
2663,,,,,,,,
,12/31/2024,Deposit,,,,PAYPAL           DES:TRANSFER   ID:XXXXX93174366             INDN:MAXIMUS OUTDOORS        CO ID:PAYPALSD11 PPD,Reconciled,2609.43
,12/31/2024,Deposit,,,,PAYPAL           DES:TRANSFER   ID:XXXXX93174366             INDN:MAXIMUS OUTDOORS        CO ID:PAYPALSD11 PPD,,2609.43
2664,,,,,,,,
,12/31/2024,Deposit,,,,"TikTok Inc       DES:PAYMENT    ID:XXXXXXXXXX42703           INDN:Outdoor Playground Inc  CO ID:XXXXX67522 CCD           PMT INFO:TikTok Shop-USLC7NEW6U, payout ID 345995           XXXXX16651002",Reconciled,3.56
,12/31/2024,Deposit,,,,"TikTok Inc       DES:PAYMENT    ID:XXXXXXXXXX42703           INDN:Outdoor Playground Inc  CO ID:XXXXX67522 CCD           PMT INFO:TikTok Shop-USLC7NEW6U, payout ID 345995           XXXXX16651002",,3.56
2665,,,,,,,,
,12/31/2024,Deposit,,,,SHOPPAYINST AFRM DES:PAYMENTS   ID:IXD3UP65IU091CH           INDN:MONSTERBASS             CO ID:XXXXX98000 CCD,Reconciled,48.78
,12/31/2024,Deposit,,,,SHOPPAYINST AFRM DES:PAYMENTS   ID:IXD3UP65IU091CH           INDN:MONSTERBASS             CO ID:XXXXX98000 CCD,,48.78
2667,,,,,,,,
,12/31/2024,Deposit,,,,"TikTok Inc       DES:PAYMENT    ID:XXXXXXXXXX79111           INDN:Outdoor Playground Inc  CO ID:XXXXX67522 CCD           PMT INFO:TikTok Shop-USLC7NEW6U, payout ID 345994           XXXXX93923066",Reconciled,7.8
,12/31/2024,Deposit,,,,"TikTok Inc       DES:PAYMENT    ID:XXXXXXXXXX79111           INDN:Outdoor Playground Inc  CO ID:XXXXX67522 CCD           PMT INFO:TikTok Shop-USLC7NEW6U, payout ID 345994           XXXXX93923066",,7.8
2652,,,,,,,,
,01/01/2025,Deposit,,,Shopify,Shopify          DES:TRANSFER   ID:ST-X9K8S0F1M8P7           INDN:OUTDOOR PLAYGROUND      CO ID:XXXXX48598 CCD,Reconciled,7336.64
,01/01/2025,Deposit,,,Shopify,Shopify          DES:TRANSFER   ID:ST-X9K8S0F1M8P7           INDN:OUTDOOR PLAYGROUND      CO ID:XXXXX48598 CCD,,7336.64
2676,,,,,,,,
,01/01/2025,Deposit,,,Shopify,Shopify          DES:TRANSFER   ID:ST-D6S7L8V0B2H5           INDN:OUTDOOR PLAYGROUND      CO ID:XXXXX48598 CCD,Reconciled,5841.14
,01/01/2025,Deposit,,,Shopify,Shopify          DES:TRANSFER   ID:ST-D6S7L8V0B2H5           INDN:OUTDOOR PLAYGROUND      CO ID:XXXXX48598 CCD,,5841.14
2669,,,,,,,,
,01/02/2025,Deposit,,,Shopify,Shopify          DES:TRANSFER   ID:ST-S8H8L1S4I9J4           INDN:OUTDOOR PLAYGROUND      CO ID:XXXXX48598 CCD,Reconciled,223.96
,01/02/2025,Deposit,,,Shopify,Shopify          DES:TRANSFER   ID:ST-S8H8L1S4I9J4           INDN:OUTDOOR PLAYGROUND      CO ID:XXXXX48598 CCD,,223.96
2670,,,,,,,,
,01/02/2025,Deposit,,Stripe,,STRIPE           DES:TRANSFER   ID:ST-W3Q2K8X8K3J4           INDN:RICHARD PATRI           CO ID:XXXXX65600 CCD,Reconciled,1330.39
,01/02/2025,Deposit,,Stripe,,STRIPE           DES:TRANSFER   ID:ST-W3Q2K8X8K3J4           INDN:RICHARD PATRI           CO ID:XXXXX65600 CCD,,1330.39
2672,,,,,,,,
,01/02/2025,Deposit,,,Shopify,Shopify          DES:TRANSFER   ID:ST-Q0B8X0Y7Y2L6           INDN:OUTDOOR PLAYGROUND INC  CO ID:XXXXX48598 CCD,Reconciled,4.48
,01/02/2025,Deposit,,,Shopify,Shopify          DES:TRANSFER   ID:ST-Q0B8X0Y7Y2L6           INDN:OUTDOOR PLAYGROUND INC  CO ID:XXXXX48598 CCD,,4.48
2677,,,,,,,,
,01/03/2025,Deposit,,,Shopify,Shopify          DES:TRANSFER   ID:ST-Z6F1C6V7D7X3           INDN:OUTDOOR PLAYGROUND INC  CO ID:XXXXX48598 CCD,Reconciled,23.92
,01/03/2025,Deposit,,,Shopify,Shopify          DES:TRANSFER   ID:ST-Z6F1C6V7D7X3           INDN:OUTDOOR PLAYGROUND INC  CO ID:XXXXX48598 CCD,,23.92
2678,,,,,,,,
,01/03/2025,Deposit,,Stripe,,STRIPE           DES:TRANSFER   ID:ST-V3A8B2O8J3I4           INDN:RICHARD PATRI           CO ID:XXXXX65600 CCD,Reconciled,87.75
,01/03/2025,Deposit,,Stripe,,STRIPE           DES:TRANSFER   ID:ST-V3A8B2O8J3I4           INDN:RICHARD PATRI           CO ID:XXXXX65600 CCD,,87.75
2699,,,,,,,,
,01/06/2025,Deposit,,,,"TikTok Inc       DES:PAYMENT    ID:XXXXXXXXXX41730           INDN:Outdoor Playground Inc  CO ID:XXXXX67522 CCD           PMT INFO:TikTok Shop-USLC7NEW6U, payout ID 345997           XXXXX73592826",Reconciled,34.56
,01/06/2025,Deposit,,,,"TikTok Inc       DES:PAYMENT    ID:XXXXXXXXXX41730           INDN:Outdoor Playground Inc  CO ID:XXXXX67522 CCD           PMT INFO:TikTok Shop-USLC7NEW6U, payout ID 345997           XXXXX73592826",,34.56
2700,,,,,,,,
,01/06/2025,Deposit,,Stripe,,STRIPE           DES:TRANSFER   ID:ST-W6X6I4O6J1F2           INDN:RICHARD PATRI           CO ID:XXXXX65600 CCD,Reconciled,2810.73
,01/06/2025,Deposit,,Stripe,,STRIPE           DES:TRANSFER   ID:ST-W6X6I4O6J1F2           INDN:RICHARD PATRI           CO ID:XXXXX65600 CCD,,2810.73
2701,,,,,,,,
,01/06/2025,Deposit,,,Shopify,Shopify          DES:TRANSFER   ID:ST-B6A7E7O8N4P1           INDN:OUTDOOR PLAYGROUND      CO ID:XXXXX48598 CCD,Reconciled,1757.23
,01/06/2025,Deposit,,,Shopify,Shopify          DES:TRANSFER   ID:ST-B6A7E7O8N4P1           INDN:OUTDOOR PLAYGROUND      CO ID:XXXXX48598 CCD,,1757.23
2702,,,,,,,,
,01/06/2025,Deposit,,,,SHOPPAYINST AFRM DES:PAYMENTS   ID:QSD4I41BJFLYT5J           INDN:MONSTERBASS             CO ID:XXXXX98000 CCD,Reconciled,58.13
,01/06/2025,Deposit,,,,SHOPPAYINST AFRM DES:PAYMENTS   ID:QSD4I41BJFLYT5J           INDN:MONSTERBASS             CO ID:XXXXX98000 CCD,,58.13
2703,,,,,,,,
,01/06/2025,Deposit,,,Shopify,Shopify          DES:TRANSFER   ID:ST-G8J4H7G9X6S3           INDN:OUTDOOR PLAYGROUND INC  CO ID:XXXXX48598 CCD,Reconciled,3.67
,01/06/2025,Deposit,,,Shopify,Shopify          DES:TRANSFER   ID:ST-G8J4H7G9X6S3           INDN:OUTDOOR PLAYGROUND INC  CO ID:XXXXX48598 CCD,,3.67
2719,,,,,,,,
,01/07/2025,Deposit,,,Shopify,Shopify          DES:TRANSFER   ID:ST-I0H5R1N8Z8H5           INDN:OUTDOOR PLAYGROUND      CO ID:XXXXX48598 CCD,Reconciled,10780.95
,01/07/2025,Deposit,,,Shopify,Shopify          DES:TRANSFER   ID:ST-I0H5R1N8Z8H5           INDN:OUTDOOR PLAYGROUND      CO ID:XXXXX48598 CCD,,10780.95
2720,,,,,,,,
,01/07/2025,Deposit,,,Shopify,Shopify          DES:TRANSFER   ID:ST-U4P5J4S9J9R8           INDN:OUTDOOR PLAYGROUND INC  CO ID:XXXXX48598 CCD,Reconciled,2.87
,01/07/2025,Deposit,,,Shopify,Shopify          DES:TRANSFER   ID:ST-U4P5J4S9J9R8           INDN:OUTDOOR PLAYGROUND INC  CO ID:XXXXX48598 CCD,,2.87
2721,,,,,,,,
,01/07/2025,Deposit,,Stripe,,STRIPE           DES:TRANSFER   ID:ST-G2F1I9Q5M6W0           INDN:RICHARD PATRI           CO ID:XXXXX65600 CCD,Reconciled,2943.91
,01/07/2025,Deposit,,Stripe,,STRIPE           DES:TRANSFER   ID:ST-G2F1I9Q5M6W0           INDN:RICHARD PATRI           CO ID:XXXXX65600 CCD,,2943.91
2735,,,,,,,,
,01/07/2025,Deposit,,,,PAYPAL           DES:TRANSFER   ID:XXXXX47425817             INDN:MAXIMUS OUTDOORS        CO ID:PAYPALSD11 PPD,Reconciled,3389.16
,01/07/2025,Deposit,,,,PAYPAL           DES:TRANSFER   ID:XXXXX47425817             INDN:MAXIMUS OUTDOORS        CO ID:PAYPALSD11 PPD,,3389.16
2736,,,,,,,,
,01/07/2025,Deposit,,,,SHOPPAYINST AFRM DES:PAYMENTS   ID:XMH9IO41YOQVSR7           INDN:MONSTERBASS             CO ID:XXXXX98000 CCD,Reconciled,399.6
,01/07/2025,Deposit,,,,SHOPPAYINST AFRM DES:PAYMENTS   ID:XMH9IO41YOQVSR7           INDN:MONSTERBASS             CO ID:XXXXX98000 CCD,,399.6
2737,,,,,,,,
,01/07/2025,Deposit,,,,SHOPPAYINST AFRM DES:PAYMENTS   ID:D889B1FRBX9A7G4           INDN:MONSTERBASS             CO ID:XXXXX98000 CCD,Reconciled,123.5
,01/07/2025,Deposit,,,,SHOPPAYINST AFRM DES:PAYMENTS   ID:D889B1FRBX9A7G4           INDN:MONSTERBASS             CO ID:XXXXX98000 CCD,,123.5
2726,,,,,,,,
,01/08/2025,Deposit,,Stripe,,STRIPE           DES:TRANSFER   ID:ST-E5F2M3W7U5M5           INDN:RICHARD PATRI           CO ID:XXXXX65600 CCD,Reconciled,2767.67
,01/08/2025,Deposit,,Stripe,,STRIPE           DES:TRANSFER   ID:ST-E5F2M3W7U5M5           INDN:RICHARD PATRI           CO ID:XXXXX65600 CCD,,2767.67
2727,,,,,,,,
,01/08/2025,Deposit,,,Shopify,Shopify          DES:TRANSFER   ID:ST-D6S0K4F1W9Z1           INDN:OUTDOOR PLAYGROUND INC  CO ID:XXXXX48598 CCD,Reconciled,53.04
,01/08/2025,Deposit,,,Shopify,Shopify          DES:TRANSFER   ID:ST-D6S0K4F1W9Z1           INDN:OUTDOOR PLAYGROUND INC  CO ID:XXXXX48598 CCD,,53.04
2728,,,,,,,,
,01/08/2025,Deposit,,,Shopify,Shopify          DES:TRANSFER   ID:ST-I2T4B6P0Q6O8           INDN:OUTDOOR PLAYGROUND      CO ID:XXXXX48598 CCD,Reconciled,2477.52
,01/08/2025,Deposit,,,Shopify,Shopify          DES:TRANSFER   ID:ST-I2T4B6P0Q6O8           INDN:OUTDOOR PLAYGROUND      CO ID:XXXXX48598 CCD,,2477.52
2730,,,,,,,,
,01/09/2025,Deposit,,,,SHOPPAYINST AFRM DES:PAYMENTS   ID:PC4HHNKUF6NOHVH           INDN:MONSTERBASS             CO ID:XXXXX98000 CCD,Reconciled,319.35
,01/09/2025,Deposit,,,,SHOPPAYINST AFRM DES:PAYMENTS   ID:PC4HHNKUF6NOHVH           INDN:MONSTERBASS             CO ID:XXXXX98000 CCD,,319.35
2731,,,,,,,,
,01/09/2025,Deposit,,,Shopify,Shopify          DES:TRANSFER   ID:ST-N9E8V3C2M5M8           INDN:OUTDOOR PLAYGROUND      CO ID:XXXXX48598 CCD,Reconciled,1416.82
,01/09/2025,Deposit,,,Shopify,Shopify          DES:TRANSFER   ID:ST-N9E8V3C2M5M8           INDN:OUTDOOR PLAYGROUND      CO ID:XXXXX48598 CCD,,1416.82
2732,,,,,,,,
,01/09/2025,Deposit,,Stripe,,STRIPE           DES:TRANSFER   ID:ST-O7U1U0M4H8K1           INDN:RICHARD PATRI           CO ID:XXXXX65600 CCD,Reconciled,838.45
,01/09/2025,Deposit,,Stripe,,STRIPE           DES:TRANSFER   ID:ST-O7U1U0M4H8K1           INDN:RICHARD PATRI           CO ID:XXXXX65600 CCD,,838.45
2739,,,,,,,,
,01/10/2025,Deposit,,,Shopify,Shopify          DES:TRANSFER   ID:ST-U1M7C2N0B3X7           INDN:OUTDOOR PLAYGROUND      CO ID:XXXXX48598 CCD,Reconciled,1284.8
,01/10/2025,Deposit,,,Shopify,Shopify          DES:TRANSFER   ID:ST-U1M7C2N0B3X7           INDN:OUTDOOR PLAYGROUND      CO ID:XXXXX48598 CCD,,1284.8
2740,,,,,,,,
,01/10/2025,Deposit,,Stripe,,STRIPE           DES:TRANSFER   ID:ST-P6L7X7V6G5T1           INDN:RICHARD PATRI           CO ID:XXXXX65600 CCD,Reconciled,859.83
,01/10/2025,Deposit,,Stripe,,STRIPE           DES:TRANSFER   ID:ST-P6L7X7V6G5T1           INDN:RICHARD PATRI           CO ID:XXXXX65600 CCD,,859.83
2749,,,,,,,,
,01/13/2025,Deposit,,Stripe,,STRIPE           DES:TRANSFER   ID:ST-K6T7A9K5D3G7           INDN:RICHARD PATRI           CO ID:XXXXX65600 CCD,Reconciled,712.99
,01/13/2025,Deposit,,Stripe,,STRIPE           DES:TRANSFER   ID:ST-K6T7A9K5D3G7           INDN:RICHARD PATRI           CO ID:XXXXX65600 CCD,,712.99
2750,,,,,,,,
,01/13/2025,Deposit,,,,SHOPPAYINST AFRM DES:PAYMENTS   ID:EVN8PQQE3KMBK5X           INDN:MONSTERBASS             CO ID:XXXXX98000 CCD,Reconciled,95.13
,01/13/2025,Deposit,,,,SHOPPAYINST AFRM DES:PAYMENTS   ID:EVN8PQQE3KMBK5X           INDN:MONSTERBASS             CO ID:XXXXX98000 CCD,,95.13
2751,,,,,,,,
,01/13/2025,Deposit,,,Shopify,Shopify          DES:TRANSFER   ID:ST-M5C0U2F2G4J8           INDN:OUTDOOR PLAYGROUND      CO ID:XXXXX48598 CCD,Reconciled,2092.87
,01/13/2025,Deposit,,,Shopify,Shopify          DES:TRANSFER   ID:ST-M5C0U2F2G4J8           INDN:OUTDOOR PLAYGROUND      CO ID:XXXXX48598 CCD,,2092.87
2758,,,,,,,,
,01/14/2025,Deposit,,,Shopify,Shopify          DES:TRANSFER   ID:ST-Z4C8A4O2V2T4           INDN:OUTDOOR PLAYGROUND      CO ID:XXXXX48598 CCD,Reconciled,7479.03
,01/14/2025,Deposit,,,Shopify,Shopify          DES:TRANSFER   ID:ST-Z4C8A4O2V2T4           INDN:OUTDOOR PLAYGROUND      CO ID:XXXXX48598 CCD,,7479.03
2759,,,,,,,,
,01/14/2025,Deposit,,Stripe,,STRIPE           DES:TRANSFER   ID:ST-Q6G6W3S5N8Y9           INDN:RICHARD PATRI           CO ID:XXXXX65600 CCD,Reconciled,676.71
,01/14/2025,Deposit,,Stripe,,STRIPE           DES:TRANSFER   ID:ST-Q6G6W3S5N8Y9           INDN:RICHARD PATRI           CO ID:XXXXX65600 CCD,,676.71
2766,,,,,,,,
,01/14/2025,Deposit,,,,Bank of America  DES:CASHREWARD ID:PLAYGROUND LLC            INDN:XXXXX0000XXXXX74XXXXX0  CO ID:XXXXX90310 PPD,Reconciled,792.47
,01/14/2025,Deposit,,,,Bank of America  DES:CASHREWARD ID:PLAYGROUND LLC            INDN:XXXXX0000XXXXX74XXXXX0  CO ID:XXXXX90310 PPD,,792.47
2767,,,,,,,,
,01/14/2025,Deposit,,,,SHOPPAYINST AFRM DES:PAYMENTS   ID:QTOHLHADK3HHCQ7           INDN:MONSTERBASS             CO ID:XXXXX98000 CCD,Reconciled,297.57
,01/14/2025,Deposit,,,,SHOPPAYINST AFRM DES:PAYMENTS   ID:QTOHLHADK3HHCQ7           INDN:MONSTERBASS             CO ID:XXXXX98000 CCD,,297.57
2768,,,,,,,,
,01/14/2025,Deposit,,,,PAYPAL           DES:TRANSFER   ID:XXXXX97828917             INDN:MAXIMUS OUTDOORS        CO ID:PAYPALSD11 PPD,Reconciled,2667.45
,01/14/2025,Deposit,,,,PAYPAL           DES:TRANSFER   ID:XXXXX97828917             INDN:MAXIMUS OUTDOORS        CO ID:PAYPALSD11 PPD,,2667.45
2762,,,,,,,,
,01/15/2025,Deposit,,Stripe,,STRIPE           DES:TRANSFER   ID:ST-C2H1X7Z6S8N2           INDN:RICHARD PATRI           CO ID:XXXXX65600 CCD,Reconciled,1358.08
,01/15/2025,Deposit,,Stripe,,STRIPE           DES:TRANSFER   ID:ST-C2H1X7Z6S8N2           INDN:RICHARD PATRI           CO ID:XXXXX65600 CCD,,1358.08
2764,,,,,,,,
,01/15/2025,Deposit,,,Shopify,Shopify          DES:TRANSFER   ID:ST-X7H2J9T6G7Q8           INDN:OUTDOOR PLAYGROUND      CO ID:XXXXX48598 CCD,Reconciled,2432.04
,01/15/2025,Deposit,,,Shopify,Shopify          DES:TRANSFER   ID:ST-X7H2J9T6G7Q8           INDN:OUTDOOR PLAYGROUND      CO ID:XXXXX48598 CCD,,2432.04
2772,,,,,,,,
,01/16/2025,Deposit,,Stripe,,STRIPE           DES:TRANSFER   ID:ST-Z9P7I9F1R7L1           INDN:RICHARD PATRI           CO ID:XXXXX65600 CCD,Reconciled,264.36
,01/16/2025,Deposit,,Stripe,,STRIPE           DES:TRANSFER   ID:ST-Z9P7I9F1R7L1           INDN:RICHARD PATRI           CO ID:XXXXX65600 CCD,,264.36
2773,,,,,,,,
,01/16/2025,Deposit,,,Shopify,Shopify          DES:TRANSFER   ID:ST-R1P2B5M6H0F3           INDN:OUTDOOR PLAYGROUND      CO ID:XXXXX48598 CCD,Reconciled,1755.24
,01/16/2025,Deposit,,,Shopify,Shopify          DES:TRANSFER   ID:ST-R1P2B5M6H0F3           INDN:OUTDOOR PLAYGROUND      CO ID:XXXXX48598 CCD,,1755.24
2782,,,,,,,,
,01/16/2025,Deposit,,,,BKOFAMERICA MOBILE 01/16 XXXXX72170 DEPOSIT                                    *MOBILE       CA,Reconciled,62.94
,01/16/2025,Deposit,,,,BKOFAMERICA MOBILE 01/16 XXXXX72170 DEPOSIT                                    *MOBILE       CA,,-62.94
2775,,,,,,,,
,01/17/2025,Deposit,,Stripe,,STRIPE           DES:TRANSFER   ID:ST-A4M7L5W6P3D5           INDN:RICHARD PATRI           CO ID:XXXXX65600 CCD,Reconciled,263.77
,01/17/2025,Deposit,,Stripe,,STRIPE           DES:TRANSFER   ID:ST-A4M7L5W6P3D5           INDN:RICHARD PATRI           CO ID:XXXXX65600 CCD,,263.77
2776,,,,,,,,
,01/17/2025,Deposit,,,Shopify,Shopify          DES:TRANSFER   ID:ST-Q6Q0T6R0Q6D2           INDN:OUTDOOR PLAYGROUND      CO ID:XXXXX48598 CCD,Reconciled,2369.78
,01/17/2025,Deposit,,,Shopify,Shopify          DES:TRANSFER   ID:ST-Q6Q0T6R0Q6D2           INDN:OUTDOOR PLAYGROUND      CO ID:XXXXX48598 CCD,,2369.78
2781,,,,,,,,
,01/17/2025,Deposit,,,,"TikTok Inc       DES:PAYMENT    ID:XXXXXXXXXX98120           INDN:Outdoor Playground Inc  CO ID:XXXXX67522 CCD           PMT INFO:TikTok Shop-USLC7NEW6U, payout ID 346005           XXXXX90843130",Reconciled,3.36
,01/17/2025,Deposit,,,,"TikTok Inc       DES:PAYMENT    ID:XXXXXXXXXX98120           INDN:Outdoor Playground Inc  CO ID:XXXXX67522 CCD           PMT INFO:TikTok Shop-USLC7NEW6U, payout ID 346005           XXXXX90843130",,3.36
2785,,,,,,,,
,01/21/2025,Deposit,,Stripe,,STRIPE           DES:TRANSFER   ID:ST-K9H3X0C3X3I7           INDN:RICHARD PATRI           CO ID:XXXXX65600 CCD,Reconciled,402.17
,01/21/2025,Deposit,,Stripe,,STRIPE           DES:TRANSFER   ID:ST-K9H3X0C3X3I7           INDN:RICHARD PATRI           CO ID:XXXXX65600 CCD,,402.17
2787,,,,,,,,
,01/21/2025,Deposit,,,Shopify,Shopify          DES:TRANSFER   ID:ST-S1S5W7Q8F7U8           INDN:OUTDOOR PLAYGROUND      CO ID:XXXXX48598 CCD,Reconciled,1671.1
,01/21/2025,Deposit,,,Shopify,Shopify          DES:TRANSFER   ID:ST-S1S5W7Q8F7U8           INDN:OUTDOOR PLAYGROUND      CO ID:XXXXX48598 CCD,,1671.1
2804,,,,,,,,
,01/21/2025,Deposit,,,,PAYPAL           DES:TRANSFER   ID:XXXXX44495594             INDN:MAXIMUS OUTDOORS        CO ID:PAYPALSD11 PPD,Reconciled,2700.49
,01/21/2025,Deposit,,,,PAYPAL           DES:TRANSFER   ID:XXXXX44495594             INDN:MAXIMUS OUTDOORS        CO ID:PAYPALSD11 PPD,,2700.49
2805,,,,,,,,
,01/21/2025,Deposit,,,,SHOPPAYINST AFRM DES:PAYMENTS   ID:QJU4X4RK60LIPPO           INDN:MONSTERBASS             CO ID:XXXXX98000 CCD,Reconciled,117.4
,01/21/2025,Deposit,,,,SHOPPAYINST AFRM DES:PAYMENTS   ID:QJU4X4RK60LIPPO           INDN:MONSTERBASS             CO ID:XXXXX98000 CCD,,117.4
2788,,,,,,,,
,01/22/2025,Deposit,,Stripe,,STRIPE           DES:TRANSFER   ID:ST-T0S1O1J1K2H5           INDN:RICHARD PATRI           CO ID:XXXXX65600 CCD,Reconciled,240.24
,01/22/2025,Deposit,,Stripe,,STRIPE           DES:TRANSFER   ID:ST-T0S1O1J1K2H5           INDN:RICHARD PATRI           CO ID:XXXXX65600 CCD,,240.24
2789,,,,,,,,
,01/22/2025,Deposit,,,Shopify,Shopify          DES:TRANSFER   ID:ST-R2P0Y2Y9Y5H1           INDN:OUTDOOR PLAYGROUND      CO ID:XXXXX48598 CCD,Reconciled,11057.3
,01/22/2025,Deposit,,,Shopify,Shopify          DES:TRANSFER   ID:ST-R2P0Y2Y9Y5H1           INDN:OUTDOOR PLAYGROUND      CO ID:XXXXX48598 CCD,,11057.3
2801,,,,,,,,
,01/22/2025,Deposit,,,,SHOPPAYINST AFRM DES:PAYMENTS   ID:1JKZMMQ18WL9Y5O           INDN:MONSTERBASS             CO ID:XXXXX98000 CCD,Reconciled,88.28
,01/22/2025,Deposit,,,,SHOPPAYINST AFRM DES:PAYMENTS   ID:1JKZMMQ18WL9Y5O           INDN:MONSTERBASS             CO ID:XXXXX98000 CCD,,88.28
2802,,,,,,,,
,01/22/2025,Deposit,,,,SHOPPAYINST AFRM DES:PAYMENTS   ID:TAZN7A1KP1DDYZV           INDN:MONSTERBASS             CO ID:XXXXX98000 CCD,Reconciled,129.1
,01/22/2025,Deposit,,,,SHOPPAYINST AFRM DES:PAYMENTS   ID:TAZN7A1KP1DDYZV           INDN:MONSTERBASS             CO ID:XXXXX98000 CCD,,129.1
2803,,,,,,,,
,01/22/2025,Deposit,,,,SHOPPAYINST AFRM DES:PAYMENTS   ID:JNQ17L6X14DH2NA           INDN:MONSTERBASS             CO ID:XXXXX98000 CCD,Reconciled,88.15
,01/22/2025,Deposit,,,,SHOPPAYINST AFRM DES:PAYMENTS   ID:JNQ17L6X14DH2NA           INDN:MONSTERBASS             CO ID:XXXXX98000 CCD,,88.15
2790,,,,,,,,
,01/23/2025,Deposit,,Stripe,,STRIPE           DES:TRANSFER   ID:ST-J2Y4G0D4Q0T8           INDN:RICHARD PATRI           CO ID:XXXXX65600 CCD,Reconciled,1405.56
,01/23/2025,Deposit,,Stripe,,STRIPE           DES:TRANSFER   ID:ST-J2Y4G0D4Q0T8           INDN:RICHARD PATRI           CO ID:XXXXX65600 CCD,,1405.56
2791,,,,,,,,
,01/23/2025,Deposit,,,Shopify,Shopify          DES:TRANSFER   ID:ST-P4Z9M9J4Y4G1           INDN:OUTDOOR PLAYGROUND      CO ID:XXXXX48598 CCD,Reconciled,1130.56
,01/23/2025,Deposit,,,Shopify,Shopify          DES:TRANSFER   ID:ST-P4Z9M9J4Y4G1           INDN:OUTDOOR PLAYGROUND      CO ID:XXXXX48598 CCD,,1130.56
2799,,,,,,,,
,01/23/2025,Deposit,,,,AMAZON.C6G9QGMLS DES:PAYMENTS   ID:5ZM8PWHII9R76GQ           INDN:Outdoor Playground Inc  CO ID:XXXXX40102 CCD,Reconciled,827.56
,01/23/2025,Deposit,,,,AMAZON.C6G9QGMLS DES:PAYMENTS   ID:5ZM8PWHII9R76GQ           INDN:Outdoor Playground Inc  CO ID:XXXXX40102 CCD,,827.56
2800,,,,,,,,
,01/23/2025,Deposit,,,,CHASE CREDIT CRD DES:RWRD RDM   ID:755bXXXXX464525           INDN:PATRI RICHARD           CO ID:XXXXX40001 PPD,Reconciled,245.75
,01/23/2025,Deposit,,,,CHASE CREDIT CRD DES:RWRD RDM   ID:755bXXXXX464525           INDN:PATRI RICHARD           CO ID:XXXXX40001 PPD,,245.75
2792,,,,,,,,
,01/24/2025,Deposit,,,Shopify,Shopify          DES:TRANSFER   ID:ST-M0K2H4Z4Q4R2           INDN:OUTDOOR PLAYGROUND      CO ID:XXXXX48598 CCD,Reconciled,2348.66
,01/24/2025,Deposit,,,Shopify,Shopify          DES:TRANSFER   ID:ST-M0K2H4Z4Q4R2           INDN:OUTDOOR PLAYGROUND      CO ID:XXXXX48598 CCD,,2348.66
2793,,,,,,,,
,01/24/2025,Deposit,,Stripe,,STRIPE           DES:TRANSFER   ID:ST-C7N8Q1Q3Q4Y7           INDN:RICHARD PATRI           CO ID:XXXXX65600 CCD,Reconciled,620.21
,01/24/2025,Deposit,,Stripe,,STRIPE           DES:TRANSFER   ID:ST-C7N8Q1Q3Q4Y7           INDN:RICHARD PATRI           CO ID:XXXXX65600 CCD,,620.21
2796,,,,,,,,
,01/24/2025,Deposit,,,,SHOPPAYINST AFRM DES:PAYMENTS   ID:16QJ1LDNFP2S25E           INDN:MONSTERBASS             CO ID:XXXXX98000 CCD,Reconciled,376.94
,01/24/2025,Deposit,,,,SHOPPAYINST AFRM DES:PAYMENTS   ID:16QJ1LDNFP2S25E           INDN:MONSTERBASS             CO ID:XXXXX98000 CCD,,376.94
2797,,,,,,,,
,01/24/2025,Deposit,,,,SHOPPAYINST AFRM DES:AutoPay    ID:QNO49QS34DBNDT8           INDN:MONSTERBASS             CO ID:394440     CCD,Reconciled,203.62
,01/24/2025,Deposit,,,,SHOPPAYINST AFRM DES:AutoPay    ID:QNO49QS34DBNDT8           INDN:MONSTERBASS             CO ID:394440     CCD,,203.62
2812,,,,,,,,
,01/27/2025,Deposit,,,Shopify,Shopify          DES:TRANSFER   ID:ST-V3T9U3A3A8S3           INDN:OUTDOOR PLAYGROUND INC  CO ID:XXXXX48598 CCD,Reconciled,16.4
,01/27/2025,Deposit,,,Shopify,Shopify          DES:TRANSFER   ID:ST-V3T9U3A3A8S3           INDN:OUTDOOR PLAYGROUND INC  CO ID:XXXXX48598 CCD,,16.4
2813,,,,,,,,
,01/27/2025,Deposit,,Stripe,,STRIPE           DES:TRANSFER   ID:ST-Y8F2R2H1M5U1           INDN:RICHARD PATRI           CO ID:XXXXX65600 CCD,Reconciled,283.9
,01/27/2025,Deposit,,Stripe,,STRIPE           DES:TRANSFER   ID:ST-Y8F2R2H1M5U1           INDN:RICHARD PATRI           CO ID:XXXXX65600 CCD,,283.9
2815,,,,,,,,
,01/27/2025,Deposit,,,Shopify,Shopify          DES:TRANSFER   ID:ST-G5G1Q2Y6D1P3           INDN:OUTDOOR PLAYGROUND      CO ID:XXXXX48598 CCD,Reconciled,2331.19
,01/27/2025,Deposit,,,Shopify,Shopify          DES:TRANSFER   ID:ST-G5G1Q2Y6D1P3           INDN:OUTDOOR PLAYGROUND      CO ID:XXXXX48598 CCD,,2331.19
2821,,,,,,,,
,01/28/2025,Deposit,,Stripe,,STRIPE           DES:TRANSFER   ID:ST-L6Y5Z6F7Q5Z5           INDN:RICHARD PATRI           CO ID:XXXXX65600 CCD,Reconciled,493.34
,01/28/2025,Deposit,,Stripe,,STRIPE           DES:TRANSFER   ID:ST-L6Y5Z6F7Q5Z5           INDN:RICHARD PATRI           CO ID:XXXXX65600 CCD,,493.34
2822,,,,,,,,
,01/28/2025,Deposit,,,Shopify,Shopify          DES:TRANSFER   ID:ST-K3X7S1Z5E4D2           INDN:OUTDOOR PLAYGROUND      CO ID:XXXXX48598 CCD,Reconciled,7787.84
,01/28/2025,Deposit,,,Shopify,Shopify          DES:TRANSFER   ID:ST-K3X7S1Z5E4D2           INDN:OUTDOOR PLAYGROUND      CO ID:XXXXX48598 CCD,,7787.84
2846,,,,,,,,
,01/28/2025,Deposit,,,,SHOPPAYINST AFRM DES:PAYMENTS   ID:2FV3031O0UH9SSA           INDN:MONSTERBASS             CO ID:XXXXX98000 CCD,Reconciled,47.2
,01/28/2025,Deposit,,,,SHOPPAYINST AFRM DES:PAYMENTS   ID:2FV3031O0UH9SSA           INDN:MONSTERBASS             CO ID:XXXXX98000 CCD,,47.2
2847,,,,,,,,
,01/28/2025,Deposit,,,,"TikTok Shop      DES:XXXXX75001 ID:USLC7NEW6U,               INDN:Outdoor Playground Inc  CO ID:XXXXX92853 CCD           PMT INFO:USLC7NEW6U,",Reconciled,3.4
,01/28/2025,Deposit,,,,"TikTok Shop      DES:XXXXX75001 ID:USLC7NEW6U,               INDN:Outdoor Playground Inc  CO ID:XXXXX92853 CCD           PMT INFO:USLC7NEW6U,",,3.4
2848,,,,,,,,
,01/28/2025,Deposit,,,,PAYPAL           DES:TRANSFER   ID:XXXXX87392822             INDN:MAXIMUS OUTDOORS        CO ID:PAYPALSD11 PPD,Reconciled,2205.33
,01/28/2025,Deposit,,,,PAYPAL           DES:TRANSFER   ID:XXXXX87392822             INDN:MAXIMUS OUTDOORS        CO ID:PAYPALSD11 PPD,,2205.33
2849,,,,,,,,
,01/28/2025,Deposit,,,,SHOPPAYINST AFRM DES:PAYMENTS   ID:LBA0I23ZW2CVZ0E           INDN:MONSTERBASS             CO ID:XXXXX98000 CCD,Reconciled,45.97
,01/28/2025,Deposit,,,,SHOPPAYINST AFRM DES:PAYMENTS   ID:LBA0I23ZW2CVZ0E           INDN:MONSTERBASS             CO ID:XXXXX98000 CCD,,45.97
2823,,,,,,,,
,01/29/2025,Deposit,,Stripe,,STRIPE           DES:TRANSFER   ID:ST-W7N4O9X7D2G4           INDN:RICHARD PATRI           CO ID:XXXXX65600 CCD,Reconciled,624.74
,01/29/2025,Deposit,,Stripe,,STRIPE           DES:TRANSFER   ID:ST-W7N4O9X7D2G4           INDN:RICHARD PATRI           CO ID:XXXXX65600 CCD,,624.74
2824,,,,,,,,
,01/29/2025,Deposit,,,Shopify,Shopify          DES:TRANSFER   ID:ST-E0M5L6A2S3M0           INDN:OUTDOOR PLAYGROUND      CO ID:XXXXX48598 CCD,Reconciled,2410.14
,01/29/2025,Deposit,,,Shopify,Shopify          DES:TRANSFER   ID:ST-E0M5L6A2S3M0           INDN:OUTDOOR PLAYGROUND      CO ID:XXXXX48598 CCD,,2410.14
2844,,,,,,,,
,01/29/2025,Deposit,,,,SHOPPAYINST AFRM DES:PAYMENTS   ID:254RXZAF5YWLWJ7           INDN:MONSTERBASS             CO ID:XXXXX98000 CCD,Reconciled,131.46
,01/29/2025,Deposit,,,,SHOPPAYINST AFRM DES:PAYMENTS   ID:254RXZAF5YWLWJ7           INDN:MONSTERBASS             CO ID:XXXXX98000 CCD,,131.46
2827,,,,,,,,
,01/30/2025,Deposit,,Stripe,,STRIPE           DES:TRANSFER   ID:ST-V1T8L0I2E8U1           INDN:RICHARD PATRI           CO ID:XXXXX65600 CCD,Reconciled,233.82
,01/30/2025,Deposit,,Stripe,,STRIPE           DES:TRANSFER   ID:ST-V1T8L0I2E8U1           INDN:RICHARD PATRI           CO ID:XXXXX65600 CCD,,233.82
2842,,,,,,,,
,01/30/2025,Deposit,,,,SHOPPAYINST AFRM DES:PAYMENTS   ID:14PIZ2WCVTC4SN9           INDN:MONSTERBASS             CO ID:XXXXX98000 CCD,Reconciled,123.56
,01/30/2025,Deposit,,,,SHOPPAYINST AFRM DES:PAYMENTS   ID:14PIZ2WCVTC4SN9           INDN:MONSTERBASS             CO ID:XXXXX98000 CCD,,123.56
2828,,,,,,,,
,01/31/2025,Deposit,,Stripe,,STRIPE           DES:TRANSFER   ID:ST-Y7E8S5F5K8W9           INDN:RICHARD PATRI           CO ID:XXXXX65600 CCD,Reconciled,296.1
,01/31/2025,Deposit,,Stripe,,STRIPE           DES:TRANSFER   ID:ST-Y7E8S5F5K8W9           INDN:RICHARD PATRI           CO ID:XXXXX65600 CCD,,296.1
2839,,,,,,,,
,01/31/2025,Deposit,,,,SHOPPAYINST AFRM DES:PAYMENTS   ID:83FHAAR60BR2Q72           INDN:MONSTERBASS             CO ID:XXXXX98000 CCD,Reconciled,122.59
,01/31/2025,Deposit,,,,SHOPPAYINST AFRM DES:PAYMENTS   ID:83FHAAR60BR2Q72           INDN:MONSTERBASS             CO ID:XXXXX98000 CCD,,122.59
2826,,,,,,,,
,02/01/2025,Deposit,,,Shopify,Shopify          DES:TRANSFER   ID:ST-I4K1L3J4S3C5           INDN:OUTDOOR PLAYGROUND      CO ID:XXXXX48598 CCD,Reconciled,2157.64
,02/01/2025,Deposit,,,Shopify,Shopify          DES:TRANSFER   ID:ST-I4K1L3J4S3C5           INDN:OUTDOOR PLAYGROUND      CO ID:XXXXX48598 CCD,,2157.64
2829,,,,,,,,
,02/01/2025,Deposit,,,Shopify,Shopify          DES:TRANSFER   ID:ST-J3P8O3B3B7P6           INDN:OUTDOOR PLAYGROUND      CO ID:XXXXX48598 CCD,Reconciled,2850.29
,02/01/2025,Deposit,,,Shopify,Shopify          DES:TRANSFER   ID:ST-J3P8O3B3B7P6           INDN:OUTDOOR PLAYGROUND      CO ID:XXXXX48598 CCD,,2850.29
2859,,,,,,,,
,02/03/2025,Deposit,,,Shopify,Shopify          DES:TRANSFER   ID:ST-Z6B2Y8Y6U9J8           INDN:OUTDOOR PLAYGROUND INC  CO ID:XXXXX48598 CCD,Reconciled,57.15
,02/03/2025,Deposit,,,Shopify,Shopify          DES:TRANSFER   ID:ST-Z6B2Y8Y6U9J8           INDN:OUTDOOR PLAYGROUND INC  CO ID:XXXXX48598 CCD,,57.15
2861,,,,,,,,
,02/03/2025,Deposit,,Stripe,,STRIPE           DES:TRANSFER   ID:ST-F8C4R8G1C0T5           INDN:RICHARD PATRI           CO ID:XXXXX65600 CCD,Reconciled,261.18
,02/03/2025,Deposit,,Stripe,,STRIPE           DES:TRANSFER   ID:ST-F8C4R8G1C0T5           INDN:RICHARD PATRI           CO ID:XXXXX65600 CCD,,261.18
2863,,,,,,,,
,02/03/2025,Deposit,,,Shopify,Shopify          DES:TRANSFER   ID:ST-J9F2J7D3R5M9           INDN:OUTDOOR PLAYGROUND      CO ID:XXXXX48598 CCD,Reconciled,1505.74
,02/03/2025,Deposit,,,Shopify,Shopify          DES:TRANSFER   ID:ST-J9F2J7D3R5M9           INDN:OUTDOOR PLAYGROUND      CO ID:XXXXX48598 CCD,,1505.74
2874,,,,,,,,
,02/03/2025,Deposit,,,,SHOPPAYINST AFRM DES:PAYMENTS   ID:2AFP99VJN8M5KYV           INDN:MONSTERBASS             CO ID:XXXXX98000 CCD,Reconciled,113.62
,02/03/2025,Deposit,,,,SHOPPAYINST AFRM DES:PAYMENTS   ID:2AFP99VJN8M5KYV           INDN:MONSTERBASS             CO ID:XXXXX98000 CCD,,113.62
2879,,,,,,,,
,02/04/2025,Deposit,,Stripe,,STRIPE           DES:TRANSFER   ID:ST-H3H7I0S3M8L6           INDN:RICHARD PATRI           CO ID:XXXXX65600 CCD,Reconciled,118.82
,02/04/2025,Deposit,,Stripe,,STRIPE           DES:TRANSFER   ID:ST-H3H7I0S3M8L6           INDN:RICHARD PATRI           CO ID:XXXXX65600 CCD,,118.82
2880,,,,,,,,
,02/04/2025,Deposit,,,Shopify,Shopify          DES:TRANSFER   ID:ST-T0S5L4J7I7Q9           INDN:OUTDOOR PLAYGROUND      CO ID:XXXXX48598 CCD,Reconciled,10266.16
,02/04/2025,Deposit,,,Shopify,Shopify          DES:TRANSFER   ID:ST-T0S5L4J7I7Q9           INDN:OUTDOOR PLAYGROUND      CO ID:XXXXX48598 CCD,,10266.16
2887,,,,,,,,
,02/04/2025,Deposit,,,,SHOPPAYINST AFRM DES:PAYMENTS   ID:0M8L5M9YF8VC5K9           INDN:MONSTERBASS             CO ID:XXXXX98000 CCD,Reconciled,45.27
,02/04/2025,Deposit,,,,SHOPPAYINST AFRM DES:PAYMENTS   ID:0M8L5M9YF8VC5K9           INDN:MONSTERBASS             CO ID:XXXXX98000 CCD,,45.27
2889,,,,,,,,
,02/04/2025,Deposit,,,,SHOPPAYINST AFRM DES:PAYMENTS   ID:XEJIYF8V9N6I3SA           INDN:MONSTERBASS             CO ID:XXXXX98000 CCD,Reconciled,143.15
,02/04/2025,Deposit,,,,SHOPPAYINST AFRM DES:PAYMENTS   ID:XEJIYF8V9N6I3SA           INDN:MONSTERBASS             CO ID:XXXXX98000 CCD,,143.15
2890,,,,,,,,
,02/04/2025,Deposit,,,,PAYPAL           DES:TRANSFER   ID:XXXXX41907156             INDN:MAXIMUS OUTDOORS        CO ID:PAYPALSD11 PPD,Reconciled,3227.89
,02/04/2025,Deposit,,,,PAYPAL           DES:TRANSFER   ID:XXXXX41907156             INDN:MAXIMUS OUTDOORS        CO ID:PAYPALSD11 PPD,,3227.89
2884,,,,,,,,
,02/05/2025,Deposit,,,,SHOPPAYINST AFRM DES:PAYMENTS   ID:AJX1ATRHU9CCY5K           INDN:MONSTERBASS             CO ID:XXXXX98000 CCD,Reconciled,188.55
,02/05/2025,Deposit,,,,SHOPPAYINST AFRM DES:PAYMENTS   ID:AJX1ATRHU9CCY5K           INDN:MONSTERBASS             CO ID:XXXXX98000 CCD,,188.55
2885,,,,,,,,
,02/05/2025,Deposit,,,Shopify,Shopify          DES:TRANSFER   ID:ST-F4R7Q4K4V3O7           INDN:OUTDOOR PLAYGROUND      CO ID:XXXXX48598 CCD,Reconciled,5904.27
,02/05/2025,Deposit,,,Shopify,Shopify          DES:TRANSFER   ID:ST-F4R7Q4K4V3O7           INDN:OUTDOOR PLAYGROUND      CO ID:XXXXX48598 CCD,,5904.27
2886,,,,,,,,
,02/05/2025,Deposit,,Stripe,,STRIPE           DES:TRANSFER   ID:ST-N1W8C5B5V4R6           INDN:RICHARD PATRI           CO ID:XXXXX65600 CCD,Reconciled,5442.77
,02/05/2025,Deposit,,Stripe,,STRIPE           DES:TRANSFER   ID:ST-N1W8C5B5V4R6           INDN:RICHARD PATRI           CO ID:XXXXX65600 CCD,,5442.77
2893,,,,,,,,
,02/06/2025,Deposit,,,Shopify,Shopify          DES:TRANSFER   ID:ST-D6A8Y3P8F2Y9           INDN:OUTDOOR PLAYGROUND      CO ID:XXXXX48598 CCD,Reconciled,1665.7
,02/06/2025,Deposit,,,Shopify,Shopify          DES:TRANSFER   ID:ST-D6A8Y3P8F2Y9           INDN:OUTDOOR PLAYGROUND      CO ID:XXXXX48598 CCD,,1665.7
2894,,,,,,,,
,02/06/2025,Deposit,,Stripe,,STRIPE           DES:TRANSFER   ID:ST-A5N7J6K8U9H6           INDN:RICHARD PATRI           CO ID:XXXXX65600 CCD,Reconciled,137.58
,02/06/2025,Deposit,,Stripe,,STRIPE           DES:TRANSFER   ID:ST-A5N7J6K8U9H6           INDN:RICHARD PATRI           CO ID:XXXXX65600 CCD,,137.58
2909,,,,,,,,
,02/06/2025,Deposit,,,,AMAZONCOMCA INC  DES:PAYMENT    ID:KP14USCZECOU              INDN:Outdoor Playground Inc  CO ID:XXXXX70001 IAT           PMT INFO: BUS XXXXXXXXXXXXXXX867                            FOR MORE INFORMATION CONTACT CUSTOMER SERVICE,Reconciled,8.67
,02/06/2025,Deposit,,,,AMAZONCOMCA INC  DES:PAYMENT    ID:KP14USCZECOU              INDN:Outdoor Playground Inc  CO ID:XXXXX70001 IAT           PMT INFO: BUS XXXXXXXXXXXXXXX867                            FOR MORE INFORMATION CONTACT CUSTOMER SERVICE,,8.67
2910,,,,,,,,
,02/06/2025,Deposit,,,,AMAZON.CYZPBYLOX DES:PAYMENTS   ID:5J2L6JBJZBGR5PX           INDN:Outdoor Playground Inc  CO ID:XXXXX40102 CCD,Reconciled,139.62
,02/06/2025,Deposit,,,,AMAZON.CYZPBYLOX DES:PAYMENTS   ID:5J2L6JBJZBGR5PX           INDN:Outdoor Playground Inc  CO ID:XXXXX40102 CCD,,139.62
2911,,,,,,,,
,02/06/2025,Deposit,,,,Bank of America  DES:CASHREWARD ID:PLAYGROUND LLC            INDN:XXXXX0000XXXXX74XXXXX0  CO ID:XXXXX90310 PPD,Reconciled,215.04
,02/06/2025,Deposit,,,,Bank of America  DES:CASHREWARD ID:PLAYGROUND LLC            INDN:XXXXX0000XXXXX74XXXXX0  CO ID:XXXXX90310 PPD,,215.04
2897,,,,,,,,
,02/07/2025,Deposit,,,Shopify,Shopify          DES:TRANSFER   ID:ST-M3C7W1F2J7S9           INDN:OUTDOOR PLAYGROUND      CO ID:XXXXX48598 CCD,Reconciled,1332
,02/07/2025,Deposit,,,Shopify,Shopify          DES:TRANSFER   ID:ST-M3C7W1F2J7S9           INDN:OUTDOOR PLAYGROUND      CO ID:XXXXX48598 CCD,,1332
2898,,,,,,,,
,02/07/2025,Deposit,,Stripe,,STRIPE           DES:TRANSFER   ID:ST-W3T2V9U4Y1S0           INDN:RICHARD PATRI           CO ID:XXXXX65600 CCD,Reconciled,271.81
,02/07/2025,Deposit,,Stripe,,STRIPE           DES:TRANSFER   ID:ST-W3T2V9U4Y1S0           INDN:RICHARD PATRI           CO ID:XXXXX65600 CCD,,271.81
2905,,,,,,,,
,02/10/2025,Deposit,,Stripe,,STRIPE           DES:TRANSFER   ID:ST-N6K7F1K0N1H2           INDN:RICHARD PATRI           CO ID:XXXXX65600 CCD,Reconciled,4022.82
,02/10/2025,Deposit,,Stripe,,STRIPE           DES:TRANSFER   ID:ST-N6K7F1K0N1H2           INDN:RICHARD PATRI           CO ID:XXXXX65600 CCD,,4022.82
2907,,,,,,,,
,02/10/2025,Deposit,,,Shopify,Shopify          DES:TRANSFER   ID:ST-G1W9A9A6I6P9           INDN:OUTDOOR PLAYGROUND      CO ID:XXXXX48598 CCD,Reconciled,3065.39
,02/10/2025,Deposit,,,Shopify,Shopify          DES:TRANSFER   ID:ST-G1W9A9A6I6P9           INDN:OUTDOOR PLAYGROUND      CO ID:XXXXX48598 CCD,,3065.39
2923,,,,,,,,
,02/11/2025,Deposit,,,,SHOPPAYINST AFRM DES:PAYMENTS   ID:F6K30MKAV45RQFS           INDN:MONSTERBASS             CO ID:XXXXX98000 CCD,Reconciled,59.46
,02/11/2025,Deposit,,,,SHOPPAYINST AFRM DES:PAYMENTS   ID:F6K30MKAV45RQFS           INDN:MONSTERBASS             CO ID:XXXXX98000 CCD,,59.46
2924,,,,,,,,
,02/11/2025,Deposit,,,Shopify,Shopify          DES:TRANSFER   ID:ST-G7K0B8K6X9E4           INDN:OUTDOOR PLAYGROUND      CO ID:XXXXX48598 CCD,Reconciled,8144.59
,02/11/2025,Deposit,,,Shopify,Shopify          DES:TRANSFER   ID:ST-G7K0B8K6X9E4           INDN:OUTDOOR PLAYGROUND      CO ID:XXXXX48598 CCD,,8144.59
2925,,,,,,,,
,02/11/2025,Deposit,,,,PAYPAL           DES:TRANSFER   ID:XXXXX92936650             INDN:MAXIMUS OUTDOORS        CO ID:PAYPALSD11 PPD,Reconciled,4158.41
,02/11/2025,Deposit,,,,PAYPAL           DES:TRANSFER   ID:XXXXX92936650             INDN:MAXIMUS OUTDOORS        CO ID:PAYPALSD11 PPD,,4158.41
2926,,,,,,,,
,02/11/2025,Deposit,,Stripe,,STRIPE           DES:TRANSFER   ID:ST-A3L7L0R1I2T3           INDN:RICHARD PATRI           CO ID:XXXXX65600 CCD,Reconciled,1042.84
,02/11/2025,Deposit,,Stripe,,STRIPE           DES:TRANSFER   ID:ST-A3L7L0R1I2T3           INDN:RICHARD PATRI           CO ID:XXXXX65600 CCD,,1042.84
2927,,,,,,,,
,02/12/2025,Deposit,,Stripe,,STRIPE           DES:TRANSFER   ID:ST-B5G1X7M9Y9P4           INDN:RICHARD PATRI           CO ID:XXXXX65600 CCD,Reconciled,1376.65
,02/12/2025,Deposit,,Stripe,,STRIPE           DES:TRANSFER   ID:ST-B5G1X7M9Y9P4           INDN:RICHARD PATRI           CO ID:XXXXX65600 CCD,,1376.65
2928,,,,,,,,
,02/12/2025,Deposit,,,Shopify,Shopify          DES:TRANSFER   ID:ST-J8X2T9I9N2K6           INDN:OUTDOOR PLAYGROUND      CO ID:XXXXX48598 CCD,Reconciled,1565.57
,02/12/2025,Deposit,,,Shopify,Shopify          DES:TRANSFER   ID:ST-J8X2T9I9N2K6           INDN:OUTDOOR PLAYGROUND      CO ID:XXXXX48598 CCD,,1565.57
2950,,,,,,,,
,02/12/2025,Deposit,,,,SHOPPAYINST AFRM DES:PAYMENTS   ID:6MPS2OI4VBX9S3Q           INDN:MONSTERBASS             CO ID:XXXXX98000 CCD,Reconciled,107.23
,02/12/2025,Deposit,,,,SHOPPAYINST AFRM DES:PAYMENTS   ID:6MPS2OI4VBX9S3Q           INDN:MONSTERBASS             CO ID:XXXXX98000 CCD,,107.23
2946,,,,,,,,
,02/13/2025,Deposit,,,Shopify,Shopify          DES:TRANSFER   ID:ST-A7F7Y2H8K6M4           INDN:OUTDOOR PLAYGROUND      CO ID:XXXXX48598 CCD,Reconciled,1679.19
,02/13/2025,Deposit,,,Shopify,Shopify          DES:TRANSFER   ID:ST-A7F7Y2H8K6M4           INDN:OUTDOOR PLAYGROUND      CO ID:XXXXX48598 CCD,,1679.19
2948,,,,,,,,
,02/13/2025,Deposit,,,,SHOPPAYINST AFRM DES:PAYMENTS   ID:259ODJP9M6T8L0C           INDN:MONSTERBASS             CO ID:XXXXX98000 CCD,Reconciled,79.47
,02/13/2025,Deposit,,,,SHOPPAYINST AFRM DES:PAYMENTS   ID:259ODJP9M6T8L0C           INDN:MONSTERBASS             CO ID:XXXXX98000 CCD,,79.47
2949,,,,,,,,
,02/13/2025,Deposit,,Stripe,,STRIPE           DES:TRANSFER   ID:ST-X6G2B5W2W7W5           INDN:RICHARD PATRI           CO ID:XXXXX65600 CCD,Reconciled,650.76
,02/13/2025,Deposit,,Stripe,,STRIPE           DES:TRANSFER   ID:ST-X6G2B5W2W7W5           INDN:RICHARD PATRI           CO ID:XXXXX65600 CCD,,650.76
2930,,,,,,,,
,02/14/2025,Deposit,,Stripe,,STRIPE           DES:TRANSFER   ID:ST-B6N3R1E8B7P3           INDN:RICHARD PATRI           CO ID:XXXXX65600 CCD,Reconciled,552.01
,02/14/2025,Deposit,,Stripe,,STRIPE           DES:TRANSFER   ID:ST-B6N3R1E8B7P3           INDN:RICHARD PATRI           CO ID:XXXXX65600 CCD,,552.01
2931,,,,,,,,
,02/14/2025,Deposit,,,Shopify,SHOPIFY          DES:TRANSFER   ID:SHOPIFY                   INDN:OUTDOOR PLAYGROUND INC  CO ID:SHOPIFYPMT WEB,Reconciled,17.39
,02/14/2025,Deposit,,,Shopify,SHOPIFY          DES:TRANSFER   ID:SHOPIFY                   INDN:OUTDOOR PLAYGROUND INC  CO ID:SHOPIFYPMT WEB,,17.39
2932,,,,,,,,
,02/14/2025,Deposit,,,Shopify,Shopify          DES:TRANSFER   ID:ST-S5V1X6D5L2U3           INDN:OUTDOOR PLAYGROUND      CO ID:XXXXX48598 CCD,Reconciled,3282.03
,02/14/2025,Deposit,,,Shopify,Shopify          DES:TRANSFER   ID:ST-S5V1X6D5L2U3           INDN:OUTDOOR PLAYGROUND      CO ID:XXXXX48598 CCD,,3282.03
2940,,,,,,,,
,02/18/2025,Deposit,,Stripe,,STRIPE           DES:TRANSFER   ID:ST-E7O1H7L6M5T6           INDN:RICHARD PATRI           CO ID:XXXXX65600 CCD,Reconciled,113.49
,02/18/2025,Deposit,,Stripe,,STRIPE           DES:TRANSFER   ID:ST-E7O1H7L6M5T6           INDN:RICHARD PATRI           CO ID:XXXXX65600 CCD,,113.49
2942,,,,,,,,
,02/18/2025,Deposit,,,,SHOPPAYINST AFRM DES:PAYMENTS   ID:89X345WQN17VKBE           INDN:MONSTERBASS             CO ID:XXXXX98000 CCD,Reconciled,40.52
,02/18/2025,Deposit,,,,SHOPPAYINST AFRM DES:PAYMENTS   ID:89X345WQN17VKBE           INDN:MONSTERBASS             CO ID:XXXXX98000 CCD,,40.52
2943,,,,,,,,
,02/18/2025,Deposit,,,,PAYPAL           DES:TRANSFER   ID:XXXXX39028239             INDN:MAXIMUS OUTDOORS        CO ID:PAYPALSD11 PPD,Reconciled,3128.6
,02/18/2025,Deposit,,,,PAYPAL           DES:TRANSFER   ID:XXXXX39028239             INDN:MAXIMUS OUTDOORS        CO ID:PAYPALSD11 PPD,,3128.6
2945,,,,,,,,
,02/18/2025,Deposit,,,Shopify,Shopify          DES:TRANSFER   ID:ST-J3B4Y2I9N5F3           INDN:OUTDOOR PLAYGROUND      CO ID:XXXXX48598 CCD,Reconciled,2160.76
,02/18/2025,Deposit,,,Shopify,Shopify          DES:TRANSFER   ID:ST-J3B4Y2I9N5F3           INDN:OUTDOOR PLAYGROUND      CO ID:XXXXX48598 CCD,,2160.76
2958,,,,,,,,
,02/19/2025,Deposit,,,Shopify,Shopify          DES:TRANSFER   ID:ST-Q5W2E8H9D2F9           INDN:OUTDOOR PLAYGROUND INC  CO ID:XXXXX48598 CCD,Reconciled,27.33
,02/19/2025,Deposit,,,Shopify,Shopify          DES:TRANSFER   ID:ST-Q5W2E8H9D2F9           INDN:OUTDOOR PLAYGROUND INC  CO ID:XXXXX48598 CCD,,27.33
2959,,,,,,,,
,02/19/2025,Deposit,,,Shopify,Shopify          DES:TRANSFER   ID:ST-B0W1W9Y9Q8G7           INDN:OUTDOOR PLAYGROUND      CO ID:XXXXX48598 CCD,Reconciled,10529.77
,02/19/2025,Deposit,,,Shopify,Shopify          DES:TRANSFER   ID:ST-B0W1W9Y9Q8G7           INDN:OUTDOOR PLAYGROUND      CO ID:XXXXX48598 CCD,,10529.77
2960,,,,,,,,
,02/19/2025,Deposit,,,,SHOPPAYINST AFRM DES:PAYMENTS   ID:1O0BARZ0RX49VBP           INDN:MONSTERBASS             CO ID:XXXXX98000 CCD,Reconciled,84.22
,02/19/2025,Deposit,,,,SHOPPAYINST AFRM DES:PAYMENTS   ID:1O0BARZ0RX49VBP           INDN:MONSTERBASS             CO ID:XXXXX98000 CCD,,84.22
2961,,,,,,,,
,02/19/2025,Deposit,,,,SHOPPAYINST AFRM DES:PAYMENTS   ID:4XADLGBZYXA6QVH           INDN:MONSTERBASS             CO ID:XXXXX98000 CCD,Reconciled,53.31
,02/19/2025,Deposit,,,,SHOPPAYINST AFRM DES:PAYMENTS   ID:4XADLGBZYXA6QVH           INDN:MONSTERBASS             CO ID:XXXXX98000 CCD,,53.31
2962,,,,,,,,
,02/19/2025,Deposit,,,Shopify,Shopify          DES:TRANSFER   ID:ST-B5M2Q9Q1O3H7           INDN:OUTDOOR PLAYGROUND INC  CO ID:XXXXX48598 CCD,Reconciled,28.72
,02/19/2025,Deposit,,,Shopify,Shopify          DES:TRANSFER   ID:ST-B5M2Q9Q1O3H7           INDN:OUTDOOR PLAYGROUND INC  CO ID:XXXXX48598 CCD,,28.72
2964,,,,,,,,
,02/19/2025,Deposit,,Stripe,,STRIPE           DES:TRANSFER   ID:ST-G9P4L7F3G8K8           INDN:RICHARD PATRI           CO ID:XXXXX65600 CCD,Reconciled,401.24
,02/19/2025,Deposit,,Stripe,,STRIPE           DES:TRANSFER   ID:ST-G9P4L7F3G8K8           INDN:RICHARD PATRI           CO ID:XXXXX65600 CCD,,401.24
2974,,,,,,,,
,02/20/2025,Deposit,,Stripe,,STRIPE           DES:TRANSFER   ID:ST-I9S8K3U8F9U4           INDN:RICHARD PATRI           CO ID:XXXXX65600 CCD,Reconciled,1228.29
,02/20/2025,Deposit,,Stripe,,STRIPE           DES:TRANSFER   ID:ST-I9S8K3U8F9U4           INDN:RICHARD PATRI           CO ID:XXXXX65600 CCD,,1228.29
2975,,,,,,,,
,02/20/2025,Deposit,,,Shopify,Shopify          DES:TRANSFER   ID:ST-P2N1G7Q4B0T3           INDN:OUTDOOR PLAYGROUND INC  CO ID:XXXXX48598 CCD,Reconciled,15.02
,02/20/2025,Deposit,,,Shopify,Shopify          DES:TRANSFER   ID:ST-P2N1G7Q4B0T3           INDN:OUTDOOR PLAYGROUND INC  CO ID:XXXXX48598 CCD,,15.02
2977,,,,,,,,
,02/20/2025,Deposit,,,Shopify,Shopify          DES:TRANSFER   ID:ST-N6D0M3Y4A5H7           INDN:OUTDOOR PLAYGROUND      CO ID:XXXXX48598 CCD,Reconciled,1179.73
,02/20/2025,Deposit,,,Shopify,Shopify          DES:TRANSFER   ID:ST-N6D0M3Y4A5H7           INDN:OUTDOOR PLAYGROUND      CO ID:XXXXX48598 CCD,,1179.73
2981,,,,,,,,
,02/20/2025,Deposit,,,,AMAZON.CLSDQXD1F DES:PAYMENTS   ID:2YS52H1AA0W2ZDX           INDN:Outdoor Playground Inc  CO ID:XXXXX40102 CCD,Reconciled,16.56
,02/20/2025,Deposit,,,,AMAZON.CLSDQXD1F DES:PAYMENTS   ID:2YS52H1AA0W2ZDX           INDN:Outdoor Playground Inc  CO ID:XXXXX40102 CCD,,16.56
2976,,,,,,,,
,02/21/2025,Deposit,,Stripe,,STRIPE           DES:TRANSFER   ID:ST-F0D2R1A4W1L2           INDN:RICHARD PATRI           CO ID:XXXXX65600 CCD,Reconciled,192.18
,02/21/2025,Deposit,,Stripe,,STRIPE           DES:TRANSFER   ID:ST-F0D2R1A4W1L2           INDN:RICHARD PATRI           CO ID:XXXXX65600 CCD,,192.18
2978,,,,,,,,
,02/21/2025,Deposit,,,Shopify,Shopify          DES:TRANSFER   ID:ST-G5R6S1R1K1A1           INDN:OUTDOOR PLAYGROUND      CO ID:XXXXX48598 CCD,Reconciled,1703
,02/21/2025,Deposit,,,Shopify,Shopify          DES:TRANSFER   ID:ST-G5R6S1R1K1A1           INDN:OUTDOOR PLAYGROUND      CO ID:XXXXX48598 CCD,,1703
2986,,,,,,,,
,02/24/2025,Deposit,,,,Shopify          DES:TRANSFER   ID:ST-E0A5R9D8R1E2           INDN:OUTDOOR PLAYGROUND      CO ID:XXXXX48598 CCD,Reconciled,2555.17
,02/24/2025,Deposit,,,,Shopify          DES:TRANSFER   ID:ST-E0A5R9D8R1E2           INDN:OUTDOOR PLAYGROUND      CO ID:XXXXX48598 CCD,,2555.17
3027,,,,,,,,
,02/24/2025,Deposit,,,,SHOPPAYINST AFRM DES:PAYMENTS   ID:7TQQO9GI9GQHXRS           INDN:MONSTERBASS             CO ID:XXXXX98000 CCD,Reconciled,230.91
,02/24/2025,Deposit,,,,SHOPPAYINST AFRM DES:PAYMENTS   ID:7TQQO9GI9GQHXRS           INDN:MONSTERBASS             CO ID:XXXXX98000 CCD,,230.91
2992,,,,,,,,
,02/25/2025,Deposit,,,,STRIPE           DES:TRANSFER   ID:ST-E7R7D4D7D6L8           INDN:RICHARD PATRI           CO ID:XXXXX65600 CCD,Reconciled,340.09
,02/25/2025,Deposit,,,,STRIPE           DES:TRANSFER   ID:ST-E7R7D4D7D6L8           INDN:RICHARD PATRI           CO ID:XXXXX65600 CCD,,340.09
2994,,,,,,,,
,02/25/2025,Deposit,,,,Shopify          DES:TRANSFER   ID:ST-J9M1E9K0B7Z7           INDN:OUTDOOR PLAYGROUND      CO ID:XXXXX48598 CCD,Reconciled,8707.11
,02/25/2025,Deposit,,,,Shopify          DES:TRANSFER   ID:ST-J9M1E9K0B7Z7           INDN:OUTDOOR PLAYGROUND      CO ID:XXXXX48598 CCD,,8707.11
3024,,,,,,,,
,02/25/2025,Deposit,,,,SHOPPAYINST AFRM DES:PAYMENTS   ID:6GS6TJ7ZIG3VHN6           INDN:MONSTERBASS             CO ID:XXXXX98000 CCD,Reconciled,125.89
,02/25/2025,Deposit,,,,SHOPPAYINST AFRM DES:PAYMENTS   ID:6GS6TJ7ZIG3VHN6           INDN:MONSTERBASS             CO ID:XXXXX98000 CCD,,125.89
3025,,,,,,,,
,02/25/2025,Deposit,,,,PAYPAL           DES:TRANSFER   ID:XXXXX79806391             INDN:MAXIMUS OUTDOORS        CO ID:PAYPALSD11 PPD,Reconciled,1840.67
,02/25/2025,Deposit,,,,PAYPAL           DES:TRANSFER   ID:XXXXX79806391             INDN:MAXIMUS OUTDOORS        CO ID:PAYPALSD11 PPD,,1840.67
2993,,,,,,,,
,02/26/2025,Deposit,,,,STRIPE           DES:TRANSFER   ID:ST-I2E7A9T9V3U7           INDN:RICHARD PATRI           CO ID:XXXXX65600 CCD,Reconciled,958.92
,02/26/2025,Deposit,,,,STRIPE           DES:TRANSFER   ID:ST-I2E7A9T9V3U7           INDN:RICHARD PATRI           CO ID:XXXXX65600 CCD,,958.92
2995,,,,,,,,
,02/26/2025,Deposit,,,,Shopify          DES:TRANSFER   ID:ST-J6K7B3U2E5O1           INDN:OUTDOOR PLAYGROUND      CO ID:XXXXX48598 CCD,Reconciled,1105.1
,02/26/2025,Deposit,,,,Shopify          DES:TRANSFER   ID:ST-J6K7B3U2E5O1           INDN:OUTDOOR PLAYGROUND      CO ID:XXXXX48598 CCD,,1105.1
3022,,,,,,,,
,02/26/2025,Deposit,,,,SHOPPAYINST AFRM DES:PAYMENTS   ID:VJW2SWXFO3Y0U7Y           INDN:MONSTERBASS             CO ID:XXXXX98000 CCD,Reconciled,43.62
,02/26/2025,Deposit,,,,SHOPPAYINST AFRM DES:PAYMENTS   ID:VJW2SWXFO3Y0U7Y           INDN:MONSTERBASS             CO ID:XXXXX98000 CCD,,43.62
3023,,,,,,,,
,02/26/2025,Deposit,,,,"TikTok Inc       DES:PAYMENT    ID:XXXXXXXXXX89386           INDN:Outdoor Playground Inc  CO ID:XXXXX67522 CCD           PMT INFO:TikTok Shop-USLC7NEW6U, payout ID 346033           XXXXX94568442",Reconciled,32.26
,02/26/2025,Deposit,,,,"TikTok Inc       DES:PAYMENT    ID:XXXXXXXXXX89386           INDN:Outdoor Playground Inc  CO ID:XXXXX67522 CCD           PMT INFO:TikTok Shop-USLC7NEW6U, payout ID 346033           XXXXX94568442",,32.26
2998,,,,,,,,
,02/27/2025,Deposit,,,,Shopify          DES:TRANSFER   ID:ST-W2W4I6N6B4Y6           INDN:OUTDOOR PLAYGROUND      CO ID:XXXXX48598 CCD,Reconciled,2346.98
,02/27/2025,Deposit,,,,Shopify          DES:TRANSFER   ID:ST-W2W4I6N6B4Y6           INDN:OUTDOOR PLAYGROUND      CO ID:XXXXX48598 CCD,,2346.98
3000,,,,,,,,
,02/27/2025,Deposit,,,,STRIPE           DES:TRANSFER   ID:ST-Z7U5F3C8X2Y8           INDN:RICHARD PATRI           CO ID:XXXXX65600 CCD,Reconciled,287.71
,02/27/2025,Deposit,,,,STRIPE           DES:TRANSFER   ID:ST-Z7U5F3C8X2Y8           INDN:RICHARD PATRI           CO ID:XXXXX65600 CCD,,287.71
3001,,,,,,,,
,02/28/2025,Deposit,,,,Shopify          DES:TRANSFER   ID:ST-V8U2B5J6B7V3           INDN:OUTDOOR PLAYGROUND      CO ID:XXXXX48598 CCD,Reconciled,2245.01
,02/28/2025,Deposit,,,,Shopify          DES:TRANSFER   ID:ST-V8U2B5J6B7V3           INDN:OUTDOOR PLAYGROUND      CO ID:XXXXX48598 CCD,,2245.01
3002,,,,,,,,
,02/28/2025,Deposit,,,,STRIPE           DES:TRANSFER   ID:ST-E9O5I5G8J0W5           INDN:RICHARD PATRI           CO ID:XXXXX65600 CCD,Reconciled,508.1
,02/28/2025,Deposit,,,,STRIPE           DES:TRANSFER   ID:ST-E9O5I5G8J0W5           INDN:RICHARD PATRI           CO ID:XXXXX65600 CCD,,508.1
3019,,,,,,,,
,02/28/2025,Deposit,,,,SHOPPAYINST AFRM DES:PAYMENTS   ID:L4UVIJ113DEVZY6           INDN:MONSTERBASS             CO ID:XXXXX98000 CCD,Reconciled,38.74
,02/28/2025,Deposit,,,,SHOPPAYINST AFRM DES:PAYMENTS   ID:L4UVIJ113DEVZY6           INDN:MONSTERBASS             CO ID:XXXXX98000 CCD,,38.74
3040,,,,,,,,
,03/03/2025,Deposit,,,,Shopify          DES:TRANSFER   ID:ST-N5E2K4B4Z4Q0           INDN:OUTDOOR PLAYGROUND      CO ID:XXXXX48598 CCD,Reconciled,2448.46
,03/03/2025,Deposit,,,,Shopify          DES:TRANSFER   ID:ST-N5E2K4B4Z4Q0           INDN:OUTDOOR PLAYGROUND      CO ID:XXXXX48598 CCD,,2448.46
3044,,,,,,,,
,03/03/2025,Deposit,,,,STRIPE           DES:TRANSFER   ID:ST-N5R3W8K0X4T9           INDN:RICHARD PATRI           CO ID:XXXXX65600 CCD,Reconciled,225.11
,03/03/2025,Deposit,,,,STRIPE           DES:TRANSFER   ID:ST-N5R3W8K0X4T9           INDN:RICHARD PATRI           CO ID:XXXXX65600 CCD,,225.11
3039,,,,,,,,
,03/04/2025,Deposit,,,,STRIPE           DES:TRANSFER   ID:ST-R3Z7B6T6J3H5           INDN:RICHARD PATRI           CO ID:XXXXX65600 CCD,Reconciled,730.86
,03/04/2025,Deposit,,,,STRIPE           DES:TRANSFER   ID:ST-R3Z7B6T6J3H5           INDN:RICHARD PATRI           CO ID:XXXXX65600 CCD,,730.86
3041,,,,,,,,
,03/04/2025,Deposit,,,,Shopify          DES:TRANSFER   ID:ST-A8T1W0V5N7Z2           INDN:OUTDOOR PLAYGROUND      CO ID:XXXXX48598 CCD,Reconciled,15019.26
,03/04/2025,Deposit,,,,Shopify          DES:TRANSFER   ID:ST-A8T1W0V5N7Z2           INDN:OUTDOOR PLAYGROUND      CO ID:XXXXX48598 CCD,,15019.26
3051,,,,,,,,
,03/04/2025,Deposit,,,,SHOPPAYINST AFRM DES:PAYMENTS   ID:ACX43EV3GLX4K35           INDN:MONSTERBASS             CO ID:XXXXX98000 CCD,Reconciled,40.36
,03/04/2025,Deposit,,,,SHOPPAYINST AFRM DES:PAYMENTS   ID:ACX43EV3GLX4K35           INDN:MONSTERBASS             CO ID:XXXXX98000 CCD,,40.36
3052,,,,,,,,
,03/04/2025,Deposit,,,,SHOPPAYINST AFRM DES:PAYMENTS   ID:9IVTTSPYF81XEQO           INDN:MONSTERBASS             CO ID:XXXXX98000 CCD,Reconciled,48.88
,03/04/2025,Deposit,,,,SHOPPAYINST AFRM DES:PAYMENTS   ID:9IVTTSPYF81XEQO           INDN:MONSTERBASS             CO ID:XXXXX98000 CCD,,48.88
3053,,,,,,,,
,03/04/2025,Deposit,,,,PAYPAL           DES:TRANSFER   ID:XXXXX43137867             INDN:MAXIMUS OUTDOORS        CO ID:PAYPALSD11 PPD,Reconciled,4360.14
,03/04/2025,Deposit,,,,PAYPAL           DES:TRANSFER   ID:XXXXX43137867             INDN:MAXIMUS OUTDOORS        CO ID:PAYPALSD11 PPD,,4360.14
3080,,,,,,,,
,03/05/2025,Deposit,,,Shopify,Shopify          DES:TRANSFER   ID:ST-W0M6D6S4D1S3           INDN:OUTDOOR PLAYGROUND      CO ID:XXXXX48598 CCD,Reconciled,7960.97
,03/05/2025,Deposit,,,Shopify,Shopify          DES:TRANSFER   ID:ST-W0M6D6S4D1S3           INDN:OUTDOOR PLAYGROUND      CO ID:XXXXX48598 CCD,,7960.97
3081,,,,,,,,
,03/05/2025,Deposit,,Stripe,,STRIPE           DES:TRANSFER   ID:ST-L9L3Z9R1O5T3           INDN:RICHARD PATRI           CO ID:XXXXX65600 CCD,Reconciled,4893.08
,03/05/2025,Deposit,,Stripe,,STRIPE           DES:TRANSFER   ID:ST-L9L3Z9R1O5T3           INDN:RICHARD PATRI           CO ID:XXXXX65600 CCD,,4893.08
3067,,,,,,,,
,03/06/2025,Deposit,,,,STRIPE           DES:TRANSFER   ID:ST-H5W4Y6M0S2W1           INDN:RICHARD PATRI           CO ID:XXXXX65600 CCD,Reconciled,397.56
,03/06/2025,Deposit,,,,STRIPE           DES:TRANSFER   ID:ST-H5W4Y6M0S2W1           INDN:RICHARD PATRI           CO ID:XXXXX65600 CCD,,397.56
3072,,,,,,,,
,03/06/2025,Deposit,,,,Shopify          DES:TRANSFER   ID:ST-V9G2G0E8V8K7           INDN:OUTDOOR PLAYGROUND      CO ID:XXXXX48598 CCD,Reconciled,3768.85
,03/06/2025,Deposit,,,,Shopify          DES:TRANSFER   ID:ST-V9G2G0E8V8K7           INDN:OUTDOOR PLAYGROUND      CO ID:XXXXX48598 CCD,,3768.85
3082,,,,,,,,
,03/06/2025,Deposit,,,,ADP Tax          DES:ADP Tax    ID:KLQZE 0542581VV           INDN:OUTDOOR PLAYGROUND INC  CO ID:XXXXX11111 CCD,Reconciled,63
,03/06/2025,Deposit,,,,ADP Tax          DES:ADP Tax    ID:KLQZE 0542581VV           INDN:OUTDOOR PLAYGROUND INC  CO ID:XXXXX11111 CCD,,-63
3074,,,,,,,,
,03/07/2025,Deposit,,,,Shopify          DES:TRANSFER   ID:ST-F6D6W1R8G4S1           INDN:OUTDOOR PLAYGROUND      CO ID:XXXXX48598 CCD,Reconciled,2751.46
,03/07/2025,Deposit,,,,Shopify          DES:TRANSFER   ID:ST-F6D6W1R8G4S1           INDN:OUTDOOR PLAYGROUND      CO ID:XXXXX48598 CCD,,2751.46
3075,,,,,,,,
,03/07/2025,Deposit,,,,STRIPE           DES:TRANSFER   ID:ST-F6H7J5Z4B5Y7           INDN:RICHARD PATRI           CO ID:XXXXX65600 CCD,Reconciled,796.69
,03/07/2025,Deposit,,,,STRIPE           DES:TRANSFER   ID:ST-F6H7J5Z4B5Y7           INDN:RICHARD PATRI           CO ID:XXXXX65600 CCD,,796.69
3092,,,,,,,,
,03/10/2025,Deposit,,,,Shopify          DES:TRANSFER   ID:ST-O9Z8U4Y0H7R4           INDN:OUTDOOR PLAYGROUND      CO ID:XXXXX48598 CCD,Reconciled,2583.26
,03/10/2025,Deposit,,,,Shopify          DES:TRANSFER   ID:ST-O9Z8U4Y0H7R4           INDN:OUTDOOR PLAYGROUND      CO ID:XXXXX48598 CCD,,2583.26
3093,,,,,,,,
,03/10/2025,Deposit,,,,STRIPE           DES:TRANSFER   ID:ST-A3S1R0C4O7C6           INDN:RICHARD PATRI           CO ID:XXXXX65600 CCD,Reconciled,1804.81
,03/10/2025,Deposit,,,,STRIPE           DES:TRANSFER   ID:ST-A3S1R0C4O7C6           INDN:RICHARD PATRI           CO ID:XXXXX65600 CCD,,1804.81
3094,,,,,,,,
,03/10/2025,Deposit,,,,Shopify          DES:TRANSFER   ID:ST-X5C5K6J6A0T1           INDN:OUTDOOR PLAYGROUND INC  CO ID:XXXXX48598 CCD,Reconciled,14.67
,03/10/2025,Deposit,,,,Shopify          DES:TRANSFER   ID:ST-X5C5K6J6A0T1           INDN:OUTDOOR PLAYGROUND INC  CO ID:XXXXX48598 CCD,,14.67
3100,,,,,,,,
,03/11/2025,Deposit,,,,SHOPPAYINST AFRM DES:PAYMENTS   ID:VBE29OFP05MKLD3           INDN:MONSTERBASS             CO ID:XXXXX98000 CCD,Reconciled,33.32
,03/11/2025,Deposit,,,,SHOPPAYINST AFRM DES:PAYMENTS   ID:VBE29OFP05MKLD3           INDN:MONSTERBASS             CO ID:XXXXX98000 CCD,,33.32
3101,,,,,,,,
,03/11/2025,Deposit,,,Shopify,Shopify          DES:TRANSFER   ID:ST-B9V7Y3E9T7S6           INDN:OUTDOOR PLAYGROUND      CO ID:XXXXX48598 CCD,Reconciled,10201.73
,03/11/2025,Deposit,,,Shopify,Shopify          DES:TRANSFER   ID:ST-B9V7Y3E9T7S6           INDN:OUTDOOR PLAYGROUND      CO ID:XXXXX48598 CCD,,10201.73
3102,,,,,,,,
,03/11/2025,Deposit,,Stripe,,STRIPE           DES:TRANSFER   ID:ST-L7V3Z3Z2S9J7           INDN:RICHARD PATRI           CO ID:XXXXX65600 CCD,Reconciled,754.31
,03/11/2025,Deposit,,Stripe,,STRIPE           DES:TRANSFER   ID:ST-L7V3Z3Z2S9J7           INDN:RICHARD PATRI           CO ID:XXXXX65600 CCD,,754.31
3103,,,,,,,,
,03/11/2025,Deposit,,,,PAYPAL           DES:TRANSFER   ID:XXXXX92473326             INDN:MAXIMUS OUTDOORS        CO ID:PAYPALSD11 PPD,Reconciled,4456.35
,03/11/2025,Deposit,,,,PAYPAL           DES:TRANSFER   ID:XXXXX92473326             INDN:MAXIMUS OUTDOORS        CO ID:PAYPALSD11 PPD,,4456.35
3107,,,,,,,,
,03/12/2025,Deposit,,Stripe,,STRIPE           DES:TRANSFER   ID:ST-U5W9R9K4P1H7           INDN:RICHARD PATRI           CO ID:XXXXX65600 CCD,Reconciled,2291.5
,03/12/2025,Deposit,,Stripe,,STRIPE           DES:TRANSFER   ID:ST-U5W9R9K4P1H7           INDN:RICHARD PATRI           CO ID:XXXXX65600 CCD,,2291.5
3108,,,,,,,,
,03/12/2025,Deposit,,,Shopify,Shopify          DES:TRANSFER   ID:ST-T4S0I6T4K2O1           INDN:OUTDOOR PLAYGROUND      CO ID:XXXXX48598 CCD,Reconciled,1910.02
,03/12/2025,Deposit,,,Shopify,Shopify          DES:TRANSFER   ID:ST-T4S0I6T4K2O1           INDN:OUTDOOR PLAYGROUND      CO ID:XXXXX48598 CCD,,1910.02
3113,,,,,,,,
,03/13/2025,Deposit,,,,SHOPPAYINST AFRM DES:PAYMENTS   ID:Y0DLVJ8O22E0YYQ           INDN:MONSTERBASS             CO ID:XXXXX98000 CCD,Reconciled,68.42
,03/13/2025,Deposit,,,,SHOPPAYINST AFRM DES:PAYMENTS   ID:Y0DLVJ8O22E0YYQ           INDN:MONSTERBASS             CO ID:XXXXX98000 CCD,,68.42
3114,,,,,,,,
,03/13/2025,Deposit,,,Shopify,Shopify          DES:TRANSFER   ID:ST-S9P6Y1J2J3Q2           INDN:OUTDOOR PLAYGROUND      CO ID:XXXXX48598 CCD,Reconciled,2654.45
,03/13/2025,Deposit,,,Shopify,Shopify          DES:TRANSFER   ID:ST-S9P6Y1J2J3Q2           INDN:OUTDOOR PLAYGROUND      CO ID:XXXXX48598 CCD,,2654.45
3115,,,,,,,,
,03/13/2025,Deposit,,Stripe,,STRIPE           DES:TRANSFER   ID:ST-N3A5U8X3D5T0           INDN:RICHARD PATRI           CO ID:XXXXX65600 CCD,Reconciled,1223.45
,03/13/2025,Deposit,,Stripe,,STRIPE           DES:TRANSFER   ID:ST-N3A5U8X3D5T0           INDN:RICHARD PATRI           CO ID:XXXXX65600 CCD,,1223.45
3118,,,,,,,,
,03/14/2025,Deposit,,,,STRIPE           DES:TRANSFER   ID:ST-O3I7S5V1U7O8           INDN:RICHARD PATRI           CO ID:XXXXX65600 CCD,Reconciled,478.89
,03/14/2025,Deposit,,,,STRIPE           DES:TRANSFER   ID:ST-O3I7S5V1U7O8           INDN:RICHARD PATRI           CO ID:XXXXX65600 CCD,,478.89
3119,,,,,,,,
,03/14/2025,Deposit,,,,Shopify          DES:TRANSFER   ID:ST-E5Q8W9Q7M9B4           INDN:OUTDOOR PLAYGROUND      CO ID:XXXXX48598 CCD,Reconciled,3141.79
,03/14/2025,Deposit,,,,Shopify          DES:TRANSFER   ID:ST-E5Q8W9Q7M9B4           INDN:OUTDOOR PLAYGROUND      CO ID:XXXXX48598 CCD,,3141.79
3124,,,,,,,,
,03/17/2025,Deposit,,,,STRIPE           DES:TRANSFER   ID:ST-Q6J8E7F2E8W3           INDN:RICHARD PATRI           CO ID:XXXXX65600 CCD,Reconciled,110
,03/17/2025,Deposit,,,,STRIPE           DES:TRANSFER   ID:ST-Q6J8E7F2E8W3           INDN:RICHARD PATRI           CO ID:XXXXX65600 CCD,,110
3125,,,,,,,,
,03/17/2025,Deposit,,,,Shopify          DES:TRANSFER   ID:ST-B7Z9Z2B2W7Z6           INDN:OUTDOOR PLAYGROUND      CO ID:XXXXX48598 CCD,Reconciled,1806.84
,03/17/2025,Deposit,,,,Shopify          DES:TRANSFER   ID:ST-B7Z9Z2B2W7Z6           INDN:OUTDOOR PLAYGROUND      CO ID:XXXXX48598 CCD,,1806.84
3149,,,,,,,,
,03/17/2025,Deposit,,,,SHOPPAYINST AFRM DES:PAYMENTS   ID:5ISN8NAYHOJD109           INDN:MONSTERBASS             CO ID:XXXXX98000 CCD,Reconciled,44.94
,03/17/2025,Deposit,,,,SHOPPAYINST AFRM DES:PAYMENTS   ID:5ISN8NAYHOJD109           INDN:MONSTERBASS             CO ID:XXXXX98000 CCD,,44.94
3126,,,,,,,,
,03/18/2025,Deposit,,,,Shopify          DES:TRANSFER   ID:ST-Y4I3A7H8R3S8           INDN:OUTDOOR PLAYGROUND      CO ID:XXXXX48598 CCD,Reconciled,10664.88
,03/18/2025,Deposit,,,,Shopify          DES:TRANSFER   ID:ST-Y4I3A7H8R3S8           INDN:OUTDOOR PLAYGROUND      CO ID:XXXXX48598 CCD,,10664.88
3127,,,,,,,,
,03/18/2025,Deposit,,,,STRIPE           DES:TRANSFER   ID:ST-L4S2U0Q2C2Y7           INDN:RICHARD PATRI           CO ID:XXXXX65600 CCD,Reconciled,441.95
,03/18/2025,Deposit,,,,STRIPE           DES:TRANSFER   ID:ST-L4S2U0Q2C2Y7           INDN:RICHARD PATRI           CO ID:XXXXX65600 CCD,,441.95
3146,,,,,,,,
,03/18/2025,Deposit,,,,PAYPAL           DES:TRANSFER   ID:XXXXX40946279             INDN:MAXIMUS OUTDOORS        CO ID:PAYPALSD11 PPD,Reconciled,2376.19
,03/18/2025,Deposit,,,,PAYPAL           DES:TRANSFER   ID:XXXXX40946279             INDN:MAXIMUS OUTDOORS        CO ID:PAYPALSD11 PPD,,2376.19
3147,,,,,,,,
,03/18/2025,Deposit,,,,SHOPPAYINST AFRM DES:PAYMENTS   ID:LYOQO95M5XO7OG9           INDN:MONSTERBASS             CO ID:XXXXX98000 CCD,Reconciled,36.12
,03/18/2025,Deposit,,,,SHOPPAYINST AFRM DES:PAYMENTS   ID:LYOQO95M5XO7OG9           INDN:MONSTERBASS             CO ID:XXXXX98000 CCD,,36.12
3129,,,,,,,,
,03/19/2025,Deposit,,,,Shopify          DES:TRANSFER   ID:ST-C0G5T9L1D8H1           INDN:OUTDOOR PLAYGROUND      CO ID:XXXXX48598 CCD,Reconciled,4143.76
,03/19/2025,Deposit,,,,Shopify          DES:TRANSFER   ID:ST-C0G5T9L1D8H1           INDN:OUTDOOR PLAYGROUND      CO ID:XXXXX48598 CCD,,4143.76
3130,,,,,,,,
,03/19/2025,Deposit,,,,STRIPE           DES:TRANSFER   ID:ST-U2W4S4L6A3T4           INDN:RICHARD PATRI           CO ID:XXXXX65600 CCD,Reconciled,998.42
,03/19/2025,Deposit,,,,STRIPE           DES:TRANSFER   ID:ST-U2W4S4L6A3T4           INDN:RICHARD PATRI           CO ID:XXXXX65600 CCD,,998.42
3131,,,,,,,,
,03/20/2025,Deposit,,,,STRIPE           DES:TRANSFER   ID:ST-N6X6I8A6X5Q4           INDN:RICHARD PATRI           CO ID:XXXXX65600 CCD,Reconciled,886.31
,03/20/2025,Deposit,,,,STRIPE           DES:TRANSFER   ID:ST-N6X6I8A6X5Q4           INDN:RICHARD PATRI           CO ID:XXXXX65600 CCD,,886.31
3132,,,,,,,,
,03/20/2025,Deposit,,,,Shopify          DES:TRANSFER   ID:ST-U9T7J4Q3X2L3           INDN:OUTDOOR PLAYGROUND      CO ID:XXXXX48598 CCD,Reconciled,2208.11
,03/20/2025,Deposit,,,,Shopify          DES:TRANSFER   ID:ST-U9T7J4Q3X2L3           INDN:OUTDOOR PLAYGROUND      CO ID:XXXXX48598 CCD,,2208.11
3133,,,,,,,,
,03/21/2025,Deposit,,,,Shopify          DES:TRANSFER   ID:ST-O9D8D0D0M1H9           INDN:OUTDOOR PLAYGROUND      CO ID:XXXXX48598 CCD,Reconciled,3827.12
,03/21/2025,Deposit,,,,Shopify          DES:TRANSFER   ID:ST-O9D8D0D0M1H9           INDN:OUTDOOR PLAYGROUND      CO ID:XXXXX48598 CCD,,3827.12
3134,,,,,,,,
,03/21/2025,Deposit,,,,STRIPE           DES:TRANSFER   ID:ST-L0L8B5U7D4J6           INDN:RICHARD PATRI           CO ID:XXXXX65600 CCD,Reconciled,225.06
,03/21/2025,Deposit,,,,STRIPE           DES:TRANSFER   ID:ST-L0L8B5U7D4J6           INDN:RICHARD PATRI           CO ID:XXXXX65600 CCD,,225.06
3144,,,,,,,,
,03/21/2025,Deposit,,,,"TikTok Inc       DES:PAYMENT    ID:XXXXXXXXXX57140           INDN:Outdoor Playground Inc  CO ID:XXXXX67522 CCD           PMT INFO:TikTok Shop-USLC7NEW6U, payout ID 346053           XXXXX23790842",Reconciled,3.8
,03/21/2025,Deposit,,,,"TikTok Inc       DES:PAYMENT    ID:XXXXXXXXXX57140           INDN:Outdoor Playground Inc  CO ID:XXXXX67522 CCD           PMT INFO:TikTok Shop-USLC7NEW6U, payout ID 346053           XXXXX23790842",,3.8
3154,,,,,,,,
,03/24/2025,Deposit,,,Shopify,Shopify          DES:TRANSFER   ID:ST-P5F9I2X3S5Z7           INDN:OUTDOOR PLAYGROUND      CO ID:XXXXX48598 CCD,Reconciled,6035.8
,03/24/2025,Deposit,,,Shopify,Shopify          DES:TRANSFER   ID:ST-P5F9I2X3S5Z7           INDN:OUTDOOR PLAYGROUND      CO ID:XXXXX48598 CCD,,6035.8
3155,,,,,,,,
,03/24/2025,Deposit,,Stripe,,STRIPE           DES:TRANSFER   ID:ST-N3J8C6T5C5X2           INDN:RICHARD PATRI           CO ID:XXXXX65600 CCD,Reconciled,443.07
,03/24/2025,Deposit,,Stripe,,STRIPE           DES:TRANSFER   ID:ST-N3J8C6T5C5X2           INDN:RICHARD PATRI           CO ID:XXXXX65600 CCD,,443.07
3158,,,,,,,,
,03/25/2025,Deposit,,,,SHOPPAYINST AFRM DES:PAYMENTS   ID:9Y8OTH01ALI3ZTW           INDN:MONSTERBASS             CO ID:XXXXX98000 CCD,Reconciled,111.34
,03/25/2025,Deposit,,,,SHOPPAYINST AFRM DES:PAYMENTS   ID:9Y8OTH01ALI3ZTW           INDN:MONSTERBASS             CO ID:XXXXX98000 CCD,,111.34
3159,,,,,,,,
,03/25/2025,Deposit,,,,PAYPAL           DES:TRANSFER   ID:XXXXX88488309             INDN:MAXIMUS OUTDOORS        CO ID:PAYPALSD11 PPD,Reconciled,4856.95
,03/25/2025,Deposit,,,,PAYPAL           DES:TRANSFER   ID:XXXXX88488309             INDN:MAXIMUS OUTDOORS        CO ID:PAYPALSD11 PPD,,4856.95
3161,,,,,,,,
,03/25/2025,Deposit,,,,SHOPPAYINST AFRM DES:PAYMENTS   ID:TXDYHQXDJLIKGE4           INDN:MONSTERBASS             CO ID:XXXXX98000 CCD,Reconciled,152.63
,03/25/2025,Deposit,,,,SHOPPAYINST AFRM DES:PAYMENTS   ID:TXDYHQXDJLIKGE4           INDN:MONSTERBASS             CO ID:XXXXX98000 CCD,,152.63
3162,,,,,,,,
,03/25/2025,Deposit,,,Shopify,Shopify          DES:TRANSFER   ID:ST-Q0O6F8G2W4X3           INDN:OUTDOOR PLAYGROUND      CO ID:XXXXX48598 CCD,Reconciled,12585.57
,03/25/2025,Deposit,,,Shopify,Shopify          DES:TRANSFER   ID:ST-Q0O6F8G2W4X3           INDN:OUTDOOR PLAYGROUND      CO ID:XXXXX48598 CCD,,12585.57
3163,,,,,,,,
,03/25/2025,Deposit,,Stripe,,STRIPE           DES:TRANSFER   ID:ST-M6R6D4S9E7K6           INDN:RICHARD PATRI           CO ID:XXXXX65600 CCD,Reconciled,1264.33
,03/25/2025,Deposit,,Stripe,,STRIPE           DES:TRANSFER   ID:ST-M6R6D4S9E7K6           INDN:RICHARD PATRI           CO ID:XXXXX65600 CCD,,1264.33
3164,,,,,,,,
,03/26/2025,Deposit,,,,STRIPE           DES:TRANSFER   ID:ST-O5L2P4G6L3H3           INDN:RICHARD PATRI           CO ID:XXXXX65600 CCD,Reconciled,1213.2
,03/26/2025,Deposit,,,,STRIPE           DES:TRANSFER   ID:ST-O5L2P4G6L3H3           INDN:RICHARD PATRI           CO ID:XXXXX65600 CCD,,1213.2
3165,,,,,,,,
,03/26/2025,Deposit,,,,Shopify          DES:TRANSFER   ID:ST-H1S0U7C9I0Q0           INDN:OUTDOOR PLAYGROUND      CO ID:XXXXX48598 CCD,Reconciled,2670.79
,03/26/2025,Deposit,,,,Shopify          DES:TRANSFER   ID:ST-H1S0U7C9I0Q0           INDN:OUTDOOR PLAYGROUND      CO ID:XXXXX48598 CCD,,2670.79
3166,,,,,,,,
,03/27/2025,Deposit,,,,Shopify          DES:TRANSFER   ID:ST-B7E2H1A8L2N0           INDN:OUTDOOR PLAYGROUND      CO ID:XXXXX48598 CCD,Reconciled,3275.6
,03/27/2025,Deposit,,,,Shopify          DES:TRANSFER   ID:ST-B7E2H1A8L2N0           INDN:OUTDOOR PLAYGROUND      CO ID:XXXXX48598 CCD,,3275.6
3168,,,,,,,,
,03/27/2025,Deposit,,,,STRIPE           DES:TRANSFER   ID:ST-Q0Z9J8F8A3L7           INDN:RICHARD PATRI           CO ID:XXXXX65600 CCD,Reconciled,536.03
,03/27/2025,Deposit,,,,STRIPE           DES:TRANSFER   ID:ST-Q0Z9J8F8A3L7           INDN:RICHARD PATRI           CO ID:XXXXX65600 CCD,,536.03
3179,,,,,,,,
,03/27/2025,Deposit,,,,SHOPPAYINST AFRM DES:PAYMENTS   ID:FUWQWSDMVHLUWN7           INDN:MONSTERBASS             CO ID:XXXXX98000 CCD,Reconciled,45.14
,03/27/2025,Deposit,,,,SHOPPAYINST AFRM DES:PAYMENTS   ID:FUWQWSDMVHLUWN7           INDN:MONSTERBASS             CO ID:XXXXX98000 CCD,,45.14
3167,,,,,,,,
,03/28/2025,Deposit,,,,STRIPE           DES:TRANSFER   ID:ST-D9Q2F2B6W8M3           INDN:RICHARD PATRI           CO ID:XXXXX65600 CCD,Reconciled,342.94
,03/28/2025,Deposit,,,,STRIPE           DES:TRANSFER   ID:ST-D9Q2F2B6W8M3           INDN:RICHARD PATRI           CO ID:XXXXX65600 CCD,,342.94
3169,,,,,,,,
,03/28/2025,Deposit,,,,Shopify          DES:TRANSFER   ID:ST-W4U5C2W9V9N6           INDN:OUTDOOR PLAYGROUND      CO ID:XXXXX48598 CCD,Reconciled,4513.63
,03/28/2025,Deposit,,,,Shopify          DES:TRANSFER   ID:ST-W4U5C2W9V9N6           INDN:OUTDOOR PLAYGROUND      CO ID:XXXXX48598 CCD,,4513.63
3176,,,,,,,,
,03/28/2025,Deposit,,,,CHASE CREDIT CRD DES:RWRD RDM   ID:8a9dXXXXX965798           INDN:PATRI RICHARD           CO ID:XXXXX40001 PPD,Reconciled,274.83
,03/28/2025,Deposit,,,,CHASE CREDIT CRD DES:RWRD RDM   ID:8a9dXXXXX965798           INDN:PATRI RICHARD           CO ID:XXXXX40001 PPD,,274.83
3194,,,,,,,,
,03/31/2025,Deposit,,,Shopify,Shopify          DES:TRANSFER   ID:ST-G9F4E1M2L8K1           INDN:OUTDOOR PLAYGROUND      CO ID:XXXXX48598 CCD,Reconciled,13947.58
,03/31/2025,Deposit,,,Shopify,Shopify          DES:TRANSFER   ID:ST-G9F4E1M2L8K1           INDN:OUTDOOR PLAYGROUND      CO ID:XXXXX48598 CCD,,13947.58
3211,,,,,,,,
,03/31/2025,Deposit,,,,PAYPAL           DES:TRANSFER   ID:XXXXX37625079             INDN:MAXIMUS OUTDOORS        CO ID:PAYPALSD11 PPD,Reconciled,4664.44
,03/31/2025,Deposit,,,,PAYPAL           DES:TRANSFER   ID:XXXXX37625079             INDN:MAXIMUS OUTDOORS        CO ID:PAYPALSD11 PPD,,4664.44
3214,,,,,,,,
,03/31/2025,Deposit,,Stripe,,STRIPE           DES:TRANSFER   ID:ST-Z4K9W8E8C1Y9           INDN:RICHARD PATRI           CO ID:XXXXX65600 CCD,Reconciled,56.33
,03/31/2025,Deposit,,Stripe,,STRIPE           DES:TRANSFER   ID:ST-Z4K9W8E8C1Y9           INDN:RICHARD PATRI           CO ID:XXXXX65600 CCD,,56.33
3198,,,,,,,,
,04/01/2025,Deposit,,Stripe,,STRIPE           DES:TRANSFER   ID:ST-D3X5R1G4Y7W7           INDN:RICHARD PATRI           CO ID:XXXXX65600 CCD,Reconciled,652.94
,04/01/2025,Deposit,,Stripe,,STRIPE           DES:TRANSFER   ID:ST-D3X5R1G4Y7W7           INDN:RICHARD PATRI           CO ID:XXXXX65600 CCD,,652.94
3212,,,,,,,,
,04/01/2025,Deposit,,,,"TikTok Shop      DES:XXXXX15002 ID:USLC7NEW6U,               INDN:Outdoor Playground Inc  CO ID:XXXXX92853 CCD           PMT INFO:USLC7NEW6U,",Reconciled,35.18
,04/01/2025,Deposit,,,,"TikTok Shop      DES:XXXXX15002 ID:USLC7NEW6U,               INDN:Outdoor Playground Inc  CO ID:XXXXX92853 CCD           PMT INFO:USLC7NEW6U,",,35.18
3216,,,,,,,,
,04/01/2025,Deposit,,,Shopify,Shopify          DES:TRANSFER   ID:ST-N6K8K9P8U0A6           INDN:OUTDOOR PLAYGROUND      CO ID:XXXXX48598 CCD,Reconciled,2241.54
,04/01/2025,Deposit,,,Shopify,Shopify          DES:TRANSFER   ID:ST-N6K8K9P8U0A6           INDN:OUTDOOR PLAYGROUND      CO ID:XXXXX48598 CCD,,2241.54
3195,,,,,,,,
,04/02/2025,Deposit,,,Shopify,Shopify          DES:TRANSFER   ID:ST-C9A2S1R8T8J5           INDN:OUTDOOR PLAYGROUND INC  CO ID:XXXXX48598 CCD,Reconciled,28.72
,04/02/2025,Deposit,,,Shopify,Shopify          DES:TRANSFER   ID:ST-C9A2S1R8T8J5           INDN:OUTDOOR PLAYGROUND INC  CO ID:XXXXX48598 CCD,,28.72
3196,,,,,,,,
,04/02/2025,Deposit,,,Shopify,Shopify          DES:TRANSFER   ID:ST-S9S1C1R6K9T4           INDN:OUTDOOR PLAYGROUND      CO ID:XXXXX48598 CCD,Reconciled,3952.25
,04/02/2025,Deposit,,,Shopify,Shopify          DES:TRANSFER   ID:ST-S9S1C1R6K9T4           INDN:OUTDOOR PLAYGROUND      CO ID:XXXXX48598 CCD,,3952.25
3197,,,,,,,,
,04/02/2025,Deposit,,Stripe,,STRIPE           DES:TRANSFER   ID:ST-L8G7Z7B8C0N5           INDN:RICHARD PATRI           CO ID:XXXXX65600 CCD,Reconciled,378.92
,04/02/2025,Deposit,,Stripe,,STRIPE           DES:TRANSFER   ID:ST-L8G7Z7B8C0N5           INDN:RICHARD PATRI           CO ID:XXXXX65600 CCD,,378.92
3204,,,,,,,,
,04/02/2025,Deposit,,,,"TikTok Inc       DES:PAYMENT    ID:XXXXXXXXXX78650           INDN:Outdoor Playground Inc  CO ID:XXXXX67522 CCD           PMT INFO:TikTok Shop-USLC7NEW6U, payout ID 346067           XXXXX94461690",Reconciled,32.76
,04/02/2025,Deposit,,,,"TikTok Inc       DES:PAYMENT    ID:XXXXXXXXXX78650           INDN:Outdoor Playground Inc  CO ID:XXXXX67522 CCD           PMT INFO:TikTok Shop-USLC7NEW6U, payout ID 346067           XXXXX94461690",,32.76
3219,,,,,,,,
,04/03/2025,Deposit,,,Shopify,Shopify          DES:TRANSFER   ID:ST-J6Q6M6P1F1C8           INDN:OUTDOOR PLAYGROUND      CO ID:XXXXX48598 CCD,Reconciled,5844.24
,04/03/2025,Deposit,,,Shopify,Shopify          DES:TRANSFER   ID:ST-J6Q6M6P1F1C8           INDN:OUTDOOR PLAYGROUND      CO ID:XXXXX48598 CCD,,5844.24
3220,,,,,,,,
,04/03/2025,Deposit,,Stripe,,STRIPE           DES:TRANSFER   ID:ST-H3H7V5A6Y5A3           INDN:RICHARD PATRI           CO ID:XXXXX65600 CCD,Reconciled,2221.62
,04/03/2025,Deposit,,Stripe,,STRIPE           DES:TRANSFER   ID:ST-H3H7V5A6Y5A3           INDN:RICHARD PATRI           CO ID:XXXXX65600 CCD,,2221.62
3221,,,,,,,,
,04/03/2025,Deposit,,,,AMAZON.CYXRKOBQ4 DES:PAYMENTS   ID:HE5GIX8CJSTJ3M8           INDN:Outdoor Playground Inc  CO ID:XXXXX40102 CCD,Reconciled,56.02
,04/03/2025,Deposit,,,,AMAZON.CYXRKOBQ4 DES:PAYMENTS   ID:HE5GIX8CJSTJ3M8           INDN:Outdoor Playground Inc  CO ID:XXXXX40102 CCD,,56.02
3228,,,,,,,,
,04/04/2025,Deposit,,Stripe,,STRIPE           DES:TRANSFER   ID:ST-W0I8J6T6B0B9           INDN:RICHARD PATRI           CO ID:XXXXX48598 CCD,Reconciled,211.64
,04/04/2025,Deposit,,Stripe,,STRIPE           DES:TRANSFER   ID:ST-W0I8J6T6B0B9           INDN:RICHARD PATRI           CO ID:XXXXX48598 CCD,,211.64
3230,,,,,,,,
,04/04/2025,Deposit,,,Shopify,Shopify          DES:TRANSFER   ID:ST-V1R8S2H8W8Z5           INDN:OUTDOOR PLAYGROUND      CO ID:XXXXX48598 CCD,Reconciled,4754.57
,04/04/2025,Deposit,,,Shopify,Shopify          DES:TRANSFER   ID:ST-V1R8S2H8W8Z5           INDN:OUTDOOR PLAYGROUND      CO ID:XXXXX48598 CCD,,4754.57
3231,,,,,,,,
,04/04/2025,Deposit,,,,SHOPPAYINST AFRM DES:PAYMENTS   ID:NNR36P94OSTKXKL           INDN:MONSTERBASS             CO ID:XXXXX98000 CCD,Reconciled,35.44
,04/04/2025,Deposit,,,,SHOPPAYINST AFRM DES:PAYMENTS   ID:NNR36P94OSTKXKL           INDN:MONSTERBASS             CO ID:XXXXX98000 CCD,,35.44
3241,,,,,,,,
,04/07/2025,Deposit,,,Shopify,Shopify          DES:TRANSFER   ID:ST-G2N0A8I0B5Q5           INDN:OUTDOOR PLAYGROUND      CO ID:XXXXX65600 CCD,Reconciled,6626.29
,04/07/2025,Deposit,,,Shopify,Shopify          DES:TRANSFER   ID:ST-G2N0A8I0B5Q5           INDN:OUTDOOR PLAYGROUND      CO ID:XXXXX65600 CCD,,6626.29
3242,,,,,,,,
,04/07/2025,Deposit,,Stripe,,STRIPE           DES:TRANSFER   ID:ST-D6K5E1Y2D9B6           INDN:RICHARD PATRI           CO ID:XXXXX65600 CCD,Reconciled,2780.88
,04/07/2025,Deposit,,Stripe,,STRIPE           DES:TRANSFER   ID:ST-D6K5E1Y2D9B6           INDN:RICHARD PATRI           CO ID:XXXXX65600 CCD,,2780.88
3253,,,,,,,,
,04/07/2025,Deposit,,,,SHOPPAYINST AFRM DES:PAYMENTS   ID:DXDGNMCOOGNBBYR           INDN:MONSTERBASS             CO ID:XXXXX98000 CCD,Reconciled,35.48
,04/07/2025,Deposit,,,,SHOPPAYINST AFRM DES:PAYMENTS   ID:DXDGNMCOOGNBBYR           INDN:MONSTERBASS             CO ID:XXXXX98000 CCD,,35.48
3256,,,,,,,,
,04/07/2025,Deposit,,,,Bank of America  DES:CASHREWARD ID:PLAYGROUND LLC            INDN:XXXXX0000XXXXX74XXXXX0  CO ID:XXXXX90310 PPD,Reconciled,1190.28
,04/07/2025,Deposit,,,,Bank of America  DES:CASHREWARD ID:PLAYGROUND LLC            INDN:XXXXX0000XXXXX74XXXXX0  CO ID:XXXXX90310 PPD,,1190.28
3249,,,,,,,,
,04/08/2025,Deposit,,Stripe,,STRIPE           DES:TRANSFER   ID:ST-C1U7M6Z4J8Q4           INDN:RICHARD PATRI           CO ID:XXXXX48598 CCD,Reconciled,461.95
,04/08/2025,Deposit,,Stripe,,STRIPE           DES:TRANSFER   ID:ST-C1U7M6Z4J8Q4           INDN:RICHARD PATRI           CO ID:XXXXX48598 CCD,,461.95
3250,,,,,,,,
,04/08/2025,Deposit,,,,SHOPPAYINST AFRM DES:PAYMENTS   ID:AWVBM45WG288ANN           INDN:MONSTERBASS             CO ID:XXXXX98000 CCD,Reconciled,65.34
,04/08/2025,Deposit,,,,SHOPPAYINST AFRM DES:PAYMENTS   ID:AWVBM45WG288ANN           INDN:MONSTERBASS             CO ID:XXXXX98000 CCD,,65.34
3251,,,,,,,,
,04/08/2025,Deposit,,,,SHOPPAYINST AFRM DES:PAYMENTS   ID:7M6Q32WN522TJZK           INDN:MONSTERBASS             CO ID:XXXXX98000 CCD,Reconciled,38.69
,04/08/2025,Deposit,,,,SHOPPAYINST AFRM DES:PAYMENTS   ID:7M6Q32WN522TJZK           INDN:MONSTERBASS             CO ID:XXXXX98000 CCD,,38.69
3252,,,,,,,,
,04/08/2025,Deposit,,,,SHOPPAYINST AFRM DES:PAYMENTS   ID:2X7R6Y6534ENE3U           INDN:MONSTERBASS             CO ID:XXXXX98000 CCD,Reconciled,38.36
,04/08/2025,Deposit,,,,SHOPPAYINST AFRM DES:PAYMENTS   ID:2X7R6Y6534ENE3U           INDN:MONSTERBASS             CO ID:XXXXX98000 CCD,,38.36
3254,,,,,,,,
,04/08/2025,Deposit,,,Shopify,Shopify          DES:TRANSFER   ID:ST-Y0G5D8O0G1D8           INDN:OUTDOOR PLAYGROUND      CO ID:XXXXX65600 CCD,Reconciled,11985.12
,04/08/2025,Deposit,,,Shopify,Shopify          DES:TRANSFER   ID:ST-Y0G5D8O0G1D8           INDN:OUTDOOR PLAYGROUND      CO ID:XXXXX65600 CCD,,11985.12
3255,,,,,,,,
,04/08/2025,Deposit,,,,PAYPAL           DES:TRANSFER   ID:XXXXX96151517             INDN:MAXIMUS OUTDOORS        CO ID:PAYPALSD11 PPD,Reconciled,4907.14
,04/08/2025,Deposit,,,,PAYPAL           DES:TRANSFER   ID:XXXXX96151517             INDN:MAXIMUS OUTDOORS        CO ID:PAYPALSD11 PPD,,4907.14
3257,,,,,,,,
,04/08/2025,Deposit,,,,BKOFAMERICA MOBILE 04/09 XXXXX22666 DEPOSIT                                    *MOBILE       CA,Reconciled,500
,04/08/2025,Deposit,,,,BKOFAMERICA MOBILE 04/09 XXXXX22666 DEPOSIT                                    *MOBILE       CA,,500
3258,,,,,,,,
,04/09/2025,Deposit,,,Shopify,Shopify          DES:TRANSFER   ID:ST-N3D7E3V3T2H5           INDN:OUTDOOR PLAYGROUND      CO ID:XXXXX65600 CCD,Reconciled,3375.45
,04/09/2025,Deposit,,,Shopify,Shopify          DES:TRANSFER   ID:ST-N3D7E3V3T2H5           INDN:OUTDOOR PLAYGROUND      CO ID:XXXXX65600 CCD,,3375.45
3260,,,,,,,,
,04/09/2025,Deposit,,Stripe,,STRIPE           DES:TRANSFER   ID:ST-E7C1H5X8K3R0           INDN:RICHARD PATRI           CO ID:XXXXX48598 CCD,Reconciled,2960.66
,04/09/2025,Deposit,,Stripe,,STRIPE           DES:TRANSFER   ID:ST-E7C1H5X8K3R0           INDN:RICHARD PATRI           CO ID:XXXXX48598 CCD,,2960.66
3268,,,,,,,,
,04/10/2025,Deposit,,Stripe,,STRIPE           DES:TRANSFER   ID:ST-D4W4R5C8W2U9           INDN:RICHARD PATRI           CO ID:XXXXX65600 CCD,Reconciled,428.52
,04/10/2025,Deposit,,Stripe,,STRIPE           DES:TRANSFER   ID:ST-D4W4R5C8W2U9           INDN:RICHARD PATRI           CO ID:XXXXX65600 CCD,,428.52
3269,,,,,,,,
,04/10/2025,Deposit,,,Shopify,Shopify          DES:TRANSFER   ID:ST-H8H7D2G8I3B4           INDN:OUTDOOR PLAYGROUND      CO ID:XXXXX48598 CCD,Reconciled,4096.87
,04/10/2025,Deposit,,,Shopify,Shopify          DES:TRANSFER   ID:ST-H8H7D2G8I3B4           INDN:OUTDOOR PLAYGROUND      CO ID:XXXXX48598 CCD,,4096.87
3266,,,,,,,,
,04/11/2025,Deposit,,,Shopify,Shopify          DES:TRANSFER   ID:ST-L3J3F6I8X7Y9           INDN:OUTDOOR PLAYGROUND      CO ID:XXXXX65600 CCD,Reconciled,3336.68
,04/11/2025,Deposit,,,Shopify,Shopify          DES:TRANSFER   ID:ST-L3J3F6I8X7Y9           INDN:OUTDOOR PLAYGROUND      CO ID:XXXXX65600 CCD,,3336.68
3267,,,,,,,,
,04/11/2025,Deposit,,Stripe,,STRIPE           DES:TRANSFER   ID:ST-Y0H5F2J6L3M4           INDN:RICHARD PATRI           CO ID: XXXXX8598 CCD,Reconciled,826.92
,04/11/2025,Deposit,,Stripe,,STRIPE           DES:TRANSFER   ID:ST-Y0H5F2J6L3M4           INDN:RICHARD PATRI           CO ID: XXXXX8598 CCD,,826.92
3280,,,,,,,,
,04/14/2025,Deposit,,,Shopify,Shopify          DES:TRANSFER   ID:ST-A5G0W4B7V7I1           INDN:OUTDOOR PLAYGROUND      CO ID:XXXXX65600 CCD,Reconciled,2644.68
,04/14/2025,Deposit,,,Shopify,Shopify          DES:TRANSFER   ID:ST-A5G0W4B7V7I1           INDN:OUTDOOR PLAYGROUND      CO ID:XXXXX65600 CCD,,2644.68
3281,,,,,,,,
,04/14/2025,Deposit,,Stripe,,STRIPE           DES:TRANSFER   ID:ST-U8G6W7O5Z0O9           INDN:RICHARD PATRI           CO ID:XXXXX48598 CCD,Reconciled,515.01
,04/14/2025,Deposit,,Stripe,,STRIPE           DES:TRANSFER   ID:ST-U8G6W7O5Z0O9           INDN:RICHARD PATRI           CO ID:XXXXX48598 CCD,,515.01
3308,,,,,,,,
,04/14/2025,Deposit,,,,"TikTok Inc       DES:PAYMENT    ID:XXXXXXXXXX89483           INDN:Outdoor Playground Inc  CO ID:XXXXX67522 CCD           PMT INFO:TikTok Shop-USLC7NEW6U, payout ID 346079           XXXXX70977018",Reconciled,29.36
,04/14/2025,Deposit,,,,"TikTok Inc       DES:PAYMENT    ID:XXXXXXXXXX89483           INDN:Outdoor Playground Inc  CO ID:XXXXX67522 CCD           PMT INFO:TikTok Shop-USLC7NEW6U, payout ID 346079           XXXXX70977018",,29.36
3283,,,,,,,,
,04/15/2025,Deposit,,,Shopify,Shopify          DES:TRANSFER   ID:ST-G2F6D6Q0Q6Z8           INDN:OUTDOOR PLAYGROUND      CO ID:XXXXX65600 CCD,Reconciled,8374.67
,04/15/2025,Deposit,,,Shopify,Shopify          DES:TRANSFER   ID:ST-G2F6D6Q0Q6Z8           INDN:OUTDOOR PLAYGROUND      CO ID:XXXXX65600 CCD,,8374.67
3284,,,,,,,,
,04/15/2025,Deposit,,Stripe,,STRIPE           DES:TRANSFER   ID:ST-W1I2W3N3D3I2           INDN:RICHARD PATRI           CO ID:XXXXX48598 CCD,Reconciled,382.22
,04/15/2025,Deposit,,Stripe,,STRIPE           DES:TRANSFER   ID:ST-W1I2W3N3D3I2           INDN:RICHARD PATRI           CO ID:XXXXX48598 CCD,,382.22
3312,,,,,,,,
,04/15/2025,Deposit,,,,PAYPAL           DES:TRANSFER   ID:XXXXX45885618             INDN:MAXIMUS OUTDOORS        CO ID:PAYPALSD11 PPD,Reconciled,3157.03
,04/15/2025,Deposit,,,,PAYPAL           DES:TRANSFER   ID:XXXXX45885618             INDN:MAXIMUS OUTDOORS        CO ID:PAYPALSD11 PPD,,3157.03
3293,,,,,,,,
,04/16/2025,Deposit,,Stripe,,STRIPE           DES:TRANSFER   ID:ST-R8N2F7U4W8L1           INDN:RICHARD PATRI           CO ID:XXXXX48598 CCD,Reconciled,941.01
,04/16/2025,Deposit,,Stripe,,STRIPE           DES:TRANSFER   ID:ST-R8N2F7U4W8L1           INDN:RICHARD PATRI           CO ID:XXXXX48598 CCD,,941.01
3294,,,,,,,,
,04/16/2025,Deposit,,,Shopify,Shopify          DES:TRANSFER   ID:ST-M6C6Z3Q6B9Q0           INDN:OUTDOOR PLAYGROUND      CO ID:XXXXX48598 CCD,Reconciled,2389.17
,04/16/2025,Deposit,,,Shopify,Shopify          DES:TRANSFER   ID:ST-M6C6Z3Q6B9Q0           INDN:OUTDOOR PLAYGROUND      CO ID:XXXXX48598 CCD,,2389.17
3311,,,,,,,,
,04/16/2025,Deposit,,,,PAYPAL           DES:TRANSFER   ID:XXXXX67889679             INDN:MAXIMUS OUTDOORS        CO ID:PAYPALSD11 PPD,Reconciled,914.61
,04/16/2025,Deposit,,,,PAYPAL           DES:TRANSFER   ID:XXXXX67889679             INDN:MAXIMUS OUTDOORS        CO ID:PAYPALSD11 PPD,,914.61
3297,,,,,,,,
,04/17/2025,Deposit,,Stripe,,STRIPE           DES:TRANSFER   ID:ST-S3C4L9K6U8D1           INDN:RICHARD PATRI           CO ID:XXXXX65600 CCD,Reconciled,342.94
,04/17/2025,Deposit,,Stripe,,STRIPE           DES:TRANSFER   ID:ST-S3C4L9K6U8D1           INDN:RICHARD PATRI           CO ID:XXXXX65600 CCD,,342.94
3301,,,,,,,,
,04/17/2025,Deposit,,,Shopify,Shopify          DES:TRANSFER   ID:ST-Y4C1M7Y4P2L0           INDN:OUTDOOR PLAYGROUND      CO ID:XXXXX48598 CCD,Reconciled,2159.47
,04/17/2025,Deposit,,,Shopify,Shopify          DES:TRANSFER   ID:ST-Y4C1M7Y4P2L0           INDN:OUTDOOR PLAYGROUND      CO ID:XXXXX48598 CCD,,2159.47
3310,,,,,,,,
,04/17/2025,Deposit,,,,PAYPAL           DES:TRANSFER   ID:XXXXX89589463             INDN:MAXIMUS OUTDOORS        CO ID:PAYPALSD11 PPD,Reconciled,253.1
,04/17/2025,Deposit,,,,PAYPAL           DES:TRANSFER   ID:XXXXX89589463             INDN:MAXIMUS OUTDOORS        CO ID:PAYPALSD11 PPD,,253.1
3314,,,,,,,,
,04/17/2025,Deposit,,,,AMAZON.C7YAOG3NE DES:PAYMENTS   ID:2WF6DB4BM9404EF           INDN:Outdoor Playground Inc  CO ID:XXXXX40102 CCD,Reconciled,434.04
,04/17/2025,Deposit,,,,AMAZON.C7YAOG3NE DES:PAYMENTS   ID:2WF6DB4BM9404EF           INDN:Outdoor Playground Inc  CO ID:XXXXX40102 CCD,,434.04
3295,,,,,,,,
,04/18/2025,Deposit,,,Shopify,Shopify          DES:TRANSFER   ID:ST-N3D2O0Y4J9E0           INDN:OUTDOOR PLAYGROUND      CO ID:XXXXX48598 CCD,Reconciled,3034.43
,04/18/2025,Deposit,,,Shopify,Shopify          DES:TRANSFER   ID:ST-N3D2O0Y4J9E0           INDN:OUTDOOR PLAYGROUND      CO ID:XXXXX48598 CCD,,3034.43
3296,,,,,,,,
,04/18/2025,Deposit,,,Shopify,SHOPIFY          DES:TRANSFER   ID:SHOPIFY                   INDN:UNKNOWN                 CO ID:SHOPIFYPMT WEB,Reconciled,30.24
,04/18/2025,Deposit,,,Shopify,SHOPIFY          DES:TRANSFER   ID:SHOPIFY                   INDN:UNKNOWN                 CO ID:SHOPIFYPMT WEB,,30.24
3299,,,,,,,,
,04/18/2025,Deposit,,,Shopify,SHOPIFY          DES:TRANSFER   ID:ST-L5G3C7X4L7S9           INDN:OUTDOOR PLAYGROUND INC  CO ID: XXXXX8598 CCD,Reconciled,20.01
,04/18/2025,Deposit,,,Shopify,SHOPIFY          DES:TRANSFER   ID:ST-L5G3C7X4L7S9           INDN:OUTDOOR PLAYGROUND INC  CO ID: XXXXX8598 CCD,,20.01
3300,,,,,,,,
,04/18/2025,Deposit,,Stripe,,STRIPE           DES:TRANSFER   ID:ST-N8H2S9Y9P6M6           INDN:RICHARD PATRI           CO ID:XXXXX48598 CCD,Reconciled,383.92
,04/18/2025,Deposit,,Stripe,,STRIPE           DES:TRANSFER   ID:ST-N8H2S9Y9P6M6           INDN:RICHARD PATRI           CO ID:XXXXX48598 CCD,,383.92
3313,,,,,,,,
,04/18/2025,Deposit,,,,PAYPAL           DES:TRANSFER   ID:XXXXX10337626             INDN:MAXIMUS OUTDOORS        CO ID:PAYPALSD11 PPD,Reconciled,280.68
,04/18/2025,Deposit,,,,PAYPAL           DES:TRANSFER   ID:XXXXX10337626             INDN:MAXIMUS OUTDOORS        CO ID:PAYPALSD11 PPD,,280.68
3325,,,,,,,,
,04/21/2025,Deposit,,,Shopify,Shopify          DES:TRANSFER   ID:ST-V3E3B6A1P6W2           INDN:OUTDOOR PLAYGROUND      CO ID:XXXXX65600 CCD,Reconciled,2339.51
,04/21/2025,Deposit,,,Shopify,Shopify          DES:TRANSFER   ID:ST-V3E3B6A1P6W2           INDN:OUTDOOR PLAYGROUND      CO ID:XXXXX65600 CCD,,2339.51
3326,,,,,,,,
,04/21/2025,Deposit,,,,PAYPAL           DES:TRANSFER   ID:XXXXX32252717             INDN:MAXIMUS OUTDOORS        CO ID:PAYPALSD11 PPD,Reconciled,297.91
,04/21/2025,Deposit,,,,PAYPAL           DES:TRANSFER   ID:XXXXX32252717             INDN:MAXIMUS OUTDOORS        CO ID:PAYPALSD11 PPD,,297.91
3327,,,,,,,,
,04/21/2025,Deposit,,Stripe,,STRIPE           DES:TRANSFER   ID:ST-C2Z2O0V0F1S2           INDN:RICHARD PATRI           CO ID:XXXXX48598 CCD,Reconciled,525.58
,04/21/2025,Deposit,,Stripe,,STRIPE           DES:TRANSFER   ID:ST-C2Z2O0V0F1S2           INDN:RICHARD PATRI           CO ID:XXXXX48598 CCD,,525.58
3329,,,,,,,,
,04/21/2025,Deposit,,,,PAYPAL           DES:TRANSFER   ID:XXXXX71198293             INDN:MAXIMUS OUTDOORS        CO ID:PAYPALSD11 PPD,Reconciled,368.22
,04/21/2025,Deposit,,,,PAYPAL           DES:TRANSFER   ID:XXXXX71198293             INDN:MAXIMUS OUTDOORS        CO ID:PAYPALSD11 PPD,,368.22
3330,,,,,,,,
,04/21/2025,Deposit,,,,PAYPAL           DES:TRANSFER   ID:XXXXX52635685             INDN:MAXIMUS OUTDOORS        CO ID:PAYPALSD11 PPD,Reconciled,280.95
,04/21/2025,Deposit,,,,PAYPAL           DES:TRANSFER   ID:XXXXX52635685             INDN:MAXIMUS OUTDOORS        CO ID:PAYPALSD11 PPD,,280.95
3332,,,,,,,,
,04/22/2025,Deposit,,,,,Reconciled,11241
,04/22/2025,Deposit,,,,,Uncleared,11241
3333,,,,,,,,
,04/22/2025,Deposit,,Stripe,,STRIPE           DES:TRANSFER   ID:ST-S1Y1V3U6X7J5           INDN:RICHARD PATRI           CO ID:XXXXX48598 CCD,Reconciled,395.91
,04/22/2025,Deposit,,Stripe,,STRIPE           DES:TRANSFER   ID:ST-S1Y1V3U6X7J5           INDN:RICHARD PATRI           CO ID:XXXXX48598 CCD,,395.91
3334,,,,,,,,
,04/22/2025,Deposit,,,Shopify,SHOPIFY          DES:TRANSFER   ID:SHOPIFY                   INDN:UNKNOWN                 CO ID:SHOPIFYPMT WEB,Reconciled,20.8
,04/22/2025,Deposit,,,Shopify,SHOPIFY          DES:TRANSFER   ID:SHOPIFY                   INDN:UNKNOWN                 CO ID:SHOPIFYPMT WEB,,20.8
3335,,,,,,,,
,04/22/2025,Deposit,,,Shopify,Shopify          DES:TRANSFER   ID:ST-C9X2A7H8R6Z1           INDN:OUTDOOR PLAYGROUND      CO ID:XXXXX65600 CCD,Reconciled,9865
,04/22/2025,Deposit,,,Shopify,Shopify          DES:TRANSFER   ID:ST-C9X2A7H8R6Z1           INDN:OUTDOOR PLAYGROUND      CO ID:XXXXX65600 CCD,,9865
3342,,,,,,,,
,04/22/2025,Deposit,,,,PAYPAL           DES:TRANSFER   ID:XXXXX88794321             INDN:MAXIMUS OUTDOORS        CO ID:PAYPALSD11 PPD,Reconciled,451.93
,04/22/2025,Deposit,,,,PAYPAL           DES:TRANSFER   ID:XXXXX88794321             INDN:MAXIMUS OUTDOORS        CO ID:PAYPALSD11 PPD,,451.93
3338,,,,,,,,
,04/23/2025,Deposit,,,,SHOPPAYINST AFRM DES:PAYMENTS   ID:YN7IDCKLZA0K709           INDN:MONSTERBASS             CO ID:XXXXX98000 CCD,Reconciled,193.72
,04/23/2025,Deposit,,,,SHOPPAYINST AFRM DES:PAYMENTS   ID:YN7IDCKLZA0K709           INDN:MONSTERBASS             CO ID:XXXXX98000 CCD,,193.72
3339,,,,,,,,
,04/23/2025,Deposit,,,,PAYPAL           DES:TRANSFER   ID:XXXXX08769706             INDN:MAXIMUS OUTDOORS        CO ID:PAYPALSD11 PPD,Reconciled,117.91
,04/23/2025,Deposit,,,,PAYPAL           DES:TRANSFER   ID:XXXXX08769706             INDN:MAXIMUS OUTDOORS        CO ID:PAYPALSD11 PPD,,117.91
3340,,,,,,,,
,04/23/2025,Deposit,,,Shopify,Shopify          DES:TRANSFER   ID:ST-C0F7S3U1D1S2           INDN:OUTDOOR PLAYGROUND      CO ID:XXXXX48598 CCD,Reconciled,2782.41
,04/23/2025,Deposit,,,Shopify,Shopify          DES:TRANSFER   ID:ST-C0F7S3U1D1S2           INDN:OUTDOOR PLAYGROUND      CO ID:XXXXX48598 CCD,,2782.41
3341,,,,,,,,
,04/23/2025,Deposit,,Stripe,,STRIPE           DES:TRANSFER   ID:ST-D5I9T5M6S2R7           INDN:RICHARD PATRI           CO ID:XXXXX48598 CCD,Reconciled,767.17
,04/23/2025,Deposit,,Stripe,,STRIPE           DES:TRANSFER   ID:ST-D5I9T5M6S2R7           INDN:RICHARD PATRI           CO ID:XXXXX48598 CCD,,767.17
3343,,,,,,,,
,04/24/2025,Deposit,,Stripe,,STRIPE           DES:TRANSFER   ID:ST-X3F6T6L8E7X1           INDN:RICHARD PATRI           CO ID:XXXXX48598 CCD,Reconciled,458.89
,04/24/2025,Deposit,,Stripe,,STRIPE           DES:TRANSFER   ID:ST-X3F6T6L8E7X1           INDN:RICHARD PATRI           CO ID:XXXXX48598 CCD,,458.89
3344,,,,,,,,
,04/24/2025,Deposit,,,Shopify,Shopify          DES:TRANSFER   ID:ST-L9C0O4H5R9P4           INDN:OUTDOOR PLAYGROUND      CO ID:XXXXX48598 CCD,Reconciled,2277.3
,04/24/2025,Deposit,,,Shopify,Shopify          DES:TRANSFER   ID:ST-L9C0O4H5R9P4           INDN:OUTDOOR PLAYGROUND      CO ID:XXXXX48598 CCD,,2277.3
3357,,,,,,,,
,04/24/2025,Deposit,,,,SHOPPAYINST AFRM DES:AutoPay    ID:CUX2K2XRDC7NDDH           INDN:MONSTERBASS             CO ID:XXXXX98000 CCD,Reconciled,204.99
,04/24/2025,Deposit,,,,SHOPPAYINST AFRM DES:AutoPay    ID:CUX2K2XRDC7NDDH           INDN:MONSTERBASS             CO ID:XXXXX98000 CCD,,204.99
3358,,,,,,,,
,04/24/2025,Deposit,,,,PAYPAL           DES:TRANSFER   ID:XXXXX30096393             INDN:MAXIMUS OUTDOORS        CO ID:PAYPALSD11 PPD,Reconciled,861.72
,04/24/2025,Deposit,,,,PAYPAL           DES:TRANSFER   ID:XXXXX30096393             INDN:MAXIMUS OUTDOORS        CO ID:PAYPALSD11 PPD,,861.72
3359,,,,,,,,
,04/24/2025,Deposit,,,,SHOPPAYINST AFRM DES:PAYMENTS   ID:E8Y87HDZIA6LB5R           INDN:MONSTERBASS             CO ID:XXXXX98000 CCD,Reconciled,44.55
,04/24/2025,Deposit,,,,SHOPPAYINST AFRM DES:PAYMENTS   ID:E8Y87HDZIA6LB5R           INDN:MONSTERBASS             CO ID:XXXXX98000 CCD,,44.55
3346,,,,,,,,
,04/25/2025,Deposit,,Stripe,,STRIPE           DES:TRANSFER   ID:ST-J8L5S7H8X2Y4           INDN:RICHARD PATRI           CO ID:XXXXX48598 CCD,Reconciled,1353.16
,04/25/2025,Deposit,,Stripe,,STRIPE           DES:TRANSFER   ID:ST-J8L5S7H8X2Y4           INDN:RICHARD PATRI           CO ID:XXXXX48598 CCD,,1353.16
3347,,,,,,,,
,04/25/2025,Deposit,,,Shopify,Shopify          DES:TRANSFER   ID:ST-F9P7W8R6X8L8           INDN:OUTDOOR PLAYGROUND      CO ID:XXXXX48598 CCD,Reconciled,2795.45
,04/25/2025,Deposit,,,Shopify,Shopify          DES:TRANSFER   ID:ST-F9P7W8R6X8L8           INDN:OUTDOOR PLAYGROUND      CO ID:XXXXX48598 CCD,,2795.45
3353,,,,,,,,
,04/25/2025,Deposit,,,,SHOPPAYINST AFRM DES:PAYMENTS   ID:USXBW50ECV7Q3DF           INDN:MONSTERBASS             CO ID:XXXXX98000 CCD,Reconciled,50.86
,04/25/2025,Deposit,,,,SHOPPAYINST AFRM DES:PAYMENTS   ID:USXBW50ECV7Q3DF           INDN:MONSTERBASS             CO ID:XXXXX98000 CCD,,50.86
3355,,,,,,,,
,04/25/2025,Deposit,,,,PAYPAL           DES:TRANSFER   ID:XXXXX50612480             INDN:MAXIMUS OUTDOORS        CO ID:PAYPALSD11 PPD,Reconciled,922.75
,04/25/2025,Deposit,,,,PAYPAL           DES:TRANSFER   ID:XXXXX50612480             INDN:MAXIMUS OUTDOORS        CO ID:PAYPALSD11 PPD,,922.75
3366,,,,,,,,
,04/28/2025,Deposit,,Stripe,,STRIPE           DES:TRANSFER   ID:ST-S2N7Q7B7J3D7           INDN:RICHARD PATRI           CO ID:XXXXX48598 CCD,Reconciled,188.19
,04/28/2025,Deposit,,Stripe,,STRIPE           DES:TRANSFER   ID:ST-S2N7Q7B7J3D7           INDN:RICHARD PATRI           CO ID:XXXXX48598 CCD,,188.19
3368,,,,,,,,
,04/28/2025,Deposit,,,Shopify,SHOPIFY          DES:TRANSFER   ID:SHOPIFY                   INDN:UNKNOWN                 CO ID:SHOPIFYPMT WEB,Reconciled,19.19
,04/28/2025,Deposit,,,Shopify,SHOPIFY          DES:TRANSFER   ID:SHOPIFY                   INDN:UNKNOWN                 CO ID:SHOPIFYPMT WEB,,19.19
3369,,,,,,,,
,04/28/2025,Deposit,,,Shopify,Shopify          DES:TRANSFER   ID:ST-R1F7K7H7M7F1           INDN:OUTDOOR PLAYGROUND      CO ID:XXXXX48598 CCD,Reconciled,1898.99
,04/28/2025,Deposit,,,Shopify,Shopify          DES:TRANSFER   ID:ST-R1F7K7H7M7F1           INDN:OUTDOOR PLAYGROUND      CO ID:XXXXX48598 CCD,,1898.99
3379,,,,,,,,
,04/28/2025,Deposit,,,,PAYPAL           DES:TRANSFER   ID:XXXXX14962872             INDN:MAXIMUS OUTDOORS        CO ID:PAYPALSD11 PPD,Reconciled,111.73
,04/28/2025,Deposit,,,,PAYPAL           DES:TRANSFER   ID:XXXXX14962872             INDN:MAXIMUS OUTDOORS        CO ID:PAYPALSD11 PPD,,111.73
3381,,,,,,,,
,04/28/2025,Deposit,,,,PAYPAL           DES:TRANSFER   ID:XXXXX72184123             INDN:MAXIMUS OUTDOORS        CO ID:PAYPALSD11 PPD,Reconciled,438.88
,04/28/2025,Deposit,,,,PAYPAL           DES:TRANSFER   ID:XXXXX72184123             INDN:MAXIMUS OUTDOORS        CO ID:PAYPALSD11 PPD,,438.88
3382,,,,,,,,
,04/28/2025,Deposit,,,,PAYPAL           DES:TRANSFER   ID:XXXXX94978469             INDN:MAXIMUS OUTDOORS        CO ID:PAYPALSD11 PPD,Reconciled,1201.19
,04/28/2025,Deposit,,,,PAYPAL           DES:TRANSFER   ID:XXXXX94978469             INDN:MAXIMUS OUTDOORS        CO ID:PAYPALSD11 PPD,,1201.19
3372,,,,,,,,
,04/29/2025,Deposit,,Stripe,,STRIPE           DES:TRANSFER   ID:ST-X7E5B2J1D6S6           INDN:RICHARD PATRI           CO ID:XXXXX48598 CCD,Reconciled,421.29
,04/29/2025,Deposit,,Stripe,,STRIPE           DES:TRANSFER   ID:ST-X7E5B2J1D6S6           INDN:RICHARD PATRI           CO ID:XXXXX48598 CCD,,421.29
3373,,,,,,,,
,04/29/2025,Deposit,,,,SHOPPAYINST AFRM DES:PAYMENTS   ID:4SM76RJDITV2DZ5           INDN:MONSTERBASS             CO ID:XXXXX98000 CCD,Reconciled,54.51
,04/29/2025,Deposit,,,,SHOPPAYINST AFRM DES:PAYMENTS   ID:4SM76RJDITV2DZ5           INDN:MONSTERBASS             CO ID:XXXXX98000 CCD,,54.51
3375,,,,,,,,
,04/29/2025,Deposit,,,Shopify,Shopify          DES:TRANSFER   ID:ST-V8X8C9O8I4P1           INDN:OUTDOOR PLAYGROUND      CO ID:XXXXX48598 CCD,Reconciled,11970.44
,04/29/2025,Deposit,,,Shopify,Shopify          DES:TRANSFER   ID:ST-V8X8C9O8I4P1           INDN:OUTDOOR PLAYGROUND      CO ID:XXXXX48598 CCD,,11970.44
3376,,,,,,,,
,04/29/2025,Deposit,,,,"TikTok Inc       DES:PAYMENT    ID:XXXXXXXXXX56046           INDN:Outdoor Playground Inc  CO ID:XXXXX67522 CCD           PMT INFO:TikTok Shop-USLC7NEW6U, payout ID 346098           XXXXX15113466",Reconciled,32.76
,04/29/2025,Deposit,,,,"TikTok Inc       DES:PAYMENT    ID:XXXXXXXXXX56046           INDN:Outdoor Playground Inc  CO ID:XXXXX67522 CCD           PMT INFO:TikTok Shop-USLC7NEW6U, payout ID 346098           XXXXX15113466",,32.76
3378,,,,,,,,
,04/29/2025,Deposit,,,,PAYPAL           DES:TRANSFER   ID:XXXXX35681096             INDN:MAXIMUS OUTDOORS        CO ID:PAYPALSD11 PPD,Reconciled,202.85
,04/29/2025,Deposit,,,,PAYPAL           DES:TRANSFER   ID:XXXXX35681096             INDN:MAXIMUS OUTDOORS        CO ID:PAYPALSD11 PPD,,202.85
3385,,,,,,,,
,04/30/2025,Deposit,,,Shopify,Shopify          DES:TRANSFER   ID:ST-J3M4H3S9B1T0           INDN:OUTDOOR PLAYGROUND      CO ID:XXXXX65600 CCD,Reconciled,4005.69
,04/30/2025,Deposit,,,Shopify,Shopify          DES:TRANSFER   ID:ST-J3M4H3S9B1T0           INDN:OUTDOOR PLAYGROUND      CO ID:XXXXX65600 CCD,,4005.69
3386,,,,,,,,
,04/30/2025,Deposit,,Stripe,,STRIPE           DES:TRANSFER   ID:ST-M5T7A0L6G5B9           INDN:RICHARD PATRI           CO ID:XXXXX65600 CCD,Reconciled,2510.84
,04/30/2025,Deposit,,Stripe,,STRIPE           DES:TRANSFER   ID:ST-M5T7A0L6G5B9           INDN:RICHARD PATRI           CO ID:XXXXX65600 CCD,,2510.84
3387,,,,,,,,
,04/30/2025,Deposit,,,Shopify,Shopify          DES:TRANSFER   ID:ST-Q7V0T0P7B3H1           INDN:OUTDOOR PLAYGROUND      CO ID:XXXXX48598 CCD,Reconciled,3887.35
,04/30/2025,Deposit,,,Shopify,Shopify          DES:TRANSFER   ID:ST-Q7V0T0P7B3H1           INDN:OUTDOOR PLAYGROUND      CO ID:XXXXX48598 CCD,,3887.35
3388,,,,,,,,
,04/30/2025,Deposit,,,Shopify,Shopify          DES:TRANSFER   ID:ST-R8K5O7R7R1M8           INDN:OUTDOOR PLAYGROUND      CO ID:XXXXX48598 CCD,Reconciled,3830.26
,04/30/2025,Deposit,,,Shopify,Shopify          DES:TRANSFER   ID:ST-R8K5O7R7R1M8           INDN:OUTDOOR PLAYGROUND      CO ID:XXXXX48598 CCD,,3830.26
3389,,,,,,,,
,04/30/2025,Deposit,,Stripe,,STRIPE           DES:TRANSFER   ID:ST-B4V7C1Q7O4G3           INDN:RICHARD PATRI           CO ID:XXXXX48598 CCD,Reconciled,488.79
,04/30/2025,Deposit,,Stripe,,STRIPE           DES:TRANSFER   ID:ST-B4V7C1Q7O4G3           INDN:RICHARD PATRI           CO ID:XXXXX48598 CCD,,488.79
3398,,,,,,,,
,04/30/2025,Deposit,,,,PAYPAL           DES:TRANSFER   ID:XXXXX80093247             INDN:MAXIMUS OUTDOORS        CO ID:PAYPALSD11 PPD,Reconciled,49.31
,04/30/2025,Deposit,,,,PAYPAL           DES:TRANSFER   ID:XXXXX80093247             INDN:MAXIMUS OUTDOORS        CO ID:PAYPALSD11 PPD,,49.31
3401,,,,,,,,
,04/30/2025,Deposit,,,,SHOPPAYINST AFRM DES:PAYMENTS   ID:Q1OS0UIRVCAQY33           INDN:MONSTERBASS             CO ID:XXXXX98000 CCD,Reconciled,56.11
,04/30/2025,Deposit,,,,SHOPPAYINST AFRM DES:PAYMENTS   ID:Q1OS0UIRVCAQY33           INDN:MONSTERBASS             CO ID:XXXXX98000 CCD,,56.11
3402,,,,,,,,
,04/30/2025,Deposit,,,,AMAZON.CVRKXD5D9 DES:PAYMENTS   ID:57I75ZV3O0OMD1V           INDN:Outdoor Playground Inc  CO ID:XXXXX40102 CCD,Reconciled,1054.67
,04/30/2025,Deposit,,,,AMAZON.CVRKXD5D9 DES:PAYMENTS   ID:57I75ZV3O0OMD1V           INDN:Outdoor Playground Inc  CO ID:XXXXX40102 CCD,,1054.67
3404,,,,,,,,
,04/30/2025,Deposit,,,,"TikTok Inc       DES:PAYMENT    ID:XXXXXXXXXX61627           INDN:Outdoor Playground Inc  CO ID:XXXXX67522 CCD           PMT INFO:TikTok Shop-USLC7NEW6U, payout ID 346099           XXXXX43789562",Reconciled,32.76
,04/30/2025,Deposit,,,,"TikTok Inc       DES:PAYMENT    ID:XXXXXXXXXX61627           INDN:Outdoor Playground Inc  CO ID:XXXXX67522 CCD           PMT INFO:TikTok Shop-USLC7NEW6U, payout ID 346099           XXXXX43789562",,32.76
3405,,,,,,,,
,04/30/2025,Deposit,,,,PAYPAL           DES:TRANSFER   ID:XXXXX58537239             INDN:MAXIMUS OUTDOORS        CO ID:PAYPALSD11 PPD,Reconciled,1225
,04/30/2025,Deposit,,,,PAYPAL           DES:TRANSFER   ID:XXXXX58537239             INDN:MAXIMUS OUTDOORS        CO ID:PAYPALSD11 PPD,,1225
3448,,,,,,,,
,04/30/2025,Deposit,,,,WSFS             DES:TRANSFERS  ID:XXXXX44377                INDN:StartEngine             CO ID:XXXXX08485 PPD           PMT INFO:MONSTERBASS,Reconciled,27335.57
,04/30/2025,Deposit,,,,WSFS             DES:TRANSFERS  ID:XXXXX44377                INDN:StartEngine             CO ID:XXXXX08485 PPD           PMT INFO:MONSTERBASS,,27335.57
3392,,,,,,,,
,05/02/2025,Deposit,,Stripe,,STRIPE           DES:TRANSFER   ID:ST-T0Y3T4Z1Z9C2           INDN:RICHARD PATRI           CO ID:XXXXX65600 CCD,Reconciled,251.94
,05/02/2025,Deposit,,Stripe,,STRIPE           DES:TRANSFER   ID:ST-T0Y3T4Z1Z9C2           INDN:RICHARD PATRI           CO ID:XXXXX65600 CCD,,251.94
3395,,,,,,,,
,05/02/2025,Deposit,,,,PAYPAL           DES:TRANSFER   ID:XXXXX03889771             INDN:MAXIMUS OUTDOORS        CO ID:PAYPALSD11 PPD,Reconciled,619.28
,05/02/2025,Deposit,,,,PAYPAL           DES:TRANSFER   ID:XXXXX03889771             INDN:MAXIMUS OUTDOORS        CO ID:PAYPALSD11 PPD,,619.28
3396,,,,,,,,
,05/02/2025,Deposit,,,,SHOPPAYINST AFRM DES:PAYMENTS   ID:Q6OXVT2PR5S1GRF           INDN:MONSTERBASS             CO ID:XXXXX98000 CCD,Reconciled,41.56
,05/02/2025,Deposit,,,,SHOPPAYINST AFRM DES:PAYMENTS   ID:Q6OXVT2PR5S1GRF           INDN:MONSTERBASS             CO ID:XXXXX98000 CCD,,41.56
3427,,,,,,,,
,05/05/2025,Deposit,,,Shopify,Shopify          DES:TRANSFER   ID:ST-C2L2J7Q4J5G2           INDN:OUTDOOR PLAYGROUND      CO ID:XXXXX48598 CCD,Reconciled,6621.43
,05/05/2025,Deposit,,,Shopify,Shopify          DES:TRANSFER   ID:ST-C2L2J7Q4J5G2           INDN:OUTDOOR PLAYGROUND      CO ID:XXXXX48598 CCD,,6621.43
3428,,,,,,,,
,05/05/2025,Deposit,,,Shopify,SHOPIFY          DES:TRANSFER   ID:SHOPIFY                   INDN:UNKNOWN                 CO ID:SHOPIFYPMT WEB,Reconciled,33.93
,05/05/2025,Deposit,,,Shopify,SHOPIFY          DES:TRANSFER   ID:SHOPIFY                   INDN:UNKNOWN                 CO ID:SHOPIFYPMT WEB,,33.93
3429,,,,,,,,
,05/05/2025,Deposit,,Stripe,,STRIPE           DES:TRANSFER   ID:ST-X0I8O7P3C7T5           INDN:RICHARD PATRI           CO ID:XXXXX48598 CCD,Reconciled,2423.22
,05/05/2025,Deposit,,Stripe,,STRIPE           DES:TRANSFER   ID:ST-X0I8O7P3C7T5           INDN:RICHARD PATRI           CO ID:XXXXX48598 CCD,,2423.22
3436,,,,,,,,
,05/05/2025,Deposit,,,,PAYPAL           DES:TRANSFER   ID:XXXXX29978992             INDN:MAXIMUS OUTDOORS        CO ID:PAYPALSD11 PPD,Reconciled,1422.44
,05/05/2025,Deposit,,,,PAYPAL           DES:TRANSFER   ID:XXXXX29978992             INDN:MAXIMUS OUTDOORS        CO ID:PAYPALSD11 PPD,,1422.44
3437,,,,,,,,
,05/05/2025,Deposit,,,,PAYPAL           DES:TRANSFER   ID:XXXXX55044654             INDN:MAXIMUS OUTDOORS        CO ID:PAYPALSD11 PPD,Reconciled,334.82
,05/05/2025,Deposit,,,,PAYPAL           DES:TRANSFER   ID:XXXXX55044654             INDN:MAXIMUS OUTDOORS        CO ID:PAYPALSD11 PPD,,334.82
3438,,,,,,,,
,05/05/2025,Deposit,,,,PAYPAL           DES:TRANSFER   ID:XXXXX76720500             INDN:MAXIMUS OUTDOORS        CO ID:PAYPALSD11 PPD,Reconciled,603.06
,05/05/2025,Deposit,,,,PAYPAL           DES:TRANSFER   ID:XXXXX76720500             INDN:MAXIMUS OUTDOORS        CO ID:PAYPALSD11 PPD,,603.06
3443,,,,,,,,
,05/05/2025,Deposit,,,,SHOPPAYINST AFRM DES:PAYMENTS   ID:JUWNWDYWHH4441I           INDN:MONSTERBASS             CO ID:XXXXX98000 CCD,Reconciled,55.56
,05/05/2025,Deposit,,,,SHOPPAYINST AFRM DES:PAYMENTS   ID:JUWNWDYWHH4441I           INDN:MONSTERBASS             CO ID:XXXXX98000 CCD,,55.56
3445,,,,,,,,
,05/05/2025,Deposit,,,,"TikTok Inc       DES:PAYMENT    ID:XXXXXXXXXX71104           INDN:Outdoor Playground Inc  CO ID:XXXXX67522 CCD           PMT INFO:TikTok Shop-USLC7NEW6U, payout ID 346103           XXXXX63060986",Reconciled,29.36
,05/05/2025,Deposit,,,,"TikTok Inc       DES:PAYMENT    ID:XXXXXXXXXX71104           INDN:Outdoor Playground Inc  CO ID:XXXXX67522 CCD           PMT INFO:TikTok Shop-USLC7NEW6U, payout ID 346103           XXXXX63060986",,29.36
3430,,,,,,,,
,05/06/2025,Deposit,,Stripe,,STRIPE           DES:TRANSFER   ID:ST-S8A3V6E9B6D3           INDN:RICHARD PATRI           CO ID:XXXXX48598 CCD,Reconciled,65.14
,05/06/2025,Deposit,,Stripe,,STRIPE           DES:TRANSFER   ID:ST-S8A3V6E9B6D3           INDN:RICHARD PATRI           CO ID:XXXXX48598 CCD,,65.14
3431,,,,,,,,
,05/06/2025,Deposit,,,Shopify,Shopify          DES:TRANSFER   ID:ST-J2N6X4G0C2Z1           INDN:OUTDOOR PLAYGROUND      CO ID:XXXXX48598 CCD,Reconciled,14661.97
,05/06/2025,Deposit,,,Shopify,Shopify          DES:TRANSFER   ID:ST-J2N6X4G0C2Z1           INDN:OUTDOOR PLAYGROUND      CO ID:XXXXX48598 CCD,,14661.97
3439,,,,,,,,
,05/06/2025,Deposit,,,,PAYPAL           DES:TRANSFER   ID:XXXXX98324914             INDN:MAXIMUS OUTDOORS        CO ID:PAYPALSD11 PPD,Reconciled,700.34
,05/06/2025,Deposit,,,,PAYPAL           DES:TRANSFER   ID:XXXXX98324914             INDN:MAXIMUS OUTDOORS        CO ID:PAYPALSD11 PPD,,700.34
3446,,,,,,,,
,05/06/2025,Deposit,,,,"TikTok Inc       DES:PAYMENT    ID:XXXXXXXXXX73084           INDN:Outdoor Playground Inc  CO ID:XXXXX67522 CCD           PMT INFO:TikTok Shop-USLC7NEW6U, payout ID 346105           XXXXX91574522",Reconciled,3.4
,05/06/2025,Deposit,,,,"TikTok Inc       DES:PAYMENT    ID:XXXXXXXXXX73084           INDN:Outdoor Playground Inc  CO ID:XXXXX67522 CCD           PMT INFO:TikTok Shop-USLC7NEW6U, payout ID 346105           XXXXX91574522",,3.4
3440,,,,,,,,
,05/07/2025,Deposit,,,,PAYPAL           DES:TRANSFER   ID:XXXXX21076371             INDN:MAXIMUS OUTDOORS        CO ID:PAYPALSD11 PPD,Reconciled,361.53
,05/07/2025,Deposit,,,,PAYPAL           DES:TRANSFER   ID:XXXXX21076371             INDN:MAXIMUS OUTDOORS        CO ID:PAYPALSD11 PPD,,361.53
3442,,,,,,,,
,05/07/2025,Deposit,,,Shopify,Shopify          DES:TRANSFER   ID:ST-Z3T6L8O9B7O9           INDN:OUTDOOR PLAYGROUND      CO ID:XXXXX48598 CCD,Reconciled,3246.05
,05/07/2025,Deposit,,,Shopify,Shopify          DES:TRANSFER   ID:ST-Z3T6L8O9B7O9           INDN:OUTDOOR PLAYGROUND      CO ID:XXXXX48598 CCD,,3246.05
3444,,,,,,,,
,05/07/2025,Deposit,,Stripe,,STRIPE           DES:TRANSFER   ID:ST-J7C1V3P7I9C1           INDN:RICHARD PATRI           CO ID:XXXXX65600 CCD,Reconciled,4317.89
,05/07/2025,Deposit,,Stripe,,STRIPE           DES:TRANSFER   ID:ST-J7C1V3P7I9C1           INDN:RICHARD PATRI           CO ID:XXXXX65600 CCD,,4317.89
3449,,,,,,,,
,05/08/2025,Deposit,,,Shopify,Shopify          DES:TRANSFER   ID:ST-Y4X5T9E2M7U3           INDN:OUTDOOR PLAYGROUND      CO ID:XXXXX48598 CCD,Reconciled,3128.52
,05/08/2025,Deposit,,,Shopify,Shopify          DES:TRANSFER   ID:ST-Y4X5T9E2M7U3           INDN:OUTDOOR PLAYGROUND      CO ID:XXXXX48598 CCD,,3128.52
3450,,,,,,,,
,05/08/2025,Deposit,,Stripe,,STRIPE           DES:TRANSFER   ID:ST-K0M8Y3K1Y2W4           INDN:RICHARD PATRI           CO ID:XXXXX65600 CCD,Reconciled,3148.39
,05/08/2025,Deposit,,Stripe,,STRIPE           DES:TRANSFER   ID:ST-K0M8Y3K1Y2W4           INDN:RICHARD PATRI           CO ID:XXXXX65600 CCD,,3148.39
3467,,,,,,,,
,05/08/2025,Deposit,,,,PAYPAL           DES:TRANSFER   ID:XXXXX42932960             INDN:MAXIMUS OUTDOORS        CO ID:PAYPALSD11 PPD,Reconciled,926.68
,05/08/2025,Deposit,,,,PAYPAL           DES:TRANSFER   ID:XXXXX42932960             INDN:MAXIMUS OUTDOORS        CO ID:PAYPALSD11 PPD,,926.68
3451,,,,,,,,
,05/09/2025,Deposit,,,Shopify,Shopify          DES:TRANSFER   ID:ST-K3S6H2G4H9W9           INDN:OUTDOOR PLAYGROUND      CO ID:XXXXX65600 CCD,Reconciled,4454.08
,05/09/2025,Deposit,,,Shopify,Shopify          DES:TRANSFER   ID:ST-K3S6H2G4H9W9           INDN:OUTDOOR PLAYGROUND      CO ID:XXXXX65600 CCD,,4454.08
3453,,,,,,,,
,05/09/2025,Deposit,,Stripe,,STRIPE           DES:TRANSFER   ID:ST-W3A4X8I0N4Z6           INDN:RICHARD PATRI           CO ID:XXXXX48598 CCD,Reconciled,936.01
,05/09/2025,Deposit,,Stripe,,STRIPE           DES:TRANSFER   ID:ST-W3A4X8I0N4Z6           INDN:RICHARD PATRI           CO ID:XXXXX48598 CCD,,936.01
3468,,,,,,,,
,05/09/2025,Deposit,,,,PAYPAL           DES:TRANSFER   ID:XXXXX64826612             INDN:MAXIMUS OUTDOORS        CO ID:PAYPALSD11 PPD,Reconciled,144.43
,05/09/2025,Deposit,,,,PAYPAL           DES:TRANSFER   ID:XXXXX64826612             INDN:MAXIMUS OUTDOORS        CO ID:PAYPALSD11 PPD,,144.43
3470,,,,,,,,
,05/09/2025,Deposit,,,,SHOPPAYINST AFRM DES:PAYMENTS   ID:YTQRFUHLCF3CF0Z           INDN:MONSTERBASS             CO ID:XXXXX98000 CCD,Reconciled,58.07
,05/09/2025,Deposit,,,,SHOPPAYINST AFRM DES:PAYMENTS   ID:YTQRFUHLCF3CF0Z           INDN:MONSTERBASS             CO ID:XXXXX98000 CCD,,58.07
3475,,,,,,,,
,05/12/2025,Deposit,,,Shopify,SHOPIFY          DES:TRANSFER   ID:ST-Y9P2H0V2M0P4           INDN:OUTDOOR PLAYGROUND      CO ID: XXXXX8598 CCD,Reconciled,3728.89
,05/12/2025,Deposit,,,Shopify,SHOPIFY          DES:TRANSFER   ID:ST-Y9P2H0V2M0P4           INDN:OUTDOOR PLAYGROUND      CO ID: XXXXX8598 CCD,,3728.89
3477,,,,,,,,
,05/12/2025,Deposit,,Stripe,,STRIPE           DES:TRANSFER   ID:ST-H0W6E2K7I4J5           INDN:RICHARD PATRI           CO ID:XXXXX48598 CCD,Reconciled,364.28
,05/12/2025,Deposit,,Stripe,,STRIPE           DES:TRANSFER   ID:ST-H0W6E2K7I4J5           INDN:RICHARD PATRI           CO ID:XXXXX48598 CCD,,364.28
3496,,,,,,,,
,05/12/2025,Deposit,,,,PAYPAL           DES:TRANSFER   ID:XXXXX86886953             INDN:MAXIMUS OUTDOORS        CO ID:PAYPALSD11 PPD,Reconciled,215.32
,05/12/2025,Deposit,,,,PAYPAL           DES:TRANSFER   ID:XXXXX86886953             INDN:MAXIMUS OUTDOORS        CO ID:PAYPALSD11 PPD,,215.32
3497,,,,,,,,
,05/12/2025,Deposit,,,,PAYPAL           DES:TRANSFER   ID:XXXXX09704459             INDN:MAXIMUS OUTDOORS        CO ID:PAYPALSD11 PPD,Reconciled,804.05
,05/12/2025,Deposit,,,,PAYPAL           DES:TRANSFER   ID:XXXXX09704459             INDN:MAXIMUS OUTDOORS        CO ID:PAYPALSD11 PPD,,804.05
3499,,,,,,,,
,05/12/2025,Deposit,,,,SHOPPAYINST AFRM DES:PAYMENTS   ID:PXB03C86L2HCX2H           INDN:MONSTERBASS             CO ID:XXXXX98000 CCD,Reconciled,145.49
,05/12/2025,Deposit,,,,SHOPPAYINST AFRM DES:PAYMENTS   ID:PXB03C86L2HCX2H           INDN:MONSTERBASS             CO ID:XXXXX98000 CCD,,145.49
3500,,,,,,,,
,05/12/2025,Deposit,,,,PAYPAL           DES:TRANSFER   ID:XXXXX29948562             INDN:MAXIMUS OUTDOORS        CO ID:PAYPALSD11 PPD,Reconciled,842.24
,05/12/2025,Deposit,,,,PAYPAL           DES:TRANSFER   ID:XXXXX29948562             INDN:MAXIMUS OUTDOORS        CO ID:PAYPALSD11 PPD,,842.24
3482,,,,,,,,
,05/13/2025,Deposit,,,Shopify,Shopify          DES:TRANSFER   ID:ST-J5H3H4H9G5G3           INDN:OUTDOOR PLAYGROUND      CO ID:XXXXX65600 CCD,Reconciled,10274.31
,05/13/2025,Deposit,,,Shopify,Shopify          DES:TRANSFER   ID:ST-J5H3H4H9G5G3           INDN:OUTDOOR PLAYGROUND      CO ID:XXXXX65600 CCD,,10274.31
3483,,,,,,,,
,05/13/2025,Deposit,,Stripe,,STRIPE           DES:TRANSFER   ID:ST-X9D2P0H7K4R7           INDN:RICHARD PATRI           CO ID:XXXXX65600 CCD,Reconciled,955.28
,05/13/2025,Deposit,,Stripe,,STRIPE           DES:TRANSFER   ID:ST-X9D2P0H7K4R7           INDN:RICHARD PATRI           CO ID:XXXXX65600 CCD,,955.28
3504,,,,,,,,
,05/13/2025,Deposit,,,,PAYPAL           DES:TRANSFER   ID:XXXXX49658624             INDN:MAXIMUS OUTDOORS        CO ID:PAYPALSD11 PPD,Reconciled,334.25
,05/13/2025,Deposit,,,,PAYPAL           DES:TRANSFER   ID:XXXXX49658624             INDN:MAXIMUS OUTDOORS        CO ID:PAYPALSD11 PPD,,334.25
3507,,,,,,,,
,05/13/2025,Deposit,,,,SHOPPAYINST AFRM DES:AutoPay    ID:TUJQKUFQS78XGA5           INDN:MONSTERBASS             CO ID:394440     CCD,Reconciled,150.25
,05/13/2025,Deposit,,,,SHOPPAYINST AFRM DES:AutoPay    ID:TUJQKUFQS78XGA5           INDN:MONSTERBASS             CO ID:394440     CCD,,150.25
3509,,,,,,,,
,05/13/2025,Deposit,,,,SHOPPAYINST AFRM DES:PAYMENTS   ID:NZURGWW5F9PVXR5           INDN:MONSTERBASS             CO ID:XXXXX98000 CCD,Reconciled,33.58
,05/13/2025,Deposit,,,,SHOPPAYINST AFRM DES:PAYMENTS   ID:NZURGWW5F9PVXR5           INDN:MONSTERBASS             CO ID:XXXXX98000 CCD,,33.58
3481,,,,,,,,
,05/14/2025,Deposit,,,Shopify,Shopify          DES:TRANSFER   ID:ST-O9M1T7O5I0E9           INDN:OUTDOOR PLAYGROUND      CO ID:XXXXX48598 CCD,Reconciled,2935.02
,05/14/2025,Deposit,,,Shopify,Shopify          DES:TRANSFER   ID:ST-O9M1T7O5I0E9           INDN:OUTDOOR PLAYGROUND      CO ID:XXXXX48598 CCD,,2935.02
3484,,,,,,,,
,05/14/2025,Deposit,,Stripe,,STRIPE           DES:TRANSFER   ID:ST-S6R1I4X9M7Z5           INDN:RICHARD PATRI           CO ID:XXXXX48598 CCD,Reconciled,1480.48
,05/14/2025,Deposit,,Stripe,,STRIPE           DES:TRANSFER   ID:ST-S6R1I4X9M7Z5           INDN:RICHARD PATRI           CO ID:XXXXX48598 CCD,,1480.48
3505,,,,,,,,
,05/14/2025,Deposit,,,,PAYPAL           DES:TRANSFER   ID:XXXXX71463574             INDN:MAXIMUS OUTDOORS        CO ID:PAYPALSD11 PPD,Reconciled,696.23
,05/14/2025,Deposit,,,,PAYPAL           DES:TRANSFER   ID:XXXXX71463574             INDN:MAXIMUS OUTDOORS        CO ID:PAYPALSD11 PPD,,696.23
3486,,,,,,,,
,05/15/2025,Deposit,,,Shopify,SHOPIFY          DES:TRANSFER   ID:SHOPIFY                   INDN:UNKNOWN                 CO ID:SHOPIFYPMT WEB,Reconciled,4.19
,05/15/2025,Deposit,,,Shopify,SHOPIFY          DES:TRANSFER   ID:SHOPIFY                   INDN:UNKNOWN                 CO ID:SHOPIFYPMT WEB,,4.19
3487,,,,,,,,
,05/15/2025,Deposit,,Stripe,,STRIPE           DES:TRANSFER   ID:ST-B6X8Y2N8E4L1           INDN:RICHARD PATRI           CO ID:XXXXX48598 CCD,Reconciled,344.43
,05/15/2025,Deposit,,Stripe,,STRIPE           DES:TRANSFER   ID:ST-B6X8Y2N8E4L1           INDN:RICHARD PATRI           CO ID:XXXXX48598 CCD,,344.43
3488,,,,,,,,
,05/15/2025,Deposit,,,Shopify,Shopify          DES:TRANSFER   ID:ST-M0R6S2A5U2J9           INDN:OUTDOOR PLAYGROUND INC  CO ID:XXXXX65600 CCD,Reconciled,14.75
,05/15/2025,Deposit,,,Shopify,Shopify          DES:TRANSFER   ID:ST-M0R6S2A5U2J9           INDN:OUTDOOR PLAYGROUND INC  CO ID:XXXXX65600 CCD,,14.75
3489,,,,,,,,
,05/15/2025,Deposit,,,Shopify,Shopify          DES:TRANSFER   ID:ST-N6I2A3Y8Z5E1           INDN:OUTDOOR PLAYGROUND      CO ID:XXXXX65600 CCD,Reconciled,2220.48
,05/15/2025,Deposit,,,Shopify,Shopify          DES:TRANSFER   ID:ST-N6I2A3Y8Z5E1           INDN:OUTDOOR PLAYGROUND      CO ID:XXXXX65600 CCD,,2220.48
3503,,,,,,,,
,05/15/2025,Deposit,,,,AMAZON.CRRLIUH2I DES:PAYMENTS   ID:20Y4YOV4CGIN6HR           INDN:Outdoor Playground Inc  CO ID:XXXXX40102 CCD,Reconciled,280.75
,05/15/2025,Deposit,,,,AMAZON.CRRLIUH2I DES:PAYMENTS   ID:20Y4YOV4CGIN6HR           INDN:Outdoor Playground Inc  CO ID:XXXXX40102 CCD,,280.75
3506,,,,,,,,
,05/15/2025,Deposit,,,,PAYPAL           DES:TRANSFER   ID:XXXXX92442945             INDN:MAXIMUS OUTDOORS        CO ID:PAYPALSD11 PPD,Reconciled,266.55
,05/15/2025,Deposit,,,,PAYPAL           DES:TRANSFER   ID:XXXXX92442945             INDN:MAXIMUS OUTDOORS        CO ID:PAYPALSD11 PPD,,266.55
3508,,,,,,,,
,05/15/2025,Deposit,,,,SHOPPAYINST AFRM DES:PAYMENTS   ID:NWGJQ3T3V9RAQFX           INDN:MONSTERBASS             CO ID:XXXXX98000 CCD,Reconciled,144.44
,05/15/2025,Deposit,,,,SHOPPAYINST AFRM DES:PAYMENTS   ID:NWGJQ3T3V9RAQFX           INDN:MONSTERBASS             CO ID:XXXXX98000 CCD,,144.44
3510,,,,,,,,
,05/15/2025,Deposit,,,,"TikTok Inc       DES:PAYMENT    ID:XXXXXXXXXX59702           INDN:Outdoor Playground Inc  CO ID:XXXXX67522 CCD           PMT INFO:TikTok Shop-USLC7NEW6U, payout ID 346117           XXXXX56709114",Reconciled,11.02
,05/15/2025,Deposit,,,,"TikTok Inc       DES:PAYMENT    ID:XXXXXXXXXX59702           INDN:Outdoor Playground Inc  CO ID:XXXXX67522 CCD           PMT INFO:TikTok Shop-USLC7NEW6U, payout ID 346117           XXXXX56709114",,11.02
3514,,,,,,,,
,05/16/2025,Deposit,,,Shopify,SHOPIFY          DES:TRANSFER   ID:SHOPIFY                   INDN:UNKNOWN                 CO ID:SHOPIFYPMT WEB,Reconciled,35.86
,05/16/2025,Deposit,,,Shopify,SHOPIFY          DES:TRANSFER   ID:SHOPIFY                   INDN:UNKNOWN                 CO ID:SHOPIFYPMT WEB,,35.86
3515,,,,,,,,
,05/16/2025,Deposit,,,Shopify,Shopify          DES:TRANSFER   ID:ST-G8A6N9G3Q4T7           INDN:OUTDOOR PLAYGROUND      CO ID:XXXXX48598 CCD,Reconciled,2916.98
,05/16/2025,Deposit,,,Shopify,Shopify          DES:TRANSFER   ID:ST-G8A6N9G3Q4T7           INDN:OUTDOOR PLAYGROUND      CO ID:XXXXX48598 CCD,,2916.98
3516,,,,,,,,
,05/16/2025,Deposit,,Stripe,,STRIPE           DES:TRANSFER   ID:ST-P7Y3K4Y9D1E6           INDN:RICHARD PATRI           CO ID:XXXXX48598 CCD,Reconciled,23.48
,05/16/2025,Deposit,,Stripe,,STRIPE           DES:TRANSFER   ID:ST-P7Y3K4Y9D1E6           INDN:RICHARD PATRI           CO ID:XXXXX48598 CCD,,23.48
3530,,,,,,,,
,05/16/2025,Deposit,,,,PAYPAL           DES:TRANSFER   ID:XXXXX14065444             INDN:MAXIMUS OUTDOORS        CO ID:PAYPALSD11 PPD,Reconciled,736.91
,05/16/2025,Deposit,,,,PAYPAL           DES:TRANSFER   ID:XXXXX14065444             INDN:MAXIMUS OUTDOORS        CO ID:PAYPALSD11 PPD,,736.91
3537,,,,,,,,
,05/16/2025,Deposit,,,,SHOPPAYINST AFRM DES:AutoPay    ID:Y8MKI9GWWYKJR2V           INDN:MONSTERBASS             CO ID:XXXXX98000 CCD,Reconciled,157.5
,05/16/2025,Deposit,,,,SHOPPAYINST AFRM DES:AutoPay    ID:Y8MKI9GWWYKJR2V           INDN:MONSTERBASS             CO ID:XXXXX98000 CCD,,157.5
3540,,,,,,,,
,05/16/2025,Deposit,,,,"TikTok Shop      DES:XXXXX55001 ID:USLC7NEW6U,               INDN:Outdoor Playground Inc  CO ID:XXXXX92853 CCD           PMT INFO:USLC7NEW6U,",Reconciled,56.4
,05/16/2025,Deposit,,,,"TikTok Shop      DES:XXXXX55001 ID:USLC7NEW6U,               INDN:Outdoor Playground Inc  CO ID:XXXXX92853 CCD           PMT INFO:USLC7NEW6U,",,56.4
3529,,,,,,,,
,05/19/2025,Deposit,,,,CHASE CREDIT CRD DES:RWRD RDM   ID:e0dXXXXX0761475           INDN:PATRI RICHARD           CO ID:XXXXX40001 PPD,Reconciled,506.08
,05/19/2025,Deposit,,,,CHASE CREDIT CRD DES:RWRD RDM   ID:e0dXXXXX0761475           INDN:PATRI RICHARD           CO ID:XXXXX40001 PPD,,506.08
3531,,,,,,,,
,05/19/2025,Deposit,,,,PAYPAL           DES:TRANSFER   ID:XXXXX36526947             INDN:MAXIMUS OUTDOORS        CO ID:PAYPALSD11 PPD,Reconciled,569.02
,05/19/2025,Deposit,,,,PAYPAL           DES:TRANSFER   ID:XXXXX36526947             INDN:MAXIMUS OUTDOORS        CO ID:PAYPALSD11 PPD,,569.02
3532,,,,,,,,
,05/19/2025,Deposit,,,,PAYPAL           DES:TRANSFER   ID:XXXXX58786941             INDN:MAXIMUS OUTDOORS        CO ID:PAYPALSD11 PPD,Reconciled,492.24
,05/19/2025,Deposit,,,,PAYPAL           DES:TRANSFER   ID:XXXXX58786941             INDN:MAXIMUS OUTDOORS        CO ID:PAYPALSD11 PPD,,492.24
3533,,,,,,,,
,05/19/2025,Deposit,,,,PAYPAL           DES:TRANSFER   ID:XXXXX78445649             INDN:MAXIMUS OUTDOORS        CO ID:PAYPALSD11 PPD,Reconciled,257.24
,05/19/2025,Deposit,,,,PAYPAL           DES:TRANSFER   ID:XXXXX78445649             INDN:MAXIMUS OUTDOORS        CO ID:PAYPALSD11 PPD,,257.24
3535,,,,,,,,
,05/19/2025,Deposit,,,Shopify,SHOPIFY          DES:TRANSFER   ID:SHOPIFY                   INDN:UNKNOWN                 CO ID:SHOPIFYPMT WEB,Reconciled,25.88
,05/19/2025,Deposit,,,Shopify,SHOPIFY          DES:TRANSFER   ID:SHOPIFY                   INDN:UNKNOWN                 CO ID:SHOPIFYPMT WEB,,25.88
3536,,,,,,,,
,05/19/2025,Deposit,,,Shopify,Shopify          DES:TRANSFER   ID:ST-P6E6X1P5I5T6           INDN:OUTDOOR PLAYGROUND      CO ID:XXXXX48598 CCD,Reconciled,3058.95
,05/19/2025,Deposit,,,Shopify,Shopify          DES:TRANSFER   ID:ST-P6E6X1P5I5T6           INDN:OUTDOOR PLAYGROUND      CO ID:XXXXX48598 CCD,,3058.95
3538,,,,,,,,
,05/19/2025,Deposit,,,,SHOPPAYINST AFRM DES:PAYMENTS   ID:BEUBP2PT0Z3WJMS           INDN:MONSTERBASS             CO ID:XXXXX98000 CCD,Reconciled,253.32
,05/19/2025,Deposit,,,,SHOPPAYINST AFRM DES:PAYMENTS   ID:BEUBP2PT0Z3WJMS           INDN:MONSTERBASS             CO ID:XXXXX98000 CCD,,253.32
3539,,,,,,,,
,05/19/2025,Deposit,,Stripe,,STRIPE           DES:TRANSFER   ID:ST-O2A2D7K7P5V9           INDN:RICHARD PATRI           CO ID:XXXXX65600 CCD,Reconciled,575.29
,05/19/2025,Deposit,,Stripe,,STRIPE           DES:TRANSFER   ID:ST-O2A2D7K7P5V9           INDN:RICHARD PATRI           CO ID:XXXXX65600 CCD,,575.29
3541,,,,,,,,
,05/20/2025,Deposit,,Stripe,,STRIPE           DES:TRANSFER   ID:ST-Y9B5B4W5H0H0           INDN:RICHARD PATRI           CO ID:XXXXX65600 CCD,Reconciled,494.56
,05/20/2025,Deposit,,Stripe,,STRIPE           DES:TRANSFER   ID:ST-Y9B5B4W5H0H0           INDN:RICHARD PATRI           CO ID:XXXXX65600 CCD,,494.56
3542,,,,,,,,
,05/20/2025,Deposit,,,Shopify,Shopify          DES:TRANSFER   ID:ST-Y1B7N4B7L0F8           INDN:OUTDOOR PLAYGROUND      CO ID:XXXXX65600 CCD,Reconciled,9863.23
,05/20/2025,Deposit,,,Shopify,Shopify          DES:TRANSFER   ID:ST-Y1B7N4B7L0F8           INDN:OUTDOOR PLAYGROUND      CO ID:XXXXX65600 CCD,,9863.23
3543,,,,,,,,
,05/20/2025,Deposit,,,Shopify,Shopify          DES:TRANSFER   ID:ST-E9C0M3F5O8E6           INDN:OUTDOOR PLAYGROUND INC  CO ID:XXXXX48598 CCD,Reconciled,122.02
,05/20/2025,Deposit,,,Shopify,Shopify          DES:TRANSFER   ID:ST-E9C0M3F5O8E6           INDN:OUTDOOR PLAYGROUND INC  CO ID:XXXXX48598 CCD,,122.02
3562,,,,,,,,
,05/20/2025,Deposit,,,,PAYPAL           DES:TRANSFER   ID:XXXXX98685590             INDN:MAXIMUS OUTDOORS        CO ID:PAYPALSD11 PPD,Reconciled,1090.62
,05/20/2025,Deposit,,,,PAYPAL           DES:TRANSFER   ID:XXXXX98685590             INDN:MAXIMUS OUTDOORS        CO ID:PAYPALSD11 PPD,,1090.62
3564,,,,,,,,
,05/20/2025,Deposit,,,,SHOPPAYINST AFRM DES:PAYMENTS   ID:IXK5J03QLWELW6S           INDN:MONSTERBASS             CO ID:XXXXX98000 CCD,Reconciled,36.1
,05/20/2025,Deposit,,,,SHOPPAYINST AFRM DES:PAYMENTS   ID:IXK5J03QLWELW6S           INDN:MONSTERBASS             CO ID:XXXXX98000 CCD,,36.1
3565,,,,,,,,
,05/20/2025,Deposit,,,,SHOPPAYINST AFRM DES:PAYMENTS   ID:UTT8CFWW9RH0HMA           INDN:MONSTERBASS             CO ID:XXXXX98000 CCD,Reconciled,37.6
,05/20/2025,Deposit,,,,SHOPPAYINST AFRM DES:PAYMENTS   ID:UTT8CFWW9RH0HMA           INDN:MONSTERBASS             CO ID:XXXXX98000 CCD,,37.6
3566,,,,,,,,
,05/20/2025,Deposit,,,,"TikTok Inc       DES:PAYMENT    ID:XXXXXXXXXX08957           INDN:Outdoor Playground Inc  CO ID:XXXXX67522 CCD           PMT INFO:TikTok Shop-USLC7NEW6U, payout ID 346124           XXXXX25136890",Reconciled,43.1
,05/20/2025,Deposit,,,,"TikTok Inc       DES:PAYMENT    ID:XXXXXXXXXX08957           INDN:Outdoor Playground Inc  CO ID:XXXXX67522 CCD           PMT INFO:TikTok Shop-USLC7NEW6U, payout ID 346124           XXXXX25136890",,43.1
3569,,,,,,,,
,05/20/2025,Deposit,,,,"TikTok Inc       DES:PAYMENT    ID:XXXXXXXXXX72105           INDN:Outdoor Playground Inc  CO ID:XXXXX67522 CCD           PMT INFO:TikTok Shop-USLC7NEW6U, payout ID 346129           XXXXX58173690",Reconciled,48.73
,05/20/2025,Deposit,,,,"TikTok Inc       DES:PAYMENT    ID:XXXXXXXXXX72105           INDN:Outdoor Playground Inc  CO ID:XXXXX67522 CCD           PMT INFO:TikTok Shop-USLC7NEW6U, payout ID 346129           XXXXX58173690",,48.73
3547,,,,,,,,
,05/21/2025,Deposit,,,Shopify,Shopify          DES:TRANSFER   ID:ST-S6N4C0Q0V6G4           INDN:OUTDOOR PLAYGROUND      CO ID:XXXXX48598 CCD,Reconciled,4611.85
,05/21/2025,Deposit,,,Shopify,Shopify          DES:TRANSFER   ID:ST-S6N4C0Q0V6G4           INDN:OUTDOOR PLAYGROUND      CO ID:XXXXX48598 CCD,,4611.85
3548,,,,,,,,
,05/21/2025,Deposit,,Stripe,,STRIPE           DES:TRANSFER   ID:ST-U8R7H6D2V2W0           INDN:RICHARD PATRI           CO ID:XXXXX65600 CCD,Reconciled,1068.32
,05/21/2025,Deposit,,Stripe,,STRIPE           DES:TRANSFER   ID:ST-U8R7H6D2V2W0           INDN:RICHARD PATRI           CO ID:XXXXX65600 CCD,,1068.32
3559,,,,,,,,
,05/21/2025,Deposit,,,,PAYPAL           DES:TRANSFER   ID:XXXXX19831487             INDN:MAXIMUS OUTDOORS        CO ID:PAYPALSD11 PPD,Reconciled,124.95
,05/21/2025,Deposit,,,,PAYPAL           DES:TRANSFER   ID:XXXXX19831487             INDN:MAXIMUS OUTDOORS        CO ID:PAYPALSD11 PPD,,124.95
3567,,,,,,,,
,05/21/2025,Deposit,,,,"TikTok Inc       DES:PAYMENT    ID:XXXXXXXXXX29118           INDN:Outdoor Playground Inc  CO ID:XXXXX67522 CCD           PMT INFO:TikTok Shop-USLC7NEW6U, payout ID 346134           XXXXX89095930",Reconciled,94.8
,05/21/2025,Deposit,,,,"TikTok Inc       DES:PAYMENT    ID:XXXXXXXXXX29118           INDN:Outdoor Playground Inc  CO ID:XXXXX67522 CCD           PMT INFO:TikTok Shop-USLC7NEW6U, payout ID 346134           XXXXX89095930",,94.8
3570,,,,,,,,
,05/21/2025,Deposit,,,,WSFS             DES:TRANSFERS  ID:XXXXX81554                INDN:StartEngine             CO ID:XXXXX08485 PPD           PMT INFO:MONSTERBASS,Reconciled,15451.13
,05/21/2025,Deposit,,,,WSFS             DES:TRANSFERS  ID:XXXXX81554                INDN:StartEngine             CO ID:XXXXX08485 PPD           PMT INFO:MONSTERBASS,,15451.13
3549,,,,,,,,
,05/22/2025,Deposit,,Stripe,,STRIPE           DES:TRANSFER   ID:ST-U1Q6V9H2X0P1           INDN:RICHARD PATRI           CO ID:XXXXX65600 CCD,Reconciled,521.58
,05/22/2025,Deposit,,Stripe,,STRIPE           DES:TRANSFER   ID:ST-U1Q6V9H2X0P1           INDN:RICHARD PATRI           CO ID:XXXXX65600 CCD,,521.58
3551,,,,,,,,
,05/22/2025,Deposit,,,Shopify,Shopify          DES:TRANSFER   ID:ST-V5Y3B1M9J4R8           INDN:OUTDOOR PLAYGROUND      CO ID:XXXXX65600 CCD,Reconciled,3862.14
,05/22/2025,Deposit,,,Shopify,Shopify          DES:TRANSFER   ID:ST-V5Y3B1M9J4R8           INDN:OUTDOOR PLAYGROUND      CO ID:XXXXX65600 CCD,,3862.14
3560,,,,,,,,
,05/22/2025,Deposit,,,,PAYPAL           DES:TRANSFER   ID:XXXXX40690820             INDN:MAXIMUS OUTDOORS        CO ID:PAYPALSD11 PPD,Reconciled,272.75
,05/22/2025,Deposit,,,,PAYPAL           DES:TRANSFER   ID:XXXXX40690820             INDN:MAXIMUS OUTDOORS        CO ID:PAYPALSD11 PPD,,272.75
3550,,,,,,,,
,05/23/2025,Deposit,,,Shopify,Shopify          DES:TRANSFER   ID:ST-N3Y3N6D9W0Z5           INDN:OUTDOOR PLAYGROUND      CO ID:XXXXX65600 CCD,Reconciled,3380.25
,05/23/2025,Deposit,,,Shopify,Shopify          DES:TRANSFER   ID:ST-N3Y3N6D9W0Z5           INDN:OUTDOOR PLAYGROUND      CO ID:XXXXX65600 CCD,,3380.25
3553,,,,,,,,
,05/23/2025,Deposit,,Stripe,,STRIPE           DES:TRANSFER   ID:ST-V2M1O4Y6E7H6           INDN:RICHARD PATRI           CO ID:XXXXX48598 CCD,Reconciled,705.25
,05/23/2025,Deposit,,Stripe,,STRIPE           DES:TRANSFER   ID:ST-V2M1O4Y6E7H6           INDN:RICHARD PATRI           CO ID:XXXXX48598 CCD,,705.25
3561,,,,,,,,
,05/23/2025,Deposit,,,,PAYPAL           DES:TRANSFER   ID:XXXXX61530411             INDN:MAXIMUS OUTDOORS        CO ID:PAYPALSD11 PPD,Reconciled,578.28
,05/23/2025,Deposit,,,,PAYPAL           DES:TRANSFER   ID:XXXXX61530411             INDN:MAXIMUS OUTDOORS        CO ID:PAYPALSD11 PPD,,578.28
3568,,,,,,,,
,05/23/2025,Deposit,,,,"TikTok Inc       DES:PAYMENT    ID:XXXXXXXXXX31849           INDN:Outdoor Playground Inc  CO ID:XXXXX67522 CCD           PMT INFO:TikTok Shop-USLC7NEW6U, payout ID 346138           XXXXX59807994",Reconciled,13.88
,05/23/2025,Deposit,,,,"TikTok Inc       DES:PAYMENT    ID:XXXXXXXXXX31849           INDN:Outdoor Playground Inc  CO ID:XXXXX67522 CCD           PMT INFO:TikTok Shop-USLC7NEW6U, payout ID 346138           XXXXX59807994",,13.88
3584,,,,,,,,
,05/27/2025,Deposit,,,,PAYPAL           DES:TRANSFER   ID:XXXXX05312216             INDN:MAXIMUS OUTDOORS        CO ID:PAYPALSD11 PPD,Reconciled,156.94
,05/27/2025,Deposit,,,,PAYPAL           DES:TRANSFER   ID:XXXXX05312216             INDN:MAXIMUS OUTDOORS        CO ID:PAYPALSD11 PPD,,156.94
3585,,,,,,,,
,05/27/2025,Deposit,,,,PAYPAL           DES:TRANSFER   ID:XXXXX24550503             INDN:MAXIMUS OUTDOORS        CO ID:PAYPALSD11 PPD,Reconciled,383.25
,05/27/2025,Deposit,,,,PAYPAL           DES:TRANSFER   ID:XXXXX24550503             INDN:MAXIMUS OUTDOORS        CO ID:PAYPALSD11 PPD,,383.25
3586,,,,,,,,
,05/27/2025,Deposit,,,,PAYPAL           DES:TRANSFER   ID:XXXXX44473705             INDN:MAXIMUS OUTDOORS        CO ID:PAYPALSD11 PPD,Reconciled,680.31
,05/27/2025,Deposit,,,,PAYPAL           DES:TRANSFER   ID:XXXXX44473705             INDN:MAXIMUS OUTDOORS        CO ID:PAYPALSD11 PPD,,680.31
3587,,,,,,,,
,05/27/2025,Deposit,,,,PAYPAL           DES:TRANSFER   ID:XXXXX83188151             INDN:MAXIMUS OUTDOORS        CO ID:PAYPALSD11 PPD,Reconciled,1328.17
,05/27/2025,Deposit,,,,PAYPAL           DES:TRANSFER   ID:XXXXX83188151             INDN:MAXIMUS OUTDOORS        CO ID:PAYPALSD11 PPD,,1328.17
3588,,,,,,,,
,05/27/2025,Deposit,,,Shopify,Shopify          DES:TRANSFER   ID:ST-H9H7W4B7G4E0           INDN:OUTDOOR PLAYGROUND      CO ID:XXXXX48598 CCD,Reconciled,2875.65
,05/27/2025,Deposit,,,Shopify,Shopify          DES:TRANSFER   ID:ST-H9H7W4B7G4E0           INDN:OUTDOOR PLAYGROUND      CO ID:XXXXX48598 CCD,,2875.65
3589,,,,,,,,
,05/27/2025,Deposit,,Stripe,,STRIPE           DES:TRANSFER   ID:ST-O1V4J4E8S6Y7           INDN:RICHARD PATRI           CO ID:XXXXX65600 CCD,Reconciled,272.71
,05/27/2025,Deposit,,Stripe,,STRIPE           DES:TRANSFER   ID:ST-O1V4J4E8S6Y7           INDN:RICHARD PATRI           CO ID:XXXXX65600 CCD,,272.71
3590,,,,,,,,
,05/27/2025,Deposit,,,,"TikTok Inc       DES:PAYMENT    ID:XXXXXXXXXX04030           INDN:Outdoor Playground Inc  CO ID:XXXXX67522 CCD           PMT INFO:TikTok Shop-USLC7NEW6U, payout ID 346145           XXXXX34709498",Reconciled,13.73
,05/27/2025,Deposit,,,,"TikTok Inc       DES:PAYMENT    ID:XXXXXXXXXX04030           INDN:Outdoor Playground Inc  CO ID:XXXXX67522 CCD           PMT INFO:TikTok Shop-USLC7NEW6U, payout ID 346145           XXXXX34709498",,13.73
3591,,,,,,,,
,05/27/2025,Deposit,,,,WIRE TYPE:INTL IN DATE:250527 TIME:1914 ET                  TRN:XXXXXXXXXX518460 SEQ:XXXXXXXXXX552273/                  ORIG:OCBC BANK (HONG KONG) LIM ID:WIHBHKHH                  PMT DET:XXXXX5316 /RETN/59 /AC04/CLOSED A/C NUMBER           /MREF/XXXXX5316 /TREF/XXXXXXXXXX552273,Reconciled,784.72
,05/27/2025,Deposit,,,,WIRE TYPE:INTL IN DATE:250527 TIME:1914 ET                  TRN:XXXXXXXXXX518460 SEQ:XXXXXXXXXX552273/                  ORIG:OCBC BANK (HONG KONG) LIM ID:WIHBHKHH                  PMT DET:XXXXX5316 /RETN/59 /AC04/CLOSED A/C NUMBER           /MREF/XXXXX5316 /TREF/XXXXXXXXXX552273,,-784.72
3592,,,,,,,,
,05/28/2025,Deposit,,Stripe,,STRIPE           DES:TRANSFER   ID:ST-D0J4W1S5Y3A0           INDN:RICHARD PATRI           CO ID:XXXXX65600 CCD,Reconciled,616.02
,05/28/2025,Deposit,,Stripe,,STRIPE           DES:TRANSFER   ID:ST-D0J4W1S5Y3A0           INDN:RICHARD PATRI           CO ID:XXXXX65600 CCD,,616.02
3594,,,,,,,,
,05/28/2025,Deposit,,,Shopify,Shopify          DES:TRANSFER   ID:ST-U1Y8W6Y0A7T4           INDN:OUTDOOR PLAYGROUND INC  CO ID:XXXXX48598 CCD,Reconciled,28.72
,05/28/2025,Deposit,,,Shopify,Shopify          DES:TRANSFER   ID:ST-U1Y8W6Y0A7T4           INDN:OUTDOOR PLAYGROUND INC  CO ID:XXXXX48598 CCD,,28.72
3595,,,,,,,,
,05/28/2025,Deposit,,,Shopify,SHOPIFY          DES:TRANSFER   ID:SHOPIFY                   INDN:UNKNOWN                 CO ID:SHOPIFYPMT WEB,Reconciled,55.76
,05/28/2025,Deposit,,,Shopify,SHOPIFY          DES:TRANSFER   ID:SHOPIFY                   INDN:UNKNOWN                 CO ID:SHOPIFYPMT WEB,,55.76
3596,,,,,,,,
,05/28/2025,Deposit,,,Shopify,Shopify          DES:TRANSFER   ID:ST-S7L0X0W5B6R1           INDN:OUTDOOR PLAYGROUND      CO ID:XXXXX48598 CCD,Reconciled,16012.17
,05/28/2025,Deposit,,,Shopify,Shopify          DES:TRANSFER   ID:ST-S7L0X0W5B6R1           INDN:OUTDOOR PLAYGROUND      CO ID:XXXXX48598 CCD,,16012.17
3626,,,,,,,,
,05/28/2025,Deposit,,,,PAYPAL           DES:TRANSFER   ID:XXXXX64706183             INDN:MAXIMUS OUTDOORS        CO ID:PAYPALSD11 PPD,Reconciled,545.97
,05/28/2025,Deposit,,,,PAYPAL           DES:TRANSFER   ID:XXXXX64706183             INDN:MAXIMUS OUTDOORS        CO ID:PAYPALSD11 PPD,,545.97
3628,,,,,,,,
,05/28/2025,Deposit,,,,SHOPPAYINST AFRM DES:PAYMENTS   ID:08FMP706RLUJALX           INDN:MONSTERBASS             CO ID:XXXXX98000 CCD,Reconciled,104.16
,05/28/2025,Deposit,,,,SHOPPAYINST AFRM DES:PAYMENTS   ID:08FMP706RLUJALX           INDN:MONSTERBASS             CO ID:XXXXX98000 CCD,,104.16
3630,,,,,,,,
,05/28/2025,Deposit,,,,SHOPPAYINST AFRM DES:PAYMENTS   ID:FMYBNRRTP8UDLXV           INDN:MONSTERBASS             CO ID:XXXXX98000 CCD,Reconciled,50.55
,05/28/2025,Deposit,,,,SHOPPAYINST AFRM DES:PAYMENTS   ID:FMYBNRRTP8UDLXV           INDN:MONSTERBASS             CO ID:XXXXX98000 CCD,,50.55
3598,,,,,,,,
,05/29/2025,Deposit,,Stripe,,STRIPE           DES:TRANSFER   ID:ST-A9L7V9B0J0N9           INDN:RICHARD PATRI           CO ID:XXXXX65600 CCD,Reconciled,950.89
,05/29/2025,Deposit,,Stripe,,STRIPE           DES:TRANSFER   ID:ST-A9L7V9B0J0N9           INDN:RICHARD PATRI           CO ID:XXXXX65600 CCD,,950.89
3599,,,,,,,,
,05/29/2025,Deposit,,,Shopify,Shopify          DES:TRANSFER   ID:ST-N1E1W2Q1D6T5           INDN:OUTDOOR PLAYGROUND INC  CO ID:XXXXX48598 CCD,Reconciled,17.03
,05/29/2025,Deposit,,,Shopify,Shopify          DES:TRANSFER   ID:ST-N1E1W2Q1D6T5           INDN:OUTDOOR PLAYGROUND INC  CO ID:XXXXX48598 CCD,,17.03
3600,,,,,,,,
,05/29/2025,Deposit,,,Shopify,Shopify          DES:TRANSFER   ID:ST-D7Z8T2O0C2H5           INDN:OUTDOOR PLAYGROUND      CO ID:XXXXX65600 CCD,Reconciled,4426.06
,05/29/2025,Deposit,,,Shopify,Shopify          DES:TRANSFER   ID:ST-D7Z8T2O0C2H5           INDN:OUTDOOR PLAYGROUND      CO ID:XXXXX65600 CCD,,4426.06
3622,,,,,,,,
,05/29/2025,Deposit,,,,AMAZON.CW0OSJHK3 DES:PAYMENTS   ID:1BQYOUUZTWHE4IC           INDN:Outdoor Playground Inc  CO ID:XXXXX40102 CCD,Reconciled,52.66
,05/29/2025,Deposit,,,,AMAZON.CW0OSJHK3 DES:PAYMENTS   ID:1BQYOUUZTWHE4IC           INDN:Outdoor Playground Inc  CO ID:XXXXX40102 CCD,,52.66
3627,,,,,,,,
,05/29/2025,Deposit,,,,PAYPAL           DES:TRANSFER   ID:XXXXX87150137             INDN:MAXIMUS OUTDOORS        CO ID:PAYPALSD11 PPD,Reconciled,646.2
,05/29/2025,Deposit,,,,PAYPAL           DES:TRANSFER   ID:XXXXX87150137             INDN:MAXIMUS OUTDOORS        CO ID:PAYPALSD11 PPD,,646.2
3629,,,,,,,,
,05/29/2025,Deposit,,,,SHOPPAYINST AFRM DES:PAYMENTS   ID:6D5TF1XMP1EIEV0           INDN:MONSTERBASS             CO ID:XXXXX98000 CCD,Reconciled,138.18
,05/29/2025,Deposit,,,,SHOPPAYINST AFRM DES:PAYMENTS   ID:6D5TF1XMP1EIEV0           INDN:MONSTERBASS             CO ID:XXXXX98000 CCD,,138.18
3601,,,,,,,,
,05/30/2025,Deposit,,,Shopify,SHOPIFY          DES:TRANSFER   ID:SHOPIFY                   INDN:UNKNOWN                 CO ID:SHOPIFYPMT WEB,Reconciled,28.68
,05/30/2025,Deposit,,,Shopify,SHOPIFY          DES:TRANSFER   ID:SHOPIFY                   INDN:UNKNOWN                 CO ID:SHOPIFYPMT WEB,,28.68
3602,,,,,,,,
,05/30/2025,Deposit,,Stripe,,STRIPE           DES:TRANSFER   ID:ST-C8B9B4N6D0C4           INDN:RICHARD PATRI           CO ID:XXXXX65600 CCD,Reconciled,365.87
,05/30/2025,Deposit,,Stripe,,STRIPE           DES:TRANSFER   ID:ST-C8B9B4N6D0C4           INDN:RICHARD PATRI           CO ID:XXXXX65600 CCD,,365.87
3603,,,,,,,,
,05/30/2025,Deposit,,,Shopify,Shopify          DES:TRANSFER   ID:ST-V6J5V5G1R5H0           INDN:OUTDOOR PLAYGROUND      CO ID:XXXXX48598 CCD,Reconciled,4623.28
,05/30/2025,Deposit,,,Shopify,Shopify          DES:TRANSFER   ID:ST-V6J5V5G1R5H0           INDN:OUTDOOR PLAYGROUND      CO ID:XXXXX48598 CCD,,4623.28
3625,,,,,,,,
,05/30/2025,Deposit,,,,PAYPAL           DES:TRANSFER   ID:XXXXX09934584             INDN:MAXIMUS OUTDOORS        CO ID:PAYPALSD11 PPD,Reconciled,880.73
,05/30/2025,Deposit,,,,PAYPAL           DES:TRANSFER   ID:XXXXX09934584             INDN:MAXIMUS OUTDOORS        CO ID:PAYPALSD11 PPD,,880.73
3631,,,,,,,,
,05/30/2025,Deposit,,,,SHOPPAYINST AFRM DES:PAYMENTS   ID:IJS1OCWUNLLO70I           INDN:MONSTERBASS             CO ID:XXXXX98000 CCD,Reconciled,141.14
,05/30/2025,Deposit,,,,SHOPPAYINST AFRM DES:PAYMENTS   ID:IJS1OCWUNLLO70I           INDN:MONSTERBASS             CO ID:XXXXX98000 CCD,,141.14
3642,,,,,,,,
,05/31/2025,Deposit,,,,PAYPAL           DES:TRANSFER   ID:XXXXX31441721             INDN:MAXIMUS OUTDOORS        CO ID:PAYPALSD11 PPD,Reconciled,882.62
,05/31/2025,Deposit,,,,PAYPAL           DES:TRANSFER   ID:XXXXX31441721             INDN:MAXIMUS OUTDOORS        CO ID:PAYPALSD11 PPD,,882.62
3643,,,,,,,,
,05/31/2025,Deposit,,,,PAYPAL           DES:TRANSFER   ID:XXXXX53913544             INDN:MAXIMUS OUTDOORS        CO ID:PAYPALSD11 PPD,Reconciled,264.38
,05/31/2025,Deposit,,,,PAYPAL           DES:TRANSFER   ID:XXXXX53913544             INDN:MAXIMUS OUTDOORS        CO ID:PAYPALSD11 PPD,,264.38
3644,,,,,,,,
,05/31/2025,Deposit,,,,PAYPAL           DES:TRANSFER   ID:XXXXX74638091             INDN:MAXIMUS OUTDOORS        CO ID:PAYPALSD11 PPD,Reconciled,145.18
,05/31/2025,Deposit,,,,PAYPAL           DES:TRANSFER   ID:XXXXX74638091             INDN:MAXIMUS OUTDOORS        CO ID:PAYPALSD11 PPD,,145.18
3635,,,,,,,,
,06/02/2025,Deposit,,,Shopify,Shopify          DES:TRANSFER   ID:ST-W2I1H8D5H4J1           INDN:OUTDOOR PLAYGROUND      CO ID:XXXXX48598 CCD,Reconciled,4834.43
,06/02/2025,Deposit,,,Shopify,Shopify          DES:TRANSFER   ID:ST-W2I1H8D5H4J1           INDN:OUTDOOR PLAYGROUND      CO ID:XXXXX48598 CCD,,4834.43
3638,,,,,,,,
,06/02/2025,Deposit,,,Shopify,SHOPIFY          DES:TRANSFER   ID:SHOPIFY                   INDN:UNKNOWN                 CO ID:SHOPIFYPMT WEB,Reconciled,24.79
,06/02/2025,Deposit,,,Shopify,SHOPIFY          DES:TRANSFER   ID:SHOPIFY                   INDN:UNKNOWN                 CO ID:SHOPIFYPMT WEB,,24.79
3648,,,,,,,,
,06/02/2025,Deposit,,,,SHOPPAYINST AFRM DES:PAYMENTS   ID:GZNTNYS9Y289HSI           INDN:MONSTERBASS             CO ID:XXXXX98000 CCD,Reconciled,108.56
,06/02/2025,Deposit,,,,SHOPPAYINST AFRM DES:PAYMENTS   ID:GZNTNYS9Y289HSI           INDN:MONSTERBASS             CO ID:XXXXX98000 CCD,,108.56
3649,,,,,,,,
,06/02/2025,Deposit,,,,BKOFAMERICA MOBILE 06/03 XXXXX11376 DEPOSIT                                    *MOBILE       CA,Reconciled,1192.81
,06/02/2025,Deposit,,,,BKOFAMERICA MOBILE 06/03 XXXXX11376 DEPOSIT                                    *MOBILE       CA,,1192.81
3654,,,,,,,,
,06/03/2025,Deposit,,,,PAYPAL           DES:TRANSFER   ID:XXXXX99483043             INDN:MAXIMUS OUTDOORS        CO ID:PAYPALSD11 PPD,Reconciled,312.82
,06/03/2025,Deposit,,,,PAYPAL           DES:TRANSFER   ID:XXXXX99483043             INDN:MAXIMUS OUTDOORS        CO ID:PAYPALSD11 PPD,,312.82
3656,,,,,,,,
,06/03/2025,Deposit,,,Shopify,Shopify          DES:TRANSFER   ID:ST-S1S5K1D6W6W1           INDN:OUTDOOR PLAYGROUND      CO ID:XXXXX65600 CCD,Reconciled,12133.73
,06/03/2025,Deposit,,,Shopify,Shopify          DES:TRANSFER   ID:ST-S1S5K1D6W6W1           INDN:OUTDOOR PLAYGROUND      CO ID:XXXXX65600 CCD,,12133.73
3659,,,,,,,,
,06/03/2025,Deposit,,,,SHOPPAYINST AFRM DES:PAYMENTS   ID:F6KY7D60KOGPJ3I           INDN:MONSTERBASS             CO ID:XXXXX98000 CCD,Reconciled,52.37
,06/03/2025,Deposit,,,,SHOPPAYINST AFRM DES:PAYMENTS   ID:F6KY7D60KOGPJ3I           INDN:MONSTERBASS             CO ID:XXXXX98000 CCD,,52.37
3660,,,,,,,,
,06/03/2025,Deposit,,,,SHOPPAYINST AFRM DES:PAYMENTS   ID:QLT5D0ENY7ZSQGT           INDN:MONSTERBASS             CO ID:XXXXX98000 CCD,Reconciled,71.25
,06/03/2025,Deposit,,,,SHOPPAYINST AFRM DES:PAYMENTS   ID:QLT5D0ENY7ZSQGT           INDN:MONSTERBASS             CO ID:XXXXX98000 CCD,,71.25
3661,,,,,,,,
,06/03/2025,Deposit,,,,SHOPPAYINST AFRM DES:PAYMENTS   ID:ZKTCWXATPPK4CGW           INDN:MONSTERBASS             CO ID:XXXXX98000 CCD,Reconciled,40.87
,06/03/2025,Deposit,,,,SHOPPAYINST AFRM DES:PAYMENTS   ID:ZKTCWXATPPK4CGW           INDN:MONSTERBASS             CO ID:XXXXX98000 CCD,,40.87
3662,,,,,,,,
,06/03/2025,Deposit,,Stripe,,STRIPE           DES:TRANSFER   ID:ST-M0M4J4Z3D7C6           INDN:RICHARD PATRI           CO ID:XXXXX48598 CCD,Reconciled,187.49
,06/03/2025,Deposit,,Stripe,,STRIPE           DES:TRANSFER   ID:ST-M0M4J4Z3D7C6           INDN:RICHARD PATRI           CO ID:XXXXX48598 CCD,,187.49
3655,,,,,,,,
,06/04/2025,Deposit,,,,PAYPAL           DES:TRANSFER   ID:XXXXX23047057             INDN:MAXIMUS OUTDOORS        CO ID:PAYPALSD11 PPD,Reconciled,101.96
,06/04/2025,Deposit,,,,PAYPAL           DES:TRANSFER   ID:XXXXX23047057             INDN:MAXIMUS OUTDOORS        CO ID:PAYPALSD11 PPD,,101.96
3657,,,,,,,,
,06/04/2025,Deposit,,,Shopify,SHOPIFY          DES:TRANSFER   ID:SHOPIFY                   INDN:UNKNOWN                 CO ID:SHOPIFYPMT WEB,Reconciled,30.97
,06/04/2025,Deposit,,,Shopify,SHOPIFY          DES:TRANSFER   ID:SHOPIFY                   INDN:UNKNOWN                 CO ID:SHOPIFYPMT WEB,,30.97
3658,,,,,,,,
,06/04/2025,Deposit,,,Shopify,Shopify          DES:TRANSFER   ID:ST-Q3L2E3N1B1C4           INDN:OUTDOOR PLAYGROUND      CO ID:XXXXX65600 CCD,Reconciled,3816.61
,06/04/2025,Deposit,,,Shopify,Shopify          DES:TRANSFER   ID:ST-Q3L2E3N1B1C4           INDN:OUTDOOR PLAYGROUND      CO ID:XXXXX65600 CCD,,3816.61
3663,,,,,,,,
,06/04/2025,Deposit,,Stripe,,STRIPE           DES:TRANSFER   ID:ST-B8M6A9T3C6Z0           INDN:RICHARD PATRI           CO ID: XXXXX8598 CCD,Reconciled,442.49
,06/04/2025,Deposit,,Stripe,,STRIPE           DES:TRANSFER   ID:ST-B8M6A9T3C6Z0           INDN:RICHARD PATRI           CO ID: XXXXX8598 CCD,,442.49
3672,,,,,,,,
,06/05/2025,Deposit,,,,PAYPAL           DES:TRANSFER   ID:XXXXX45414994             INDN:MAXIMUS OUTDOORS        CO ID:PAYPALSD11 PPD,Reconciled,1816.03
,06/05/2025,Deposit,,,,PAYPAL           DES:TRANSFER   ID:XXXXX45414994             INDN:MAXIMUS OUTDOORS        CO ID:PAYPALSD11 PPD,,1816.03
3674,,,,,,,,
,06/05/2025,Deposit,,,Shopify,SHOPIFY          DES:TRANSFER   ID:SHOPIFY                   INDN:UNKNOWN                 CO ID:SHOPIFYPMT WEB,Reconciled,10.54
,06/05/2025,Deposit,,,Shopify,SHOPIFY          DES:TRANSFER   ID:SHOPIFY                   INDN:UNKNOWN                 CO ID:SHOPIFYPMT WEB,,10.54
3675,,,,,,,,
,06/05/2025,Deposit,,,Shopify,Shopify          DES:TRANSFER   ID:ST-W6T6Y3B7X0X4           INDN:OUTDOOR PLAYGROUND      CO ID:XXXXX48598 CCD,Reconciled,8111.46
,06/05/2025,Deposit,,,Shopify,Shopify          DES:TRANSFER   ID:ST-W6T6Y3B7X0X4           INDN:OUTDOOR PLAYGROUND      CO ID:XXXXX48598 CCD,,8111.46
3676,,,,,,,,
,06/05/2025,Deposit,,Stripe,,STRIPE           DES:TRANSFER   ID:ST-J7M7C1C6J6I9           INDN:RICHARD PATRI           CO ID:XXXXX65600 CCD,Reconciled,4231.14
,06/05/2025,Deposit,,Stripe,,STRIPE           DES:TRANSFER   ID:ST-J7M7C1C6J6I9           INDN:RICHARD PATRI           CO ID:XXXXX65600 CCD,,4231.14
3677,,,,,,,,
,06/05/2025,Deposit,,,,"TikTok Inc       DES:PAYMENT    ID:XXXXXXXXXX18763           INDN:Outdoor Playground Inc  CO ID:XXXXX67522 CCD           PMT INFO:TikTok Shop-USLC7NEW6U, payout ID 346167           XXXXX19152634",Reconciled,70.71
,06/05/2025,Deposit,,,,"TikTok Inc       DES:PAYMENT    ID:XXXXXXXXXX18763           INDN:Outdoor Playground Inc  CO ID:XXXXX67522 CCD           PMT INFO:TikTok Shop-USLC7NEW6U, payout ID 346167           XXXXX19152634",,70.71
3688,,,,,,,,
,06/06/2025,Deposit,,,Shopify,Shopify          DES:TRANSFER   ID:ST-N3H9H6B6J3I7           INDN:OUTDOOR PLAYGROUND      CO ID:XXXXX65600 CCD,Reconciled,3560.1
,06/06/2025,Deposit,,,Shopify,Shopify          DES:TRANSFER   ID:ST-N3H9H6B6J3I7           INDN:OUTDOOR PLAYGROUND      CO ID:XXXXX65600 CCD,,3560.1
3691,,,,,,,,
,06/06/2025,Deposit,,Stripe,,STRIPE           DES:TRANSFER   ID:ST-C1G4I9T4P8M2           INDN:RICHARD PATRI           CO ID:XXXXX48598 CCD,Reconciled,458.94
,06/06/2025,Deposit,,Stripe,,STRIPE           DES:TRANSFER   ID:ST-C1G4I9T4P8M2           INDN:RICHARD PATRI           CO ID:XXXXX48598 CCD,,458.94
3703,,,,,,,,
,06/06/2025,Deposit,,,,PAYPAL           DES:TRANSFER   ID:XXXXX67487967             INDN:MAXIMUS OUTDOORS        CO ID:PAYPALSD11 PPD,Reconciled,561.62
,06/06/2025,Deposit,,,,PAYPAL           DES:TRANSFER   ID:XXXXX67487967             INDN:MAXIMUS OUTDOORS        CO ID:PAYPALSD11 PPD,,561.62
3715,,,,,,,,
,06/06/2025,Deposit,,,,"TikTok Inc       DES:PAYMENT    ID:XXXXXXXXXX42598           INDN:Outdoor Playground Inc  CO ID:XXXXX67522 CCD           PMT INFO:TikTok Shop-USLC7NEW6U, payout ID 346169           XXXXX63286010",Reconciled,10.33
,06/06/2025,Deposit,,,,"TikTok Inc       DES:PAYMENT    ID:XXXXXXXXXX42598           INDN:Outdoor Playground Inc  CO ID:XXXXX67522 CCD           PMT INFO:TikTok Shop-USLC7NEW6U, payout ID 346169           XXXXX63286010",,10.33
3693,,,,,,,,
,06/09/2025,Deposit,,,Shopify,Shopify          DES:TRANSFER   ID:ST-K3K3M3D3R8L1           INDN:OUTDOOR PLAYGROUND      CO ID:XXXXX65600 CCD,Reconciled,3322.9
,06/09/2025,Deposit,,,Shopify,Shopify          DES:TRANSFER   ID:ST-K3K3M3D3R8L1           INDN:OUTDOOR PLAYGROUND      CO ID:XXXXX65600 CCD,,3322.9
3694,,,,,,,,
,06/09/2025,Deposit,,Stripe,,STRIPE           DES:TRANSFER   ID:ST-C8L7Q3T4H9G1           INDN:RICHARD PATRI           CO ID:XXXXX48598 CCD,Reconciled,512.72
,06/09/2025,Deposit,,Stripe,,STRIPE           DES:TRANSFER   ID:ST-C8L7Q3T4H9G1           INDN:RICHARD PATRI           CO ID:XXXXX48598 CCD,,512.72
3701,,,,,,,,
,06/09/2025,Deposit,,,,PAYPAL           DES:TRANSFER   ID:XXXXX13310220             INDN:MAXIMUS OUTDOORS        CO ID:PAYPALSD11 PPD,Reconciled,589.61
,06/09/2025,Deposit,,,,PAYPAL           DES:TRANSFER   ID:XXXXX13310220             INDN:MAXIMUS OUTDOORS        CO ID:PAYPALSD11 PPD,,589.61
3702,,,,,,,,
,06/09/2025,Deposit,,,,PAYPAL           DES:TRANSFER   ID:XXXXX33545888             INDN:MAXIMUS OUTDOORS        CO ID:PAYPALSD11 PPD,Reconciled,527.11
,06/09/2025,Deposit,,,,PAYPAL           DES:TRANSFER   ID:XXXXX33545888             INDN:MAXIMUS OUTDOORS        CO ID:PAYPALSD11 PPD,,527.11
3704,,,,,,,,
,06/09/2025,Deposit,,,,PAYPAL           DES:TRANSFER   ID:XXXXX90339312             INDN:MAXIMUS OUTDOORS        CO ID:PAYPALSD11 PPD,Reconciled,553.47
,06/09/2025,Deposit,,,,PAYPAL           DES:TRANSFER   ID:XXXXX90339312             INDN:MAXIMUS OUTDOORS        CO ID:PAYPALSD11 PPD,,553.47
3705,,,,,,,,
,06/10/2025,Deposit,,,,PAYPAL           DES:TRANSFER   ID:XXXXX53721375             INDN:MAXIMUS OUTDOORS        CO ID:PAYPALSD11 PPD,Reconciled,860.26
,06/10/2025,Deposit,,,,PAYPAL           DES:TRANSFER   ID:XXXXX53721375             INDN:MAXIMUS OUTDOORS        CO ID:PAYPALSD11 PPD,,860.26
3709,,,,,,,,
,06/10/2025,Deposit,,,Shopify,SHOPIFY          DES:TRANSFER   ID:SHOPIFY                   INDN:UNKNOWN                 CO ID:SHOPIFYPMT WEB,Reconciled,9.18
,06/10/2025,Deposit,,,Shopify,SHOPIFY          DES:TRANSFER   ID:SHOPIFY                   INDN:UNKNOWN                 CO ID:SHOPIFYPMT WEB,,9.18
3710,,,,,,,,
,06/10/2025,Deposit,,,Shopify,Shopify          DES:TRANSFER   ID:ST-A4T9O0I1M9E2           INDN:OUTDOOR PLAYGROUND      CO ID:XXXXX65600 CCD,Reconciled,13577.71
,06/10/2025,Deposit,,,Shopify,Shopify          DES:TRANSFER   ID:ST-A4T9O0I1M9E2           INDN:OUTDOOR PLAYGROUND      CO ID:XXXXX65600 CCD,,13577.71
3712,,,,,,,,
,06/10/2025,Deposit,,,,SHOPPAYINST AFRM DES:PAYMENTS   ID:2E6TJVD58NVLVSD           INDN:MONSTERBASS             CO ID:XXXXX98000 CCD,Reconciled,50.8
,06/10/2025,Deposit,,,,SHOPPAYINST AFRM DES:PAYMENTS   ID:2E6TJVD58NVLVSD           INDN:MONSTERBASS             CO ID:XXXXX98000 CCD,,50.8
3713,,,,,,,,
,06/10/2025,Deposit,,,,SHOPPAYINST AFRM DES:PAYMENTS   ID:8MQA61Y3PLW7UXX           INDN:MONSTERBASS             CO ID:XXXXX98000 CCD,Reconciled,162.35
,06/10/2025,Deposit,,,,SHOPPAYINST AFRM DES:PAYMENTS   ID:8MQA61Y3PLW7UXX           INDN:MONSTERBASS             CO ID:XXXXX98000 CCD,,162.35
3714,,,,,,,,
,06/10/2025,Deposit,,Stripe,,STRIPE           DES:TRANSFER   ID:ST-E7F5W5R7B9X7           INDN:RICHARD PATRI           CO ID:XXXXX48598 CCD,Reconciled,1582.91
,06/10/2025,Deposit,,Stripe,,STRIPE           DES:TRANSFER   ID:ST-E7F5W5R7B9X7           INDN:RICHARD PATRI           CO ID:XXXXX48598 CCD,,1582.91
3726,,,,,,,,
,06/11/2025,Deposit,,,,"TikTok Inc       DES:PAYMENT    ID:XXXXXXXXXX46216           INDN:Outdoor Playground Inc  CO ID:XXXXX67522 CCD           PMT INFO:TikTok Shop-USLC7NEW6U, payout ID 346180           XXXXX65470202",Reconciled,14.1
,06/11/2025,Deposit,,,,"TikTok Inc       DES:PAYMENT    ID:XXXXXXXXXX46216           INDN:Outdoor Playground Inc  CO ID:XXXXX67522 CCD           PMT INFO:TikTok Shop-USLC7NEW6U, payout ID 346180           XXXXX65470202",,14.1
3730,,,,,,,,
,06/11/2025,Deposit,,Stripe,,STRIPE           DES:TRANSFER   ID:ST-K5B2B0I0D5I6           INDN:RICHARD PATRI           CO ID:XXXXX48598 CCD,Reconciled,2285.47
,06/11/2025,Deposit,,Stripe,,STRIPE           DES:TRANSFER   ID:ST-K5B2B0I0D5I6           INDN:RICHARD PATRI           CO ID:XXXXX48598 CCD,,2285.47
3732,,,,,,,,
,06/11/2025,Deposit,,,Shopify,Shopify          DES:TRANSFER   ID:ST-P2G3F5S9Q0G7           INDN:OUTDOOR PLAYGROUND      CO ID:XXXXX48598 CCD,Reconciled,3441.91
,06/11/2025,Deposit,,,Shopify,Shopify          DES:TRANSFER   ID:ST-P2G3F5S9Q0G7           INDN:OUTDOOR PLAYGROUND      CO ID:XXXXX48598 CCD,,3441.91
3740,,,,,,,,
,06/11/2025,Deposit,,,Shopify,SHOPIFY          DES:TRANSFER   ID:SHOPIFY                   INDN:UNKNOWN                 CO ID:SHOPIFYPMT WEB,Reconciled,20.85
,06/11/2025,Deposit,,,Shopify,SHOPIFY          DES:TRANSFER   ID:SHOPIFY                   INDN:UNKNOWN                 CO ID:SHOPIFYPMT WEB,,20.85
3755,,,,,,,,
,06/11/2025,Deposit,,,,PAYPAL           DES:TRANSFER   ID:XXXXX75088615             INDN:MAXIMUS OUTDOORS        CO ID:PAYPALSD11 PPD,Reconciled,347.41
,06/11/2025,Deposit,,,,PAYPAL           DES:TRANSFER   ID:XXXXX75088615             INDN:MAXIMUS OUTDOORS        CO ID:PAYPALSD11 PPD,,347.41
3727,,,,,,,,
,06/12/2025,Deposit,,Stripe,,STRIPE           DES:TRANSFER   ID:ST-Y6K8E3A6X9F9           INDN:RICHARD PATRI           CO ID:XXXXX65600 CCD,Reconciled,740.32
,06/12/2025,Deposit,,Stripe,,STRIPE           DES:TRANSFER   ID:ST-Y6K8E3A6X9F9           INDN:RICHARD PATRI           CO ID:XXXXX65600 CCD,,740.32
3733,,,,,,,,
,06/12/2025,Deposit,,,Shopify,Shopify          DES:TRANSFER   ID:ST-M2I8P2U6O5N1           INDN:OUTDOOR PLAYGROUND      CO ID:XXXXX48598 CCD,Reconciled,3143.95
,06/12/2025,Deposit,,,Shopify,Shopify          DES:TRANSFER   ID:ST-M2I8P2U6O5N1           INDN:OUTDOOR PLAYGROUND      CO ID:XXXXX48598 CCD,,3143.95
3745,,,,,,,,
,06/12/2025,Deposit,,,,Bank of America  DES:CASHREWARD ID:PLAYGROUND LLC            INDN:XXXXX0000XXXXX74XXXXX0  CO ID:XXXXX90310 PPD,Reconciled,858.86
,06/12/2025,Deposit,,,,Bank of America  DES:CASHREWARD ID:PLAYGROUND LLC            INDN:XXXXX0000XXXXX74XXXXX0  CO ID:XXXXX90310 PPD,,858.86
3746,,,,,,,,
,06/12/2025,Deposit,,,,AMAZON.CXSSCL0BH DES:PAYMENTS   ID:5SXHA8UE9MXCL0V           INDN:Outdoor Playground Inc  CO ID:XXXXX40102 CCD,Reconciled,806.86
,06/12/2025,Deposit,,,,AMAZON.CXSSCL0BH DES:PAYMENTS   ID:5SXHA8UE9MXCL0V           INDN:Outdoor Playground Inc  CO ID:XXXXX40102 CCD,,806.86
3753,,,,,,,,
,06/12/2025,Deposit,,,,PAYPAL           DES:TRANSFER   ID:XXXXX96729877             INDN:MAXIMUS OUTDOORS        CO ID:PAYPALSD11 PPD,Reconciled,168.33
,06/12/2025,Deposit,,,,PAYPAL           DES:TRANSFER   ID:XXXXX96729877             INDN:MAXIMUS OUTDOORS        CO ID:PAYPALSD11 PPD,,168.33
3725,,,,,,,,
,06/13/2025,Deposit,,,,"TikTok Inc       DES:PAYMENT    ID:XXXXXXXXXX50578           INDN:Outdoor Playground Inc  CO ID:XXXXX67522 CCD           PMT INFO:TikTok Shop-USLC7NEW6U, payout ID 346184           XXXXX16758266",Reconciled,21.41
,06/13/2025,Deposit,,,,"TikTok Inc       DES:PAYMENT    ID:XXXXXXXXXX50578           INDN:Outdoor Playground Inc  CO ID:XXXXX67522 CCD           PMT INFO:TikTok Shop-USLC7NEW6U, payout ID 346184           XXXXX16758266",,21.41
3729,,,,,,,,
,06/13/2025,Deposit,,Stripe,,STRIPE           DES:TRANSFER   ID:ST-P8S2T2C1G5G3           INDN:RICHARD PATRI           CO ID:XXXXX48598 CCD,Reconciled,446.49
,06/13/2025,Deposit,,Stripe,,STRIPE           DES:TRANSFER   ID:ST-P8S2T2C1G5G3           INDN:RICHARD PATRI           CO ID:XXXXX48598 CCD,,446.49
3734,,,,,,,,
,06/13/2025,Deposit,,,Shopify,Shopify          DES:TRANSFER   ID:ST-J5L6K2P2I6L1           INDN:OUTDOOR PLAYGROUND      CO ID:XXXXX65600 CCD,Reconciled,4928.98
,06/13/2025,Deposit,,,Shopify,Shopify          DES:TRANSFER   ID:ST-J5L6K2P2I6L1           INDN:OUTDOOR PLAYGROUND      CO ID:XXXXX65600 CCD,,4928.98
3758,,,,,,,,
,06/13/2025,Deposit,,,,PAYPAL           DES:TRANSFER   ID:XXXXX18219739             INDN:MAXIMUS OUTDOORS        CO ID:PAYPALSD11 PPD,Reconciled,990.67
,06/13/2025,Deposit,,,,PAYPAL           DES:TRANSFER   ID:XXXXX18219739             INDN:MAXIMUS OUTDOORS        CO ID:PAYPALSD11 PPD,,990.67
3731,,,,,,,,
,06/16/2025,Deposit,,Stripe,,STRIPE           DES:TRANSFER   ID:ST-K1E7F3L2E3P3           INDN:RICHARD PATRI           CO ID:XXXXX65600 CCD,Reconciled,793.71
,06/16/2025,Deposit,,Stripe,,STRIPE           DES:TRANSFER   ID:ST-K1E7F3L2E3P3           INDN:RICHARD PATRI           CO ID:XXXXX65600 CCD,,793.71
3735,,,,,,,,
,06/16/2025,Deposit,,,Shopify,Shopify          DES:TRANSFER   ID:ST-C1O0D7V1A3S7           INDN:OUTDOOR PLAYGROUND INC  CO ID:XXXXX48598 CCD,Reconciled,6.81
,06/16/2025,Deposit,,,Shopify,Shopify          DES:TRANSFER   ID:ST-C1O0D7V1A3S7           INDN:OUTDOOR PLAYGROUND INC  CO ID:XXXXX48598 CCD,,6.81
3736,,,,,,,,
,06/16/2025,Deposit,,,Shopify,Shopify          DES:TRANSFER   ID:ST-B7O5H4P1Q3Z5           INDN:OUTDOOR PLAYGROUND      CO ID:XXXXX65600 CCD,Reconciled,4069.45
,06/16/2025,Deposit,,,Shopify,Shopify          DES:TRANSFER   ID:ST-B7O5H4P1Q3Z5           INDN:OUTDOOR PLAYGROUND      CO ID:XXXXX65600 CCD,,4069.45
3738,,,,,,,,
,06/16/2025,Deposit,,,Shopify,SHOPIFY          DES:TRANSFER   ID:SHOPIFY                   INDN:UNKNOWN                 CO ID:SHOPIFYPMT WEB,Reconciled,4.32
,06/16/2025,Deposit,,,Shopify,SHOPIFY          DES:TRANSFER   ID:SHOPIFY                   INDN:UNKNOWN                 CO ID:SHOPIFYPMT WEB,,4.32
3739,,,,,,,,
,06/16/2025,Deposit,,,Shopify,SHOPIFY          DES:TRANSFER   ID:SHOPIFY                   INDN:UNKNOWN                 CO ID:SHOPIFYPMT WEB,Reconciled,29.23
,06/16/2025,Deposit,,,Shopify,SHOPIFY          DES:TRANSFER   ID:SHOPIFY                   INDN:UNKNOWN                 CO ID:SHOPIFYPMT WEB,,29.23
3754,,,,,,,,
,06/16/2025,Deposit,,,,PAYPAL           DES:TRANSFER   ID:XXXXX82201167             INDN:MAXIMUS OUTDOORS        CO ID:PAYPALSD11 PPD,Reconciled,392.47
,06/16/2025,Deposit,,,,PAYPAL           DES:TRANSFER   ID:XXXXX82201167             INDN:MAXIMUS OUTDOORS        CO ID:PAYPALSD11 PPD,,392.47
3756,,,,,,,,
,06/16/2025,Deposit,,,,PAYPAL           DES:TRANSFER   ID:XXXXX62641326             INDN:MAXIMUS OUTDOORS        CO ID:PAYPALSD11 PPD,Reconciled,476.29
,06/16/2025,Deposit,,,,PAYPAL           DES:TRANSFER   ID:XXXXX62641326             INDN:MAXIMUS OUTDOORS        CO ID:PAYPALSD11 PPD,,476.29
3757,,,,,,,,
,06/16/2025,Deposit,,,,PAYPAL           DES:TRANSFER   ID:XXXXX40319740             INDN:MAXIMUS OUTDOORS        CO ID:PAYPALSD11 PPD,Reconciled,549.82
,06/16/2025,Deposit,,,,PAYPAL           DES:TRANSFER   ID:XXXXX40319740             INDN:MAXIMUS OUTDOORS        CO ID:PAYPALSD11 PPD,,549.82
3724,,,,,,,,
,06/17/2025,Deposit,,,,"TikTok Shop      DES:XXXXX65003 ID:USLC7NEW6U,               INDN:Outdoor Playground Inc  CO ID:XXXXX92853 CCD           PMT INFO:USLC7NEW6U,",Reconciled,139.11
,06/17/2025,Deposit,,,,"TikTok Shop      DES:XXXXX65003 ID:USLC7NEW6U,               INDN:Outdoor Playground Inc  CO ID:XXXXX92853 CCD           PMT INFO:USLC7NEW6U,",,139.11
3728,,,,,,,,
,06/17/2025,Deposit,,Stripe,,STRIPE           DES:TRANSFER   ID:ST-V7B3T9P7D2F5           INDN:RICHARD PATRI           CO ID:XXXXX65600 CCD,Reconciled,947.44
,06/17/2025,Deposit,,Stripe,,STRIPE           DES:TRANSFER   ID:ST-V7B3T9P7D2F5           INDN:RICHARD PATRI           CO ID:XXXXX65600 CCD,,947.44
3737,,,,,,,,
,06/17/2025,Deposit,,,Shopify,Shopify          DES:TRANSFER   ID:ST-B5D9D9P3M5I7           INDN:OUTDOOR PLAYGROUND      CO ID:XXXXX48598 CCD,Reconciled,14266.67
,06/17/2025,Deposit,,,Shopify,Shopify          DES:TRANSFER   ID:ST-B5D9D9P3M5I7           INDN:OUTDOOR PLAYGROUND      CO ID:XXXXX48598 CCD,,14266.67
3751,,,,,,,,
,06/17/2025,Deposit,,,,SHOPPAYINST AFRM DES:PAYMENTS   ID:YDQM3IA5D60AVDO           INDN:MONSTERBASS             CO ID:XXXXX98000 CCD,Reconciled,122.62
,06/17/2025,Deposit,,,,SHOPPAYINST AFRM DES:PAYMENTS   ID:YDQM3IA5D60AVDO           INDN:MONSTERBASS             CO ID:XXXXX98000 CCD,,122.62
3752,,,,,,,,
,06/17/2025,Deposit,,,,SHOPPAYINST AFRM DES:PAYMENTS   ID:F4Y2CKNFN4JBY9D           INDN:MONSTERBASS             CO ID:XXXXX98000 CCD,Reconciled,86.27
,06/17/2025,Deposit,,,,SHOPPAYINST AFRM DES:PAYMENTS   ID:F4Y2CKNFN4JBY9D           INDN:MONSTERBASS             CO ID:XXXXX98000 CCD,,86.27
3759,,,,,,,,
,06/17/2025,Deposit,,,,PAYPAL           DES:TRANSFER   ID:XXXXX02446954             INDN:MAXIMUS OUTDOORS        CO ID:PAYPALSD11 PPD,Reconciled,877.7
,06/17/2025,Deposit,,,,PAYPAL           DES:TRANSFER   ID:XXXXX02446954             INDN:MAXIMUS OUTDOORS        CO ID:PAYPALSD11 PPD,,877.7
3767,,,,,,,,
,06/18/2025,Deposit,,,,PAYPAL           DES:TRANSFER   ID:XXXXX24329032             INDN:MAXIMUS OUTDOORS        CO ID:PAYPALSD11 PPD,Reconciled,926.2
,06/18/2025,Deposit,,,,PAYPAL           DES:TRANSFER   ID:XXXXX24329032             INDN:MAXIMUS OUTDOORS        CO ID:PAYPALSD11 PPD,,926.2
3771,,,,,,,,
,06/18/2025,Deposit,,,Shopify,SHOPIFY          DES:TRANSFER   ID:SHOPIFY                   INDN:UNKNOWN                 CO ID:SHOPIFYPMT WEB,Reconciled,4.81
,06/18/2025,Deposit,,,Shopify,SHOPIFY          DES:TRANSFER   ID:SHOPIFY                   INDN:UNKNOWN                 CO ID:SHOPIFYPMT WEB,,4.81
3772,,,,,,,,
,06/18/2025,Deposit,,,Shopify,Shopify          DES:TRANSFER   ID:ST-H6S8L6M5A9Q0           INDN:OUTDOOR PLAYGROUND INC  CO ID:XXXXX48598 CCD,Reconciled,26.87
,06/18/2025,Deposit,,,Shopify,Shopify          DES:TRANSFER   ID:ST-H6S8L6M5A9Q0           INDN:OUTDOOR PLAYGROUND INC  CO ID:XXXXX48598 CCD,,26.87
3774,,,,,,,,
,06/18/2025,Deposit,,,Shopify,Shopify          DES:TRANSFER   ID:ST-S5S0W2S8P7L8           INDN:OUTDOOR PLAYGROUND      CO ID:XXXXX65600 CCD,Reconciled,3930.41
,06/18/2025,Deposit,,,Shopify,Shopify          DES:TRANSFER   ID:ST-S5S0W2S8P7L8           INDN:OUTDOOR PLAYGROUND      CO ID:XXXXX65600 CCD,,3930.41
3775,,,,,,,,
,06/18/2025,Deposit,,Stripe,,STRIPE           DES:TRANSFER   ID:ST-C1Q8V9N8J6J7           INDN:RICHARD PATRI           CO ID:XXXXX48598 CCD,Reconciled,1047.8
,06/18/2025,Deposit,,Stripe,,STRIPE           DES:TRANSFER   ID:ST-C1Q8V9N8J6J7           INDN:RICHARD PATRI           CO ID:XXXXX48598 CCD,,1047.8
3777,,,,,,,,
,06/18/2025,Deposit,,,,"TikTok Inc       DES:PAYMENT    ID:XXXXXXXXXX74428           INDN:Outdoor Playground Inc  CO ID:XXXXX67522 CCD           PMT INFO:TikTok Shop-USLC7NEW6U, payout ID 346198           XXXXX83602426",Reconciled,11.08
,06/18/2025,Deposit,,,,"TikTok Inc       DES:PAYMENT    ID:XXXXXXXXXX74428           INDN:Outdoor Playground Inc  CO ID:XXXXX67522 CCD           PMT INFO:TikTok Shop-USLC7NEW6U, payout ID 346198           XXXXX83602426",,11.08
3778,,,,,,,,
,06/18/2025,Deposit,,,,SHOPPAYINST AFRM DES:PAYMENTS   ID:MSJSG3ZSBDMK0N3           INDN:MONSTERBASS             CO ID:XXXXX98000 CCD,Reconciled,141.48
,06/18/2025,Deposit,,,,SHOPPAYINST AFRM DES:PAYMENTS   ID:MSJSG3ZSBDMK0N3           INDN:MONSTERBASS             CO ID:XXXXX98000 CCD,,141.48
3768,,,,,,,,
,06/20/2025,Deposit,,,,PAYPAL           DES:TRANSFER   ID:XXXXX45063102             INDN:MAXIMUS OUTDOORS        CO ID:PAYPALSD11 PPD,Reconciled,532.92
,06/20/2025,Deposit,,,,PAYPAL           DES:TRANSFER   ID:XXXXX45063102             INDN:MAXIMUS OUTDOORS        CO ID:PAYPALSD11 PPD,,532.92
3769,,,,,,,,
,06/20/2025,Deposit,,,,PAYPAL           DES:TRANSFER   ID:XXXXX65782772             INDN:MAXIMUS OUTDOORS        CO ID:PAYPALSD11 PPD,Reconciled,1207.31
,06/20/2025,Deposit,,,,PAYPAL           DES:TRANSFER   ID:XXXXX65782772             INDN:MAXIMUS OUTDOORS        CO ID:PAYPALSD11 PPD,,1207.31
3773,,,,,,,,
,06/20/2025,Deposit,,,Shopify,Shopify          DES:TRANSFER   ID:ST-R5G4Y5L4K1L0           INDN:OUTDOOR PLAYGROUND      CO ID:XXXXX48598 CCD,Reconciled,4566.14
,06/20/2025,Deposit,,,Shopify,Shopify          DES:TRANSFER   ID:ST-R5G4Y5L4K1L0           INDN:OUTDOOR PLAYGROUND      CO ID:XXXXX48598 CCD,,4566.14
3776,,,,,,,,
,06/20/2025,Deposit,,Stripe,,STRIPE           DES:TRANSFER   ID:ST-U6T1R9D3C8Q8           INDN:RICHARD PATRI           CO ID:XXXXX48598 CCD,Reconciled,312.05
,06/20/2025,Deposit,,Stripe,,STRIPE           DES:TRANSFER   ID:ST-U6T1R9D3C8Q8           INDN:RICHARD PATRI           CO ID:XXXXX48598 CCD,,312.05
3782,,,,,,,,
,06/23/2025,Deposit,,,Shopify,Shopify          DES:TRANSFER   ID:ST-Y1N2H9G6Z6O6           INDN:OUTDOOR PLAYGROUND      CO ID:XXXXX48598 CCD,Reconciled,6280.17
,06/23/2025,Deposit,,,Shopify,Shopify          DES:TRANSFER   ID:ST-Y1N2H9G6Z6O6           INDN:OUTDOOR PLAYGROUND      CO ID:XXXXX48598 CCD,,6280.17
3784,,,,,,,,
,06/23/2025,Deposit,,Stripe,,STRIPE           DES:TRANSFER   ID:ST-K1I3L4S0O8I1           INDN:RICHARD PATRI           CO ID:XXXXX65600 CCD,Reconciled,716.68
,06/23/2025,Deposit,,Stripe,,STRIPE           DES:TRANSFER   ID:ST-K1I3L4S0O8I1           INDN:RICHARD PATRI           CO ID:XXXXX65600 CCD,,716.68
3787,,,,,,,,
,06/23/2025,Deposit,,,,PAYPAL           DES:TRANSFER   ID:XXXXX08700959             INDN:MAXIMUS OUTDOORS        CO ID:PAYPALSD11 PPD,Reconciled,464.72
,06/23/2025,Deposit,,,,PAYPAL           DES:TRANSFER   ID:XXXXX08700959             INDN:MAXIMUS OUTDOORS        CO ID:PAYPALSD11 PPD,,464.72
3788,,,,,,,,
,06/23/2025,Deposit,,,,PAYPAL           DES:TRANSFER   ID:XXXXX27807328             INDN:MAXIMUS OUTDOORS        CO ID:PAYPALSD11 PPD,Reconciled,440.82
,06/23/2025,Deposit,,,,PAYPAL           DES:TRANSFER   ID:XXXXX27807328             INDN:MAXIMUS OUTDOORS        CO ID:PAYPALSD11 PPD,,440.82
3789,,,,,,,,
,06/23/2025,Deposit,,,,PAYPAL           DES:TRANSFER   ID:XXXXX87235555             INDN:MAXIMUS OUTDOORS        CO ID:PAYPALSD11 PPD,Reconciled,459.43
,06/23/2025,Deposit,,,,PAYPAL           DES:TRANSFER   ID:XXXXX87235555             INDN:MAXIMUS OUTDOORS        CO ID:PAYPALSD11 PPD,,459.43
3790,,,,,,,,
,06/23/2025,Deposit,,,,CHASE CREDIT CRD DES:RWRD RDM   ID:XXXXXXXXXX72897           INDN:PATRI RICHARD           CO ID:XXXXX40001 PPD,Reconciled,247.83
,06/23/2025,Deposit,,,,CHASE CREDIT CRD DES:RWRD RDM   ID:XXXXXXXXXX72897           INDN:PATRI RICHARD           CO ID:XXXXX40001 PPD,,247.83
3791,,,,,,,,
,06/23/2025,Deposit,,,,SHOPPAYINST AFRM DES:PAYMENTS   ID:6DKLIQYCL9I8J1J           INDN:MONSTERBASS             CO ID:XXXXX98000 CCD,Reconciled,144.12
,06/23/2025,Deposit,,,,SHOPPAYINST AFRM DES:PAYMENTS   ID:6DKLIQYCL9I8J1J           INDN:MONSTERBASS             CO ID:XXXXX98000 CCD,,144.12
3793,,,,,,,,
,06/24/2025,Deposit,,,Shopify,Shopify          DES:TRANSFER   ID:ST-L4N6W3L9C4G0           INDN:OUTDOOR PLAYGROUND      CO ID:XXXXX65600 CCD,Reconciled,12077.77
,06/24/2025,Deposit,,,Shopify,Shopify          DES:TRANSFER   ID:ST-L4N6W3L9C4G0           INDN:OUTDOOR PLAYGROUND      CO ID:XXXXX65600 CCD,,12077.77
3794,,,,,,,,
,06/24/2025,Deposit,,,Shopify,Shopify          DES:TRANSFER   ID:ST-M9K3E3I1Q8S0           INDN:OUTDOOR PLAYGROUND INC  CO ID:XXXXX65600 CCD,Reconciled,33.7
,06/24/2025,Deposit,,,Shopify,Shopify          DES:TRANSFER   ID:ST-M9K3E3I1Q8S0           INDN:OUTDOOR PLAYGROUND INC  CO ID:XXXXX65600 CCD,,33.7
3795,,,,,,,,
,06/24/2025,Deposit,,Stripe,,STRIPE           DES:TRANSFER   ID:ST-T8V6E0G0C5R5           INDN:RICHARD PATRI           CO ID: XXXXX8598 CCD,Reconciled,708.21
,06/24/2025,Deposit,,Stripe,,STRIPE           DES:TRANSFER   ID:ST-T8V6E0G0C5R5           INDN:RICHARD PATRI           CO ID: XXXXX8598 CCD,,708.21
3817,,,,,,,,
,06/24/2025,Deposit,,,,SHOPPAYINST AFRM DES:PAYMENTS   ID:3W3UEN899EJOQUZ           INDN:MONSTERBASS             CO ID:XXXXX98000 CCD,Reconciled,106.78
,06/24/2025,Deposit,,,,SHOPPAYINST AFRM DES:PAYMENTS   ID:3W3UEN899EJOQUZ           INDN:MONSTERBASS             CO ID:XXXXX98000 CCD,,106.78
3818,,,,,,,,
,06/24/2025,Deposit,,,,SHOPPAYINST AFRM DES:PAYMENTS   ID:36YNVO5364E26IV           INDN:MONSTERBASS             CO ID:XXXXX98000 CCD,Reconciled,61.29
,06/24/2025,Deposit,,,,SHOPPAYINST AFRM DES:PAYMENTS   ID:36YNVO5364E26IV           INDN:MONSTERBASS             CO ID:XXXXX98000 CCD,,61.29
3837,,,,,,,,
,06/24/2025,Deposit,,,,PAYPAL           DES:TRANSFER   ID:XXXXX47536758             INDN:MAXIMUS OUTDOORS        CO ID:PAYPALSD11 PPD,Reconciled,745.84
,06/24/2025,Deposit,,,,PAYPAL           DES:TRANSFER   ID:XXXXX47536758             INDN:MAXIMUS OUTDOORS        CO ID:PAYPALSD11 PPD,,745.84
3811,,,,,,,,
,06/25/2025,Deposit,,,,"TikTok Inc       DES:PAYMENT    ID:XXXXXXXXXX59840           INDN:Outdoor Playground Inc  CO ID:XXXXX67522 CCD           PMT INFO:TikTok Shop-USLC7NEW6U, payout ID 346215           XXXXX49478138",Reconciled,15.03
,06/25/2025,Deposit,,,,"TikTok Inc       DES:PAYMENT    ID:XXXXXXXXXX59840           INDN:Outdoor Playground Inc  CO ID:XXXXX67522 CCD           PMT INFO:TikTok Shop-USLC7NEW6U, payout ID 346215           XXXXX49478138",,15.03
3813,,,,,,,,
,06/25/2025,Deposit,,Stripe,,STRIPE           DES:TRANSFER   ID:ST-W8J9N3E5Y9U1           INDN:RICHARD PATRI           CO ID:XXXXX48598 CCD,Reconciled,1663.68
,06/25/2025,Deposit,,Stripe,,STRIPE           DES:TRANSFER   ID:ST-W8J9N3E5Y9U1           INDN:RICHARD PATRI           CO ID:XXXXX48598 CCD,,1663.68
3819,,,,,,,,
,06/25/2025,Deposit,,,,SHOPPAYINST AFRM DES:AutoPay    ID:OWRL7ZKLNHG43TD           INDN:MONSTERBASS             CO ID:394440     CCD,Reconciled,222.35
,06/25/2025,Deposit,,,,SHOPPAYINST AFRM DES:AutoPay    ID:OWRL7ZKLNHG43TD           INDN:MONSTERBASS             CO ID:394440     CCD,,222.35
3824,,,,,,,,
,06/25/2025,Deposit,,,Shopify,Shopify          DES:TRANSFER   ID:ST-D0O6U4Q3S6E7           INDN:OUTDOOR PLAYGROUND      CO ID:XXXXX48598 CCD,Reconciled,2636.31
,06/25/2025,Deposit,,,Shopify,Shopify          DES:TRANSFER   ID:ST-D0O6U4Q3S6E7           INDN:OUTDOOR PLAYGROUND      CO ID:XXXXX48598 CCD,,2636.31
3834,,,,,,,,
,06/25/2025,Deposit,,,,PAYPAL           DES:TRANSFER   ID:XXXXX68896496             INDN:MAXIMUS OUTDOORS        CO ID:PAYPALSD11 PPD,Reconciled,799.06
,06/25/2025,Deposit,,,,PAYPAL           DES:TRANSFER   ID:XXXXX68896496             INDN:MAXIMUS OUTDOORS        CO ID:PAYPALSD11 PPD,,799.06
3849,,,,,,,,
,06/25/2025,Deposit,,,,BKOFAMERICA MOBILE 06/25 XXXXX63285 DEPOSIT                                    *MOBILE       CA,Reconciled,2270.48
,06/25/2025,Deposit,,,,BKOFAMERICA MOBILE 06/25 XXXXX63285 DEPOSIT                                    *MOBILE       CA,,2270.48
3850,,,,,,,,
,06/25/2025,Deposit,,,,BKOFAMERICA MOBILE 06/25 XXXXX34320 DEPOSIT                                    *MOBILE       CA,Reconciled,159.95
,06/25/2025,Deposit,,,,BKOFAMERICA MOBILE 06/25 XXXXX34320 DEPOSIT                                    *MOBILE       CA,,159.95
3851,,,,,,,,
,06/25/2025,Deposit,,,,BKOFAMERICA MOBILE 06/25 XXXXX24413 DEPOSIT                                    *MOBILE       CA,Reconciled,204
,06/25/2025,Deposit,,,,BKOFAMERICA MOBILE 06/25 XXXXX24413 DEPOSIT                                    *MOBILE       CA,,204
3814,,,,,,,,
,06/26/2025,Deposit,,Stripe,,STRIPE           DES:TRANSFER   ID:ST-D4M6A2E0Y6T6           INDN:RICHARD PATRI           CO ID:XXXXX65600 CCD,Reconciled,1319.35
,06/26/2025,Deposit,,Stripe,,STRIPE           DES:TRANSFER   ID:ST-D4M6A2E0Y6T6           INDN:RICHARD PATRI           CO ID:XXXXX65600 CCD,,1319.35
3822,,,,,,,,
,06/26/2025,Deposit,,,Shopify,Shopify          DES:TRANSFER   ID:ST-S9Y5C9C1H6D8           INDN:OUTDOOR PLAYGROUND      CO ID:XXXXX48598 CCD,Reconciled,6849.74
,06/26/2025,Deposit,,,Shopify,Shopify          DES:TRANSFER   ID:ST-S9Y5C9C1H6D8           INDN:OUTDOOR PLAYGROUND      CO ID:XXXXX48598 CCD,,6849.74
3832,,,,,,,,
,06/26/2025,Deposit,,,,PAYPAL           DES:TRANSFER   ID:XXXXX89840910             INDN:MAXIMUS OUTDOORS        CO ID:PAYPALSD11 PPD,Reconciled,1460.05
,06/26/2025,Deposit,,,,PAYPAL           DES:TRANSFER   ID:XXXXX89840910             INDN:MAXIMUS OUTDOORS        CO ID:PAYPALSD11 PPD,,1460.05
3843,,,,,,,,
,06/26/2025,Deposit,,,,AMAZON.CT4QU7KSI DES:PAYMENTS   ID:5K4U6EINHH3SLXD           INDN:Outdoor Playground Inc  CO ID:XXXXX40102 CCD,Reconciled,1032.82
,06/26/2025,Deposit,,,,AMAZON.CT4QU7KSI DES:PAYMENTS   ID:5K4U6EINHH3SLXD           INDN:Outdoor Playground Inc  CO ID:XXXXX40102 CCD,,1032.82
3800,,,,,,,,
,06/27/2025,Deposit,,Stripe,,STRIPE           DES:TRANSFER   ID:ST-O2D3W7R7V7W6           INDN:RICHARD PATRI           CO ID:XXXXX65600 CCD,Reconciled,295.87
,06/27/2025,Deposit,,Stripe,,STRIPE           DES:TRANSFER   ID:ST-O2D3W7R7V7W6           INDN:RICHARD PATRI           CO ID:XXXXX65600 CCD,,295.87
3801,,,,,,,,
,06/27/2025,Deposit,,,Shopify,Shopify          DES:TRANSFER   ID:ST-T5Y9D5B2T1H7           INDN:OUTDOOR PLAYGROUND      CO ID:XXXXX65600 CCD,Reconciled,5372.04
,06/27/2025,Deposit,,,Shopify,Shopify          DES:TRANSFER   ID:ST-T5Y9D5B2T1H7           INDN:OUTDOOR PLAYGROUND      CO ID:XXXXX65600 CCD,,5372.04
3838,,,,,,,,
,06/27/2025,Deposit,,,,PAYPAL           DES:TRANSFER   ID:XXXXX11145600             INDN:MAXIMUS OUTDOORS        CO ID:PAYPALSD11 PPD,Reconciled,732.18
,06/27/2025,Deposit,,,,PAYPAL           DES:TRANSFER   ID:XXXXX11145600             INDN:MAXIMUS OUTDOORS        CO ID:PAYPALSD11 PPD,,732.18
3821,,,,,,,,
,06/30/2025,Deposit,,,Shopify,Shopify          DES:TRANSFER   ID:ST-W5S2M4E7C2G6           INDN:OUTDOOR PLAYGROUND      CO ID:XXXXX65600 CCD,Reconciled,3430.35
,06/30/2025,Deposit,,,Shopify,Shopify          DES:TRANSFER   ID:ST-W5S2M4E7C2G6           INDN:OUTDOOR PLAYGROUND      CO ID:XXXXX65600 CCD,,3430.35
3812,,,,,,,,
,07/01/2025,Deposit,,Stripe,,STRIPE           DES:TRANSFER   ID:ST-Z7I4M1R8E4B2           INDN:RICHARD PATRI           CO ID:XXXXX65600 CCD,Reconciled,563.77
,07/01/2025,Deposit,,Stripe,,STRIPE           DES:TRANSFER   ID:ST-Z7I4M1R8E4B2           INDN:RICHARD PATRI           CO ID:XXXXX65600 CCD,,563.77
3815,,,,,,,,
,07/01/2025,Deposit,,Stripe,,STRIPE           DES:TRANSFER   ID:ST-A5R9O7S7N8L3           INDN:RICHARD PATRI           CO ID:XXXXX65600 CCD,Reconciled,308.61
,07/01/2025,Deposit,,Stripe,,STRIPE           DES:TRANSFER   ID:ST-A5R9O7S7N8L3           INDN:RICHARD PATRI           CO ID:XXXXX65600 CCD,,308.61
3816,,,,,,,,
,07/01/2025,Deposit,,,,SHOPPAYINST AFRM DES:PAYMENTS   ID:XGY18X8UZI2AB3N           INDN:MONSTERBASS             CO ID:XXXXX98000 CCD,Reconciled,222.34
,07/01/2025,Deposit,,,,SHOPPAYINST AFRM DES:PAYMENTS   ID:XGY18X8UZI2AB3N           INDN:MONSTERBASS             CO ID:XXXXX98000 CCD,,222.34
3823,,,,,,,,
,07/01/2025,Deposit,,,Shopify,Shopify          DES:TRANSFER   ID:ST-M2M0V2P5N2E3           INDN:OUTDOOR PLAYGROUND      CO ID:XXXXX65600 CCD,Reconciled,10392.45
,07/01/2025,Deposit,,,Shopify,Shopify          DES:TRANSFER   ID:ST-M2M0V2P5N2E3           INDN:OUTDOOR PLAYGROUND      CO ID:XXXXX65600 CCD,,10392.45
3831,,,,,,,,
,07/01/2025,Deposit,,,,PAYPAL           DES:TRANSFER   ID:XXXXX99564047             INDN:MAXIMUS OUTDOORS        CO ID:PAYPALSD11 PPD,Reconciled,276.51
,07/01/2025,Deposit,,,,PAYPAL           DES:TRANSFER   ID:XXXXX99564047             INDN:MAXIMUS OUTDOORS        CO ID:PAYPALSD11 PPD,,276.51
3833,,,,,,,,
,07/01/2025,Deposit,,,,PAYPAL           DES:TRANSFER   ID:XXXXX78851935             INDN:MAXIMUS OUTDOORS        CO ID:PAYPALSD11 PPD,Reconciled,750.35
,07/01/2025,Deposit,,,,PAYPAL           DES:TRANSFER   ID:XXXXX78851935             INDN:MAXIMUS OUTDOORS        CO ID:PAYPALSD11 PPD,,750.35
3835,,,,,,,,
,07/01/2025,Deposit,,,,PAYPAL           DES:TRANSFER   ID:XXXXX57290617             INDN:MAXIMUS OUTDOORS        CO ID:PAYPALSD11 PPD,Reconciled,717.64
,07/01/2025,Deposit,,,,PAYPAL           DES:TRANSFER   ID:XXXXX57290617             INDN:MAXIMUS OUTDOORS        CO ID:PAYPALSD11 PPD,,717.64
3836,,,,,,,,
,07/01/2025,Deposit,,,,PAYPAL           DES:TRANSFER   ID:XXXXX33513325             INDN:MAXIMUS OUTDOORS        CO ID:PAYPALSD11 PPD,Reconciled,248.94
,07/01/2025,Deposit,,,,PAYPAL           DES:TRANSFER   ID:XXXXX33513325             INDN:MAXIMUS OUTDOORS        CO ID:PAYPALSD11 PPD,,248.94
3860,,,,,,,,
,07/02/2025,Deposit,,Stripe,,STRIPE           DES:TRANSFER   ID:ST-C2S5L6K1G8T9           INDN:RICHARD PATRI           CO ID:XXXXX48598 CCD,Reconciled,681.11
,07/02/2025,Deposit,,Stripe,,STRIPE           DES:TRANSFER   ID:ST-C2S5L6K1G8T9           INDN:RICHARD PATRI           CO ID:XXXXX48598 CCD,,681.11
3861,,,,,,,,
,07/02/2025,Deposit,,,Shopify,Shopify          DES:TRANSFER   ID:ST-R4K4A9V0Z9A0           INDN:OUTDOOR PLAYGROUND      CO ID:XXXXX48598 CCD,Reconciled,5776.45
,07/02/2025,Deposit,,,Shopify,Shopify          DES:TRANSFER   ID:ST-R4K4A9V0Z9A0           INDN:OUTDOOR PLAYGROUND      CO ID:XXXXX48598 CCD,,5776.45
3863,,,,,,,,
,07/02/2025,Deposit,,,,PAYPAL           DES:TRANSFER   ID:XXXXX24449437             INDN:MAXIMUS OUTDOORS        CO ID:PAYPALSD11 PPD,Reconciled,413.46
,07/02/2025,Deposit,,,,PAYPAL           DES:TRANSFER   ID:XXXXX24449437             INDN:MAXIMUS OUTDOORS        CO ID:PAYPALSD11 PPD,,413.46
3866,,,,,,,,
,07/03/2025,Deposit,,,Shopify,Shopify          DES:TRANSFER   ID:ST-N4Y7G3E4H6H5           INDN:OUTDOOR PLAYGROUND INC  CO ID:XXXXX65600 CCD,Reconciled,8.45
,07/03/2025,Deposit,,,Shopify,Shopify          DES:TRANSFER   ID:ST-N4Y7G3E4H6H5           INDN:OUTDOOR PLAYGROUND INC  CO ID:XXXXX65600 CCD,,8.45
3867,,,,,,,,
,07/03/2025,Deposit,,,Shopify,Shopify          DES:TRANSFER   ID:ST-C5E9B5P9Z5Z0           INDN:OUTDOOR PLAYGROUND      CO ID:XXXXX48598 CCD,Reconciled,5744.03
,07/03/2025,Deposit,,,Shopify,Shopify          DES:TRANSFER   ID:ST-C5E9B5P9Z5Z0           INDN:OUTDOOR PLAYGROUND      CO ID:XXXXX48598 CCD,,5744.03
3868,,,,,,,,
,07/03/2025,Deposit,,Stripe,,STRIPE           DES:TRANSFER   ID:ST-H6P2G3Q5O6Y1           INDN:RICHARD PATRI           CO ID:XXXXX48598 CCD,Reconciled,2122.66
,07/03/2025,Deposit,,Stripe,,STRIPE           DES:TRANSFER   ID:ST-H6P2G3Q5O6Y1           INDN:RICHARD PATRI           CO ID:XXXXX48598 CCD,,2122.66
3871,,,,,,,,
,07/03/2025,Deposit,,,,PAYPAL           DES:TRANSFER   ID:XXXXX50987014             INDN:MAXIMUS OUTDOORS        CO ID:PAYPALSD11 PPD,Reconciled,458
,07/03/2025,Deposit,,,,PAYPAL           DES:TRANSFER   ID:XXXXX50987014             INDN:MAXIMUS OUTDOORS        CO ID:PAYPALSD11 PPD,,458
3886,,,,,,,,
,07/07/2025,Deposit,,Stripe,,STRIPE           DES:TRANSFER   ID:ST-U0V2B0N0O7B3           INDN:RICHARD PATRI           CO ID:XXXXX48598 CCD,Reconciled,918.29
,07/07/2025,Deposit,,Stripe,,STRIPE           DES:TRANSFER   ID:ST-U0V2B0N0O7B3           INDN:RICHARD PATRI           CO ID:XXXXX48598 CCD,,918.29
3887,,,,,,,,
,07/07/2025,Deposit,,,Shopify,SHOPPAYINST AFRM DES:PAYMENTS   ID:IRGCN4FGV0JFM99           INDN:MONSTERBASS             CO ID:XXXXX98000 CCD,Reconciled,74.93
,07/07/2025,Deposit,,,Shopify,SHOPPAYINST AFRM DES:PAYMENTS   ID:IRGCN4FGV0JFM99           INDN:MONSTERBASS             CO ID:XXXXX98000 CCD,,74.93
3888,,,,,,,,
,07/07/2025,Deposit,,,Shopify,Shopify          DES:TRANSFER   ID:ST-Z7E7A4O2J3Q4           INDN:OUTDOOR PLAYGROUND      CO ID:XXXXX65600 CCD,Reconciled,3076.46
,07/07/2025,Deposit,,,Shopify,Shopify          DES:TRANSFER   ID:ST-Z7E7A4O2J3Q4           INDN:OUTDOOR PLAYGROUND      CO ID:XXXXX65600 CCD,,3076.46
3889,,,,,,,,
,07/07/2025,Deposit,,,Shopify,Shopify          DES:TRANSFER   ID:ST-A9Y4M6K0K9G0           INDN:OUTDOOR PLAYGROUND INC  CO ID:XXXXX48598 CCD,Reconciled,14.57
,07/07/2025,Deposit,,,Shopify,Shopify          DES:TRANSFER   ID:ST-A9Y4M6K0K9G0           INDN:OUTDOOR PLAYGROUND INC  CO ID:XXXXX48598 CCD,,14.57
3890,,,,,,,,
,07/07/2025,Deposit,,,Shopify,SHOPIFY          DES:TRANSFER   ID:SHOPIFY                   INDN:UNKNOWN                 CO ID:SHOPIFYPMT WEB,Reconciled,25.42
,07/07/2025,Deposit,,,Shopify,SHOPIFY          DES:TRANSFER   ID:SHOPIFY                   INDN:UNKNOWN                 CO ID:SHOPIFYPMT WEB,,25.42
3891,,,,,,,,
,07/07/2025,Deposit,,,Shopify,SHOPIFY          DES:TRANSFER   ID:SHOPIFY                   INDN:UNKNOWN                 CO ID:SHOPIFYPMT WEB,Reconciled,21.51
,07/07/2025,Deposit,,,Shopify,SHOPIFY          DES:TRANSFER   ID:SHOPIFY                   INDN:UNKNOWN                 CO ID:SHOPIFYPMT WEB,,21.51
3892,,,,,,,,
,07/07/2025,Deposit,,,Shopify,SHOPIFY          DES:TRANSFER   ID:SHOPIFY                   INDN:UNKNOWN                 CO ID:SHOPIFYPMT WEB,Reconciled,26.93
,07/07/2025,Deposit,,,Shopify,SHOPIFY          DES:TRANSFER   ID:SHOPIFY                   INDN:UNKNOWN                 CO ID:SHOPIFYPMT WEB,,26.93
3895,,,,,,,,
,07/07/2025,Deposit,,,,PAYPAL           DES:TRANSFER   ID:XXXXX98168870             INDN:MAXIMUS OUTDOORS        CO ID:PAYPALSD11 PPD,Reconciled,766.06
,07/07/2025,Deposit,,,,PAYPAL           DES:TRANSFER   ID:XXXXX98168870             INDN:MAXIMUS OUTDOORS        CO ID:PAYPALSD11 PPD,,766.06
3896,,,,,,,,
,07/07/2025,Deposit,,,,PAYPAL           DES:TRANSFER   ID:XXXXX74506859             INDN:MAXIMUS OUTDOORS        CO ID:PAYPALSD11 PPD,Reconciled,91.83
,07/07/2025,Deposit,,,,PAYPAL           DES:TRANSFER   ID:XXXXX74506859             INDN:MAXIMUS OUTDOORS        CO ID:PAYPALSD11 PPD,,91.83
3897,,,,,,,,
,07/07/2025,Deposit,,,,PAYPAL           DES:TRANSFER   ID:XXXXX37290638             INDN:MAXIMUS OUTDOORS        CO ID:PAYPALSD11 PPD,Reconciled,679.68
,07/07/2025,Deposit,,,,PAYPAL           DES:TRANSFER   ID:XXXXX37290638             INDN:MAXIMUS OUTDOORS        CO ID:PAYPALSD11 PPD,,679.68
3898,,,,,,,,
,07/07/2025,Deposit,,,,PAYPAL           DES:TRANSFER   ID:XXXXX18157666             INDN:MAXIMUS OUTDOORS        CO ID:PAYPALSD11 PPD,Reconciled,635.03
,07/07/2025,Deposit,,,,PAYPAL           DES:TRANSFER   ID:XXXXX18157666             INDN:MAXIMUS OUTDOORS        CO ID:PAYPALSD11 PPD,,635.03
3902,,,,,,,,
,07/08/2025,Deposit,,,Shopify,SHOPIFY          DES:TRANSFER   ID:SHOPIFY                   INDN:UNKNOWN                 CO ID:SHOPIFYPMT WEB,Reconciled,12.8
,07/08/2025,Deposit,,,Shopify,SHOPIFY          DES:TRANSFER   ID:SHOPIFY                   INDN:UNKNOWN                 CO ID:SHOPIFYPMT WEB,,12.8
3903,,,,,,,,
,07/08/2025,Deposit,,,Shopify,Shopify          DES:TRANSFER   ID:ST-B7J0R2G4L8T8           INDN:OUTDOOR PLAYGROUND      CO ID:XXXXX48598 CCD,Reconciled,19220.57
,07/08/2025,Deposit,,,Shopify,Shopify          DES:TRANSFER   ID:ST-B7J0R2G4L8T8           INDN:OUTDOOR PLAYGROUND      CO ID:XXXXX48598 CCD,,19220.57
3905,,,,,,,,
,07/08/2025,Deposit,,Stripe,,STRIPE           DES:TRANSFER   ID:ST-D5U0I5W3R5A2           INDN:RICHARD PATRI           CO ID:XXXXX65600 CCD,Reconciled,1910.23
,07/08/2025,Deposit,,Stripe,,STRIPE           DES:TRANSFER   ID:ST-D5U0I5W3R5A2           INDN:RICHARD PATRI           CO ID:XXXXX65600 CCD,,1910.23
3906,,,,,,,,
,07/08/2025,Deposit,,,Shopify,Shopify          DES:TRANSFER   ID:ST-Y6H0X1I7F9Y0           INDN:OUTDOOR PLAYGROUND INC  CO ID:XXXXX65600 CCD,Reconciled,7.2
,07/08/2025,Deposit,,,Shopify,Shopify          DES:TRANSFER   ID:ST-Y6H0X1I7F9Y0           INDN:OUTDOOR PLAYGROUND INC  CO ID:XXXXX65600 CCD,,7.2
3936,,,,,,,,
,07/08/2025,Deposit,,,Shopify,SHOPPAYINST AFRM DES:PAYMENTS   ID:U76DXYNY52NZH5S           INDN:MONSTERBASS             CO ID:XXXXX98000 CCD,Reconciled,36.29
,07/08/2025,Deposit,,,Shopify,SHOPPAYINST AFRM DES:PAYMENTS   ID:U76DXYNY52NZH5S           INDN:MONSTERBASS             CO ID:XXXXX98000 CCD,,36.29
3941,,,,,,,,
,07/08/2025,Deposit,,,Shopify,SHOPPAYINST AFRM DES:PAYMENTS   ID:EUP7KY6R7XJW22T           INDN:MONSTERBASS             CO ID:XXXXX98000 CCD,Reconciled,122.36
,07/08/2025,Deposit,,,Shopify,SHOPPAYINST AFRM DES:PAYMENTS   ID:EUP7KY6R7XJW22T           INDN:MONSTERBASS             CO ID:XXXXX98000 CCD,,122.36
3955,,,,,,,,
,07/08/2025,Deposit,,,PayPal,PAYPAL           DES:TRANSFER   ID:XXXXX57852029             INDN:MAXIMUS OUTDOORS        CO ID:PAYPALSD11 PPD,Reconciled,583.82
,07/08/2025,Deposit,,,PayPal,PAYPAL           DES:TRANSFER   ID:XXXXX57852029             INDN:MAXIMUS OUTDOORS        CO ID:PAYPALSD11 PPD,,583.82
3908,,,,,,,,
,07/09/2025,Deposit,,Stripe,,STRIPE           DES:TRANSFER   ID:ST-K6P3D8S0O1N3           INDN:RICHARD PATRI           CO ID:XXXXX65600 CCD,Reconciled,2888.33
,07/09/2025,Deposit,,Stripe,,STRIPE           DES:TRANSFER   ID:ST-K6P3D8S0O1N3           INDN:RICHARD PATRI           CO ID:XXXXX65600 CCD,,2888.33
3909,,,,,,,,
,07/09/2025,Deposit,,,Shopify,Shopify          DES:TRANSFER   ID:ST-R7J7G7H7F3P9           INDN:OUTDOOR PLAYGROUND      CO ID:XXXXX65600 CCD,Reconciled,2211.18
,07/09/2025,Deposit,,,Shopify,Shopify          DES:TRANSFER   ID:ST-R7J7G7H7F3P9           INDN:OUTDOOR PLAYGROUND      CO ID:XXXXX65600 CCD,,2211.18
3953,,,,,,,,
,07/09/2025,Deposit,,,PayPal,PAYPAL           DES:TRANSFER   ID:XXXXX80200484             INDN:MAXIMUS OUTDOORS        CO ID:PAYPALSD11 PPD,Reconciled,595.04
,07/09/2025,Deposit,,,PayPal,PAYPAL           DES:TRANSFER   ID:XXXXX80200484             INDN:MAXIMUS OUTDOORS        CO ID:PAYPALSD11 PPD,,595.04
3911,,,,,,,,
,07/10/2025,Deposit,,Stripe,,STRIPE           DES:TRANSFER   ID:ST-F2I9H9D9M3X7           INDN:RICHARD PATRI           CO ID:XXXXX48598 CCD,Reconciled,389.5
,07/10/2025,Deposit,,Stripe,,STRIPE           DES:TRANSFER   ID:ST-F2I9H9D9M3X7           INDN:RICHARD PATRI           CO ID:XXXXX48598 CCD,,389.5
3913,,,,,,,,
,07/10/2025,Deposit,,,Shopify,Shopify          DES:TRANSFER   ID:ST-Y0G6Q1R8P0C5           INDN:OUTDOOR PLAYGROUND      CO ID:XXXXX65600 CCD,Reconciled,2699.65
,07/10/2025,Deposit,,,Shopify,Shopify          DES:TRANSFER   ID:ST-Y0G6Q1R8P0C5           INDN:OUTDOOR PLAYGROUND      CO ID:XXXXX65600 CCD,,2699.65
3948,,,,,,,,
,07/10/2025,Deposit,,,,"TikTok Inc       DES:PAYMENT    ID:XXXXXXXXXX57517           INDN:Outdoor Playground Inc  CO ID:XXXXX67522 CCD           PMT INFO:TikTok Shop-USLC7NEW6U, payout ID 346252           XXXXX26175226",Reconciled,50.7
,07/10/2025,Deposit,,,,"TikTok Inc       DES:PAYMENT    ID:XXXXXXXXXX57517           INDN:Outdoor Playground Inc  CO ID:XXXXX67522 CCD           PMT INFO:TikTok Shop-USLC7NEW6U, payout ID 346252           XXXXX26175226",,50.7
3960,,,,,,,,
,07/10/2025,Deposit,,,PayPal,PAYPAL           DES:TRANSFER   ID:XXXXX01951604             INDN:MAXIMUS OUTDOORS        CO ID:PAYPALSD11 PPD,Reconciled,326.85
,07/10/2025,Deposit,,,PayPal,PAYPAL           DES:TRANSFER   ID:XXXXX01951604             INDN:MAXIMUS OUTDOORS        CO ID:PAYPALSD11 PPD,,326.85
3966,,,,,,,,
,07/10/2025,Deposit,,,,AMAZON.CF8TRSGFQ DES:PAYMENTS   ID:1K69ZS0BBA6U0PV           INDN:Outdoor Playground Inc  CO ID:XXXXX40102 CCD,Reconciled,224.67
,07/10/2025,Deposit,,,,AMAZON.CF8TRSGFQ DES:PAYMENTS   ID:1K69ZS0BBA6U0PV           INDN:Outdoor Playground Inc  CO ID:XXXXX40102 CCD,,224.67
3910,,,,,,,,
,07/11/2025,Deposit,,Stripe,,STRIPE           DES:TRANSFER   ID:ST-J9M5W7T8R6A3           INDN:RICHARD PATRI           CO ID:XXXXX65600 CCD,Reconciled,631.83
,07/11/2025,Deposit,,Stripe,,STRIPE           DES:TRANSFER   ID:ST-J9M5W7T8R6A3           INDN:RICHARD PATRI           CO ID:XXXXX65600 CCD,,631.83
3912,,,,,,,,
,07/11/2025,Deposit,,,Shopify,Shopify          DES:TRANSFER   ID:ST-J5E2Q5Y3E5X5           INDN:OUTDOOR PLAYGROUND      CO ID:XXXXX48598 CCD,Reconciled,3331.71
,07/11/2025,Deposit,,,Shopify,Shopify          DES:TRANSFER   ID:ST-J5E2Q5Y3E5X5           INDN:OUTDOOR PLAYGROUND      CO ID:XXXXX48598 CCD,,3331.71
3942,,,,,,,,
,07/11/2025,Deposit,,,Shopify,SHOPPAYINST AFRM DES:PAYMENTS   ID:84LBXPE9XMMCTBG           INDN:MONSTERBASS             CO ID:XXXXX98000 CCD,Reconciled,73.43
,07/11/2025,Deposit,,,Shopify,SHOPPAYINST AFRM DES:PAYMENTS   ID:84LBXPE9XMMCTBG           INDN:MONSTERBASS             CO ID:XXXXX98000 CCD,,73.43
3958,,,,,,,,
,07/11/2025,Deposit,,,PayPal,PAYPAL           DES:TRANSFER   ID:XXXXX23437892             INDN:MAXIMUS OUTDOORS        CO ID:PAYPALSD11 PPD,Reconciled,226.23
,07/11/2025,Deposit,,,PayPal,PAYPAL           DES:TRANSFER   ID:XXXXX23437892             INDN:MAXIMUS OUTDOORS        CO ID:PAYPALSD11 PPD,,226.23
3917,,,,,,,,
,07/14/2025,Deposit,,Stripe,,STRIPE           DES:TRANSFER   ID:ST-T3X3F1Z3Z8O4           INDN:RICHARD PATRI           CO ID:XXXXX48598 CCD,Reconciled,592.27
,07/14/2025,Deposit,,Stripe,,STRIPE           DES:TRANSFER   ID:ST-T3X3F1Z3Z8O4           INDN:RICHARD PATRI           CO ID:XXXXX48598 CCD,,592.27
3918,,,,,,,,
,07/14/2025,Deposit,,,Shopify,SHOPIFY          DES:TRANSFER   ID:SHOPIFY                   INDN:UNKNOWN                 CO ID:SHOPIFYPMT WEB,Reconciled,47.81
,07/14/2025,Deposit,,,Shopify,SHOPIFY          DES:TRANSFER   ID:SHOPIFY                   INDN:UNKNOWN                 CO ID:SHOPIFYPMT WEB,,47.81
3919,,,,,,,,
,07/14/2025,Deposit,,,Shopify,SHOPIFY          DES:TRANSFER   ID:SHOPIFY                   INDN:UNKNOWN                 CO ID:SHOPIFYPMT WEB,Reconciled,18.46
,07/14/2025,Deposit,,,Shopify,SHOPIFY          DES:TRANSFER   ID:SHOPIFY                   INDN:UNKNOWN                 CO ID:SHOPIFYPMT WEB,,18.46
3920,,,,,,,,
,07/14/2025,Deposit,,,Shopify,Shopify          DES:TRANSFER   ID:ST-N2J4A8P3Z2A6           INDN:OUTDOOR PLAYGROUND      CO ID:XXXXX48598 CCD,Reconciled,2111.28
,07/14/2025,Deposit,,,Shopify,Shopify          DES:TRANSFER   ID:ST-N2J4A8P3Z2A6           INDN:OUTDOOR PLAYGROUND      CO ID:XXXXX48598 CCD,,2111.28
3921,,,,,,,,
,07/14/2025,Deposit,,,Shopify,SHOPIFY          DES:TRANSFER   ID:SHOPIFY                   INDN:UNKNOWN                 CO ID:SHOPIFYPMT WEB,Reconciled,6.47
,07/14/2025,Deposit,,,Shopify,SHOPIFY          DES:TRANSFER   ID:SHOPIFY                   INDN:UNKNOWN                 CO ID:SHOPIFYPMT WEB,,6.47
3938,,,,,,,,
,07/14/2025,Deposit,,,Shopify,SHOPPAYINST AFRM DES:PAYMENTS   ID:SJC5TIB72CS2CX1           INDN:MONSTERBASS             CO ID:XXXXX98000 CCD,Reconciled,62.7
,07/14/2025,Deposit,,,Shopify,SHOPPAYINST AFRM DES:PAYMENTS   ID:SJC5TIB72CS2CX1           INDN:MONSTERBASS             CO ID:XXXXX98000 CCD,,62.7
3952,,,,,,,,
,07/14/2025,Deposit,,,PayPal,PAYPAL           DES:TRANSFER   ID:XXXXX87201665             INDN:MAXIMUS OUTDOORS        CO ID:PAYPALSD11 PPD,Reconciled,159.14
,07/14/2025,Deposit,,,PayPal,PAYPAL           DES:TRANSFER   ID:XXXXX87201665             INDN:MAXIMUS OUTDOORS        CO ID:PAYPALSD11 PPD,,159.14
3954,,,,,,,,
,07/14/2025,Deposit,,,PayPal,PAYPAL           DES:TRANSFER   ID:XXXXX67469505             INDN:MAXIMUS OUTDOORS        CO ID:PAYPALSD11 PPD,Reconciled,450.03
,07/14/2025,Deposit,,,PayPal,PAYPAL           DES:TRANSFER   ID:XXXXX67469505             INDN:MAXIMUS OUTDOORS        CO ID:PAYPALSD11 PPD,,450.03
3956,,,,,,,,
,07/14/2025,Deposit,,,PayPal,PAYPAL           DES:TRANSFER   ID:XXXXX45534064             INDN:MAXIMUS OUTDOORS        CO ID:PAYPALSD11 PPD,Reconciled,182.57
,07/14/2025,Deposit,,,PayPal,PAYPAL           DES:TRANSFER   ID:XXXXX45534064             INDN:MAXIMUS OUTDOORS        CO ID:PAYPALSD11 PPD,,182.57
3922,,,,,,,,
,07/15/2025,Deposit,,,Shopify,SHOPIFY          DES:TRANSFER   ID:SHOPIFY                   INDN:UNKNOWN                 CO ID:SHOPIFYPMT WEB,Reconciled,32.03
,07/15/2025,Deposit,,,Shopify,SHOPIFY          DES:TRANSFER   ID:SHOPIFY                   INDN:UNKNOWN                 CO ID:SHOPIFYPMT WEB,,32.03
3923,,,,,,,,
,07/15/2025,Deposit,,Stripe,,STRIPE           DES:TRANSFER   ID:ST-P1Z2U3F4L5J2           INDN:RICHARD PATRI           CO ID:XXXXX65600 CCD,Reconciled,281.03
,07/15/2025,Deposit,,Stripe,,STRIPE           DES:TRANSFER   ID:ST-P1Z2U3F4L5J2           INDN:RICHARD PATRI           CO ID:XXXXX65600 CCD,,281.03
3925,,,,,,,,
,07/15/2025,Deposit,,,Shopify,SHOPIFY          DES:TRANSFER   ID:ST-X1G2A5M6O2W1           INDN:OUTDOOR PLAYGROUND      CO ID: XXXXX8598 CCD,Reconciled,10283.66
,07/15/2025,Deposit,,,Shopify,SHOPIFY          DES:TRANSFER   ID:ST-X1G2A5M6O2W1           INDN:OUTDOOR PLAYGROUND      CO ID: XXXXX8598 CCD,,10283.66
3937,,,,,,,,
,07/15/2025,Deposit,,,Shopify,SHOPPAYINST AFRM DES:PAYMENTS   ID:SUUJDHF8HRGEIVY           INDN:MONSTERBASS             CO ID:XXXXX98000 CCD,Reconciled,45.47
,07/15/2025,Deposit,,,Shopify,SHOPPAYINST AFRM DES:PAYMENTS   ID:SUUJDHF8HRGEIVY           INDN:MONSTERBASS             CO ID:XXXXX98000 CCD,,45.47
3939,,,,,,,,
,07/15/2025,Deposit,,,Shopify,SHOPPAYINST AFRM DES:PAYMENTS   ID:HXSBQAQ7799AHUA           INDN:MONSTERBASS             CO ID:XXXXX98000 CCD,Reconciled,139.33
,07/15/2025,Deposit,,,Shopify,SHOPPAYINST AFRM DES:PAYMENTS   ID:HXSBQAQ7799AHUA           INDN:MONSTERBASS             CO ID:XXXXX98000 CCD,,139.33
3959,,,,,,,,
,07/15/2025,Deposit,,,PayPal,PAYPAL           DES:TRANSFER   ID:XXXXX07293052             INDN:MAXIMUS OUTDOORS        CO ID:PAYPALSD11 PPD,Reconciled,247.57
,07/15/2025,Deposit,,,PayPal,PAYPAL           DES:TRANSFER   ID:XXXXX07293052             INDN:MAXIMUS OUTDOORS        CO ID:PAYPALSD11 PPD,,247.57
3926,,,,,,,,
,07/16/2025,Deposit,,,Shopify,Shopify          DES:TRANSFER   ID:ST-K7P3I8T1T9M0           INDN:OUTDOOR PLAYGROUND      CO ID:XXXXX48598 CCD,Reconciled,2909.85
,07/16/2025,Deposit,,,Shopify,Shopify          DES:TRANSFER   ID:ST-K7P3I8T1T9M0           INDN:OUTDOOR PLAYGROUND      CO ID:XXXXX48598 CCD,,2909.85
3927,,,,,,,,
,07/16/2025,Deposit,,Stripe,,STRIPE           DES:TRANSFER   ID:ST-A6G7I0M4D1I6           INDN:RICHARD PATRI           CO ID:XXXXX48598 CCD,Reconciled,1979.68
,07/16/2025,Deposit,,Stripe,,STRIPE           DES:TRANSFER   ID:ST-A6G7I0M4D1I6           INDN:RICHARD PATRI           CO ID:XXXXX48598 CCD,,1979.68
3940,,,,,,,,
,07/16/2025,Deposit,,,Shopify,SHOPPAYINST AFRM DES:PAYMENTS   ID:HXIFJ1G4OBL3NTR           INDN:MONSTERBASS             CO ID:XXXXX98000 CCD,Reconciled,37.48
,07/16/2025,Deposit,,,Shopify,SHOPPAYINST AFRM DES:PAYMENTS   ID:HXIFJ1G4OBL3NTR           INDN:MONSTERBASS             CO ID:XXXXX98000 CCD,,37.48
3957,,,,,,,,
,07/16/2025,Deposit,,,PayPal,PAYPAL           DES:TRANSFER   ID:XXXXX28941665             INDN:MAXIMUS OUTDOORS        CO ID:PAYPALSD11 PPD,Reconciled,638.09
,07/16/2025,Deposit,,,PayPal,PAYPAL           DES:TRANSFER   ID:XXXXX28941665             INDN:MAXIMUS OUTDOORS        CO ID:PAYPALSD11 PPD,,638.09
3934,,,,,,,,
,07/17/2025,Deposit,,Stripe,,STRIPE           DES:TRANSFER   ID:ST-V4I7O4B0U0J1           INDN:RICHARD PATRI           CO ID:XXXXX48598 CCD,Reconciled,279.79
,07/17/2025,Deposit,,Stripe,,STRIPE           DES:TRANSFER   ID:ST-V4I7O4B0U0J1           INDN:RICHARD PATRI           CO ID:XXXXX48598 CCD,,279.79
3935,,,,,,,,
,07/17/2025,Deposit,,,Shopify,SHOPPAYINST AFRM DES:PAYMENTS   ID:VN5UL53R6KQRFVD           INDN:MONSTERBASS             CO ID:XXXXX98000 CCD,Reconciled,80.02
,07/17/2025,Deposit,,,Shopify,SHOPPAYINST AFRM DES:PAYMENTS   ID:VN5UL53R6KQRFVD           INDN:MONSTERBASS             CO ID:XXXXX98000 CCD,,80.02
3943,,,,,,,,
,07/17/2025,Deposit,,,Shopify,Shopify          DES:TRANSFER   ID:ST-K4F3I6M7L5E2           INDN:OUTDOOR PLAYGROUND      CO ID:XXXXX65600 CCD,Reconciled,3696.22
,07/17/2025,Deposit,,,Shopify,Shopify          DES:TRANSFER   ID:ST-K4F3I6M7L5E2           INDN:OUTDOOR PLAYGROUND      CO ID:XXXXX65600 CCD,,3696.22
3969,,,,,,,,
,07/17/2025,Deposit,,,,PAYPAL           DES:TRANSFER   ID:XXXXX50990970             INDN:MAXIMUS OUTDOORS        CO ID:PAYPALSD11 PPD,Reconciled,635.44
,07/17/2025,Deposit,,,,PAYPAL           DES:TRANSFER   ID:XXXXX50990970             INDN:MAXIMUS OUTDOORS        CO ID:PAYPALSD11 PPD,,635.44
3975,,,,,,,,
,07/18/2025,Deposit,,,Shopify,SHOPIFY          DES:TRANSFER   ID:SHOPIFY                   INDN:UNKNOWN                 CO ID:SHOPIFYPMT WEB,Reconciled,32.22
,07/18/2025,Deposit,,,Shopify,SHOPIFY          DES:TRANSFER   ID:SHOPIFY                   INDN:UNKNOWN                 CO ID:SHOPIFYPMT WEB,,32.22
3976,,,,,,,,
,07/18/2025,Deposit,,Stripe,,STRIPE           DES:TRANSFER   ID:ST-A7O2U5F8K6K8           INDN:RICHARD PATRI           CO ID:XXXXX48598 CCD,Reconciled,299.64
,07/18/2025,Deposit,,Stripe,,STRIPE           DES:TRANSFER   ID:ST-A7O2U5F8K6K8           INDN:RICHARD PATRI           CO ID:XXXXX48598 CCD,,299.64
3977,,,,,,,,
,07/18/2025,Deposit,,,Shopify,Shopify          DES:TRANSFER   ID:ST-Z3K0E0O2P0M6           INDN:OUTDOOR PLAYGROUND      CO ID:XXXXX65600 CCD,Reconciled,3785.36
,07/18/2025,Deposit,,,Shopify,Shopify          DES:TRANSFER   ID:ST-Z3K0E0O2P0M6           INDN:OUTDOOR PLAYGROUND      CO ID:XXXXX65600 CCD,,3785.36
3980,,,,,,,,
,07/18/2025,Deposit,,,Shopify,SHOPPAYINST AFRM DES:PAYMENTS   ID:X99XQBQLQX4IZAB           INDN:MONSTERBASS             CO ID:XXXXX98000 CCD,Reconciled,136.56
,07/18/2025,Deposit,,,Shopify,SHOPPAYINST AFRM DES:PAYMENTS   ID:X99XQBQLQX4IZAB           INDN:MONSTERBASS             CO ID:XXXXX98000 CCD,,136.56
3981,,,,,,,,
,07/18/2025,Deposit,,,,PAYPAL           DES:TRANSFER   ID:XXXXX72388363             INDN:MAXIMUS OUTDOORS        CO ID:PAYPALSD11 PPD,Reconciled,114.84
,07/18/2025,Deposit,,,,PAYPAL           DES:TRANSFER   ID:XXXXX72388363             INDN:MAXIMUS OUTDOORS        CO ID:PAYPALSD11 PPD,,114.84
3990,,,,,,,,
,07/21/2025,Deposit,,,Shopify,Shopify          DES:TRANSFER   ID:ST-W6G0H6R1U4D8           INDN:OUTDOOR PLAYGROUND      CO ID:XXXXX65600 CCD,Reconciled,2937.78
,07/21/2025,Deposit,,,Shopify,Shopify          DES:TRANSFER   ID:ST-W6G0H6R1U4D8           INDN:OUTDOOR PLAYGROUND      CO ID:XXXXX65600 CCD,,2937.78
3991,,,,,,,,
,07/21/2025,Deposit,,,Shopify,SHOPIFY          DES:TRANSFER   ID:SHOPIFY                   INDN:UNKNOWN                 CO ID:SHOPIFYPMT WEB,Reconciled,12.4
,07/21/2025,Deposit,,,Shopify,SHOPIFY          DES:TRANSFER   ID:SHOPIFY                   INDN:UNKNOWN                 CO ID:SHOPIFYPMT WEB,,12.4
3992,,,,,,,,
,07/21/2025,Deposit,,,Shopify,SHOPIFY          DES:TRANSFER   ID:SHOPIFY                   INDN:UNKNOWN                 CO ID:SHOPIFYPMT WEB,Reconciled,94.23
,07/21/2025,Deposit,,,Shopify,SHOPIFY          DES:TRANSFER   ID:SHOPIFY                   INDN:UNKNOWN                 CO ID:SHOPIFYPMT WEB,,94.23
3993,,,,,,,,
,07/21/2025,Deposit,,Stripe,,STRIPE           DES:TRANSFER   ID:ST-T6Q5R5Z1I2C7           INDN:RICHARD PATRI           CO ID:XXXXX48598 CCD,Reconciled,669.12
,07/21/2025,Deposit,,Stripe,,STRIPE           DES:TRANSFER   ID:ST-T6Q5R5Z1I2C7           INDN:RICHARD PATRI           CO ID:XXXXX48598 CCD,,669.12
3999,,,,,,,,
,07/21/2025,Deposit,,,,"TikTok Inc       DES:PAYMENT    ID:XXXXXXXXXX74234           INDN:Outdoor Playground Inc  CO ID:XXXXX67522 CCD           PMT INFO:TikTok Shop-USLC7NEW6U, payout ID 346276           XXXXX82953466",Reconciled,31.96
,07/21/2025,Deposit,,,,"TikTok Inc       DES:PAYMENT    ID:XXXXXXXXXX74234           INDN:Outdoor Playground Inc  CO ID:XXXXX67522 CCD           PMT INFO:TikTok Shop-USLC7NEW6U, payout ID 346276           XXXXX82953466",,31.96
4001,,,,,,,,
,07/21/2025,Deposit,,,Shopify,SHOPPAYINST AFRM DES:AutoPay    ID:IF0D94MJTG4S8SS           INDN:MONSTERBASS             CO ID:394440     CCD,Reconciled,202.94
,07/21/2025,Deposit,,,Shopify,SHOPPAYINST AFRM DES:AutoPay    ID:IF0D94MJTG4S8SS           INDN:MONSTERBASS             CO ID:394440     CCD,,202.94
4004,,,,,,,,
,07/21/2025,Deposit,,,,PAYPAL           DES:TRANSFER   ID:XXXXX94042536             INDN:MAXIMUS OUTDOORS        CO ID:PAYPALSD11 PPD,Reconciled,217.78
,07/21/2025,Deposit,,,,PAYPAL           DES:TRANSFER   ID:XXXXX94042536             INDN:MAXIMUS OUTDOORS        CO ID:PAYPALSD11 PPD,,217.78
4006,,,,,,,,
,07/21/2025,Deposit,,,,PAYPAL           DES:TRANSFER   ID:XXXXX35305800             INDN:MAXIMUS OUTDOORS        CO ID:PAYPALSD11 PPD,Reconciled,341.34
,07/21/2025,Deposit,,,,PAYPAL           DES:TRANSFER   ID:XXXXX35305800             INDN:MAXIMUS OUTDOORS        CO ID:PAYPALSD11 PPD,,341.34
4007,,,,,,,,
,07/21/2025,Deposit,,,,PAYPAL           DES:TRANSFER   ID:XXXXX15907074             INDN:MAXIMUS OUTDOORS        CO ID:PAYPALSD11 PPD,Reconciled,536.56
,07/21/2025,Deposit,,,,PAYPAL           DES:TRANSFER   ID:XXXXX15907074             INDN:MAXIMUS OUTDOORS        CO ID:PAYPALSD11 PPD,,536.56
3995,,,,,,,,
,07/22/2025,Deposit,,,Shopify,Shopify          DES:TRANSFER   ID:ST-W0T7Q3D1L2S2           INDN:OUTDOOR PLAYGROUND      CO ID:XXXXX48598 CCD,Reconciled,9535.94
,07/22/2025,Deposit,,,Shopify,Shopify          DES:TRANSFER   ID:ST-W0T7Q3D1L2S2           INDN:OUTDOOR PLAYGROUND      CO ID:XXXXX48598 CCD,,9535.94
3996,,,,,,,,
,07/22/2025,Deposit,,Stripe,,STRIPE           DES:TRANSFER   ID:ST-D6Q3E7S8I7W4           INDN:RICHARD PATRI           CO ID:XXXXX48598 CCD,Reconciled,445.59
,07/22/2025,Deposit,,Stripe,,STRIPE           DES:TRANSFER   ID:ST-D6Q3E7S8I7W4           INDN:RICHARD PATRI           CO ID:XXXXX48598 CCD,,445.59
4000,,,,,,,,
,07/22/2025,Deposit,,,Shopify,SHOPPAYINST AFRM DES:PAYMENTS   ID:RFM1AR5F7P04D78           INDN:MONSTERBASS             CO ID:XXXXX98000 CCD,Reconciled,113.93
,07/22/2025,Deposit,,,Shopify,SHOPPAYINST AFRM DES:PAYMENTS   ID:RFM1AR5F7P04D78           INDN:MONSTERBASS             CO ID:XXXXX98000 CCD,,113.93
4005,,,,,,,,
,07/22/2025,Deposit,,,,PAYPAL           DES:TRANSFER   ID:XXXXX55239014             INDN:MAXIMUS OUTDOORS        CO ID:PAYPALSD11 PPD,Reconciled,186.45
,07/22/2025,Deposit,,,,PAYPAL           DES:TRANSFER   ID:XXXXX55239014             INDN:MAXIMUS OUTDOORS        CO ID:PAYPALSD11 PPD,,186.45
4011,,,,,,,,
,07/23/2025,Deposit,,,Shopify,Shopify          DES:TRANSFER   ID:ST-I7P8O0V3E1E3           INDN:OUTDOOR PLAYGROUND      CO ID:XXXXX48598 CCD,Reconciled,2640.37
,07/23/2025,Deposit,,,Shopify,Shopify          DES:TRANSFER   ID:ST-I7P8O0V3E1E3           INDN:OUTDOOR PLAYGROUND      CO ID:XXXXX48598 CCD,,2640.37
4012,,,,,,,,
,07/23/2025,Deposit,,Stripe,,STRIPE           DES:TRANSFER   ID:ST-F0H7R6K6E2H9           INDN:RICHARD PATRI           CO ID:XXXXX65600 CCD,Reconciled,778.42
,07/23/2025,Deposit,,Stripe,,STRIPE           DES:TRANSFER   ID:ST-F0H7R6K6E2H9           INDN:RICHARD PATRI           CO ID:XXXXX65600 CCD,,778.42
4025,,,,,,,,
,07/23/2025,Deposit,,,,PAYPAL           DES:TRANSFER   ID:XXXXX76344214             INDN:MAXIMUS OUTDOORS        CO ID:PAYPALSD11 PPD,Reconciled,25.08
,07/23/2025,Deposit,,,,PAYPAL           DES:TRANSFER   ID:XXXXX76344214             INDN:MAXIMUS OUTDOORS        CO ID:PAYPALSD11 PPD,,25.08
4027,,,,,,,,
,07/23/2025,Deposit,,,,BKOFAMERICA MOBILE 07/24 XXXXX56268 DEPOSIT                                    *MOBILE       CA,Reconciled,33.09
,07/23/2025,Deposit,,,,BKOFAMERICA MOBILE 07/24 XXXXX56268 DEPOSIT                                    *MOBILE       CA,,-33.09
4028,,,,,,,,
,07/23/2025,Deposit,,,,BKOFAMERICA MOBILE 07/24 XXXXX37808 DEPOSIT                                    *MOBILE       CA,Reconciled,56.19
,07/23/2025,Deposit,,,,BKOFAMERICA MOBILE 07/24 XXXXX37808 DEPOSIT                                    *MOBILE       CA,,-56.19
4029,,,,,,,,
,07/23/2025,Deposit,,,,BKOFAMERICA MOBILE 07/24 XXXXX40753 DEPOSIT                                    *MOBILE       CA,Reconciled,2199
,07/23/2025,Deposit,,,,BKOFAMERICA MOBILE 07/24 XXXXX40753 DEPOSIT                                    *MOBILE       CA,,2199
4030,,,,,,,,
,07/23/2025,Deposit,,,,Bank of America  DES:CASHREWARD ID:PLAYGROUND LLC            INDN:XXXXX0000XXXXX74XXXXX0  CO ID:XXXXX90310 PPD,Reconciled,1294.13
,07/23/2025,Deposit,,,,Bank of America  DES:CASHREWARD ID:PLAYGROUND LLC            INDN:XXXXX0000XXXXX74XXXXX0  CO ID:XXXXX90310 PPD,,1294.13
4013,,,,,,,,
,07/24/2025,Deposit,,,Shopify,Shopify          DES:TRANSFER   ID:ST-V1D3X2S5V1I9           INDN:OUTDOOR PLAYGROUND      CO ID:XXXXX65600 CCD,Reconciled,2509.88
,07/24/2025,Deposit,,,Shopify,Shopify          DES:TRANSFER   ID:ST-V1D3X2S5V1I9           INDN:OUTDOOR PLAYGROUND      CO ID:XXXXX65600 CCD,,2509.88
4014,,,,,,,,
,07/24/2025,Deposit,,Stripe,,STRIPE           DES:TRANSFER   ID:ST-Y4I9J2T8T1F6           INDN:RICHARD PATRI           CO ID:XXXXX65600 CCD,Reconciled,373.07
,07/24/2025,Deposit,,Stripe,,STRIPE           DES:TRANSFER   ID:ST-Y4I9J2T8T1F6           INDN:RICHARD PATRI           CO ID:XXXXX65600 CCD,,373.07
4022,,,,,,,,
,07/24/2025,Deposit,,,Shopify,SHOPPAYINST AFRM DES:PAYMENTS   ID:QFWZ6HW3SF7RX79           INDN:MONSTERBASS             CO ID:XXXXX98000 CCD,Reconciled,140.63
,07/24/2025,Deposit,,,Shopify,SHOPPAYINST AFRM DES:PAYMENTS   ID:QFWZ6HW3SF7RX79           INDN:MONSTERBASS             CO ID:XXXXX98000 CCD,,140.63
4024,,,,,,,,
,07/24/2025,Deposit,,,,PAYPAL           DES:TRANSFER   ID:XXXXX97168825             INDN:MAXIMUS OUTDOORS        CO ID:PAYPALSD11 PPD,Reconciled,595.54
,07/24/2025,Deposit,,,,PAYPAL           DES:TRANSFER   ID:XXXXX97168825             INDN:MAXIMUS OUTDOORS        CO ID:PAYPALSD11 PPD,,595.54
4031,,,,,,,,
,07/24/2025,Deposit,,,,AMAZON.CLZPLTSTL DES:PAYMENTS   ID:355MNGAAJYQFQQH           INDN:Outdoor Playground Inc  CO ID:XXXXX40102 CCD,Reconciled,776.25
,07/24/2025,Deposit,,,,AMAZON.CLZPLTSTL DES:PAYMENTS   ID:355MNGAAJYQFQQH           INDN:Outdoor Playground Inc  CO ID:XXXXX40102 CCD,,776.25
4015,,,,,,,,
,07/25/2025,Deposit,,,Shopify,Shopify          DES:TRANSFER   ID:ST-W4N8G3R0J0E8           INDN:OUTDOOR PLAYGROUND      CO ID:XXXXX65600 CCD,Reconciled,2105.42
,07/25/2025,Deposit,,,Shopify,Shopify          DES:TRANSFER   ID:ST-W4N8G3R0J0E8           INDN:OUTDOOR PLAYGROUND      CO ID:XXXXX65600 CCD,,2105.42
4016,,,,,,,,
,07/25/2025,Deposit,,Stripe,,STRIPE           DES:TRANSFER   ID:ST-O7Y1Y9S3K1K5           INDN:RICHARD PATRI           CO ID:XXXXX65600 CCD,Reconciled,208.04
,07/25/2025,Deposit,,Stripe,,STRIPE           DES:TRANSFER   ID:ST-O7Y1Y9S3K1K5           INDN:RICHARD PATRI           CO ID:XXXXX65600 CCD,,208.04
4023,,,,,,,,
,07/25/2025,Deposit,,,Shopify,SHOPPAYINST AFRM DES:AutoPay    ID:CN67IVQXSZR1GTW           INDN:MONSTERBASS             CO ID:394440     CCD,Reconciled,155.41
,07/25/2025,Deposit,,,Shopify,SHOPPAYINST AFRM DES:AutoPay    ID:CN67IVQXSZR1GTW           INDN:MONSTERBASS             CO ID:394440     CCD,,155.41
4026,,,,,,,,
,07/25/2025,Deposit,,,,PAYPAL           DES:TRANSFER   ID:XXXXX17897469             INDN:MAXIMUS OUTDOORS        CO ID:PAYPALSD11 PPD,Reconciled,582.2
,07/25/2025,Deposit,,,,PAYPAL           DES:TRANSFER   ID:XXXXX17897469             INDN:MAXIMUS OUTDOORS        CO ID:PAYPALSD11 PPD,,582.2
4033,,,,,,,,
,07/28/2025,Deposit,,,Shopify,Shopify          DES:TRANSFER   ID:ST-J4G1Z3T1Y6K3           INDN:OUTDOOR PLAYGROUND INC  CO ID:XXXXX65600 CCD,Reconciled,16.24
,07/28/2025,Deposit,,,Shopify,Shopify          DES:TRANSFER   ID:ST-J4G1Z3T1Y6K3           INDN:OUTDOOR PLAYGROUND INC  CO ID:XXXXX65600 CCD,,16.24
4034,,,,,,,,
,07/28/2025,Deposit,,,Shopify,SHOPIFY          DES:TRANSFER   ID:SHOPIFY                   INDN:UNKNOWN                 CO ID:SHOPIFYPMT WEB,Reconciled,13.14
,07/28/2025,Deposit,,,Shopify,SHOPIFY          DES:TRANSFER   ID:SHOPIFY                   INDN:UNKNOWN                 CO ID:SHOPIFYPMT WEB,,13.14
4035,,,,,,,,
,07/28/2025,Deposit,,Stripe,,STRIPE           DES:TRANSFER   ID:ST-U2X6J8Z6L7V4           INDN:RICHARD PATRI           CO ID:XXXXX65600 CCD,Reconciled,940.39
,07/28/2025,Deposit,,Stripe,,STRIPE           DES:TRANSFER   ID:ST-U2X6J8Z6L7V4           INDN:RICHARD PATRI           CO ID:XXXXX65600 CCD,,940.39
4038,,,,,,,,
,07/28/2025,Deposit,,,Shopify,SHOPIFY          DES:TRANSFER   ID:SHOPIFY                   INDN:UNKNOWN                 CO ID:SHOPIFYPMT WEB,Reconciled,23.35
,07/28/2025,Deposit,,,Shopify,SHOPIFY          DES:TRANSFER   ID:SHOPIFY                   INDN:UNKNOWN                 CO ID:SHOPIFYPMT WEB,,23.35
4039,,,,,,,,
,07/28/2025,Deposit,,,Shopify,Shopify          DES:TRANSFER   ID:ST-X1A5N9U5B6K9           INDN:OUTDOOR PLAYGROUND      CO ID:XXXXX65600 CCD,Reconciled,2741.74
,07/28/2025,Deposit,,,Shopify,Shopify          DES:TRANSFER   ID:ST-X1A5N9U5B6K9           INDN:OUTDOOR PLAYGROUND      CO ID:XXXXX65600 CCD,,2741.74
4044,,,,,,,,
,07/28/2025,Deposit,,,Shopify,SHOPPAYINST AFRM DES:PAYMENTS   ID:L8V2223BU37JTGH           INDN:MONSTERBASS             CO ID:XXXXX98000 CCD,Reconciled,71.98
,07/28/2025,Deposit,,,Shopify,SHOPPAYINST AFRM DES:PAYMENTS   ID:L8V2223BU37JTGH           INDN:MONSTERBASS             CO ID:XXXXX98000 CCD,,71.98
4048,,,,,,,,
,07/28/2025,Deposit,,,,PAYPAL           DES:TRANSFER   ID:XXXXX81104304             INDN:MAXIMUS OUTDOORS        CO ID:PAYPALSD11 PPD,Reconciled,104.69
,07/28/2025,Deposit,,,,PAYPAL           DES:TRANSFER   ID:XXXXX81104304             INDN:MAXIMUS OUTDOORS        CO ID:PAYPALSD11 PPD,,104.69
4049,,,,,,,,
,07/28/2025,Deposit,,,,PAYPAL           DES:TRANSFER   ID:XXXXX61724269             INDN:MAXIMUS OUTDOORS        CO ID:PAYPALSD11 PPD,Reconciled,628.19
,07/28/2025,Deposit,,,,PAYPAL           DES:TRANSFER   ID:XXXXX61724269             INDN:MAXIMUS OUTDOORS        CO ID:PAYPALSD11 PPD,,628.19
4050,,,,,,,,
,07/28/2025,Deposit,,,,PAYPAL           DES:TRANSFER   ID:XXXXX39400610             INDN:MAXIMUS OUTDOORS        CO ID:PAYPALSD11 PPD,Reconciled,351.65
,07/28/2025,Deposit,,,,PAYPAL           DES:TRANSFER   ID:XXXXX39400610             INDN:MAXIMUS OUTDOORS        CO ID:PAYPALSD11 PPD,,351.65
4041,,,,,,,,
,07/29/2025,Deposit,,Stripe,,STRIPE           DES:TRANSFER   ID:ST-G7W5Z5B4I3F0           INDN:RICHARD PATRI           CO ID:XXXXX48598 CCD,Reconciled,236.31
,07/29/2025,Deposit,,Stripe,,STRIPE           DES:TRANSFER   ID:ST-G7W5Z5B4I3F0           INDN:RICHARD PATRI           CO ID:XXXXX48598 CCD,,236.31
4042,,,,,,,,
,07/29/2025,Deposit,,,,SHOPPAYINST AFRM DES:PAYMENTS   ID:5FWMP0I1TI8XOO5           INDN:MONSTERBASS             CO ID:XXXXX98000 CCD,Reconciled,55.34
,07/29/2025,Deposit,,,,SHOPPAYINST AFRM DES:PAYMENTS   ID:5FWMP0I1TI8XOO5           INDN:MONSTERBASS             CO ID:XXXXX98000 CCD,,55.34
4043,,,,,,,,
,07/29/2025,Deposit,,,,SHOPPAYINST AFRM DES:PAYMENTS   ID:0BYFG8YQKXUVGO9           INDN:MONSTERBASS             CO ID:XXXXX98000 CCD,Reconciled,36.72
,07/29/2025,Deposit,,,,SHOPPAYINST AFRM DES:PAYMENTS   ID:0BYFG8YQKXUVGO9           INDN:MONSTERBASS             CO ID:XXXXX98000 CCD,,36.72
4045,,,,,,,,
,07/29/2025,Deposit,,,Shopify,Shopify          DES:TRANSFER   ID:ST-E5K0Y0Y3V4P8           INDN:OUTDOOR PLAYGROUND      CO ID:XXXXX48598 CCD,Reconciled,11486.06
,07/29/2025,Deposit,,,Shopify,Shopify          DES:TRANSFER   ID:ST-E5K0Y0Y3V4P8           INDN:OUTDOOR PLAYGROUND      CO ID:XXXXX48598 CCD,,11486.06
4047,,,,,,,,
,07/29/2025,Deposit,,,,PAYPAL           DES:TRANSFER   ID:XXXXX01664220             INDN:MAXIMUS OUTDOORS        CO ID:PAYPALSD11 PPD,Reconciled,399.56
,07/29/2025,Deposit,,,,PAYPAL           DES:TRANSFER   ID:XXXXX01664220             INDN:MAXIMUS OUTDOORS        CO ID:PAYPALSD11 PPD,,399.56
4054,,,,,,,,
,07/30/2025,Deposit,,,,"TikTok Inc       DES:PAYMENT    ID:XXXXXXXXXX87464           INDN:Outdoor Playground Inc  CO ID:XXXXX67522 CCD           PMT INFO:TikTok Shop-USLC7NEW6U, payout ID 346309           XXXXX10354170",Reconciled,12.21
,07/30/2025,Deposit,,,,"TikTok Inc       DES:PAYMENT    ID:XXXXXXXXXX87464           INDN:Outdoor Playground Inc  CO ID:XXXXX67522 CCD           PMT INFO:TikTok Shop-USLC7NEW6U, payout ID 346309           XXXXX10354170",,12.21
4055,,,,,,,,
,07/30/2025,Deposit,,Stripe,,STRIPE           DES:TRANSFER   ID:ST-K4F5O3G3F0K9           INDN:RICHARD PATRI           CO ID:XXXXX65600 CCD,Reconciled,689.31
,07/30/2025,Deposit,,Stripe,,STRIPE           DES:TRANSFER   ID:ST-K4F5O3G3F0K9           INDN:RICHARD PATRI           CO ID:XXXXX65600 CCD,,689.31
4056,,,,,,,,
,07/30/2025,Deposit,,,,SHOPPAYINST AFRM DES:PAYMENTS   ID:AOKFBTVC9H9E9VS           INDN:MONSTERBASS             CO ID:XXXXX98000 CCD,Reconciled,100.1
,07/30/2025,Deposit,,,,SHOPPAYINST AFRM DES:PAYMENTS   ID:AOKFBTVC9H9E9VS           INDN:MONSTERBASS             CO ID:XXXXX98000 CCD,,100.1
4057,,,,,,,,
,07/30/2025,Deposit,,,Shopify,Shopify          DES:TRANSFER   ID:ST-S9K5E0M3W6P6           INDN:OUTDOOR PLAYGROUND INC  CO ID:XXXXX48598 CCD,Reconciled,72.4
,07/30/2025,Deposit,,,Shopify,Shopify          DES:TRANSFER   ID:ST-S9K5E0M3W6P6           INDN:OUTDOOR PLAYGROUND INC  CO ID:XXXXX48598 CCD,,72.4
4058,,,,,,,,
,07/30/2025,Deposit,,,Shopify,Shopify          DES:TRANSFER   ID:ST-R9J0U7M9X1Z9           INDN:OUTDOOR PLAYGROUND      CO ID:XXXXX48598 CCD,Reconciled,3556.47
,07/30/2025,Deposit,,,Shopify,Shopify          DES:TRANSFER   ID:ST-R9J0U7M9X1Z9           INDN:OUTDOOR PLAYGROUND      CO ID:XXXXX48598 CCD,,3556.47
4059,,,,,,,,
,07/30/2025,Deposit,,,,PAYPAL           DES:TRANSFER   ID:XXXXX24084584             INDN:MAXIMUS OUTDOORS        CO ID:PAYPALSD11 PPD,Reconciled,608.8
,07/30/2025,Deposit,,,,PAYPAL           DES:TRANSFER   ID:XXXXX24084584             INDN:MAXIMUS OUTDOORS        CO ID:PAYPALSD11 PPD,,608.8
4064,,,,,,,,
,07/31/2025,Deposit,,,Shopify,SHOPIFY          DES:TRANSFER   ID:SHOPIFY                   INDN:UNKNOWN                 CO ID:SHOPIFYPMT WEB,Reconciled,45.48
,07/31/2025,Deposit,,,Shopify,SHOPIFY          DES:TRANSFER   ID:SHOPIFY                   INDN:UNKNOWN                 CO ID:SHOPIFYPMT WEB,,45.48
4065,,,,,,,,
,07/31/2025,Deposit,,,Shopify,Shopify          DES:TRANSFER   ID:ST-E3P3J1M0W0E1           INDN:OUTDOOR PLAYGROUND      CO ID:XXXXX48598 CCD,Reconciled,2117.21
,07/31/2025,Deposit,,,Shopify,Shopify          DES:TRANSFER   ID:ST-E3P3J1M0W0E1           INDN:OUTDOOR PLAYGROUND      CO ID:XXXXX48598 CCD,,2117.21
4068,,,,,,,,
,07/31/2025,Deposit,,,Shopify,Shopify          DES:TRANSFER   ID:ST-V6B1W4S3F8M8           INDN:OUTDOOR PLAYGROUND      CO ID:XXXXX65600 CCD,Reconciled,3068.63
,07/31/2025,Deposit,,,Shopify,Shopify          DES:TRANSFER   ID:ST-V6B1W4S3F8M8           INDN:OUTDOOR PLAYGROUND      CO ID:XXXXX65600 CCD,,3068.63
4084,,,,,,,,
,07/31/2025,Deposit,,,,PAYPAL           DES:TRANSFER   ID:XXXXX65854832             INDN:MAXIMUS OUTDOORS        CO ID:PAYPALSD11 PPD,Reconciled,188.09
,07/31/2025,Deposit,,,,PAYPAL           DES:TRANSFER   ID:XXXXX65854832             INDN:MAXIMUS OUTDOORS        CO ID:PAYPALSD11 PPD,,188.09
4085,,,,,,,,
,07/31/2025,Deposit,,,,PAYPAL           DES:TRANSFER   ID:XXXXX44846512             INDN:MAXIMUS OUTDOORS        CO ID:PAYPALSD11 PPD,Reconciled,228.4
,07/31/2025,Deposit,,,,PAYPAL           DES:TRANSFER   ID:XXXXX44846512             INDN:MAXIMUS OUTDOORS        CO ID:PAYPALSD11 PPD,,228.4
4099,,,,,,,,
,07/31/2025,Deposit,,,Shopify,Shopify          DES:TRANSFER   ID:ST-X6M2T5U9G4D6           INDN:OUTDOOR PLAYGROUND      CO ID:XXXXX65600 CCD,Reconciled,1723.46
,07/31/2025,Deposit,,,Shopify,Shopify          DES:TRANSFER   ID:ST-X6M2T5U9G4D6           INDN:OUTDOOR PLAYGROUND      CO ID:XXXXX65600 CCD,,1723.46
4066,,,,,,,,
,08/01/2025,Deposit,,Stripe,,STRIPE           DES:TRANSFER   ID:ST-M7G9V5U1A0A9           INDN:RICHARD PATRI           CO ID:XXXXX48598 CCD,Reconciled,31.82
,08/01/2025,Deposit,,Stripe,,STRIPE           DES:TRANSFER   ID:ST-M7G9V5U1A0A9           INDN:RICHARD PATRI           CO ID:XXXXX48598 CCD,,31.82
4096,,,,,,,,
,08/04/2025,Deposit,,,Shopify,SHOPIFY          DES:TRANSFER   ID:SHOPIFY                   INDN:UNKNOWN                 CO ID:SHOPIFYPMT WEB,Reconciled,40.13
,08/04/2025,Deposit,,,Shopify,SHOPIFY          DES:TRANSFER   ID:SHOPIFY                   INDN:UNKNOWN                 CO ID:SHOPIFYPMT WEB,,40.13
4097,,,,,,,,
,08/04/2025,Deposit,,,Shopify,SHOPIFY          DES:TRANSFER   ID:SHOPIFY                   INDN:UNKNOWN                 CO ID:SHOPIFYPMT WEB,Reconciled,12.35
,08/04/2025,Deposit,,,Shopify,SHOPIFY          DES:TRANSFER   ID:SHOPIFY                   INDN:UNKNOWN                 CO ID:SHOPIFYPMT WEB,,12.35
4100,,,,,,,,
,08/04/2025,Deposit,,Stripe,,STRIPE           DES:TRANSFER   ID:ST-K6P1O1M8K9A6           INDN:RICHARD PATRI           CO ID:XXXXX48598 CCD,Reconciled,66.36
,08/04/2025,Deposit,,Stripe,,STRIPE           DES:TRANSFER   ID:ST-K6P1O1M8K9A6           INDN:RICHARD PATRI           CO ID:XXXXX48598 CCD,,66.36
4130,,,,,,,,
,08/04/2025,Deposit,,,,PAYPAL           DES:TRANSFER   ID:XXXXX89478258             INDN:MAXIMUS OUTDOORS        CO ID:PAYPALSD11 PPD,Reconciled,408.31
,08/04/2025,Deposit,,,,PAYPAL           DES:TRANSFER   ID:XXXXX89478258             INDN:MAXIMUS OUTDOORS        CO ID:PAYPALSD11 PPD,,408.31
4133,,,,,,,,
,08/04/2025,Deposit,,,,PAYPAL           DES:TRANSFER   ID:XXXXX38069672             INDN:MAXIMUS OUTDOORS        CO ID:PAYPALSD11 PPD,Reconciled,25.16
,08/04/2025,Deposit,,,,PAYPAL           DES:TRANSFER   ID:XXXXX38069672             INDN:MAXIMUS OUTDOORS        CO ID:PAYPALSD11 PPD,,25.16
4135,,,,,,,,
,08/04/2025,Deposit,,,,PAYPAL           DES:TRANSFER   ID:XXXXX16823184             INDN:MAXIMUS OUTDOORS        CO ID:PAYPALSD11 PPD,Reconciled,904.92
,08/04/2025,Deposit,,,,PAYPAL           DES:TRANSFER   ID:XXXXX16823184             INDN:MAXIMUS OUTDOORS        CO ID:PAYPALSD11 PPD,,904.92
4103,,,,,,,,
,08/05/2025,Deposit,,,Shopify,SHOPIFY          DES:TRANSFER   ID:SHOPIFY                   INDN:UNKNOWN                 CO ID:SHOPIFYPMT WEB,Reconciled,47.62
,08/05/2025,Deposit,,,Shopify,SHOPIFY          DES:TRANSFER   ID:SHOPIFY                   INDN:UNKNOWN                 CO ID:SHOPIFYPMT WEB,,47.62
4105,,,,,,,,
,08/05/2025,Deposit,,Stripe,,STRIPE           DES:TRANSFER   ID:ST-B5H4U3N2Q5Y4           INDN:RICHARD PATRI           CO ID:XXXXX48598 CCD,Reconciled,2745.9
,08/05/2025,Deposit,,Stripe,,STRIPE           DES:TRANSFER   ID:ST-B5H4U3N2Q5Y4           INDN:RICHARD PATRI           CO ID:XXXXX48598 CCD,,2745.9
4107,,,,,,,,
,08/05/2025,Deposit,,,Shopify,Shopify          DES:TRANSFER   ID:ST-Z4G3V9K6O7H5           INDN:OUTDOOR PLAYGROUND      CO ID:XXXXX65600 CCD,Reconciled,14839.38
,08/05/2025,Deposit,,,Shopify,Shopify          DES:TRANSFER   ID:ST-Z4G3V9K6O7H5           INDN:OUTDOOR PLAYGROUND      CO ID:XXXXX65600 CCD,,14839.38
4126,,,,,,,,
,08/05/2025,Deposit,,,Shopify,SHOPPAYINST AFRM DES:PAYMENTS   ID:K89XSRRDKI384CG           INDN:MONSTERBASS             CO ID:XXXXX98000 CCD,Reconciled,125.92
,08/05/2025,Deposit,,,Shopify,SHOPPAYINST AFRM DES:PAYMENTS   ID:K89XSRRDKI384CG           INDN:MONSTERBASS             CO ID:XXXXX98000 CCD,,125.92
4127,,,,,,,,
,08/05/2025,Deposit,,,Shopify,SHOPPAYINST AFRM DES:PAYMENTS   ID:CXQE1Z6NLLYZ3TT           INDN:MONSTERBASS             CO ID:XXXXX98000 CCD,Reconciled,131.62
,08/05/2025,Deposit,,,Shopify,SHOPPAYINST AFRM DES:PAYMENTS   ID:CXQE1Z6NLLYZ3TT           INDN:MONSTERBASS             CO ID:XXXXX98000 CCD,,131.62
4128,,,,,,,,
,08/05/2025,Deposit,,,Shopify,SHOPPAYINST AFRM DES:AutoPay    ID:BUO46Q1YSL3Z1SK           INDN:MONSTERBASS             CO ID:XXXXX98000 CCD,Reconciled,153.2
,08/05/2025,Deposit,,,Shopify,SHOPPAYINST AFRM DES:AutoPay    ID:BUO46Q1YSL3Z1SK           INDN:MONSTERBASS             CO ID:XXXXX98000 CCD,,153.2
4132,,,,,,,,
,08/05/2025,Deposit,,,,PAYPAL           DES:TRANSFER   ID:XXXXX59465348             INDN:MAXIMUS OUTDOORS        CO ID:PAYPALSD11 PPD,Reconciled,406.54
,08/05/2025,Deposit,,,,PAYPAL           DES:TRANSFER   ID:XXXXX59465348             INDN:MAXIMUS OUTDOORS        CO ID:PAYPALSD11 PPD,,406.54
4104,,,,,,,,
,08/06/2025,Deposit,,Stripe,,STRIPE           DES:TRANSFER   ID:ST-U6T1J0K1L3N9           INDN:RICHARD PATRI           CO ID:XXXXX65600 CCD,Reconciled,2162.96
,08/06/2025,Deposit,,Stripe,,STRIPE           DES:TRANSFER   ID:ST-U6T1J0K1L3N9           INDN:RICHARD PATRI           CO ID:XXXXX65600 CCD,,2162.96
4106,,,,,,,,
,08/06/2025,Deposit,,,Shopify,Shopify          DES:TRANSFER   ID:ST-I1C8E9N5R1J9           INDN:OUTDOOR PLAYGROUND      CO ID:XXXXX48598 CCD,Reconciled,2299.99
,08/06/2025,Deposit,,,Shopify,Shopify          DES:TRANSFER   ID:ST-I1C8E9N5R1J9           INDN:OUTDOOR PLAYGROUND      CO ID:XXXXX48598 CCD,,2299.99
4131,,,,,,,,
,08/06/2025,Deposit,,,,PAYPAL           DES:TRANSFER   ID:XXXXX81813040             INDN:MAXIMUS OUTDOORS        CO ID:PAYPALSD11 PPD,Reconciled,217.93
,08/06/2025,Deposit,,,,PAYPAL           DES:TRANSFER   ID:XXXXX81813040             INDN:MAXIMUS OUTDOORS        CO ID:PAYPALSD11 PPD,,217.93
4108,,,,,,,,
,08/07/2025,Deposit,,,Shopify,Shopify          DES:TRANSFER   ID:ST-S1E4R2I5W1K1           INDN:OUTDOOR PLAYGROUND INC  CO ID:XXXXX65600 CCD,Reconciled,16.11
,08/07/2025,Deposit,,,Shopify,Shopify          DES:TRANSFER   ID:ST-S1E4R2I5W1K1           INDN:OUTDOOR PLAYGROUND INC  CO ID:XXXXX65600 CCD,,16.11
4109,,,,,,,,
,08/07/2025,Deposit,,Stripe,,STRIPE           DES:TRANSFER   ID:ST-K8D7Q1W7R9O8           INDN:RICHARD PATRI           CO ID:XXXXX48598 CCD,Reconciled,280.54
,08/07/2025,Deposit,,Stripe,,STRIPE           DES:TRANSFER   ID:ST-K8D7Q1W7R9O8           INDN:RICHARD PATRI           CO ID:XXXXX48598 CCD,,280.54
4110,,,,,,,,
,08/07/2025,Deposit,,,Shopify,Shopify          DES:TRANSFER   ID:ST-B0L3D1U7G1K2           INDN:OUTDOOR PLAYGROUND      CO ID:XXXXX65600 CCD,Reconciled,3165.32
,08/07/2025,Deposit,,,Shopify,Shopify          DES:TRANSFER   ID:ST-B0L3D1U7G1K2           INDN:OUTDOOR PLAYGROUND      CO ID:XXXXX65600 CCD,,3165.32
4125,,,,,,,,
,08/07/2025,Deposit,,,Shopify,SHOPPAYINST AFRM DES:PAYMENTS   ID:ZU1G93B3WF2C1R9           INDN:MONSTERBASS             CO ID:XXXXX98000 CCD,Reconciled,36.13
,08/07/2025,Deposit,,,Shopify,SHOPPAYINST AFRM DES:PAYMENTS   ID:ZU1G93B3WF2C1R9           INDN:MONSTERBASS             CO ID:XXXXX98000 CCD,,36.13
4136,,,,,,,,
,08/07/2025,Deposit,,,,PAYPAL           DES:TRANSFER   ID:XXXXX03693954             INDN:MAXIMUS OUTDOORS        CO ID:PAYPALSD11 PPD,Reconciled,766.67
,08/07/2025,Deposit,,,,PAYPAL           DES:TRANSFER   ID:XXXXX03693954             INDN:MAXIMUS OUTDOORS        CO ID:PAYPALSD11 PPD,,766.67
4140,,,,,,,,
,08/07/2025,Deposit,,,,AMAZON.CE4SBMGX4 DES:PAYMENTS   ID:4UAMSS2SRZNET99           INDN:Outdoor Playground Inc  CO ID:XXXXX40102 CCD,Reconciled,524.47
,08/07/2025,Deposit,,,,AMAZON.CE4SBMGX4 DES:PAYMENTS   ID:4UAMSS2SRZNET99           INDN:Outdoor Playground Inc  CO ID:XXXXX40102 CCD,,524.47
4111,,,,,,,,
,08/08/2025,Deposit,,Stripe,,STRIPE           DES:TRANSFER   ID:ST-J1B9A6N2I3H0           INDN:RICHARD PATRI           CO ID:XXXXX48598 CCD,Reconciled,2613.96
,08/08/2025,Deposit,,Stripe,,STRIPE           DES:TRANSFER   ID:ST-J1B9A6N2I3H0           INDN:RICHARD PATRI           CO ID:XXXXX48598 CCD,,2613.96
4112,,,,,,,,
,08/08/2025,Deposit,,,Shopify,Shopify          DES:TRANSFER   ID:ST-Q8U2K1B9Q4X0           INDN:OUTDOOR PLAYGROUND      CO ID:XXXXX48598 CCD,Reconciled,3513.26
,08/08/2025,Deposit,,,Shopify,Shopify          DES:TRANSFER   ID:ST-Q8U2K1B9Q4X0           INDN:OUTDOOR PLAYGROUND      CO ID:XXXXX48598 CCD,,3513.26
4113,,,,,,,,
,08/08/2025,Deposit,,,Shopify,Shopify          DES:TRANSFER   ID:ST-X4Z8S9Y1M7L7           INDN:OUTDOOR PLAYGROUND INC  CO ID:XXXXX65600 CCD,Reconciled,17.47
,08/08/2025,Deposit,,,Shopify,Shopify          DES:TRANSFER   ID:ST-X4Z8S9Y1M7L7           INDN:OUTDOOR PLAYGROUND INC  CO ID:XXXXX65600 CCD,,17.47
4134,,,,,,,,
,08/08/2025,Deposit,,,,PAYPAL           DES:TRANSFER   ID:XXXXX24961999             INDN:MAXIMUS OUTDOORS        CO ID:PAYPALSD11 PPD,Reconciled,444.4
,08/08/2025,Deposit,,,,PAYPAL           DES:TRANSFER   ID:XXXXX24961999             INDN:MAXIMUS OUTDOORS        CO ID:PAYPALSD11 PPD,,444.4
4144,,,,,,,,
,08/11/2025,Deposit,,,Shopify,Shopify          DES:TRANSFER   ID:ST-A7Y0E6I2H8Y0           INDN:OUTDOOR PLAYGROUND      CO ID:XXXXX65600 CCD,Reconciled,3607.67
,08/11/2025,Deposit,,,Shopify,Shopify          DES:TRANSFER   ID:ST-A7Y0E6I2H8Y0           INDN:OUTDOOR PLAYGROUND      CO ID:XXXXX65600 CCD,,3607.67
4145,,,,,,,,
,08/11/2025,Deposit,,,Shopify,SHOPIFY          DES:TRANSFER   ID:SHOPIFY                   INDN:UNKNOWN                 CO ID:SHOPIFYPMT WEB,Reconciled,14.17
,08/11/2025,Deposit,,,Shopify,SHOPIFY          DES:TRANSFER   ID:SHOPIFY                   INDN:UNKNOWN                 CO ID:SHOPIFYPMT WEB,,14.17
4146,,,,,,,,
,08/11/2025,Deposit,,Stripe,,STRIPE           DES:TRANSFER   ID:ST-O0K2H8S7C6B9           INDN:RICHARD PATRI           CO ID:XXXXX65600 CCD,Reconciled,488.08
,08/11/2025,Deposit,,Stripe,,STRIPE           DES:TRANSFER   ID:ST-O0K2H8S7C6B9           INDN:RICHARD PATRI           CO ID:XXXXX65600 CCD,,488.08
4148,,,,,,,,
,08/11/2025,Deposit,,,Shopify,SHOPPAYINST AFRM DES:PAYMENTS   ID:MQF0XENS0D3VEMJ           INDN:MONSTERBASS             CO ID:XXXXX98000 CCD,Reconciled,103.53
,08/11/2025,Deposit,,,Shopify,SHOPPAYINST AFRM DES:PAYMENTS   ID:MQF0XENS0D3VEMJ           INDN:MONSTERBASS             CO ID:XXXXX98000 CCD,,103.53
4150,,,,,,,,
,08/11/2025,Deposit,,,,PAYPAL           DES:TRANSFER   ID:XXXXX89197483             INDN:MAXIMUS OUTDOORS        CO ID:PAYPALSD11 PPD,Reconciled,373.56
,08/11/2025,Deposit,,,,PAYPAL           DES:TRANSFER   ID:XXXXX89197483             INDN:MAXIMUS OUTDOORS        CO ID:PAYPALSD11 PPD,,373.56
4151,,,,,,,,
,08/11/2025,Deposit,,,,PAYPAL           DES:TRANSFER   ID:XXXXX69732799             INDN:MAXIMUS OUTDOORS        CO ID:PAYPALSD11 PPD,Reconciled,253.95
,08/11/2025,Deposit,,,,PAYPAL           DES:TRANSFER   ID:XXXXX69732799             INDN:MAXIMUS OUTDOORS        CO ID:PAYPALSD11 PPD,,253.95
4152,,,,,,,,
,08/11/2025,Deposit,,,,PAYPAL           DES:TRANSFER   ID:XXXXX47397374             INDN:MAXIMUS OUTDOORS        CO ID:PAYPALSD11 PPD,Reconciled,781.81
,08/11/2025,Deposit,,,,PAYPAL           DES:TRANSFER   ID:XXXXX47397374             INDN:MAXIMUS OUTDOORS        CO ID:PAYPALSD11 PPD,,781.81
4155,,,,,,,,
,08/12/2025,Deposit,,,,PAYPAL           DES:TRANSFER   ID:XXXXX09483780             INDN:MAXIMUS OUTDOORS        CO ID:PAYPALSD11 PPD,Reconciled,310.56
,08/12/2025,Deposit,,,,PAYPAL           DES:TRANSFER   ID:XXXXX09483780             INDN:MAXIMUS OUTDOORS        CO ID:PAYPALSD11 PPD,,310.56
4157,,,,,,,,
,08/12/2025,Deposit,,,Shopify,Shopify          DES:TRANSFER   ID:ST-B7F6V3O1P6G4           INDN:OUTDOOR PLAYGROUND INC  CO ID:XXXXX65600 CCD,Reconciled,5.51
,08/12/2025,Deposit,,,Shopify,Shopify          DES:TRANSFER   ID:ST-B7F6V3O1P6G4           INDN:OUTDOOR PLAYGROUND INC  CO ID:XXXXX65600 CCD,,5.51
4158,,,,,,,,
,08/12/2025,Deposit,,Stripe,,STRIPE           DES:TRANSFER   ID:ST-J3Q5C5R8I2R3           INDN:RICHARD PATRI           CO ID: XXXXX8598 CCD,Reconciled,314.53
,08/12/2025,Deposit,,Stripe,,STRIPE           DES:TRANSFER   ID:ST-J3Q5C5R8I2R3           INDN:RICHARD PATRI           CO ID: XXXXX8598 CCD,,314.53
4159,,,,,,,,
,08/12/2025,Deposit,,,,SHOPPAYINST AFRM DES:PAYMENTS   ID:KQXKR96Z1LKD1L2           INDN:MONSTERBASS             CO ID:XXXXX98000 CCD,Reconciled,52.57
,08/12/2025,Deposit,,,,SHOPPAYINST AFRM DES:PAYMENTS   ID:KQXKR96Z1LKD1L2           INDN:MONSTERBASS             CO ID:XXXXX98000 CCD,,52.57
4160,,,,,,,,
,08/12/2025,Deposit,,,Shopify,Shopify          DES:TRANSFER   ID:ST-N8M1D8D0N4Z4           INDN:OUTDOOR PLAYGROUND      CO ID:XXXXX48598 CCD,Reconciled,7079.87
,08/12/2025,Deposit,,,Shopify,Shopify          DES:TRANSFER   ID:ST-N8M1D8D0N4Z4           INDN:OUTDOOR PLAYGROUND      CO ID:XXXXX48598 CCD,,7079.87
4163,,,,,,,,
,08/13/2025,Deposit,,,,"TikTok Inc       DES:PAYMENT    ID:XXXXXXXXXX26894           INDN:Outdoor Playground Inc  CO ID:XXXXX67522 CCD           PMT INFO:TikTok Shop-USLC7NEW6U, payout ID 346353           XXXXX61960442",Reconciled,46.01
,08/13/2025,Deposit,,,,"TikTok Inc       DES:PAYMENT    ID:XXXXXXXXXX26894           INDN:Outdoor Playground Inc  CO ID:XXXXX67522 CCD           PMT INFO:TikTok Shop-USLC7NEW6U, payout ID 346353           XXXXX61960442",,46.01
4164,,,,,,,,
,08/13/2025,Deposit,,Stripe,,STRIPE           DES:TRANSFER   ID:ST-D3A5M3T9K0Z0           INDN:RICHARD PATRI           CO ID:XXXXX65600 CCD,Reconciled,1478.82
,08/13/2025,Deposit,,Stripe,,STRIPE           DES:TRANSFER   ID:ST-D3A5M3T9K0Z0           INDN:RICHARD PATRI           CO ID:XXXXX65600 CCD,,1478.82
4165,,,,,,,,
,08/13/2025,Deposit,,,Shopify,Shopify          DES:TRANSFER   ID:ST-K4F3E1M2B0M4           INDN:OUTDOOR PLAYGROUND      CO ID:XXXXX65600 CCD,Reconciled,1903.58
,08/13/2025,Deposit,,,Shopify,Shopify          DES:TRANSFER   ID:ST-K4F3E1M2B0M4           INDN:OUTDOOR PLAYGROUND      CO ID:XXXXX65600 CCD,,1903.58
4166,,,,,,,,
,08/13/2025,Deposit,,,Shopify,Shopify          DES:TRANSFER   ID:ST-A6F2A7Z2Z5L1           INDN:OUTDOOR PLAYGROUND INC  CO ID:XXXXX48598 CCD,Reconciled,51.34
,08/13/2025,Deposit,,,Shopify,Shopify          DES:TRANSFER   ID:ST-A6F2A7Z2Z5L1           INDN:OUTDOOR PLAYGROUND INC  CO ID:XXXXX48598 CCD,,51.34
4167,,,,,,,,
,08/13/2025,Deposit,,,,PAYPAL           DES:TRANSFER   ID:XXXXX30761346             INDN:MAXIMUS OUTDOORS        CO ID:PAYPALSD11 PPD,Reconciled,89.89
,08/13/2025,Deposit,,,,PAYPAL           DES:TRANSFER   ID:XXXXX30761346             INDN:MAXIMUS OUTDOORS        CO ID:PAYPALSD11 PPD,,89.89
4170,,,,,,,,
,08/14/2025,Deposit,,Stripe,,STRIPE           DES:TRANSFER   ID:ST-F9J9Q1F4J3Z9           INDN:RICHARD PATRI           CO ID:XXXXX65600 CCD,Reconciled,464.81
,08/14/2025,Deposit,,Stripe,,STRIPE           DES:TRANSFER   ID:ST-F9J9Q1F4J3Z9           INDN:RICHARD PATRI           CO ID:XXXXX65600 CCD,,464.81
4171,,,,,,,,
,08/14/2025,Deposit,,,Shopify,Shopify          DES:TRANSFER   ID:ST-V0V0M4P2A8M6           INDN:OUTDOOR PLAYGROUND      CO ID:XXXXX48598 CCD,Reconciled,2118.91
,08/14/2025,Deposit,,,Shopify,Shopify          DES:TRANSFER   ID:ST-V0V0M4P2A8M6           INDN:OUTDOOR PLAYGROUND      CO ID:XXXXX48598 CCD,,2118.91
4178,,,,,,,,
,08/14/2025,Deposit,,,Shopify,SHOPPAYINST AFRM DES:PAYMENTS   ID:KLLEPF6KR5HE5TU           INDN:MONSTERBASS             CO ID:XXXXX98000 CCD,Reconciled,91.73
,08/14/2025,Deposit,,,Shopify,SHOPPAYINST AFRM DES:PAYMENTS   ID:KLLEPF6KR5HE5TU           INDN:MONSTERBASS             CO ID:XXXXX98000 CCD,,91.73
4180,,,,,,,,
,08/14/2025,Deposit,,,,PAYPAL           DES:TRANSFER   ID:XXXXX51982887             INDN:MAXIMUS OUTDOORS        CO ID:PAYPALSD11 PPD,Reconciled,218.92
,08/14/2025,Deposit,,,,PAYPAL           DES:TRANSFER   ID:XXXXX51982887             INDN:MAXIMUS OUTDOORS        CO ID:PAYPALSD11 PPD,,218.92
4182,,,,,,,,
,08/14/2025,Deposit,,,,Bank of America  DES:CASHREWARD ID:PLAYGROUND LLC            INDN:XXXXX0000XXXXX74XXXXX0  CO ID:XXXXX90310 PPD,Reconciled,335.69
,08/14/2025,Deposit,,,,Bank of America  DES:CASHREWARD ID:PLAYGROUND LLC            INDN:XXXXX0000XXXXX74XXXXX0  CO ID:XXXXX90310 PPD,,335.69
4173,,,,,,,,
,08/15/2025,Deposit,,,Shopify,Shopify          DES:TRANSFER   ID:ST-P1A0X1H6A2N9           INDN:OUTDOOR PLAYGROUND      CO ID:XXXXX65600 CCD,Reconciled,2114.55
,08/15/2025,Deposit,,,Shopify,Shopify          DES:TRANSFER   ID:ST-P1A0X1H6A2N9           INDN:OUTDOOR PLAYGROUND      CO ID:XXXXX65600 CCD,,2114.55
4174,,,,,,,,
,08/15/2025,Deposit,,Stripe,,STRIPE           DES:TRANSFER   ID:ST-O8C3A0W5F4O8           INDN:RICHARD PATRI           CO ID:XXXXX65600 CCD,Reconciled,215.06
,08/15/2025,Deposit,,Stripe,,STRIPE           DES:TRANSFER   ID:ST-O8C3A0W5F4O8           INDN:RICHARD PATRI           CO ID:XXXXX65600 CCD,,215.06
4179,,,,,,,,
,08/15/2025,Deposit,,,,PAYPAL           DES:TRANSFER   ID:XXXXX72934865             INDN:MAXIMUS OUTDOORS        CO ID:PAYPALSD11 PPD,Reconciled,189.63
,08/15/2025,Deposit,,,,PAYPAL           DES:TRANSFER   ID:XXXXX72934865             INDN:MAXIMUS OUTDOORS        CO ID:PAYPALSD11 PPD,,189.63
4190,,,,,,,,
,08/18/2025,Deposit,,Stripe,,STRIPE           DES:TRANSFER   ID:ST-F8X3H3I9L7V8           INDN:RICHARD PATRI           CO ID:XXXXX65600 CCD,Reconciled,270.22
,08/18/2025,Deposit,,Stripe,,STRIPE           DES:TRANSFER   ID:ST-F8X3H3I9L7V8           INDN:RICHARD PATRI           CO ID:XXXXX65600 CCD,,270.22
4191,,,,,,,,
,08/18/2025,Deposit,,,Shopify,Shopify          DES:TRANSFER   ID:ST-P8U3X2E9E4Z0           INDN:OUTDOOR PLAYGROUND      CO ID:XXXXX65600 CCD,Reconciled,3831.06
,08/18/2025,Deposit,,,Shopify,Shopify          DES:TRANSFER   ID:ST-P8U3X2E9E4Z0           INDN:OUTDOOR PLAYGROUND      CO ID:XXXXX65600 CCD,,3831.06
4192,,,,,,,,
,08/18/2025,Deposit,,,Shopify,SHOPIFY          DES:TRANSFER   ID:SHOPIFY                   INDN:UNKNOWN                 CO ID:SHOPIFYPMT WEB,Reconciled,27.73
,08/18/2025,Deposit,,,Shopify,SHOPIFY          DES:TRANSFER   ID:SHOPIFY                   INDN:UNKNOWN                 CO ID:SHOPIFYPMT WEB,,27.73
4193,,,,,,,,
,08/18/2025,Deposit,,,Shopify,SHOPIFY          DES:TRANSFER   ID:SHOPIFY                   INDN:UNKNOWN                 CO ID:SHOPIFYPMT WEB,Reconciled,6.47
,08/18/2025,Deposit,,,Shopify,SHOPIFY          DES:TRANSFER   ID:SHOPIFY                   INDN:UNKNOWN                 CO ID:SHOPIFYPMT WEB,,6.47
4194,,,,,,,,
,08/18/2025,Deposit,,,,PAYPAL           DES:TRANSFER   ID:XXXXX94645791             INDN:MAXIMUS OUTDOORS        CO ID:PAYPALSD11 PPD,Reconciled,581.82
,08/18/2025,Deposit,,,,PAYPAL           DES:TRANSFER   ID:XXXXX94645791             INDN:MAXIMUS OUTDOORS        CO ID:PAYPALSD11 PPD,,581.82
4195,,,,,,,,
,08/18/2025,Deposit,,,,PAYPAL           DES:TRANSFER   ID:XXXXX37242802             INDN:MAXIMUS OUTDOORS        CO ID:PAYPALSD11 PPD,Reconciled,475.21
,08/18/2025,Deposit,,,,PAYPAL           DES:TRANSFER   ID:XXXXX37242802             INDN:MAXIMUS OUTDOORS        CO ID:PAYPALSD11 PPD,,475.21
4196,,,,,,,,
,08/18/2025,Deposit,,,,PAYPAL           DES:TRANSFER   ID:XXXXX17474870             INDN:MAXIMUS OUTDOORS        CO ID:PAYPALSD11 PPD,Reconciled,334.89
,08/18/2025,Deposit,,,,PAYPAL           DES:TRANSFER   ID:XXXXX17474870             INDN:MAXIMUS OUTDOORS        CO ID:PAYPALSD11 PPD,,334.89
4200,,,,,,,,
,08/19/2025,Deposit,,,Shopify,Shopify          DES:TRANSFER   ID:ST-A4Y2T4G0C0V9           INDN:OUTDOOR PLAYGROUND INC  CO ID:XXXXX65600 CCD,Reconciled,109.2
,08/19/2025,Deposit,,,Shopify,Shopify          DES:TRANSFER   ID:ST-A4Y2T4G0C0V9           INDN:OUTDOOR PLAYGROUND INC  CO ID:XXXXX65600 CCD,,109.2
4201,,,,,,,,
,08/19/2025,Deposit,,,Shopify,Shopify          DES:TRANSFER   ID:ST-P3W2U4B1N6S5           INDN:OUTDOOR PLAYGROUND      CO ID:XXXXX48598 CCD,Reconciled,10044.17
,08/19/2025,Deposit,,,Shopify,Shopify          DES:TRANSFER   ID:ST-P3W2U4B1N6S5           INDN:OUTDOOR PLAYGROUND      CO ID:XXXXX48598 CCD,,10044.17
4202,,,,,,,,
,08/19/2025,Deposit,,Stripe,,STRIPE           DES:TRANSFER   ID:ST-T6M9G8W4P4P3           INDN:RICHARD PATRI           CO ID:XXXXX65600 CCD,Reconciled,243.75
,08/19/2025,Deposit,,Stripe,,STRIPE           DES:TRANSFER   ID:ST-T6M9G8W4P4P3           INDN:RICHARD PATRI           CO ID:XXXXX65600 CCD,,243.75
4209,,,,,,,,
,08/19/2025,Deposit,,,,"TikTok Inc       DES:PAYMENT    ID:XXXXXXXXXX91398           INDN:Outdoor Playground Inc  CO ID:XXXXX67522 CCD           PMT INFO:TikTok Shop-USLC7NEW6U, payout ID 346367           XXXXX49947898",Reconciled,28.2
,08/19/2025,Deposit,,,,"TikTok Inc       DES:PAYMENT    ID:XXXXXXXXXX91398           INDN:Outdoor Playground Inc  CO ID:XXXXX67522 CCD           PMT INFO:TikTok Shop-USLC7NEW6U, payout ID 346367           XXXXX49947898",,28.2
4211,,,,,,,,
,08/19/2025,Deposit,,,Shopify,SHOPPAYINST AFRM DES:PAYMENTS   ID:I5J8D8DVZB90HZM           INDN:MONSTERBASS             CO ID:XXXXX98000 CCD,Reconciled,119.8
,08/19/2025,Deposit,,,Shopify,SHOPPAYINST AFRM DES:PAYMENTS   ID:I5J8D8DVZB90HZM           INDN:MONSTERBASS             CO ID:XXXXX98000 CCD,,119.8
4212,,,,,,,,
,08/19/2025,Deposit,,,Shopify,SHOPPAYINST AFRM DES:PAYMENTS   ID:GBOA41AWNKL02QX           INDN:MONSTERBASS             CO ID:XXXXX98000 CCD,Reconciled,126.02
,08/19/2025,Deposit,,,Shopify,SHOPPAYINST AFRM DES:PAYMENTS   ID:GBOA41AWNKL02QX           INDN:MONSTERBASS             CO ID:XXXXX98000 CCD,,126.02
4215,,,,,,,,
,08/19/2025,Deposit,,,,PAYPAL           DES:TRANSFER   ID:XXXXX57217535             INDN:MAXIMUS OUTDOORS        CO ID:PAYPALSD11 PPD,Reconciled,220.76
,08/19/2025,Deposit,,,,PAYPAL           DES:TRANSFER   ID:XXXXX57217535             INDN:MAXIMUS OUTDOORS        CO ID:PAYPALSD11 PPD,,220.76
4203,,,,,,,,
,08/20/2025,Deposit,,Stripe,,STRIPE           DES:TRANSFER   ID:ST-A0J4E6F4L8I2           INDN:RICHARD PATRI           CO ID:XXXXX65600 CCD,Reconciled,973.55
,08/20/2025,Deposit,,Stripe,,STRIPE           DES:TRANSFER   ID:ST-A0J4E6F4L8I2           INDN:RICHARD PATRI           CO ID:XXXXX65600 CCD,,973.55
4204,,,,,,,,
,08/20/2025,Deposit,,,Shopify,Shopify          DES:TRANSFER   ID:ST-F0M7F9A2W7U7           INDN:OUTDOOR PLAYGROUND      CO ID:XXXXX48598 CCD,Reconciled,1712.12
,08/20/2025,Deposit,,,Shopify,Shopify          DES:TRANSFER   ID:ST-F0M7F9A2W7U7           INDN:OUTDOOR PLAYGROUND      CO ID:XXXXX48598 CCD,,1712.12
4214,,,,,,,,
,08/20/2025,Deposit,,,,PAYPAL           DES:TRANSFER   ID:XXXXX78595115             INDN:MAXIMUS OUTDOORS        CO ID:PAYPALSD11 PPD,Reconciled,188.45
,08/20/2025,Deposit,,,,PAYPAL           DES:TRANSFER   ID:XXXXX78595115             INDN:MAXIMUS OUTDOORS        CO ID:PAYPALSD11 PPD,,188.45
4205,,,,,,,,
,08/21/2025,Deposit,,,Shopify,Shopify          DES:TRANSFER   ID:ST-C3G0H3A9O8N4           INDN:OUTDOOR PLAYGROUND      CO ID:XXXXX48598 CCD,Reconciled,1719.16
,08/21/2025,Deposit,,,Shopify,Shopify          DES:TRANSFER   ID:ST-C3G0H3A9O8N4           INDN:OUTDOOR PLAYGROUND      CO ID:XXXXX48598 CCD,,1719.16
4206,,,,,,,,
,08/21/2025,Deposit,,,Shopify,SHOPIFY          DES:TRANSFER   ID:SHOPIFY                   INDN:UNKNOWN                 CO ID:SHOPIFYPMT WEB,Reconciled,31.36
,08/21/2025,Deposit,,,Shopify,SHOPIFY          DES:TRANSFER   ID:SHOPIFY                   INDN:UNKNOWN                 CO ID:SHOPIFYPMT WEB,,31.36
4207,,,,,,,,
,08/21/2025,Deposit,,Stripe,,STRIPE           DES:TRANSFER   ID:ST-S1T4W3B4X8R6           INDN:RICHARD PATRI           CO ID:XXXXX65600 CCD,Reconciled,292.95
,08/21/2025,Deposit,,Stripe,,STRIPE           DES:TRANSFER   ID:ST-S1T4W3B4X8R6           INDN:RICHARD PATRI           CO ID:XXXXX65600 CCD,,292.95
4210,,,,,,,,
,08/21/2025,Deposit,,,Shopify,SHOPPAYINST AFRM DES:PAYMENTS   ID:KMDI2E636NH63GO           INDN:MONSTERBASS             CO ID:XXXXX98000 CCD,Reconciled,68.37
,08/21/2025,Deposit,,,Shopify,SHOPPAYINST AFRM DES:PAYMENTS   ID:KMDI2E636NH63GO           INDN:MONSTERBASS             CO ID:XXXXX98000 CCD,,68.37
4213,,,,,,,,
,08/21/2025,Deposit,,,,PAYPAL           DES:TRANSFER   ID:XXXXX99315739             INDN:MAXIMUS OUTDOORS        CO ID:PAYPALSD11 PPD,Reconciled,274.85
,08/21/2025,Deposit,,,,PAYPAL           DES:TRANSFER   ID:XXXXX99315739             INDN:MAXIMUS OUTDOORS        CO ID:PAYPALSD11 PPD,,274.85
4216,,,,,,,,
,08/21/2025,Deposit,,,,AMAZON.CJ3IEYPEA DES:PAYMENTS   ID:2WZLLNNXE4CM5LI           INDN:Outdoor Playground Inc  CO ID:XXXXX40102 CCD,Reconciled,638.48
,08/21/2025,Deposit,,,,AMAZON.CJ3IEYPEA DES:PAYMENTS   ID:2WZLLNNXE4CM5LI           INDN:Outdoor Playground Inc  CO ID:XXXXX40102 CCD,,638.48
4220,,,,,,,,
,08/22/2025,Deposit,,,Shopify,SHOPIFY          DES:TRANSFER   ID:SHOPIFY                   INDN:UNKNOWN                 CO ID:SHOPIFYPMT WEB,Reconciled,38.34
,08/22/2025,Deposit,,,Shopify,SHOPIFY          DES:TRANSFER   ID:SHOPIFY                   INDN:UNKNOWN                 CO ID:SHOPIFYPMT WEB,,38.34
4221,,,,,,,,
,08/22/2025,Deposit,,Stripe,,STRIPE           DES:TRANSFER   ID:ST-H8O4J4T1W4M9           INDN:RICHARD PATRI           CO ID:XXXXX65600 CCD,Reconciled,841.25
,08/22/2025,Deposit,,Stripe,,STRIPE           DES:TRANSFER   ID:ST-H8O4J4T1W4M9           INDN:RICHARD PATRI           CO ID:XXXXX65600 CCD,,841.25
4223,,,,,,,,
,08/22/2025,Deposit,,,Shopify,Shopify          DES:TRANSFER   ID:ST-V7G7A9C5G5V9           INDN:OUTDOOR PLAYGROUND      CO ID:XXXXX48598 CCD,Reconciled,2859.58
,08/22/2025,Deposit,,,Shopify,Shopify          DES:TRANSFER   ID:ST-V7G7A9C5G5V9           INDN:OUTDOOR PLAYGROUND      CO ID:XXXXX48598 CCD,,2859.58
4226,,,,,,,,
,08/22/2025,Deposit,,,,PAYPAL           DES:TRANSFER   ID:XXXXX20277933             INDN:MAXIMUS OUTDOORS        CO ID:PAYPALSD11 PPD,Reconciled,201.44
,08/22/2025,Deposit,,,,PAYPAL           DES:TRANSFER   ID:XXXXX20277933             INDN:MAXIMUS OUTDOORS        CO ID:PAYPALSD11 PPD,,201.44
4228,,,,,,,,
,08/22/2025,Deposit,,,Shopify,SHOPPAYINST AFRM DES:PAYMENTS   ID:3APJRJ2TUEHYKB8           INDN:MONSTERBASS             CO ID:XXXXX98000 CCD,Reconciled,77.24
,08/22/2025,Deposit,,,Shopify,SHOPPAYINST AFRM DES:PAYMENTS   ID:3APJRJ2TUEHYKB8           INDN:MONSTERBASS             CO ID:XXXXX98000 CCD,,77.24
4233,,,,,,,,
,08/25/2025,Deposit,,,Shopify,Shopify          DES:TRANSFER   ID:ST-S9I2S1G9I9P1           INDN:OUTDOOR PLAYGROUND      CO ID:XXXXX65600 CCD,Reconciled,2671.28
,08/25/2025,Deposit,,,Shopify,Shopify          DES:TRANSFER   ID:ST-S9I2S1G9I9P1           INDN:OUTDOOR PLAYGROUND      CO ID:XXXXX65600 CCD,,2671.28
4234,,,,,,,,
,08/25/2025,Deposit,,Stripe,,STRIPE           DES:TRANSFER   ID:ST-E5L1O3W1C1E8           INDN:RICHARD PATRI           CO ID:XXXXX65600 CCD,Reconciled,132.12
,08/25/2025,Deposit,,Stripe,,STRIPE           DES:TRANSFER   ID:ST-E5L1O3W1C1E8           INDN:RICHARD PATRI           CO ID:XXXXX65600 CCD,,132.12
4237,,,,,,,,
,08/25/2025,Deposit,,,,PAYPAL           DES:TRANSFER   ID:XXXXX84413060             INDN:MAXIMUS OUTDOORS        CO ID:PAYPALSD11 PPD,Reconciled,178.46
,08/25/2025,Deposit,,,,PAYPAL           DES:TRANSFER   ID:XXXXX84413060             INDN:MAXIMUS OUTDOORS        CO ID:PAYPALSD11 PPD,,178.46
4238,,,,,,,,
,08/25/2025,Deposit,,,,PAYPAL           DES:TRANSFER   ID:XXXXX82463969             INDN:MAXIMUS OUTDOORS        CO ID:PAYPALSD11 PPD,Reconciled,725.78
,08/25/2025,Deposit,,,,PAYPAL           DES:TRANSFER   ID:XXXXX82463969             INDN:MAXIMUS OUTDOORS        CO ID:PAYPALSD11 PPD,,725.78
4239,,,,,,,,
,08/25/2025,Deposit,,,,"TikTok Inc       DES:PAYMENT    ID:XXXXXXXXXX16213           INDN:Outdoor Playground Inc  CO ID:XXXXX67522 CCD           PMT INFO:TikTok Shop-USLC7NEW6U, payout ID 346385           XXXXX35034106",Reconciled,76.92
,08/25/2025,Deposit,,,,"TikTok Inc       DES:PAYMENT    ID:XXXXXXXXXX16213           INDN:Outdoor Playground Inc  CO ID:XXXXX67522 CCD           PMT INFO:TikTok Shop-USLC7NEW6U, payout ID 346385           XXXXX35034106",,76.92
4240,,,,,,,,
,08/25/2025,Deposit,,,,PAYPAL           DES:TRANSFER   ID:XXXXX41582211             INDN:MAXIMUS OUTDOORS        CO ID:PAYPALSD11 PPD,Reconciled,377.41
,08/25/2025,Deposit,,,,PAYPAL           DES:TRANSFER   ID:XXXXX41582211             INDN:MAXIMUS OUTDOORS        CO ID:PAYPALSD11 PPD,,377.41
4242,,,,,,,,
,08/25/2025,Deposit,,,Shopify,SHOPPAYINST AFRM DES:PAYMENTS   ID:RVB6IV882DFQ54R           INDN:MONSTERBASS             CO ID:XXXXX98000 CCD,Reconciled,112.7
,08/25/2025,Deposit,,,Shopify,SHOPPAYINST AFRM DES:PAYMENTS   ID:RVB6IV882DFQ54R           INDN:MONSTERBASS             CO ID:XXXXX98000 CCD,,112.7
4244,,,,,,,,
,08/26/2025,Deposit,,Stripe,,STRIPE           DES:TRANSFER   ID:ST-X9U6L3C9G6I8           INDN:RICHARD PATRI           CO ID:XXXXX65600 CCD,Reconciled,234.32
,08/26/2025,Deposit,,Stripe,,STRIPE           DES:TRANSFER   ID:ST-X9U6L3C9G6I8           INDN:RICHARD PATRI           CO ID:XXXXX65600 CCD,,234.32
4246,,,,,,,,
,08/26/2025,Deposit,,,Shopify,Shopify          DES:TRANSFER   ID:ST-N2B9O0O7Z3W3           INDN:OUTDOOR PLAYGROUND      CO ID:XXXXX48598 CCD,Reconciled,9537.14
,08/26/2025,Deposit,,,Shopify,Shopify          DES:TRANSFER   ID:ST-N2B9O0O7Z3W3           INDN:OUTDOOR PLAYGROUND      CO ID:XXXXX48598 CCD,,9537.14
4250,,,,,,,,
,08/26/2025,Deposit,,,,"TikTok Inc       DES:PAYMENT    ID:XXXXXXXXXX98585           INDN:Outdoor Playground Inc  CO ID:XXXXX67522 CCD           PMT INFO:TikTok Shop-USLC7NEW6U, payout ID 346396           XXXXX84965882",Reconciled,14.09
,08/26/2025,Deposit,,,,"TikTok Inc       DES:PAYMENT    ID:XXXXXXXXXX98585           INDN:Outdoor Playground Inc  CO ID:XXXXX67522 CCD           PMT INFO:TikTok Shop-USLC7NEW6U, payout ID 346396           XXXXX84965882",,14.09
4251,,,,,,,,
,08/26/2025,Deposit,,,,PAYPAL           DES:TRANSFER   ID:XXXXX04552296             INDN:MAXIMUS OUTDOORS        CO ID:PAYPALSD11 PPD,Reconciled,264.92
,08/26/2025,Deposit,,,,PAYPAL           DES:TRANSFER   ID:XXXXX04552296             INDN:MAXIMUS OUTDOORS        CO ID:PAYPALSD11 PPD,,264.92
4252,,,,,,,,
,08/26/2025,Deposit,,,,"TikTok Inc       DES:PAYMENT    ID:XXXXXXXXXX83231           INDN:Outdoor Playground Inc  CO ID:XXXXX67522 CCD           PMT INFO:TikTok Shop-USLC7NEW6U, payout ID 346393           XXXXX15211770",Reconciled,46.52
,08/26/2025,Deposit,,,,"TikTok Inc       DES:PAYMENT    ID:XXXXXXXXXX83231           INDN:Outdoor Playground Inc  CO ID:XXXXX67522 CCD           PMT INFO:TikTok Shop-USLC7NEW6U, payout ID 346393           XXXXX15211770",,46.52
4260,,,,,,,,
,08/26/2025,Deposit,,,Shopify,SHOPPAYINST AFRM DES:PAYMENTS   ID:IAKTVAWGWAKQ3Z5           INDN:MONSTERBASS             CO ID:XXXXX98000 CCD,Reconciled,139.59
,08/26/2025,Deposit,,,Shopify,SHOPPAYINST AFRM DES:PAYMENTS   ID:IAKTVAWGWAKQ3Z5           INDN:MONSTERBASS             CO ID:XXXXX98000 CCD,,139.59
4261,,,,,,,,
,08/26/2025,Deposit,,,Shopify,SHOPPAYINST AFRM DES:PAYMENTS   ID:M3IYKIRH56SYR4Y           INDN:MONSTERBASS             CO ID:XXXXX98000 CCD,Reconciled,33.01
,08/26/2025,Deposit,,,Shopify,SHOPPAYINST AFRM DES:PAYMENTS   ID:M3IYKIRH56SYR4Y           INDN:MONSTERBASS             CO ID:XXXXX98000 CCD,,33.01
4243,,,,,,,,
,08/27/2025,Deposit,,,Shopify,Shopify          DES:TRANSFER   ID:ST-L9N4Q4Q5M5C1           INDN:OUTDOOR PLAYGROUND      CO ID:XXXXX65600 CCD,Reconciled,4189.87
,08/27/2025,Deposit,,,Shopify,Shopify          DES:TRANSFER   ID:ST-L9N4Q4Q5M5C1           INDN:OUTDOOR PLAYGROUND      CO ID:XXXXX65600 CCD,,4189.87
4245,,,,,,,,
,08/27/2025,Deposit,,,Shopify,SHOPIFY          DES:TRANSFER   ID:SHOPIFY                   INDN:UNKNOWN                 CO ID:SHOPIFYPMT WEB,Reconciled,5.93
,08/27/2025,Deposit,,,Shopify,SHOPIFY          DES:TRANSFER   ID:SHOPIFY                   INDN:UNKNOWN                 CO ID:SHOPIFYPMT WEB,,5.93
4247,,,,,,,,
,08/27/2025,Deposit,,Stripe,,STRIPE           DES:TRANSFER   ID:ST-Z1B9E8W9R9Z8           INDN:RICHARD PATRI           CO ID:XXXXX65600 CCD,Reconciled,725.88
,08/27/2025,Deposit,,Stripe,,STRIPE           DES:TRANSFER   ID:ST-Z1B9E8W9R9Z8           INDN:RICHARD PATRI           CO ID:XXXXX65600 CCD,,725.88
4253,,,,,,,,
,08/27/2025,Deposit,,,,"TikTok Inc       DES:PAYMENT    ID:XXXXXXXXXX49315           INDN:Outdoor Playground Inc  CO ID:XXXXX67522 CCD           PMT INFO:TikTok Shop-USLC7NEW6U, payout ID 346399           XXXXX49717498",Reconciled,12.21
,08/27/2025,Deposit,,,,"TikTok Inc       DES:PAYMENT    ID:XXXXXXXXXX49315           INDN:Outdoor Playground Inc  CO ID:XXXXX67522 CCD           PMT INFO:TikTok Shop-USLC7NEW6U, payout ID 346399           XXXXX49717498",,12.21
4254,,,,,,,,
,08/27/2025,Deposit,,,,PAYPAL           DES:TRANSFER   ID:XXXXX26275710             INDN:MAXIMUS OUTDOORS        CO ID:PAYPALSD11 PPD,Reconciled,287.08
,08/27/2025,Deposit,,,,PAYPAL           DES:TRANSFER   ID:XXXXX26275710             INDN:MAXIMUS OUTDOORS        CO ID:PAYPALSD11 PPD,,287.08
4255,,,,,,,,
,08/28/2025,Deposit,,,,PAYPAL           DES:TRANSFER   ID:XXXXX47761104             INDN:MAXIMUS OUTDOORS        CO ID:PAYPALSD11 PPD,Reconciled,174.96
,08/28/2025,Deposit,,,,PAYPAL           DES:TRANSFER   ID:XXXXX47761104             INDN:MAXIMUS OUTDOORS        CO ID:PAYPALSD11 PPD,,174.96
4256,,,,,,,,
,08/28/2025,Deposit,,,,BKOFAMERICA MOBILE 08/29 XXXXX48459 DEPOSIT                                    *MOBILE       CA,Reconciled,17.23
,08/28/2025,Deposit,,,,BKOFAMERICA MOBILE 08/29 XXXXX48459 DEPOSIT                                    *MOBILE       CA,,-17.23
4262,,,,,,,,
,08/28/2025,Deposit,,,Shopify,Shopify          DES:TRANSFER   ID:ST-A8L8Q6C0V3W8           INDN:OUTDOOR PLAYGROUND      CO ID:XXXXX48598 CCD,Reconciled,2179.48
,08/28/2025,Deposit,,,Shopify,Shopify          DES:TRANSFER   ID:ST-A8L8Q6C0V3W8           INDN:OUTDOOR PLAYGROUND      CO ID:XXXXX48598 CCD,,2179.48
4263,,,,,,,,
,08/28/2025,Deposit,,Stripe,,STRIPE           DES:TRANSFER   ID:ST-O9T5U0P5U4T6           INDN:RICHARD PATRI           CO ID:XXXXX65600 CCD,Reconciled,425.15
,08/28/2025,Deposit,,Stripe,,STRIPE           DES:TRANSFER   ID:ST-O9T5U0P5U4T6           INDN:RICHARD PATRI           CO ID:XXXXX65600 CCD,,425.15
4264,,,,,,,,
,08/28/2025,Deposit,,,,BKOFAMERICA MOBILE 08/29 XXXXX13500 DEPOSIT                                    *MOBILE       CA,Reconciled,297.67
,08/28/2025,Deposit,,,,BKOFAMERICA MOBILE 08/29 XXXXX13500 DEPOSIT                                    *MOBILE       CA,,297.67
4266,,,,,,,,
,08/29/2025,Deposit,,,Shopify,SHOPIFY          DES:TRANSFER   ID:ST-P8Z1M9P3M0F4           INDN:OUTDOOR PLAYGROUND      CO ID: XXXXX8598 CCD,Reconciled,3617.23
,08/29/2025,Deposit,,,Shopify,SHOPIFY          DES:TRANSFER   ID:ST-P8Z1M9P3M0F4           INDN:OUTDOOR PLAYGROUND      CO ID: XXXXX8598 CCD,,3617.23
4267,,,,,,,,
,08/29/2025,Deposit,,Stripe,,STRIPE           DES:TRANSFER   ID:ST-J9L8C7X3K1I1           INDN:RICHARD PATRI           CO ID:XXXXX65600 CCD,Reconciled,260.66
,08/29/2025,Deposit,,Stripe,,STRIPE           DES:TRANSFER   ID:ST-J9L8C7X3K1I1           INDN:RICHARD PATRI           CO ID:XXXXX65600 CCD,,260.66
4268,,,,,,,,
,08/29/2025,Deposit,,,Shopify,SHOPIFY          DES:TRANSFER   ID:SHOPIFY                   INDN:UNKNOWN                 CO ID:SHOPIFYPMT WEB,Reconciled,27.3
,08/29/2025,Deposit,,,Shopify,SHOPIFY          DES:TRANSFER   ID:SHOPIFY                   INDN:UNKNOWN                 CO ID:SHOPIFYPMT WEB,,27.3
4276,,,,,,,,
,08/29/2025,Deposit,,,,PAYPAL           DES:TRANSFER   ID:XXXXX69423124             INDN:MAXIMUS OUTDOORS        CO ID:PAYPALSD11 PPD,Reconciled,205.98
,08/29/2025,Deposit,,,,PAYPAL           DES:TRANSFER   ID:XXXXX69423124             INDN:MAXIMUS OUTDOORS        CO ID:PAYPALSD11 PPD,,205.98
4294,,,,,,,,
,08/31/2025,Deposit,,,Shopify,Shopify          DES:TRANSFER   ID:ST-S8O5J6U1T6F4           INDN:OUTDOOR PLAYGROUND      CO ID:XXXXX48598 CCD,Reconciled,3652.41
,08/31/2025,Deposit,,,Shopify,Shopify          DES:TRANSFER   ID:ST-S8O5J6U1T6F4           INDN:OUTDOOR PLAYGROUND      CO ID:XXXXX48598 CCD,,3652.41
4303,,,,,,,,
,08/31/2025,Deposit,,,Shopify,Shopify          DES:TRANSFER   ID:ST-R5D1H5E1P1F3           INDN:OUTDOOR PLAYGROUND      CO ID:XXXXX65600 CCD,Reconciled,12164.57
,08/31/2025,Deposit,,,Shopify,Shopify          DES:TRANSFER   ID:ST-R5D1H5E1P1F3           INDN:OUTDOOR PLAYGROUND      CO ID:XXXXX65600 CCD,,12164.57
4309,,,,,,,,
,08/31/2025,Deposit,,,,PAYPAL           DES:TRANSFER   ID:XXXXX93148765             INDN:MAXIMUS OUTDOORS        CO ID:PAYPALSD11 PPD,Reconciled,648.41
,08/31/2025,Deposit,,,,PAYPAL           DES:TRANSFER   ID:XXXXX93148765             INDN:MAXIMUS OUTDOORS        CO ID:PAYPALSD11 PPD,,648.41
4311,,,,,,,,
,08/31/2025,Deposit,,,,PAYPAL           DES:TRANSFER   ID:XXXXX56209658             INDN:MAXIMUS OUTDOORS        CO ID:PAYPALSD11 PPD,Reconciled,330.72
,08/31/2025,Deposit,,,,PAYPAL           DES:TRANSFER   ID:XXXXX56209658             INDN:MAXIMUS OUTDOORS        CO ID:PAYPALSD11 PPD,,330.72
4291,,,,,,,,
,09/02/2025,Deposit,,,Shopify,SHOPIFY          DES:TRANSFER   ID:SHOPIFY                   INDN:UNKNOWN                 CO ID:SHOPIFYPMT WEB,Reconciled,31.53
,09/02/2025,Deposit,,,Shopify,SHOPIFY          DES:TRANSFER   ID:SHOPIFY                   INDN:UNKNOWN                 CO ID:SHOPIFYPMT WEB,,31.53
4292,,,,,,,,
,09/02/2025,Deposit,,Stripe,,STRIPE           DES:TRANSFER   ID:ST-U5M8Q6U1B8I5           INDN:RICHARD PATRI           CO ID:XXXXX65600 CCD,Reconciled,284.34
,09/02/2025,Deposit,,Stripe,,STRIPE           DES:TRANSFER   ID:ST-U5M8Q6U1B8I5           INDN:RICHARD PATRI           CO ID:XXXXX65600 CCD,,284.34
4293,,,,,,,,
,09/02/2025,Deposit,,,Shopify,Shopify          DES:TRANSFER   ID:ST-U9X7R3H6Q8V3           INDN:OUTDOOR PLAYGROUND INC  CO ID:XXXXX65600 CCD,Reconciled,34.53
,09/02/2025,Deposit,,,Shopify,Shopify          DES:TRANSFER   ID:ST-U9X7R3H6Q8V3           INDN:OUTDOOR PLAYGROUND INC  CO ID:XXXXX65600 CCD,,34.53
4295,,,,,,,,
,09/02/2025,Deposit,,,Shopify,SHOPIFY          DES:TRANSFER   ID:SHOPIFY                   INDN:UNKNOWN                 CO ID:SHOPIFYPMT WEB,Reconciled,26.34
,09/02/2025,Deposit,,,Shopify,SHOPIFY          DES:TRANSFER   ID:SHOPIFY                   INDN:UNKNOWN                 CO ID:SHOPIFYPMT WEB,,26.34
4296,,,,,,,,
,09/02/2025,Deposit,,,Shopify,SHOPIFY          DES:TRANSFER   ID:SHOPIFY                   INDN:UNKNOWN                 CO ID:SHOPIFYPMT WEB,Reconciled,26.16
,09/02/2025,Deposit,,,Shopify,SHOPIFY          DES:TRANSFER   ID:SHOPIFY                   INDN:UNKNOWN                 CO ID:SHOPIFYPMT WEB,,26.16
4312,,,,,,,,
,09/02/2025,Deposit,,,,PAYPAL           DES:TRANSFER   ID:XXXXX35558198             INDN:MAXIMUS OUTDOORS        CO ID:PAYPALSD11 PPD,Reconciled,300.67
,09/02/2025,Deposit,,,,PAYPAL           DES:TRANSFER   ID:XXXXX35558198             INDN:MAXIMUS OUTDOORS        CO ID:PAYPALSD11 PPD,,300.67
4313,,,,,,,,
,09/02/2025,Deposit,,,,PAYPAL           DES:TRANSFER   ID:XXXXX16322115             INDN:MAXIMUS OUTDOORS        CO ID:PAYPALSD11 PPD,Reconciled,223.64
,09/02/2025,Deposit,,,,PAYPAL           DES:TRANSFER   ID:XXXXX16322115             INDN:MAXIMUS OUTDOORS        CO ID:PAYPALSD11 PPD,,223.64
4302,,,,,,,,
,09/03/2025,Deposit,,Stripe,,STRIPE           DES:TRANSFER   ID:ST-Y0V7P1L7N1X3           INDN:RICHARD PATRI           CO ID:XXXXX65600 CCD,Reconciled,89.53
,09/03/2025,Deposit,,Stripe,,STRIPE           DES:TRANSFER   ID:ST-Y0V7P1L7N1X3           INDN:RICHARD PATRI           CO ID:XXXXX65600 CCD,,89.53
4304,,,,,,,,
,09/03/2025,Deposit,,,Shopify,SHOPIFY          DES:TRANSFER   ID:SHOPIFY                   INDN:UNKNOWN                 CO ID:SHOPIFYPMT WEB,Reconciled,22.59
,09/03/2025,Deposit,,,Shopify,SHOPIFY          DES:TRANSFER   ID:SHOPIFY                   INDN:UNKNOWN                 CO ID:SHOPIFYPMT WEB,,22.59
4314,,,,,,,,
,09/03/2025,Deposit,,,,"TikTok Inc       DES:PAYMENT    ID:XXXXXXXXXX78179           INDN:Outdoor Playground Inc  CO ID:XXXXX67522 CCD           PMT INFO:TikTok Shop-USLC7NEW6U, payout ID 346422           XXXXX78790138",Reconciled,33.8
,09/03/2025,Deposit,,,,"TikTok Inc       DES:PAYMENT    ID:XXXXXXXXXX78179           INDN:Outdoor Playground Inc  CO ID:XXXXX67522 CCD           PMT INFO:TikTok Shop-USLC7NEW6U, payout ID 346422           XXXXX78790138",,33.8
4315,,,,,,,,
,09/03/2025,Deposit,,,,PAYPAL           DES:TRANSFER   ID:XXXXX81348114             INDN:MAXIMUS OUTDOORS        CO ID:PAYPALSD11 PPD,Reconciled,918.77
,09/03/2025,Deposit,,,,PAYPAL           DES:TRANSFER   ID:XXXXX81348114             INDN:MAXIMUS OUTDOORS        CO ID:PAYPALSD11 PPD,,918.77
4300,,,,,,,,
,09/04/2025,Deposit,,Stripe,,STRIPE           DES:TRANSFER   ID:ST-P1M2D2V4I8C0           INDN:RICHARD PATRI           CO ID:XXXXX65600 CCD,Reconciled,881.6
,09/04/2025,Deposit,,Stripe,,STRIPE           DES:TRANSFER   ID:ST-P1M2D2V4I8C0           INDN:RICHARD PATRI           CO ID:XXXXX65600 CCD,,881.6
4301,,,,,,,,
,09/04/2025,Deposit,,,Shopify,Shopify          DES:TRANSFER   ID:ST-N3Z4S5O9T1J9           INDN:OUTDOOR PLAYGROUND      CO ID:XXXXX65600 CCD,Reconciled,2925.39
,09/04/2025,Deposit,,,Shopify,Shopify          DES:TRANSFER   ID:ST-N3Z4S5O9T1J9           INDN:OUTDOOR PLAYGROUND      CO ID:XXXXX65600 CCD,,2925.39
4316,,,,,,,,
,09/04/2025,Deposit,,,,PAYPAL           DES:TRANSFER   ID:XXXXX05877655             INDN:MAXIMUS OUTDOORS        CO ID:PAYPALSD11 PPD,Reconciled,180.47
,09/04/2025,Deposit,,,,PAYPAL           DES:TRANSFER   ID:XXXXX05877655             INDN:MAXIMUS OUTDOORS        CO ID:PAYPALSD11 PPD,,180.47
4317,,,,,,,,
,09/04/2025,Deposit,,,,AMAZON.CGHC9KL2C DES:PAYMENTS   ID:53P2POSO61I7NFR           INDN:Outdoor Playground Inc  CO ID:XXXXX40102 CCD,Reconciled,523.66
,09/04/2025,Deposit,,,,AMAZON.CGHC9KL2C DES:PAYMENTS   ID:53P2POSO61I7NFR           INDN:Outdoor Playground Inc  CO ID:XXXXX40102 CCD,,523.66
4324,,,,,,,,
,09/05/2025,Deposit,,,Shopify,Shopify          DES:TRANSFER   ID:ST-E3U1S4C0Y9J5           INDN:OUTDOOR PLAYGROUND      CO ID:XXXXX65600 CCD,Reconciled,5305.58
,09/05/2025,Deposit,,,Shopify,Shopify          DES:TRANSFER   ID:ST-E3U1S4C0Y9J5           INDN:OUTDOOR PLAYGROUND      CO ID:XXXXX65600 CCD,,5305.58
4325,,,,,,,,
,09/05/2025,Deposit,,Stripe,,STRIPE           DES:TRANSFER   ID:ST-Q3N4W0G4B9E4           INDN:RICHARD PATRI           CO ID:XXXXX65600 CCD,Reconciled,2426.39
,09/05/2025,Deposit,,Stripe,,STRIPE           DES:TRANSFER   ID:ST-Q3N4W0G4B9E4           INDN:RICHARD PATRI           CO ID:XXXXX65600 CCD,,2426.39
4330,,,,,,,,
,09/05/2025,Deposit,,,,PAYPAL           DES:TRANSFER   ID:XXXXX27577034             INDN:MAXIMUS OUTDOORS        CO ID:PAYPALSD11 PPD,Reconciled,979.86
,09/05/2025,Deposit,,,,PAYPAL           DES:TRANSFER   ID:XXXXX27577034             INDN:MAXIMUS OUTDOORS        CO ID:PAYPALSD11 PPD,,979.86
4332,,,,,,,,
,09/08/2025,Deposit,,,,PAYPAL           DES:TRANSFER   ID:XXXXX75709395             INDN:MAXIMUS OUTDOORS        CO ID:PAYPALSD11 PPD,Reconciled,301.51
,09/08/2025,Deposit,,,,PAYPAL           DES:TRANSFER   ID:XXXXX75709395             INDN:MAXIMUS OUTDOORS        CO ID:PAYPALSD11 PPD,,301.51
4333,,,,,,,,
,09/08/2025,Deposit,,,,PAYPAL           DES:TRANSFER   ID:XXXXX96319181             INDN:MAXIMUS OUTDOORS        CO ID:PAYPALSD11 PPD,Reconciled,398.38
,09/08/2025,Deposit,,,,PAYPAL           DES:TRANSFER   ID:XXXXX96319181             INDN:MAXIMUS OUTDOORS        CO ID:PAYPALSD11 PPD,,398.38
4334,,,,,,,,
,09/08/2025,Deposit,,,,PAYPAL           DES:TRANSFER   ID:XXXXX50720343             INDN:MAXIMUS OUTDOORS        CO ID:PAYPALSD11 PPD,Reconciled,164.66
,09/08/2025,Deposit,,,,PAYPAL           DES:TRANSFER   ID:XXXXX50720343             INDN:MAXIMUS OUTDOORS        CO ID:PAYPALSD11 PPD,,164.66
4335,,,,,,,,
,09/08/2025,Deposit,,,Shopify,Shopify          DES:TRANSFER   ID:ST-G0J7B8S1R8M8           INDN:OUTDOOR PLAYGROUND      CO ID:XXXXX48598 CCD,Reconciled,2521.44
,09/08/2025,Deposit,,,Shopify,Shopify          DES:TRANSFER   ID:ST-G0J7B8S1R8M8           INDN:OUTDOOR PLAYGROUND      CO ID:XXXXX48598 CCD,,2521.44
4336,,,,,,,,
,09/08/2025,Deposit,,,Shopify,SHOPIFY          DES:TRANSFER   ID:SHOPIFY                   INDN:UNKNOWN                 CO ID:SHOPIFYPMT WEB,Reconciled,20.44
,09/08/2025,Deposit,,,Shopify,SHOPIFY          DES:TRANSFER   ID:SHOPIFY                   INDN:UNKNOWN                 CO ID:SHOPIFYPMT WEB,,20.44
4337,,,,,,,,
,09/08/2025,Deposit,,Stripe,,STRIPE           DES:TRANSFER   ID:ST-L0L8Y9E4P8H6           INDN:RICHARD PATRI           CO ID:XXXXX65600 CCD,Reconciled,515.61
,09/08/2025,Deposit,,Stripe,,STRIPE           DES:TRANSFER   ID:ST-L0L8Y9E4P8H6           INDN:RICHARD PATRI           CO ID:XXXXX65600 CCD,,515.61
4339,,,,,,,,
,09/09/2025,Deposit,,,,PAYPAL           DES:TRANSFER   ID:XXXXX17391121             INDN:MAXIMUS OUTDOORS        CO ID:PAYPALSD11 PPD,Reconciled,233.33
,09/09/2025,Deposit,,,,PAYPAL           DES:TRANSFER   ID:XXXXX17391121             INDN:MAXIMUS OUTDOORS        CO ID:PAYPALSD11 PPD,,233.33
4342,,,,,,,,
,09/09/2025,Deposit,,,Shopify,Shopify          DES:TRANSFER   ID:ST-Z8O7Y7X6D0Z6           INDN:OUTDOOR PLAYGROUND INC  CO ID:XXXXX65600 CCD,Reconciled,38.3
,09/09/2025,Deposit,,,Shopify,Shopify          DES:TRANSFER   ID:ST-Z8O7Y7X6D0Z6           INDN:OUTDOOR PLAYGROUND INC  CO ID:XXXXX65600 CCD,,38.3
4343,,,,,,,,
,09/09/2025,Deposit,,,Shopify,Shopify          DES:TRANSFER   ID:ST-M4Y7I5T5T2G0           INDN:OUTDOOR PLAYGROUND      CO ID:XXXXX65600 CCD,Reconciled,10504.46
,09/09/2025,Deposit,,,Shopify,Shopify          DES:TRANSFER   ID:ST-M4Y7I5T5T2G0           INDN:OUTDOOR PLAYGROUND      CO ID:XXXXX65600 CCD,,10504.46
4344,,,,,,,,
,09/09/2025,Deposit,,Stripe,,STRIPE           DES:TRANSFER   ID:ST-K4C8T5N4R4Z2           INDN:RICHARD PATRI           CO ID:XXXXX65600 CCD,Reconciled,670.9
,09/09/2025,Deposit,,Stripe,,STRIPE           DES:TRANSFER   ID:ST-K4C8T5N4R4Z2           INDN:RICHARD PATRI           CO ID:XXXXX65600 CCD,,670.9
4345,,,,,,,,
,09/10/2025,Deposit,,,Shopify,SHOPIFY          DES:TRANSFER   ID:SHOPIFY                   INDN:UNKNOWN                 CO ID:SHOPIFYPMT WEB,Reconciled,24.29
,09/10/2025,Deposit,,,Shopify,SHOPIFY          DES:TRANSFER   ID:SHOPIFY                   INDN:UNKNOWN                 CO ID:SHOPIFYPMT WEB,,24.29
4346,,,,,,,,
,09/10/2025,Deposit,,,Shopify,Shopify          DES:TRANSFER   ID:ST-E6G5O1K0X8O2           INDN:OUTDOOR PLAYGROUND      CO ID:XXXXX65600 CCD,Reconciled,1170
,09/10/2025,Deposit,,,Shopify,Shopify          DES:TRANSFER   ID:ST-E6G5O1K0X8O2           INDN:OUTDOOR PLAYGROUND      CO ID:XXXXX65600 CCD,,1170
4347,,,,,,,,
,09/10/2025,Deposit,,Stripe,,STRIPE           DES:TRANSFER   ID:ST-K1H9U1G8B7G3           INDN:RICHARD PATRI           CO ID:XXXXX65600 CCD,Reconciled,2152.71
,09/10/2025,Deposit,,Stripe,,STRIPE           DES:TRANSFER   ID:ST-K1H9U1G8B7G3           INDN:RICHARD PATRI           CO ID:XXXXX65600 CCD,,2152.71
4357,,,,,,,,
,09/10/2025,Deposit,,,,PAYPAL           DES:TRANSFER   ID:XXXXX38579603             INDN:MAXIMUS OUTDOORS        CO ID:PAYPALSD11 PPD,Reconciled,114
,09/10/2025,Deposit,,,,PAYPAL           DES:TRANSFER   ID:XXXXX38579603             INDN:MAXIMUS OUTDOORS        CO ID:PAYPALSD11 PPD,,114
4348,,,,,,,,
,09/11/2025,Deposit,,,Shopify,Shopify          DES:TRANSFER   ID:ST-G7O4G5T4H4A1           INDN:OUTDOOR PLAYGROUND      CO ID:XXXXX48598 CCD,Reconciled,2106.15
,09/11/2025,Deposit,,,Shopify,Shopify          DES:TRANSFER   ID:ST-G7O4G5T4H4A1           INDN:OUTDOOR PLAYGROUND      CO ID:XXXXX48598 CCD,,2106.15
4349,,,,,,,,
,09/11/2025,Deposit,,Stripe,,STRIPE           DES:TRANSFER   ID:ST-D7S9M6I5B5K9           INDN:RICHARD PATRI           CO ID:XXXXX65600 CCD,Reconciled,691.02
,09/11/2025,Deposit,,Stripe,,STRIPE           DES:TRANSFER   ID:ST-D7S9M6I5B5K9           INDN:RICHARD PATRI           CO ID:XXXXX65600 CCD,,691.02
4358,,,,,,,,
,09/11/2025,Deposit,,,,PAYPAL           DES:TRANSFER   ID:XXXXX59702411             INDN:MAXIMUS OUTDOORS        CO ID:PAYPALSD11 PPD,Reconciled,525.93
,09/11/2025,Deposit,,,,PAYPAL           DES:TRANSFER   ID:XXXXX59702411             INDN:MAXIMUS OUTDOORS        CO ID:PAYPALSD11 PPD,,525.93
4354,,,,,,,,
,09/12/2025,Deposit,,,Shopify,Shopify          DES:TRANSFER   ID:ST-X5G8K1I3D4A9           INDN:OUTDOOR PLAYGROUND      CO ID:XXXXX48598 CCD,Reconciled,2497.91
,09/12/2025,Deposit,,,Shopify,Shopify          DES:TRANSFER   ID:ST-X5G8K1I3D4A9           INDN:OUTDOOR PLAYGROUND      CO ID:XXXXX48598 CCD,,2497.91
4355,,,,,,,,
,09/12/2025,Deposit,,Stripe,,STRIPE           DES:TRANSFER   ID:ST-T8C3V9I1K4A1           INDN:RICHARD PATRI           CO ID:XXXXX65600 CCD,Reconciled,464.06
,09/12/2025,Deposit,,Stripe,,STRIPE           DES:TRANSFER   ID:ST-T8C3V9I1K4A1           INDN:RICHARD PATRI           CO ID:XXXXX65600 CCD,,464.06
4361,,,,,,,,
,09/12/2025,Deposit,,,,CHASE CREDIT CRD DES:RWRD RDM   ID:XXXXXXXXXX80521           INDN:PATRI RICHARD           CO ID:XXXXX40001 PPD,Reconciled,506.84
,09/12/2025,Deposit,,,,CHASE CREDIT CRD DES:RWRD RDM   ID:XXXXXXXXXX80521           INDN:PATRI RICHARD           CO ID:XXXXX40001 PPD,,506.84
4362,,,,,,,,
,09/12/2025,Deposit,,,,PAYPAL           DES:TRANSFER   ID:XXXXX80674236             INDN:MAXIMUS OUTDOORS        CO ID:PAYPALSD11 PPD,Reconciled,302.29
,09/12/2025,Deposit,,,,PAYPAL           DES:TRANSFER   ID:XXXXX80674236             INDN:MAXIMUS OUTDOORS        CO ID:PAYPALSD11 PPD,,302.29
4384,,,,,,,,
,09/15/2025,Deposit,,,,BKOFAMERICA MOBILE 09/15 XXXXX72675 DEPOSIT                                    *MOBILE       CA,Reconciled,720
,09/15/2025,Deposit,,,,BKOFAMERICA MOBILE 09/15 XXXXX72675 DEPOSIT                                    *MOBILE       CA,,720
4389,,,,,,,,
,09/15/2025,Deposit,,,,PAYPAL           DES:TRANSFER   ID:XXXXX02410073             INDN:MAXIMUS OUTDOORS        CO ID:PAYPALSD11 PPD,Reconciled,426.08
,09/15/2025,Deposit,,,,PAYPAL           DES:TRANSFER   ID:XXXXX02410073             INDN:MAXIMUS OUTDOORS        CO ID:PAYPALSD11 PPD,,426.08
4390,,,,,,,,
,09/15/2025,Deposit,,,,PAYPAL           DES:TRANSFER   ID:XXXXX24807455             INDN:MAXIMUS OUTDOORS        CO ID:PAYPALSD11 PPD,Reconciled,167.4
,09/15/2025,Deposit,,,,PAYPAL           DES:TRANSFER   ID:XXXXX24807455             INDN:MAXIMUS OUTDOORS        CO ID:PAYPALSD11 PPD,,167.4
4391,,,,,,,,
,09/15/2025,Deposit,,,,PAYPAL           DES:TRANSFER   ID:XXXXX45223446             INDN:MAXIMUS OUTDOORS        CO ID:PAYPALSD11 PPD,Reconciled,477.53
,09/15/2025,Deposit,,,,PAYPAL           DES:TRANSFER   ID:XXXXX45223446             INDN:MAXIMUS OUTDOORS        CO ID:PAYPALSD11 PPD,,477.53
4393,,,,,,,,
,09/15/2025,Deposit,,,Shopify,SHOPIFY          DES:TRANSFER   ID:SHOPIFY                   INDN:UNKNOWN                 CO ID:SHOPIFYPMT WEB,Reconciled,10.38
,09/15/2025,Deposit,,,Shopify,SHOPIFY          DES:TRANSFER   ID:SHOPIFY                   INDN:UNKNOWN                 CO ID:SHOPIFYPMT WEB,,10.38
4394,,,,,,,,
,09/15/2025,Deposit,,,Shopify,Shopify          DES:TRANSFER   ID:ST-X5X8I9Q4Y1V7           INDN:OUTDOOR PLAYGROUND      CO ID:XXXXX65600 CCD,Reconciled,2061.57
,09/15/2025,Deposit,,,Shopify,Shopify          DES:TRANSFER   ID:ST-X5X8I9Q4Y1V7           INDN:OUTDOOR PLAYGROUND      CO ID:XXXXX65600 CCD,,2061.57
4395,,,,,,,,
,09/15/2025,Deposit,,Stripe,,STRIPE           DES:TRANSFER   ID:ST-S1V2K0J6W4D3           INDN:RICHARD PATRI           CO ID:XXXXX65600 CCD,Reconciled,463.47
,09/15/2025,Deposit,,Stripe,,STRIPE           DES:TRANSFER   ID:ST-S1V2K0J6W4D3           INDN:RICHARD PATRI           CO ID:XXXXX65600 CCD,,463.47
4435,,,,,,,,
,09/15/2025,Deposit,,,,Online Banking transfer from CHK 1108                       Confirmation# XXXXX23864,Reconciled,50000
,09/15/2025,Deposit,,,,Online Banking transfer from CHK 1108                       Confirmation# XXXXX23864,Uncleared,50000
4368,,,,,,,,
,09/16/2025,Deposit,,Stripe,,STRIPE           DES:TRANSFER   ID:ST-V1X4F2C8B4V1           INDN:RICHARD PATRI           CO ID:XXXXX65600 CCD,Reconciled,297.7
,09/16/2025,Deposit,,Stripe,,STRIPE           DES:TRANSFER   ID:ST-V1X4F2C8B4V1           INDN:RICHARD PATRI           CO ID:XXXXX65600 CCD,,297.7
4369,,,,,,,,
,09/16/2025,Deposit,,,Shopify,Shopify          DES:TRANSFER   ID:ST-N7S1P8C1K5D4           INDN:OUTDOOR PLAYGROUND      CO ID:XXXXX48598 CCD,Reconciled,8983.22
,09/16/2025,Deposit,,,Shopify,Shopify          DES:TRANSFER   ID:ST-N7S1P8C1K5D4           INDN:OUTDOOR PLAYGROUND      CO ID:XXXXX48598 CCD,,8983.22
4383,,,,,,,,
,09/16/2025,Deposit,,,,Bank of America  DES:CASHREWARD ID:PLAYGROUND LLC            INDN:XXXXX0000XXXXX74XXXXX0  CO ID:XXXXX90310 PPD,Reconciled,815.12
,09/16/2025,Deposit,,,,Bank of America  DES:CASHREWARD ID:PLAYGROUND LLC            INDN:XXXXX0000XXXXX74XXXXX0  CO ID:XXXXX90310 PPD,,815.12
4387,,,,,,,,
,09/16/2025,Deposit,,,,PAYPAL           DES:TRANSFER   ID:XXXXX66291545             INDN:MAXIMUS OUTDOORS        CO ID:PAYPALSD11 PPD,Reconciled,427.5
,09/16/2025,Deposit,,,,PAYPAL           DES:TRANSFER   ID:XXXXX66291545             INDN:MAXIMUS OUTDOORS        CO ID:PAYPALSD11 PPD,,427.5
4396,,,,,,,,
,09/16/2025,Deposit,,,,"TikTok Inc       DES:PAYMENT    ID:XXXXXXXXXX65184           INDN:Outdoor Playground Inc  CO ID:XXXXX67522 CCD           PMT INFO:TikTok Shop-USLC7NEW6U, payout ID 346457           XXXXX76976634",Reconciled,31.5
,09/16/2025,Deposit,,,,"TikTok Inc       DES:PAYMENT    ID:XXXXXXXXXX65184           INDN:Outdoor Playground Inc  CO ID:XXXXX67522 CCD           PMT INFO:TikTok Shop-USLC7NEW6U, payout ID 346457           XXXXX76976634",,31.5
4436,,,,,,,,
,09/16/2025,Deposit,,,,Online scheduled transfer from CHK 0455                     Confirmation# XXXXX89234,Reconciled,50000
,09/16/2025,Deposit,,,,Online scheduled transfer from CHK 0455                     Confirmation# XXXXX89234,Uncleared,50000
4371,,,,,,,,
,09/17/2025,Deposit,,,Shopify,Shopify          DES:TRANSFER   ID:ST-V5T7N0J3Z1V4           INDN:OUTDOOR PLAYGROUND      CO ID:XXXXX65600 CCD,Reconciled,3285.34
,09/17/2025,Deposit,,,Shopify,Shopify          DES:TRANSFER   ID:ST-V5T7N0J3Z1V4           INDN:OUTDOOR PLAYGROUND      CO ID:XXXXX65600 CCD,,3285.34
4372,,,,,,,,
,09/17/2025,Deposit,,Stripe,,STRIPE           DES:TRANSFER   ID:ST-V9S5B9Y1F2Y0           INDN:RICHARD PATRI           CO ID:XXXXX65600 CCD,Reconciled,1170.16
,09/17/2025,Deposit,,Stripe,,STRIPE           DES:TRANSFER   ID:ST-V9S5B9Y1F2Y0           INDN:RICHARD PATRI           CO ID:XXXXX65600 CCD,,1170.16
4388,,,,,,,,
,09/17/2025,Deposit,,,,PAYPAL           DES:TRANSFER   ID:XXXXX88218170             INDN:MAXIMUS OUTDOORS        CO ID:PAYPALSD11 PPD,Reconciled,757.32
,09/17/2025,Deposit,,,,PAYPAL           DES:TRANSFER   ID:XXXXX88218170             INDN:MAXIMUS OUTDOORS        CO ID:PAYPALSD11 PPD,,757.32
4373,,,,,,,,
,09/18/2025,Deposit,,Stripe,,STRIPE           DES:TRANSFER   ID:ST-L3S2L7E1G3E7           INDN:RICHARD PATRI           CO ID:XXXXX65600 CCD,Reconciled,657.93
,09/18/2025,Deposit,,Stripe,,STRIPE           DES:TRANSFER   ID:ST-L3S2L7E1G3E7           INDN:RICHARD PATRI           CO ID:XXXXX65600 CCD,,657.93
4374,,,,,,,,
,09/18/2025,Deposit,,,Shopify,Shopify          DES:TRANSFER   ID:ST-F5C1M6M8X0I1           INDN:OUTDOOR PLAYGROUND      CO ID:XXXXX48598 CCD,Reconciled,1647.73
,09/18/2025,Deposit,,,Shopify,Shopify          DES:TRANSFER   ID:ST-F5C1M6M8X0I1           INDN:OUTDOOR PLAYGROUND      CO ID:XXXXX48598 CCD,,1647.73
4382,,,,,,,,
,09/18/2025,Deposit,,,,AMAZON.CJT7UIIFD DES:PAYMENTS   ID:6F8AA2TX5AHTDUW           INDN:Outdoor Playground Inc  CO ID:XXXXX40102 CCD,Reconciled,532.04
,09/18/2025,Deposit,,,,AMAZON.CJT7UIIFD DES:PAYMENTS   ID:6F8AA2TX5AHTDUW           INDN:Outdoor Playground Inc  CO ID:XXXXX40102 CCD,,532.04
4385,,,,,,,,
,09/18/2025,Deposit,,,,PAYPAL           DES:TRANSFER   ID:XXXXX09195201             INDN:MAXIMUS OUTDOORS        CO ID:PAYPALSD11 PPD,Reconciled,224.59
,09/18/2025,Deposit,,,,PAYPAL           DES:TRANSFER   ID:XXXXX09195201             INDN:MAXIMUS OUTDOORS        CO ID:PAYPALSD11 PPD,,224.59
4375,,,,,,,,
,09/19/2025,Deposit,,Stripe,,STRIPE           DES:TRANSFER   ID:ST-W6L6L9U6Y4Y4           INDN:RICHARD PATRI           CO ID:XXXXX65600 CCD,Reconciled,546.97
,09/19/2025,Deposit,,Stripe,,STRIPE           DES:TRANSFER   ID:ST-W6L6L9U6Y4Y4           INDN:RICHARD PATRI           CO ID:XXXXX65600 CCD,,546.97
4376,,,,,,,,
,09/19/2025,Deposit,,,Shopify,Shopify          DES:TRANSFER   ID:ST-K6H7K4G5A3E0           INDN:OUTDOOR PLAYGROUND INC  CO ID:XXXXX48598 CCD,Reconciled,21.39
,09/19/2025,Deposit,,,Shopify,Shopify          DES:TRANSFER   ID:ST-K6H7K4G5A3E0           INDN:OUTDOOR PLAYGROUND INC  CO ID:XXXXX48598 CCD,,21.39
4377,,,,,,,,
,09/19/2025,Deposit,,,Shopify,Shopify          DES:TRANSFER   ID:ST-N6U7M1G1L8U9           INDN:OUTDOOR PLAYGROUND      CO ID:XXXXX48598 CCD,Reconciled,3347.88
,09/19/2025,Deposit,,,Shopify,Shopify          DES:TRANSFER   ID:ST-N6U7M1G1L8U9           INDN:OUTDOOR PLAYGROUND      CO ID:XXXXX48598 CCD,,3347.88
4378,,,,,,,,
,09/19/2025,Deposit,,,Shopify,SHOPIFY          DES:TRANSFER   ID:SHOPIFY                   INDN:UNKNOWN                 CO ID:SHOPIFYPMT WEB,Reconciled,47.95
,09/19/2025,Deposit,,,Shopify,SHOPIFY          DES:TRANSFER   ID:SHOPIFY                   INDN:UNKNOWN                 CO ID:SHOPIFYPMT WEB,,47.95
4386,,,,,,,,
,09/19/2025,Deposit,,,,PAYPAL           DES:TRANSFER   ID:XXXXX30038106             INDN:MAXIMUS OUTDOORS        CO ID:PAYPALSD11 PPD,Reconciled,187.08
,09/19/2025,Deposit,,,,PAYPAL           DES:TRANSFER   ID:XXXXX30038106             INDN:MAXIMUS OUTDOORS        CO ID:PAYPALSD11 PPD,,187.08
4403,,,,,,,,
,09/22/2025,Deposit,,,Shopify,Shopify          DES:TRANSFER   ID:ST-R6M9C7P7K6F0           INDN:OUTDOOR PLAYGROUND      CO ID:XXXXX48598 CCD,Reconciled,3706.48
,09/22/2025,Deposit,,,Shopify,Shopify          DES:TRANSFER   ID:ST-R6M9C7P7K6F0           INDN:OUTDOOR PLAYGROUND      CO ID:XXXXX48598 CCD,,3706.48
4404,,,,,,,,
,09/22/2025,Deposit,,Stripe,,STRIPE           DES:TRANSFER   ID:ST-Z7E8S5C8T4N1           INDN:RICHARD PATRI           CO ID:XXXXX65600 CCD,Reconciled,330.26
,09/22/2025,Deposit,,Stripe,,STRIPE           DES:TRANSFER   ID:ST-Z7E8S5C8T4N1           INDN:RICHARD PATRI           CO ID:XXXXX65600 CCD,,330.26
4426,,,,,,,,
,09/22/2025,Deposit,,,,PAYPAL           DES:TRANSFER   ID:XXXXX51881894             INDN:MAXIMUS OUTDOORS        CO ID:PAYPALSD11 PPD,Reconciled,207.91
,09/22/2025,Deposit,,,,PAYPAL           DES:TRANSFER   ID:XXXXX51881894             INDN:MAXIMUS OUTDOORS        CO ID:PAYPALSD11 PPD,,207.91
4428,,,,,,,,
,09/22/2025,Deposit,,,,PAYPAL           DES:TRANSFER   ID:XXXXX73817884             INDN:MAXIMUS OUTDOORS        CO ID:PAYPALSD11 PPD,Reconciled,326.81
,09/22/2025,Deposit,,,,PAYPAL           DES:TRANSFER   ID:XXXXX73817884             INDN:MAXIMUS OUTDOORS        CO ID:PAYPALSD11 PPD,,326.81
4430,,,,,,,,
,09/22/2025,Deposit,,,,PAYPAL           DES:TRANSFER   ID:XXXXX93758156             INDN:MAXIMUS OUTDOORS        CO ID:PAYPALSD11 PPD,Reconciled,406.96
,09/22/2025,Deposit,,,,PAYPAL           DES:TRANSFER   ID:XXXXX93758156             INDN:MAXIMUS OUTDOORS        CO ID:PAYPALSD11 PPD,,406.96
4437,,,,,,,,
,09/22/2025,Deposit,,,,"TikTok Inc       DES:PAYMENT    ID:XXXXXXXXXX79655           INDN:Outdoor Playground Inc  CO ID:XXXXX67522 CCD           PMT INFO:TikTok Shop-USLC7NEW6U, payout ID 346477           XXXXX59087098",Reconciled,30.84
,09/22/2025,Deposit,,,,"TikTok Inc       DES:PAYMENT    ID:XXXXXXXXXX79655           INDN:Outdoor Playground Inc  CO ID:XXXXX67522 CCD           PMT INFO:TikTok Shop-USLC7NEW6U, payout ID 346477           XXXXX59087098",,30.84
4405,,,,,,,,
,09/23/2025,Deposit,,,Shopify,Shopify          DES:TRANSFER   ID:ST-T2B4K1C5L4G6           INDN:OUTDOOR PLAYGROUND      CO ID:XXXXX48598 CCD,Reconciled,7867.71
,09/23/2025,Deposit,,,Shopify,Shopify          DES:TRANSFER   ID:ST-T2B4K1C5L4G6           INDN:OUTDOOR PLAYGROUND      CO ID:XXXXX48598 CCD,,7867.71
4406,,,,,,,,
,09/23/2025,Deposit,,Stripe,,STRIPE           DES:TRANSFER   ID:ST-W9J2E0A5G6Y8           INDN:RICHARD PATRI           CO ID:XXXXX65600 CCD,Reconciled,259.08
,09/23/2025,Deposit,,Stripe,,STRIPE           DES:TRANSFER   ID:ST-W9J2E0A5G6Y8           INDN:RICHARD PATRI           CO ID:XXXXX65600 CCD,,259.08
4431,,,,,,,,
,09/23/2025,Deposit,,,,PAYPAL           DES:TRANSFER   ID:XXXXX14369490             INDN:MAXIMUS OUTDOORS        CO ID:PAYPALSD11 PPD,Reconciled,541.39
,09/23/2025,Deposit,,,,PAYPAL           DES:TRANSFER   ID:XXXXX14369490             INDN:MAXIMUS OUTDOORS        CO ID:PAYPALSD11 PPD,,541.39
4438,,,,,,,,
,09/23/2025,Deposit,,,,"TikTok Inc       DES:PAYMENT    ID:XXXXXXXXXX82268           INDN:Outdoor Playground Inc  CO ID:XXXXX67522 CCD           PMT INFO:TikTok Shop-USLC7NEW6U, payout ID 346480           XXXXX47656442",Reconciled,31.96
,09/23/2025,Deposit,,,,"TikTok Inc       DES:PAYMENT    ID:XXXXXXXXXX82268           INDN:Outdoor Playground Inc  CO ID:XXXXX67522 CCD           PMT INFO:TikTok Shop-USLC7NEW6U, payout ID 346480           XXXXX47656442",,31.96
4408,,,,,,,,
,09/24/2025,Deposit,,Stripe,,STRIPE           DES:TRANSFER   ID:ST-G9O6N6N3W0X2           INDN:RICHARD PATRI           CO ID:XXXXX65600 CCD,Reconciled,1442.28
,09/24/2025,Deposit,,Stripe,,STRIPE           DES:TRANSFER   ID:ST-G9O6N6N3W0X2           INDN:RICHARD PATRI           CO ID:XXXXX65600 CCD,,1442.28
4409,,,,,,,,
,09/24/2025,Deposit,,,Shopify,Shopify          DES:TRANSFER   ID:ST-S0T4S0Z3P1Y4           INDN:OUTDOOR PLAYGROUND      CO ID:XXXXX48598 CCD,Reconciled,2273.55
,09/24/2025,Deposit,,,Shopify,Shopify          DES:TRANSFER   ID:ST-S0T4S0Z3P1Y4           INDN:OUTDOOR PLAYGROUND      CO ID:XXXXX48598 CCD,,2273.55
4424,,,,,,,,
,09/24/2025,Deposit,,,,BKOFAMERICA MOBILE 09/24 XXXXX67033 DEPOSIT                                    *MOBILE       CA,Reconciled,827.73
,09/24/2025,Deposit,,,,BKOFAMERICA MOBILE 09/24 XXXXX67033 DEPOSIT                                    *MOBILE       CA,,827.73
4425,,,,,,,,
,09/24/2025,Deposit,,,,PAYPAL           DES:TRANSFER   ID:XXXXX36308310             INDN:MAXIMUS OUTDOORS        CO ID:PAYPALSD11 PPD,Reconciled,370.54
,09/24/2025,Deposit,,,,PAYPAL           DES:TRANSFER   ID:XXXXX36308310             INDN:MAXIMUS OUTDOORS        CO ID:PAYPALSD11 PPD,,370.54
4439,,,,,,,,
,09/24/2025,Deposit,,,Shopify,SHOPIFY CAPITAL  DES:SHOPIFY    ID:43060395                  INDN:Outdoor Playground Inc  CO ID:XXXXX61726 CCD,Reconciled,140000
,09/24/2025,Deposit,,,Shopify,SHOPIFY CAPITAL  DES:SHOPIFY    ID:43060395                  INDN:Outdoor Playground Inc  CO ID:XXXXX61726 CCD,Uncleared,140000
4416,,,,,,,,
,09/25/2025,Deposit,,Stripe,,STRIPE           DES:TRANSFER   ID:ST-F3E5I3R1N8B6           INDN:RICHARD PATRI           CO ID:XXXXX65600 CCD,Reconciled,177.17
,09/25/2025,Deposit,,Stripe,,STRIPE           DES:TRANSFER   ID:ST-F3E5I3R1N8B6           INDN:RICHARD PATRI           CO ID:XXXXX65600 CCD,,177.17
4417,,,,,,,,
,09/25/2025,Deposit,,,Shopify,Shopify          DES:TRANSFER   ID:ST-C9W9A5H4Z5B2           INDN:OUTDOOR PLAYGROUND INC  CO ID:XXXXX48598 CCD,Reconciled,2213.44
,09/25/2025,Deposit,,,Shopify,Shopify          DES:TRANSFER   ID:ST-C9W9A5H4Z5B2           INDN:OUTDOOR PLAYGROUND INC  CO ID:XXXXX48598 CCD,,2213.44
4427,,,,,,,,
,09/25/2025,Deposit,,,,PAYPAL           DES:TRANSFER   ID:XXXXX56241102             INDN:MAXIMUS OUTDOORS        CO ID:PAYPALSD11 PPD,Reconciled,131.19
,09/25/2025,Deposit,,,,PAYPAL           DES:TRANSFER   ID:XXXXX56241102             INDN:MAXIMUS OUTDOORS        CO ID:PAYPALSD11 PPD,,131.19
4418,,,,,,,,
,09/26/2025,Deposit,,Stripe,,STRIPE           DES:TRANSFER   ID:ST-A2Q0D3U6G2O5           INDN:RICHARD PATRI           CO ID:XXXXX65600 CCD,Reconciled,486.75
,09/26/2025,Deposit,,Stripe,,STRIPE           DES:TRANSFER   ID:ST-A2Q0D3U6G2O5           INDN:RICHARD PATRI           CO ID:XXXXX65600 CCD,,486.75
4419,,,,,,,,
,09/26/2025,Deposit,,,Shopify,Shopify          DES:TRANSFER   ID:ST-I6Y7R7T3G8S4           INDN:OUTDOOR PLAYGROUND INC  CO ID:XXXXX48598 CCD,Reconciled,2532.65
,09/26/2025,Deposit,,,Shopify,Shopify          DES:TRANSFER   ID:ST-I6Y7R7T3G8S4           INDN:OUTDOOR PLAYGROUND INC  CO ID:XXXXX48598 CCD,,2532.65
4429,,,,,,,,
,09/26/2025,Deposit,,,,PAYPAL           DES:TRANSFER   ID:XXXXX76899227             INDN:MAXIMUS OUTDOORS        CO ID:PAYPALSD11 PPD,Reconciled,482.72
,09/26/2025,Deposit,,,,PAYPAL           DES:TRANSFER   ID:XXXXX76899227             INDN:MAXIMUS OUTDOORS        CO ID:PAYPALSD11 PPD,,482.72
4444,,,,,,,,
,09/29/2025,Deposit,,,Shopify,SHOPIFY          DES:TRANSFER   ID:SHOPIFY                   INDN:UNKNOWN                 CO ID:SHOPIFYPMT WEB,Reconciled,25.79
,09/29/2025,Deposit,,,Shopify,SHOPIFY          DES:TRANSFER   ID:SHOPIFY                   INDN:UNKNOWN                 CO ID:SHOPIFYPMT WEB,,25.79
4445,,,,,,,,
,09/29/2025,Deposit,,,Shopify,Shopify          DES:TRANSFER   ID:ST-P2B2M3U1K6S0           INDN:OUTDOOR PLAYGROUND INC  CO ID:XXXXX48598 CCD,Reconciled,3749.49
,09/29/2025,Deposit,,,Shopify,Shopify          DES:TRANSFER   ID:ST-P2B2M3U1K6S0           INDN:OUTDOOR PLAYGROUND INC  CO ID:XXXXX48598 CCD,,3749.49
4446,,,,,,,,
,09/29/2025,Deposit,,Stripe,,STRIPE           DES:TRANSFER   ID:ST-R1A5A3U8V4Q1           INDN:RICHARD PATRI           CO ID:XXXXX65600 CCD,Reconciled,410.84
,09/29/2025,Deposit,,Stripe,,STRIPE           DES:TRANSFER   ID:ST-R1A5A3U8V4Q1           INDN:RICHARD PATRI           CO ID:XXXXX65600 CCD,,410.84
4453,,,,,,,,
,09/29/2025,Deposit,,,,PAYPAL           DES:TRANSFER   ID:XXXXX23000598             INDN:MAXIMUS OUTDOORS        CO ID:PAYPALSD11 PPD,Reconciled,106.02
,09/29/2025,Deposit,,,,PAYPAL           DES:TRANSFER   ID:XXXXX23000598             INDN:MAXIMUS OUTDOORS        CO ID:PAYPALSD11 PPD,,106.02
4454,,,,,,,,
,09/29/2025,Deposit,,,,PAYPAL           DES:TRANSFER   ID:XXXXX43193263             INDN:MAXIMUS OUTDOORS        CO ID:PAYPALSD11 PPD,Reconciled,331.2
,09/29/2025,Deposit,,,,PAYPAL           DES:TRANSFER   ID:XXXXX43193263             INDN:MAXIMUS OUTDOORS        CO ID:PAYPALSD11 PPD,,331.2
4455,,,,,,,,
,09/29/2025,Deposit,,,,PAYPAL           DES:TRANSFER   ID:XXXXX99499245             INDN:MAXIMUS OUTDOORS        CO ID:PAYPALSD11 PPD,Reconciled,430.79
,09/29/2025,Deposit,,,,PAYPAL           DES:TRANSFER   ID:XXXXX99499245             INDN:MAXIMUS OUTDOORS        CO ID:PAYPALSD11 PPD,,430.79
4463,,,,,,,,
,09/30/2025,Deposit,,,,PAYPAL           DES:TRANSFER   ID:XXXXX65522793             INDN:MAXIMUS OUTDOORS        CO ID:PAYPALSD11 PPD,Reconciled,550.64
,09/30/2025,Deposit,,,,PAYPAL           DES:TRANSFER   ID:XXXXX65522793             INDN:MAXIMUS OUTDOORS        CO ID:PAYPALSD11 PPD,,550.64
4466,,,,,,,,
,09/30/2025,Deposit,,,Shopify,Shopify          DES:TRANSFER   ID:ST-H0E7Q7C3V3K0           INDN:OUTDOOR PLAYGROUND INC  CO ID:XXXXX65600 CCD,Reconciled,7908.86
,09/30/2025,Deposit,,,Shopify,Shopify          DES:TRANSFER   ID:ST-H0E7Q7C3V3K0           INDN:OUTDOOR PLAYGROUND INC  CO ID:XXXXX65600 CCD,,7908.86
4467,,,,,,,,
,09/30/2025,Deposit,,,Shopify,Shopify          DES:TRANSFER   ID:ST-U7N6O5X1L9X5           INDN:OUTDOOR PLAYGROUND INC  CO ID:XXXXX48598 CCD,Reconciled,18.98
,09/30/2025,Deposit,,,Shopify,Shopify          DES:TRANSFER   ID:ST-U7N6O5X1L9X5           INDN:OUTDOOR PLAYGROUND INC  CO ID:XXXXX48598 CCD,,18.98
4468,,,,,,,,
,09/30/2025,Deposit,,Stripe,,STRIPE           DES:TRANSFER   ID:ST-R7Z2B9T5A5C4           INDN:RICHARD PATRI           CO ID:XXXXX65600 CCD,Reconciled,222.08
,09/30/2025,Deposit,,Stripe,,STRIPE           DES:TRANSFER   ID:ST-R7Z2B9T5A5C4           INDN:RICHARD PATRI           CO ID:XXXXX65600 CCD,,222.08
4469,,,,,,,,
,09/30/2025,Deposit,,,,"TikTok Inc       DES:PAYMENT    ID:XXXXXXXXXX14812           INDN:Outdoor Playground Inc  CO ID:XXXXX67522 CCD           PMT INFO:TikTok Shop-USLC7NEW6U, payout ID 346508           XXXXX35756282",Reconciled,62.2
,09/30/2025,Deposit,,,,"TikTok Inc       DES:PAYMENT    ID:XXXXXXXXXX14812           INDN:Outdoor Playground Inc  CO ID:XXXXX67522 CCD           PMT INFO:TikTok Shop-USLC7NEW6U, payout ID 346508           XXXXX35756282",,62.2
4470,,,,,,,,
,09/30/2025,Deposit,,,,"TikTok Inc       DES:PAYMENT    ID:XXXXXXXXXX38724           INDN:Outdoor Playground Inc  CO ID:XXXXX67522 CCD           PMT INFO:TikTok Shop-USLC7NEW6U, payout ID 346504           XXXXX66197498",Reconciled,47.8
,09/30/2025,Deposit,,,,"TikTok Inc       DES:PAYMENT    ID:XXXXXXXXXX38724           INDN:Outdoor Playground Inc  CO ID:XXXXX67522 CCD           PMT INFO:TikTok Shop-USLC7NEW6U, payout ID 346504           XXXXX66197498",,47.8
4475,,,,,,,,
,09/30/2025,Deposit,,,Shopify,SHOPIFY          DES:TRANSFER   ID:ST-L5C5A8J3M4J4           INDN:OUTDOOR PLAYGROUND INC  CO ID: XXXXX8598 CCD,Reconciled,2238.29
,09/30/2025,Deposit,,,Shopify,SHOPIFY          DES:TRANSFER   ID:ST-L5C5A8J3M4J4           INDN:OUTDOOR PLAYGROUND INC  CO ID: XXXXX8598 CCD,,2238.29
4492,,,,,,,,
,09/30/2025,Deposit,,,Shopify,Shopify          DES:TRANSFER   ID:ST-F4P7H7S8S6O0           INDN:OUTDOOR PLAYGROUND INC  CO ID:XXXXX65600 CCD,Reconciled,2997.4
,09/30/2025,Deposit,,,Shopify,Shopify          DES:TRANSFER   ID:ST-F4P7H7S8S6O0           INDN:OUTDOOR PLAYGROUND INC  CO ID:XXXXX65600 CCD,,2997.4
4474,,,,,,,,
,10/01/2025,Deposit,,Stripe,,STRIPE           DES:TRANSFER   ID:ST-B3S9Y0K3D5T1           INDN:RICHARD PATRI           CO ID:XXXXX65600 CCD,Reconciled,574.28
,10/01/2025,Deposit,,Stripe,,STRIPE           DES:TRANSFER   ID:ST-B3S9Y0K3D5T1           INDN:RICHARD PATRI           CO ID:XXXXX65600 CCD,,574.28
4484,,,,,,,,
,10/01/2025,Deposit,,,,PAYPAL           DES:TRANSFER   ID:XXXXX88012887             INDN:MAXIMUS OUTDOORS        CO ID:PAYPALSD11 PPD,Reconciled,89.42
,10/01/2025,Deposit,,,,PAYPAL           DES:TRANSFER   ID:XXXXX88012887             INDN:MAXIMUS OUTDOORS        CO ID:PAYPALSD11 PPD,,89.42
4494,,,,,,,,
,10/01/2025,Deposit,,,,"TikTok Inc       DES:PAYMENT    ID:XXXXXXXXXX74074           INDN:Outdoor Playground Inc  CO ID:XXXXX67522 CCD           PMT INFO:TikTok Shop-USLC7NEW6U, payout ID 346514           XXXXX48438778",Reconciled,58.82
,10/01/2025,Deposit,,,,"TikTok Inc       DES:PAYMENT    ID:XXXXXXXXXX74074           INDN:Outdoor Playground Inc  CO ID:XXXXX67522 CCD           PMT INFO:TikTok Shop-USLC7NEW6U, payout ID 346514           XXXXX48438778",,58.82
4481,,,,,,,,
,10/02/2025,Deposit,,,,AMAZON.CEKGR6BFB DES:PAYMENTS   ID:62UAUWK3EOAIOZP           INDN:Outdoor Playground Inc  CO ID:XXXXX40102 CCD,Reconciled,215.13
,10/02/2025,Deposit,,,,AMAZON.CEKGR6BFB DES:PAYMENTS   ID:62UAUWK3EOAIOZP           INDN:Outdoor Playground Inc  CO ID:XXXXX40102 CCD,,215.13
4485,,,,,,,,
,10/02/2025,Deposit,,,,PAYPAL           DES:TRANSFER   ID:XXXXX12647530             INDN:MAXIMUS OUTDOORS        CO ID:PAYPALSD11 PPD,Reconciled,521.8
,10/02/2025,Deposit,,,,PAYPAL           DES:TRANSFER   ID:XXXXX12647530             INDN:MAXIMUS OUTDOORS        CO ID:PAYPALSD11 PPD,,521.8
4493,,,,,,,,
,10/02/2025,Deposit,,Stripe,,STRIPE           DES:TRANSFER   ID:ST-Y3N9M9Z0G4U3           INDN:RICHARD PATRI           CO ID:XXXXX65600 CCD,Reconciled,44.5
,10/02/2025,Deposit,,Stripe,,STRIPE           DES:TRANSFER   ID:ST-Y3N9M9Z0G4U3           INDN:RICHARD PATRI           CO ID:XXXXX65600 CCD,,44.5
4501,,,,,,,,
,10/03/2025,Deposit,,Stripe,,STRIPE           DES:TRANSFER   ID:ST-A0H7P9B1J2U8           INDN:RICHARD PATRI           CO ID:XXXXX65600 CCD,Reconciled,2357.48
,10/03/2025,Deposit,,Stripe,,STRIPE           DES:TRANSFER   ID:ST-A0H7P9B1J2U8           INDN:RICHARD PATRI           CO ID:XXXXX65600 CCD,,2357.48
4502,,,,,,,,
,10/03/2025,Deposit,,,Shopify,Shopify          DES:TRANSFER   ID:ST-T3J8T5H4F5H5           INDN:OUTDOOR PLAYGROUND INC  CO ID:XXXXX48598 CCD,Reconciled,7077.62
,10/03/2025,Deposit,,,Shopify,Shopify          DES:TRANSFER   ID:ST-T3J8T5H4F5H5           INDN:OUTDOOR PLAYGROUND INC  CO ID:XXXXX48598 CCD,,7077.62
4517,,,,,,,,
,10/03/2025,Deposit,,,,PAYPAL           DES:TRANSFER   ID:XXXXX39135485             INDN:MAXIMUS OUTDOORS        CO ID:PAYPALSD11 PPD,Reconciled,780.04
,10/03/2025,Deposit,,,,PAYPAL           DES:TRANSFER   ID:XXXXX39135485             INDN:MAXIMUS OUTDOORS        CO ID:PAYPALSD11 PPD,,780.04
4518,,,,,,,,
,10/06/2025,Deposit,,,,PAYPAL           DES:TRANSFER   ID:XXXXX08134697             INDN:MAXIMUS OUTDOORS        CO ID:PAYPALSD11 PPD,Reconciled,597.28
,10/06/2025,Deposit,,,,PAYPAL           DES:TRANSFER   ID:XXXXX08134697             INDN:MAXIMUS OUTDOORS        CO ID:PAYPALSD11 PPD,,597.28
4519,,,,,,,,
,10/06/2025,Deposit,,,,PAYPAL           DES:TRANSFER   ID:XXXXX63169807             INDN:MAXIMUS OUTDOORS        CO ID:PAYPALSD11 PPD,Reconciled,101.71
,10/06/2025,Deposit,,,,PAYPAL           DES:TRANSFER   ID:XXXXX63169807             INDN:MAXIMUS OUTDOORS        CO ID:PAYPALSD11 PPD,,101.71
4520,,,,,,,,
,10/06/2025,Deposit,,,,PAYPAL           DES:TRANSFER   ID:XXXXX86795948             INDN:MAXIMUS OUTDOORS        CO ID:PAYPALSD11 PPD,Reconciled,618.69
,10/06/2025,Deposit,,,,PAYPAL           DES:TRANSFER   ID:XXXXX86795948             INDN:MAXIMUS OUTDOORS        CO ID:PAYPALSD11 PPD,,618.69
4523,,,,,,,,
,10/06/2025,Deposit,,,Shopify,SHOPIFY          DES:TRANSFER   ID:SHOPIFY                   INDN:UNKNOWN                 CO ID:SHOPIFYPMT WEB,Reconciled,22.93
,10/06/2025,Deposit,,,Shopify,SHOPIFY          DES:TRANSFER   ID:SHOPIFY                   INDN:UNKNOWN                 CO ID:SHOPIFYPMT WEB,,22.93
4524,,,,,,,,
,10/06/2025,Deposit,,,Shopify,SHOPIFY          DES:TRANSFER   ID:ST-Z7F7N4M7A8M9           INDN:OUTDOOR PLAYGROUND INC  CO ID: XXXXX8598 CCD,Reconciled,2861.13
,10/06/2025,Deposit,,,Shopify,SHOPIFY          DES:TRANSFER   ID:ST-Z7F7N4M7A8M9           INDN:OUTDOOR PLAYGROUND INC  CO ID: XXXXX8598 CCD,,2861.13
4525,,,,,,,,
,10/06/2025,Deposit,,Stripe,,STRIPE           DES:TRANSFER   ID:ST-O8A5D7L0L2Q4           INDN:RICHARD PATRI           CO ID:XXXXX65600 CCD,Reconciled,487.06
,10/06/2025,Deposit,,Stripe,,STRIPE           DES:TRANSFER   ID:ST-O8A5D7L0L2Q4           INDN:RICHARD PATRI           CO ID:XXXXX65600 CCD,,487.06
4534,,,,,,,,
,10/07/2025,Deposit,,,,PAYPAL           DES:TRANSFER   ID:XXXXX31015133             INDN:MAXIMUS OUTDOORS        CO ID:PAYPALSD11 PPD,Reconciled,206.95
,10/07/2025,Deposit,,,,PAYPAL           DES:TRANSFER   ID:XXXXX31015133             INDN:MAXIMUS OUTDOORS        CO ID:PAYPALSD11 PPD,,206.95
4536,,,,,,,,
,10/07/2025,Deposit,,,Shopify,Shopify          DES:TRANSFER   ID:ST-D9I0O1R7G6X2           INDN:OUTDOOR PLAYGROUND INC  CO ID:XXXXX65600 CCD,Reconciled,24.4
,10/07/2025,Deposit,,,Shopify,Shopify          DES:TRANSFER   ID:ST-D9I0O1R7G6X2           INDN:OUTDOOR PLAYGROUND INC  CO ID:XXXXX65600 CCD,,24.4
4537,,,,,,,,
,10/07/2025,Deposit,,,Shopify,Shopify          DES:TRANSFER   ID:ST-F0H4J0U2A1U5           INDN:OUTDOOR PLAYGROUND INC  CO ID:XXXXX65600 CCD,Reconciled,9283.97
,10/07/2025,Deposit,,,Shopify,Shopify          DES:TRANSFER   ID:ST-F0H4J0U2A1U5           INDN:OUTDOOR PLAYGROUND INC  CO ID:XXXXX65600 CCD,,9283.97
4538,,,,,,,,
,10/07/2025,Deposit,,Stripe,,STRIPE           DES:TRANSFER   ID:ST-A2V3H0O7E1K4           INDN:RICHARD PATRI           CO ID:XXXXX65600 CCD,Reconciled,2660.29
,10/07/2025,Deposit,,Stripe,,STRIPE           DES:TRANSFER   ID:ST-A2V3H0O7E1K4           INDN:RICHARD PATRI           CO ID:XXXXX65600 CCD,,2660.29
4543,,,,,,,,
,10/08/2025,Deposit,,,,PAYPAL           DES:TRANSFER   ID:XXXXX52265415             INDN:MAXIMUS OUTDOORS        CO ID:PAYPALSD11 PPD,Reconciled,254.75
,10/08/2025,Deposit,,,,PAYPAL           DES:TRANSFER   ID:XXXXX52265415             INDN:MAXIMUS OUTDOORS        CO ID:PAYPALSD11 PPD,,254.75
4547,,,,,,,,
,10/08/2025,Deposit,,,Shopify,Shopify          DES:TRANSFER   ID:ST-M2W7T0B4U0A9           INDN:OUTDOOR PLAYGROUND INC  CO ID:XXXXX65600 CCD,Reconciled,4.32
,10/08/2025,Deposit,,,Shopify,Shopify          DES:TRANSFER   ID:ST-M2W7T0B4U0A9           INDN:OUTDOOR PLAYGROUND INC  CO ID:XXXXX65600 CCD,,4.32
4548,,,,,,,,
,10/08/2025,Deposit,,,Shopify,Shopify          DES:TRANSFER   ID:ST-P2Q8N5S2G4W8           INDN:OUTDOOR PLAYGROUND INC  CO ID:XXXXX65600 CCD,Reconciled,3330.15
,10/08/2025,Deposit,,,Shopify,Shopify          DES:TRANSFER   ID:ST-P2Q8N5S2G4W8           INDN:OUTDOOR PLAYGROUND INC  CO ID:XXXXX65600 CCD,,3330.15
4549,,,,,,,,
,10/08/2025,Deposit,,Stripe,,STRIPE           DES:TRANSFER   ID:ST-E6J2B9G8K2W2           INDN:RICHARD PATRI           CO ID:XXXXX65600 CCD,Reconciled,1847.84
,10/08/2025,Deposit,,Stripe,,STRIPE           DES:TRANSFER   ID:ST-E6J2B9G8K2W2           INDN:RICHARD PATRI           CO ID:XXXXX65600 CCD,,1847.84
4552,,,,,,,,
,10/09/2025,Deposit,,,,PAYPAL           DES:TRANSFER   ID:XXXXX74074219             INDN:MAXIMUS OUTDOORS        CO ID:PAYPALSD11 PPD,Reconciled,575.07
,10/09/2025,Deposit,,,,PAYPAL           DES:TRANSFER   ID:XXXXX74074219             INDN:MAXIMUS OUTDOORS        CO ID:PAYPALSD11 PPD,,575.07
4555,,,,,,,,
,10/09/2025,Deposit,,,Shopify,Shopify          DES:TRANSFER   ID:ST-J8L1P5P7W3Q4           INDN:OUTDOOR PLAYGROUND INC  CO ID:XXXXX48598 CCD,Reconciled,2509.37
,10/09/2025,Deposit,,,Shopify,Shopify          DES:TRANSFER   ID:ST-J8L1P5P7W3Q4           INDN:OUTDOOR PLAYGROUND INC  CO ID:XXXXX48598 CCD,,2509.37
4556,,,,,,,,
,10/09/2025,Deposit,,Stripe,,STRIPE           DES:TRANSFER   ID:ST-P7I3E0K0F7J0           INDN:RICHARD PATRI           CO ID:XXXXX65600 CCD,Reconciled,967.09
,10/09/2025,Deposit,,Stripe,,STRIPE           DES:TRANSFER   ID:ST-P7I3E0K0F7J0           INDN:RICHARD PATRI           CO ID:XXXXX65600 CCD,,967.09
4557,,,,,,,,
,10/09/2025,Deposit,,,,"TikTok Shop      DES:XXXXX85001 ID:USLC7NEW6U,               INDN:Outdoor Playground Inc  CO ID:XXXXX92853 CCD           PMT INFO:USLC7NEW6U,",Reconciled,46.99
,10/09/2025,Deposit,,,,"TikTok Shop      DES:XXXXX85001 ID:USLC7NEW6U,               INDN:Outdoor Playground Inc  CO ID:XXXXX92853 CCD           PMT INFO:USLC7NEW6U,",,46.99
4560,,,,,,,,
,10/10/2025,Deposit,,,Shopify,SHOPIFY          DES:TRANSFER   ID:SHOPIFY                   INDN:UNKNOWN                 CO ID:SHOPIFYPMT WEB,Reconciled,98.78
,10/10/2025,Deposit,,,Shopify,SHOPIFY          DES:TRANSFER   ID:SHOPIFY                   INDN:UNKNOWN                 CO ID:SHOPIFYPMT WEB,,98.78
4561,,,,,,,,
,10/10/2025,Deposit,,,Shopify,Shopify          DES:TRANSFER   ID:ST-S3C9X3P4H8G0           INDN:OUTDOOR PLAYGROUND INC  CO ID:XXXXX48598 CCD,Reconciled,1490.47
,10/10/2025,Deposit,,,Shopify,Shopify          DES:TRANSFER   ID:ST-S3C9X3P4H8G0           INDN:OUTDOOR PLAYGROUND INC  CO ID:XXXXX48598 CCD,,1490.47
4565,,,,,,,,
,10/10/2025,Deposit,,,,PAYPAL           DES:TRANSFER   ID:XXXXX95628102             INDN:MAXIMUS OUTDOORS        CO ID:PAYPALSD11 PPD,Reconciled,574.07
,10/10/2025,Deposit,,,,PAYPAL           DES:TRANSFER   ID:XXXXX95628102             INDN:MAXIMUS OUTDOORS        CO ID:PAYPALSD11 PPD,,574.07
4567,,,,,,,,
,10/10/2025,Deposit,,,,"TikTok Inc       DES:PAYMENT    ID:XXXXXXXXXX98790           INDN:Outdoor Playground Inc  CO ID:XXXXX67522 CCD           PMT INFO:TikTok Shop-USLC7NEW6U, payout ID 346545           XXXXX61103610",Reconciled,30.84
,10/10/2025,Deposit,,,,"TikTok Inc       DES:PAYMENT    ID:XXXXXXXXXX98790           INDN:Outdoor Playground Inc  CO ID:XXXXX67522 CCD           PMT INFO:TikTok Shop-USLC7NEW6U, payout ID 346545           XXXXX61103610",,30.84
4577,,,,,,,,
,10/14/2025,Deposit,,,,PAYPAL           DES:TRANSFER   ID:XXXXX18726393             INDN:MAXIMUS OUTDOORS        CO ID:PAYPALSD11 PPD,Reconciled,122.12
,10/14/2025,Deposit,,,,PAYPAL           DES:TRANSFER   ID:XXXXX18726393             INDN:MAXIMUS OUTDOORS        CO ID:PAYPALSD11 PPD,,122.12
4578,,,,,,,,
,10/14/2025,Deposit,,,,PAYPAL           DES:TRANSFER   ID:XXXXX41108228             INDN:MAXIMUS OUTDOORS        CO ID:PAYPALSD11 PPD,Reconciled,72.13
,10/14/2025,Deposit,,,,PAYPAL           DES:TRANSFER   ID:XXXXX41108228             INDN:MAXIMUS OUTDOORS        CO ID:PAYPALSD11 PPD,,72.13
4579,,,,,,,,
,10/14/2025,Deposit,,,,PAYPAL           DES:TRANSFER   ID:XXXXX61607896             INDN:MAXIMUS OUTDOORS        CO ID:PAYPALSD11 PPD,Reconciled,150.77
,10/14/2025,Deposit,,,,PAYPAL           DES:TRANSFER   ID:XXXXX61607896             INDN:MAXIMUS OUTDOORS        CO ID:PAYPALSD11 PPD,,150.77
4580,,,,,,,,
,10/14/2025,Deposit,,,,PAYPAL           DES:TRANSFER   ID:XXXXX82681187             INDN:MAXIMUS OUTDOORS        CO ID:PAYPALSD11 PPD,Reconciled,79.23
,10/14/2025,Deposit,,,,PAYPAL           DES:TRANSFER   ID:XXXXX82681187             INDN:MAXIMUS OUTDOORS        CO ID:PAYPALSD11 PPD,,79.23
4582,,,,,,,,
,10/14/2025,Deposit,,,Shopify,SHOPIFY          DES:TRANSFER   ID:ST-A1Z0R4G2Z2K4           INDN:OUTDOOR PLAYGROUND INC  CO ID: XXXXX8598 CCD,Reconciled,46.58
,10/14/2025,Deposit,,,Shopify,SHOPIFY          DES:TRANSFER   ID:ST-A1Z0R4G2Z2K4           INDN:OUTDOOR PLAYGROUND INC  CO ID: XXXXX8598 CCD,,46.58
4583,,,,,,,,
,10/14/2025,Deposit,,,Shopify,SHOPIFY          DES:TRANSFER   ID:ST-I7E5Q7L8V6F6           INDN:OUTDOOR PLAYGROUND INC  CO ID: XXXXX8598 CCD,Reconciled,2314.3
,10/14/2025,Deposit,,,Shopify,SHOPIFY          DES:TRANSFER   ID:ST-I7E5Q7L8V6F6           INDN:OUTDOOR PLAYGROUND INC  CO ID: XXXXX8598 CCD,,2314.3
4584,,,,,,,,
,10/14/2025,Deposit,,Stripe,,STRIPE           DES:TRANSFER   ID:ST-M3G3S8E5K1H5           INDN:RICHARD PATRI           CO ID:XXXXX65600 CCD,Reconciled,448.22
,10/14/2025,Deposit,,Stripe,,STRIPE           DES:TRANSFER   ID:ST-M3G3S8E5K1H5           INDN:RICHARD PATRI           CO ID:XXXXX65600 CCD,,448.22
4585,,,,,,,,
,10/14/2025,Deposit,,,,"TikTok Inc       DES:PAYMENT    ID:XXXXXXXXXX56646           INDN:Outdoor Playground Inc  CO ID:XXXXX67522 CCD           PMT INFO:TikTok Shop-USLC7NEW6U, payout ID 346553           XXXXX29695226",Reconciled,30.84
,10/14/2025,Deposit,,,,"TikTok Inc       DES:PAYMENT    ID:XXXXXXXXXX56646           INDN:Outdoor Playground Inc  CO ID:XXXXX67522 CCD           PMT INFO:TikTok Shop-USLC7NEW6U, payout ID 346553           XXXXX29695226",,30.84
4586,,,,,,,,
,10/14/2025,Deposit,,,,"TikTok Inc       DES:PAYMENT    ID:XXXXXXXXXX98410           INDN:Outdoor Playground Inc  CO ID:XXXXX67522 CCD           PMT INFO:TikTok Shop-USLC7NEW6U, payout ID 346550           XXXXX57425146",Reconciled,34.73
,10/14/2025,Deposit,,,,"TikTok Inc       DES:PAYMENT    ID:XXXXXXXXXX98410           INDN:Outdoor Playground Inc  CO ID:XXXXX67522 CCD           PMT INFO:TikTok Shop-USLC7NEW6U, payout ID 346550           XXXXX57425146",,34.73
4587,,,,,,,,
,10/15/2025,Deposit,,Stripe,,STRIPE           DES:TRANSFER   ID:ST-S5Z2J6K9F0M4           INDN:RICHARD PATRI           CO ID:XXXXX65600 CCD,Reconciled,328.98
,10/15/2025,Deposit,,Stripe,,STRIPE           DES:TRANSFER   ID:ST-S5Z2J6K9F0M4           INDN:RICHARD PATRI           CO ID:XXXXX65600 CCD,,328.98
4589,,,,,,,,
,10/15/2025,Deposit,,,Shopify,Shopify          DES:TRANSFER   ID:ST-F4J2E5D6L1I7           INDN:OUTDOOR PLAYGROUND INC  CO ID:XXXXX65600 CCD,Reconciled,8275.84
,10/15/2025,Deposit,,,Shopify,Shopify          DES:TRANSFER   ID:ST-F4J2E5D6L1I7           INDN:OUTDOOR PLAYGROUND INC  CO ID:XXXXX65600 CCD,,8275.84
4598,,,,,,,,
,10/15/2025,Deposit,,,,PAYPAL           DES:TRANSFER   ID:XXXXX03850070             INDN:MAXIMUS OUTDOORS        CO ID:PAYPALSD11 PPD,Reconciled,653.99
,10/15/2025,Deposit,,,,PAYPAL           DES:TRANSFER   ID:XXXXX03850070             INDN:MAXIMUS OUTDOORS        CO ID:PAYPALSD11 PPD,,653.99
4588,,,,,,,,
,10/16/2025,Deposit,,,Shopify,Shopify          DES:TRANSFER   ID:ST-D5I0R4B8X1P4           INDN:OUTDOOR PLAYGROUND INC  CO ID:XXXXX48598 CCD,Reconciled,1897.65
,10/16/2025,Deposit,,,Shopify,Shopify          DES:TRANSFER   ID:ST-D5I0R4B8X1P4           INDN:OUTDOOR PLAYGROUND INC  CO ID:XXXXX48598 CCD,,1897.65
4590,,,,,,,,
,10/16/2025,Deposit,,Stripe,,STRIPE           DES:TRANSFER   ID:ST-U2L1V6X7Y4F7           INDN:RICHARD PATRI           CO ID:XXXXX65600 CCD,Reconciled,1484.25
,10/16/2025,Deposit,,Stripe,,STRIPE           DES:TRANSFER   ID:ST-U2L1V6X7Y4F7           INDN:RICHARD PATRI           CO ID:XXXXX65600 CCD,,1484.25
4597,,,,,,,,
,10/16/2025,Deposit,,,,AMAZON.COBPTL2DG DES:PAYMENTS   ID:5P870H2LLH0NHQG           INDN:Outdoor Playground Inc  CO ID:XXXXX40102 CCD,Reconciled,714.25
,10/16/2025,Deposit,,,,AMAZON.COBPTL2DG DES:PAYMENTS   ID:5P870H2LLH0NHQG           INDN:Outdoor Playground Inc  CO ID:XXXXX40102 CCD,,714.25
4599,,,,,,,,
,10/16/2025,Deposit,,,,PAYPAL           DES:TRANSFER   ID:XXXXX26181953             INDN:MAXIMUS OUTDOORS        CO ID:PAYPALSD11 PPD,Reconciled,683.39
,10/16/2025,Deposit,,,,PAYPAL           DES:TRANSFER   ID:XXXXX26181953             INDN:MAXIMUS OUTDOORS        CO ID:PAYPALSD11 PPD,,683.39
4608,,,,,,,,
,10/16/2025,Deposit,,,,"TikTok Inc       DES:PAYMENT    ID:XXXXXXXXXX84996           INDN:Outdoor Playground Inc  CO ID:XXXXX67522 CCD           PMT INFO:TikTok Shop-USLC7NEW6U, payout ID 346568           XXXXX11428090",Reconciled,34.73
,10/16/2025,Deposit,,,,"TikTok Inc       DES:PAYMENT    ID:XXXXXXXXXX84996           INDN:Outdoor Playground Inc  CO ID:XXXXX67522 CCD           PMT INFO:TikTok Shop-USLC7NEW6U, payout ID 346568           XXXXX11428090",,34.73
4592,,,,,,,,
,10/17/2025,Deposit,,,Shopify,Shopify          DES:TRANSFER   ID:ST-S2G2W5G6R1T2           INDN:OUTDOOR PLAYGROUND INC  CO ID:XXXXX48598 CCD,Reconciled,2599.41
,10/17/2025,Deposit,,,Shopify,Shopify          DES:TRANSFER   ID:ST-S2G2W5G6R1T2           INDN:OUTDOOR PLAYGROUND INC  CO ID:XXXXX48598 CCD,,2599.41
4593,,,,,,,,
,10/17/2025,Deposit,,,Shopify,SHOPIFY          DES:TRANSFER   ID:SHOPIFY                   INDN:UNKNOWN                 CO ID:SHOPIFYPMT WEB,Reconciled,73.97
,10/17/2025,Deposit,,,Shopify,SHOPIFY          DES:TRANSFER   ID:SHOPIFY                   INDN:UNKNOWN                 CO ID:SHOPIFYPMT WEB,,73.97
4594,,,,,,,,
,10/17/2025,Deposit,,Stripe,,STRIPE           DES:TRANSFER   ID:ST-U4U4P0V6T1T4           INDN:RICHARD PATRI           CO ID:XXXXX65600 CCD,Reconciled,272.55
,10/17/2025,Deposit,,Stripe,,STRIPE           DES:TRANSFER   ID:ST-U4U4P0V6T1T4           INDN:RICHARD PATRI           CO ID:XXXXX65600 CCD,,272.55
4600,,,,,,,,
,10/17/2025,Deposit,,,,PAYPAL           DES:TRANSFER   ID:XXXXX47296451             INDN:MAXIMUS OUTDOORS        CO ID:PAYPALSD11 PPD,Reconciled,816.37
,10/17/2025,Deposit,,,,PAYPAL           DES:TRANSFER   ID:XXXXX47296451             INDN:MAXIMUS OUTDOORS        CO ID:PAYPALSD11 PPD,,816.37
4607,,,,,,,,
,10/17/2025,Deposit,,,,"TikTok Inc       DES:PAYMENT    ID:XXXXXXXXXX79245           INDN:Outdoor Playground Inc  CO ID:XXXXX67522 CCD           PMT INFO:TikTok Shop-USLC7NEW6U, payout ID 346572           XXXXX05178874",Reconciled,70.3
,10/17/2025,Deposit,,,,"TikTok Inc       DES:PAYMENT    ID:XXXXXXXXXX79245           INDN:Outdoor Playground Inc  CO ID:XXXXX67522 CCD           PMT INFO:TikTok Shop-USLC7NEW6U, payout ID 346572           XXXXX05178874",,70.3
4613,,,,,,,,
,10/20/2025,Deposit,,,,PAYPAL           DES:TRANSFER   ID:XXXXX11353251             INDN:MAXIMUS OUTDOORS        CO ID:PAYPALSD11 PPD,Reconciled,250.75
,10/20/2025,Deposit,,,,PAYPAL           DES:TRANSFER   ID:XXXXX11353251             INDN:MAXIMUS OUTDOORS        CO ID:PAYPALSD11 PPD,,250.75
4614,,,,,,,,
,10/20/2025,Deposit,,,,PAYPAL           DES:TRANSFER   ID:XXXXX68869775             INDN:MAXIMUS OUTDOORS        CO ID:PAYPALSD11 PPD,Reconciled,207.92
,10/20/2025,Deposit,,,,PAYPAL           DES:TRANSFER   ID:XXXXX68869775             INDN:MAXIMUS OUTDOORS        CO ID:PAYPALSD11 PPD,,207.92
4615,,,,,,,,
,10/20/2025,Deposit,,,,PAYPAL           DES:TRANSFER   ID:XXXXX91124549             INDN:MAXIMUS OUTDOORS        CO ID:PAYPALSD11 PPD,Reconciled,284.37
,10/20/2025,Deposit,,,,PAYPAL           DES:TRANSFER   ID:XXXXX91124549             INDN:MAXIMUS OUTDOORS        CO ID:PAYPALSD11 PPD,,284.37
4618,,,,,,,,
,10/20/2025,Deposit,,,Shopify,SHOPIFY          DES:TRANSFER   ID:SHOPIFY                   INDN:OUTDOOR PLAYGROUND INC  CO ID:SHOPIFYPMT WEB,Reconciled,38.73
,10/20/2025,Deposit,,,Shopify,SHOPIFY          DES:TRANSFER   ID:SHOPIFY                   INDN:OUTDOOR PLAYGROUND INC  CO ID:SHOPIFYPMT WEB,,38.73
4619,,,,,,,,
,10/20/2025,Deposit,,,Shopify,Shopify          DES:TRANSFER   ID:ST-K2I4D6O4N1T1           INDN:OUTDOOR PLAYGROUND INC  CO ID:XXXXX48598 CCD,Reconciled,3069.22
,10/20/2025,Deposit,,,Shopify,Shopify          DES:TRANSFER   ID:ST-K2I4D6O4N1T1           INDN:OUTDOOR PLAYGROUND INC  CO ID:XXXXX48598 CCD,,3069.22
4620,,,,,,,,
,10/20/2025,Deposit,,Stripe,,STRIPE           DES:TRANSFER   ID:ST-K5L9C4S9N0C7           INDN:RICHARD PATRI           CO ID:XXXXX65600 CCD,Reconciled,386.27
,10/20/2025,Deposit,,Stripe,,STRIPE           DES:TRANSFER   ID:ST-K5L9C4S9N0C7           INDN:RICHARD PATRI           CO ID:XXXXX65600 CCD,,386.27
4623,,,,,,,,
,10/21/2025,Deposit,,,Shopify,SHOPIFY          DES:TRANSFER   ID:SHOPIFY                   INDN:OUTDOOR PLAYGROUND INC  CO ID:SHOPIFYPMT WEB,Reconciled,22.27
,10/21/2025,Deposit,,,Shopify,SHOPIFY          DES:TRANSFER   ID:SHOPIFY                   INDN:OUTDOOR PLAYGROUND INC  CO ID:SHOPIFYPMT WEB,,22.27
4624,,,,,,,,
,10/21/2025,Deposit,,,Shopify,Shopify          DES:TRANSFER   ID:ST-T7K6C7U8R0I5           INDN:OUTDOOR PLAYGROUND INC  CO ID:XXXXX48598 CCD,Reconciled,7269.14
,10/21/2025,Deposit,,,Shopify,Shopify          DES:TRANSFER   ID:ST-T7K6C7U8R0I5           INDN:OUTDOOR PLAYGROUND INC  CO ID:XXXXX48598 CCD,,7269.14
4625,,,,,,,,
,10/21/2025,Deposit,,Stripe,,STRIPE           DES:TRANSFER   ID:ST-N3B0L3R2V3J6           INDN:RICHARD PATRI           CO ID:XXXXX65600 CCD,Reconciled,315.31
,10/21/2025,Deposit,,Stripe,,STRIPE           DES:TRANSFER   ID:ST-N3B0L3R2V3J6           INDN:RICHARD PATRI           CO ID:XXXXX65600 CCD,,315.31
4639,,,,,,,,
,10/21/2025,Deposit,,,,Bank of America  DES:CASHREWARD ID:PLAYGROUND LLC            INDN:XXXXX0000XXXXX74XXXXX0  CO ID:XXXXX90310 PPD,Reconciled,174.32
,10/21/2025,Deposit,,,,Bank of America  DES:CASHREWARD ID:PLAYGROUND LLC            INDN:XXXXX0000XXXXX74XXXXX0  CO ID:XXXXX90310 PPD,,174.32
4644,,,,,,,,
,10/21/2025,Deposit,,,,PAYPAL           DES:TRANSFER   ID:XXXXX32084359             INDN:MAXIMUS OUTDOORS        CO ID:PAYPALSD11 PPD,Reconciled,394.76
,10/21/2025,Deposit,,,,PAYPAL           DES:TRANSFER   ID:XXXXX32084359             INDN:MAXIMUS OUTDOORS        CO ID:PAYPALSD11 PPD,,394.76
4626,,,,,,,,
,10/22/2025,Deposit,,,Shopify,Shopify          DES:TRANSFER   ID:ST-N1A1J7I9Y4X9           INDN:OUTDOOR PLAYGROUND INC  CO ID:XXXXX48598 CCD,Reconciled,2342.64
,10/22/2025,Deposit,,,Shopify,Shopify          DES:TRANSFER   ID:ST-N1A1J7I9Y4X9           INDN:OUTDOOR PLAYGROUND INC  CO ID:XXXXX48598 CCD,,2342.64
4627,,,,,,,,
,10/22/2025,Deposit,,Stripe,,STRIPE           DES:TRANSFER   ID:ST-F2L0C7S8P2G9           INDN:RICHARD PATRI           CO ID:XXXXX65600 CCD,Reconciled,1023.05
,10/22/2025,Deposit,,Stripe,,STRIPE           DES:TRANSFER   ID:ST-F2L0C7S8P2G9           INDN:RICHARD PATRI           CO ID:XXXXX65600 CCD,,1023.05
4640,,,,,,,,
,10/22/2025,Deposit,,,,BKOFAMERICA MOBILE 10/22 XXXXX37180 DEPOSIT                                    *MOBILE       CA,Reconciled,789.51
,10/22/2025,Deposit,,,,BKOFAMERICA MOBILE 10/22 XXXXX37180 DEPOSIT                                    *MOBILE       CA,,789.51
4643,,,,,,,,
,10/22/2025,Deposit,,,,CHASE CREDIT CRD DES:RWRD RDM   ID:CBB5-O03NS-ZTAK           INDN:PATRI RICHARD           CO ID:XXXXX40001 PPD,Reconciled,159.23
,10/22/2025,Deposit,,,,CHASE CREDIT CRD DES:RWRD RDM   ID:CBB5-O03NS-ZTAK           INDN:PATRI RICHARD           CO ID:XXXXX40001 PPD,,159.23
4645,,,,,,,,
,10/22/2025,Deposit,,,,PAYPAL           DES:TRANSFER   ID:XXXXX52618191             INDN:MAXIMUS OUTDOORS        CO ID:PAYPALSD11 PPD,Reconciled,227.67
,10/22/2025,Deposit,,,,PAYPAL           DES:TRANSFER   ID:XXXXX52618191             INDN:MAXIMUS OUTDOORS        CO ID:PAYPALSD11 PPD,,227.67
4628,,,,,,,,
,10/23/2025,Deposit,,,Shopify,Shopify          DES:TRANSFER   ID:ST-S3C5Z9Z5P2L2           INDN:OUTDOOR PLAYGROUND INC  CO ID:XXXXX65600 CCD,Reconciled,3183.07
,10/23/2025,Deposit,,,Shopify,Shopify          DES:TRANSFER   ID:ST-S3C5Z9Z5P2L2           INDN:OUTDOOR PLAYGROUND INC  CO ID:XXXXX65600 CCD,,3183.07
4629,,,,,,,,
,10/23/2025,Deposit,,Stripe,,STRIPE           DES:TRANSFER   ID:ST-S7H4F9P5S4L4           INDN:RICHARD PATRI           CO ID:XXXXX65600 CCD,Reconciled,177.34
,10/23/2025,Deposit,,Stripe,,STRIPE           DES:TRANSFER   ID:ST-S7H4F9P5S4L4           INDN:RICHARD PATRI           CO ID:XXXXX65600 CCD,,177.34
4646,,,,,,,,
,10/23/2025,Deposit,,,,PAYPAL           DES:TRANSFER   ID:XXXXX73809228             INDN:MAXIMUS OUTDOORS        CO ID:PAYPALSD11 PPD,Reconciled,248.97
,10/23/2025,Deposit,,,,PAYPAL           DES:TRANSFER   ID:XXXXX73809228             INDN:MAXIMUS OUTDOORS        CO ID:PAYPALSD11 PPD,,248.97
4630,,,,,,,,
,10/24/2025,Deposit,,,Shopify,Shopify          DES:TRANSFER   ID:ST-V6R0Z5W6Q2J8           INDN:OUTDOOR PLAYGROUND INC  CO ID:XXXXX65600 CCD,Reconciled,2294.49
,10/24/2025,Deposit,,,Shopify,Shopify          DES:TRANSFER   ID:ST-V6R0Z5W6Q2J8           INDN:OUTDOOR PLAYGROUND INC  CO ID:XXXXX65600 CCD,,2294.49
4631,,,,,,,,
,10/24/2025,Deposit,,,Shopify,Shopify          DES:TRANSFER   ID:ST-M9X6A4O3G8E4           INDN:OUTDOOR PLAYGROUND INC  CO ID:XXXXX48598 CCD,Reconciled,41.34
,10/24/2025,Deposit,,,Shopify,Shopify          DES:TRANSFER   ID:ST-M9X6A4O3G8E4           INDN:OUTDOOR PLAYGROUND INC  CO ID:XXXXX48598 CCD,,41.34
4632,,,,,,,,
,10/24/2025,Deposit,,Stripe,,STRIPE           DES:TRANSFER   ID:ST-L6U3L6D8Q7I4           INDN:RICHARD PATRI           CO ID:XXXXX65600 CCD,Reconciled,291.93
,10/24/2025,Deposit,,Stripe,,STRIPE           DES:TRANSFER   ID:ST-L6U3L6D8Q7I4           INDN:RICHARD PATRI           CO ID:XXXXX65600 CCD,,291.93
4654,,,,,,,,
,10/24/2025,Deposit,,,,"TikTok Inc       DES:PAYMENT    ID:XXXXXXXXXX67061           INDN:Outdoor Playground Inc  CO ID:XXXXX67522 CCD           PMT INFO:TikTok Shop-USLC7NEW6U, payout ID 346601           XXXXX09746938",Reconciled,32.48
,10/24/2025,Deposit,,,,"TikTok Inc       DES:PAYMENT    ID:XXXXXXXXXX67061           INDN:Outdoor Playground Inc  CO ID:XXXXX67522 CCD           PMT INFO:TikTok Shop-USLC7NEW6U, payout ID 346601           XXXXX09746938",,32.48
4655,,,,,,,,
,10/24/2025,Deposit,,,,PAYPAL           DES:TRANSFER   ID:XXXXX94955299             INDN:MAXIMUS OUTDOORS        CO ID:PAYPALSD11 PPD,Reconciled,783.37
,10/24/2025,Deposit,,,,PAYPAL           DES:TRANSFER   ID:XXXXX94955299             INDN:MAXIMUS OUTDOORS        CO ID:PAYPALSD11 PPD,,783.37
4659,,,,,,,,
,10/27/2025,Deposit,,,,PAYPAL           DES:TRANSFER   ID:XXXXX16894211             INDN:MAXIMUS OUTDOORS        CO ID:PAYPALSD11 PPD,Reconciled,594.94
,10/27/2025,Deposit,,,,PAYPAL           DES:TRANSFER   ID:XXXXX16894211             INDN:MAXIMUS OUTDOORS        CO ID:PAYPALSD11 PPD,,594.94
4660,,,,,,,,
,10/27/2025,Deposit,,,,PAYPAL           DES:TRANSFER   ID:XXXXX39206146             INDN:MAXIMUS OUTDOORS        CO ID:PAYPALSD11 PPD,Reconciled,244.77
,10/27/2025,Deposit,,,,PAYPAL           DES:TRANSFER   ID:XXXXX39206146             INDN:MAXIMUS OUTDOORS        CO ID:PAYPALSD11 PPD,,244.77
4661,,,,,,,,
,10/27/2025,Deposit,,,,PAYPAL           DES:TRANSFER   ID:XXXXX59662134             INDN:MAXIMUS OUTDOORS        CO ID:PAYPALSD11 PPD,Reconciled,596.77
,10/27/2025,Deposit,,,,PAYPAL           DES:TRANSFER   ID:XXXXX59662134             INDN:MAXIMUS OUTDOORS        CO ID:PAYPALSD11 PPD,,596.77
4663,,,,,,,,
,10/27/2025,Deposit,,,Shopify,Shopify          DES:TRANSFER   ID:ST-E3E1M2B8R9V4           INDN:OUTDOOR PLAYGROUND INC  CO ID:XXXXX65600 CCD,Reconciled,2065.38
,10/27/2025,Deposit,,,Shopify,Shopify          DES:TRANSFER   ID:ST-E3E1M2B8R9V4           INDN:OUTDOOR PLAYGROUND INC  CO ID:XXXXX65600 CCD,,2065.38
4664,,,,,,,,
,10/27/2025,Deposit,,,Shopify,Shopify          DES:TRANSFER   ID:ST-G3N8E4G2R3Q1           INDN:OUTDOOR PLAYGROUND INC  CO ID:XXXXX48598 CCD,Reconciled,1.5
,10/27/2025,Deposit,,,Shopify,Shopify          DES:TRANSFER   ID:ST-G3N8E4G2R3Q1           INDN:OUTDOOR PLAYGROUND INC  CO ID:XXXXX48598 CCD,,1.5
4665,,,,,,,,
,10/27/2025,Deposit,,Stripe,,STRIPE           DES:TRANSFER   ID:ST-Y0N3G8P0Q8T5           INDN:RICHARD PATRI           CO ID:XXXXX65600 CCD,Reconciled,331.61
,10/27/2025,Deposit,,Stripe,,STRIPE           DES:TRANSFER   ID:ST-Y0N3G8P0Q8T5           INDN:RICHARD PATRI           CO ID:XXXXX65600 CCD,,331.61
4670,,,,,,,,
,10/28/2025,Deposit,,,Shopify,Shopify          DES:TRANSFER   ID:ST-T9U7X4W1E0A8           INDN:OUTDOOR PLAYGROUND INC  CO ID:XXXXX48598 CCD,Reconciled,7789.18
,10/28/2025,Deposit,,,Shopify,Shopify          DES:TRANSFER   ID:ST-T9U7X4W1E0A8           INDN:OUTDOOR PLAYGROUND INC  CO ID:XXXXX48598 CCD,,7789.18
4672,,,,,,,,
,10/28/2025,Deposit,,Stripe,,STRIPE           DES:TRANSFER   ID:ST-Z8P0S1D7G9G8           INDN:RICHARD PATRI           CO ID:XXXXX65600 CCD,Reconciled,246.84
,10/28/2025,Deposit,,Stripe,,STRIPE           DES:TRANSFER   ID:ST-Z8P0S1D7G9G8           INDN:RICHARD PATRI           CO ID:XXXXX65600 CCD,,246.84
4673,,,,,,,,
,10/28/2025,Deposit,,,Shopify,Shopify          DES:TRANSFER   ID:ST-T4H7Y8A7V2Z7           INDN:OUTDOOR PLAYGROUND INC  CO ID:XXXXX65600 CCD,Reconciled,166.11
,10/28/2025,Deposit,,,Shopify,Shopify          DES:TRANSFER   ID:ST-T4H7Y8A7V2Z7           INDN:OUTDOOR PLAYGROUND INC  CO ID:XXXXX65600 CCD,,166.11
4706,,,,,,,,
,10/28/2025,Deposit,,,,PAYPAL           DES:TRANSFER   ID:XXXXX81012937             INDN:MAXIMUS OUTDOORS        CO ID:PAYPALSD11 PPD,Reconciled,104.27
,10/28/2025,Deposit,,,,PAYPAL           DES:TRANSFER   ID:XXXXX81012937             INDN:MAXIMUS OUTDOORS        CO ID:PAYPALSD11 PPD,,104.27
4674,,,,,,,,
,10/29/2025,Deposit,,Stripe,,STRIPE           DES:TRANSFER   ID:ST-Z5W1Z7E1D3U6           INDN:RICHARD PATRI           CO ID:XXXXX65600 CCD,Reconciled,429.87
,10/29/2025,Deposit,,Stripe,,STRIPE           DES:TRANSFER   ID:ST-Z5W1Z7E1D3U6           INDN:RICHARD PATRI           CO ID:XXXXX65600 CCD,,429.87
4675,,,,,,,,
,10/29/2025,Deposit,,,Shopify,Shopify          DES:TRANSFER   ID:ST-M8J7M9E4K7O7           INDN:OUTDOOR PLAYGROUND INC  CO ID:XXXXX65600 CCD,Reconciled,898.17
,10/29/2025,Deposit,,,Shopify,Shopify          DES:TRANSFER   ID:ST-M8J7M9E4K7O7           INDN:OUTDOOR PLAYGROUND INC  CO ID:XXXXX65600 CCD,,898.17
4708,,,,,,,,
,10/29/2025,Deposit,,,,PAYPAL           DES:TRANSFER   ID:XXXXX03176775             INDN:MAXIMUS OUTDOORS        CO ID:PAYPALSD11 PPD,Reconciled,336.6
,10/29/2025,Deposit,,,,PAYPAL           DES:TRANSFER   ID:XXXXX03176775             INDN:MAXIMUS OUTDOORS        CO ID:PAYPALSD11 PPD,,336.6
4685,,,,,,,,
,10/30/2025,Deposit,,Stripe,,STRIPE           DES:TRANSFER   ID:ST-D1Y7J2D6I9Y7           INDN:RICHARD PATRI           CO ID:XXXXX65600 CCD,Reconciled,361.42
,10/30/2025,Deposit,,Stripe,,STRIPE           DES:TRANSFER   ID:ST-D1Y7J2D6I9Y7           INDN:RICHARD PATRI           CO ID:XXXXX65600 CCD,,361.42
4686,,,,,,,,
,10/30/2025,Deposit,,,Shopify,Shopify          DES:TRANSFER   ID:ST-I8D8Z3M6A9F2           INDN:OUTDOOR PLAYGROUND INC  CO ID:XXXXX48598 CCD,Reconciled,15.08
,10/30/2025,Deposit,,,Shopify,Shopify          DES:TRANSFER   ID:ST-I8D8Z3M6A9F2           INDN:OUTDOOR PLAYGROUND INC  CO ID:XXXXX48598 CCD,,15.08
4687,,,,,,,,
,10/30/2025,Deposit,,,Shopify,Shopify          DES:TRANSFER   ID:ST-D5I8S7E5C3M7           INDN:OUTDOOR PLAYGROUND INC  CO ID:XXXXX65600 CCD,Reconciled,1337.58
,10/30/2025,Deposit,,,Shopify,Shopify          DES:TRANSFER   ID:ST-D5I8S7E5C3M7           INDN:OUTDOOR PLAYGROUND INC  CO ID:XXXXX65600 CCD,,1337.58
4704,,,,,,,,
,10/30/2025,Deposit,,,,AMAZON.C5SCY90RU DES:PAYMENTS   ID:5MSG27GWMCIZU9P           INDN:Outdoor Playground Inc  CO ID:XXXXX40102 CCD,Reconciled,1037.71
,10/30/2025,Deposit,,,,AMAZON.C5SCY90RU DES:PAYMENTS   ID:5MSG27GWMCIZU9P           INDN:Outdoor Playground Inc  CO ID:XXXXX40102 CCD,,1037.71
4705,,,,,,,,
,10/30/2025,Deposit,,,,PAYPAL           DES:TRANSFER   ID:XXXXX26203536             INDN:MAXIMUS OUTDOORS        CO ID:PAYPALSD11 PPD,Reconciled,418.83
,10/30/2025,Deposit,,,,PAYPAL           DES:TRANSFER   ID:XXXXX26203536             INDN:MAXIMUS OUTDOORS        CO ID:PAYPALSD11 PPD,,418.83
4680,,,,,,,,
,10/31/2025,Deposit,,,Shopify,Shopify          DES:TRANSFER   ID:ST-E3Q7J4I4N1A2           INDN:OUTDOOR PLAYGROUND INC  CO ID:XXXXX65600 CCD,Reconciled,1789.8
,10/31/2025,Deposit,,,Shopify,Shopify          DES:TRANSFER   ID:ST-E3Q7J4I4N1A2           INDN:OUTDOOR PLAYGROUND INC  CO ID:XXXXX65600 CCD,,1789.8
4681,,,,,,,,
,10/31/2025,Deposit,,Stripe,,STRIPE           DES:TRANSFER   ID:ST-U4L9S2Z2Y2T7           INDN:RICHARD PATRI           CO ID:XXXXX65600 CCD,Reconciled,46.51
,10/31/2025,Deposit,,Stripe,,STRIPE           DES:TRANSFER   ID:ST-U4L9S2Z2Y2T7           INDN:RICHARD PATRI           CO ID:XXXXX65600 CCD,,46.51
4684,,,,,,,,
,10/31/2025,Deposit,,,,"TikTok Inc       DES:PAYMENT    ID:XXXXXXXXXX12156           INDN:Outdoor Playground Inc  CO ID:XXXXX67522 CCD           PMT INFO:TikTok Shop-USLC7NEW6U, payout ID 346629           XXXXX75932922",Reconciled,34.73
,10/31/2025,Deposit,,,,"TikTok Inc       DES:PAYMENT    ID:XXXXXXXXXX12156           INDN:Outdoor Playground Inc  CO ID:XXXXX67522 CCD           PMT INFO:TikTok Shop-USLC7NEW6U, payout ID 346629           XXXXX75932922",,34.73
4707,,,,,,,,
,10/31/2025,Deposit,,,,PAYPAL           DES:TRANSFER   ID:XXXXX46603837             INDN:MAXIMUS OUTDOORS        CO ID:PAYPALSD11 PPD,Reconciled,267.57
,10/31/2025,Deposit,,,,PAYPAL           DES:TRANSFER   ID:XXXXX46603837             INDN:MAXIMUS OUTDOORS        CO ID:PAYPALSD11 PPD,,267.57
4723,,,,,,,,
,11/03/2025,Deposit,,,Shopify,Shopify          DES:TRANSFER   ID:ST-G9U0D2U0X6C3           INDN:OUTDOOR PLAYGROUND INC  CO ID:XXXXX48598 CCD,Reconciled,3306.6
,11/03/2025,Deposit,,,Shopify,Shopify          DES:TRANSFER   ID:ST-G9U0D2U0X6C3           INDN:OUTDOOR PLAYGROUND INC  CO ID:XXXXX48598 CCD,,3306.6
4740,,,,,,,,
,11/03/2025,Deposit,,,,PAYPAL           DES:TRANSFER   ID:XXXXX68970944             INDN:MAXIMUS OUTDOORS        CO ID:PAYPALSD11 PPD,Reconciled,117.27
,11/03/2025,Deposit,,,,PAYPAL           DES:TRANSFER   ID:XXXXX68970944             INDN:MAXIMUS OUTDOORS        CO ID:PAYPALSD11 PPD,,117.27
4741,,,,,,,,
,11/03/2025,Deposit,,,,PAYPAL           DES:TRANSFER   ID:XXXXX92307375             INDN:MAXIMUS OUTDOORS        CO ID:PAYPALSD11 PPD,Reconciled,235.59
,11/03/2025,Deposit,,,,PAYPAL           DES:TRANSFER   ID:XXXXX92307375             INDN:MAXIMUS OUTDOORS        CO ID:PAYPALSD11 PPD,,235.59
4745,,,,,,,,
,11/03/2025,Deposit,,,,"TikTok Inc       DES:PAYMENT    ID:XXXXXXXXXX73020           INDN:Outdoor Playground Inc  CO ID:XXXXX67522 CCD           PMT INFO:TikTok Shop-USLC7NEW6U, payout ID 346632           XXXXX42866426",Reconciled,274.2
,11/03/2025,Deposit,,,,"TikTok Inc       DES:PAYMENT    ID:XXXXXXXXXX73020           INDN:Outdoor Playground Inc  CO ID:XXXXX67522 CCD           PMT INFO:TikTok Shop-USLC7NEW6U, payout ID 346632           XXXXX42866426",,274.2
4746,,,,,,,,
,11/03/2025,Deposit,,,,PAYPAL           DES:TRANSFER   ID:XXXXX17749733             INDN:MAXIMUS OUTDOORS        CO ID:PAYPALSD11 PPD,Reconciled,626.8
,11/03/2025,Deposit,,,,PAYPAL           DES:TRANSFER   ID:XXXXX17749733             INDN:MAXIMUS OUTDOORS        CO ID:PAYPALSD11 PPD,,626.8
4735,,,,,,,,
,11/04/2025,Deposit,,,Shopify,Shopify          DES:TRANSFER   ID:ST-H9L0V1L7T0K4           INDN:OUTDOOR PLAYGROUND INC  CO ID:XXXXX65600 CCD,Reconciled,7049.14
,11/04/2025,Deposit,,,Shopify,Shopify          DES:TRANSFER   ID:ST-H9L0V1L7T0K4           INDN:OUTDOOR PLAYGROUND INC  CO ID:XXXXX65600 CCD,,7049.14
4736,,,,,,,,
,11/04/2025,Deposit,,Stripe,,STRIPE           DES:TRANSFER   ID:ST-G3O9Y2M4O9N6           INDN:RICHARD PATRI           CO ID:XXXXX65600 CCD,Reconciled,32.13
,11/04/2025,Deposit,,Stripe,,STRIPE           DES:TRANSFER   ID:ST-G3O9Y2M4O9N6           INDN:RICHARD PATRI           CO ID:XXXXX65600 CCD,,32.13
4742,,,,,,,,
,11/04/2025,Deposit,,,,PAYPAL           DES:TRANSFER   ID:XXXXX42622898             INDN:MAXIMUS OUTDOORS        CO ID:PAYPALSD11 PPD,Reconciled,163.31
,11/04/2025,Deposit,,,,PAYPAL           DES:TRANSFER   ID:XXXXX42622898             INDN:MAXIMUS OUTDOORS        CO ID:PAYPALSD11 PPD,,163.31
4743,,,,,,,,
,11/04/2025,Deposit,,,,"TikTok Inc       DES:PAYMENT    ID:XXXXXXXXXX31687           INDN:Outdoor Playground Inc  CO ID:XXXXX67522 CCD           PMT INFO:TikTok Shop-USLC7NEW6U, payout ID 346639           XXXXX76902138",Reconciled,178.23
,11/04/2025,Deposit,,,,"TikTok Inc       DES:PAYMENT    ID:XXXXXXXXXX31687           INDN:Outdoor Playground Inc  CO ID:XXXXX67522 CCD           PMT INFO:TikTok Shop-USLC7NEW6U, payout ID 346639           XXXXX76902138",,178.23
4744,,,,,,,,
,11/04/2025,Deposit,,,,"TikTok Shop      DES:XXXXX35001 ID:USLC7NEW6U,               INDN:Outdoor Playground Inc  CO ID:XXXXX92853 CCD           PMT INFO:USLC7NEW6U,",Reconciled,205.27
,11/04/2025,Deposit,,,,"TikTok Shop      DES:XXXXX35001 ID:USLC7NEW6U,               INDN:Outdoor Playground Inc  CO ID:XXXXX92853 CCD           PMT INFO:USLC7NEW6U,",,205.27
4754,,,,,,,,
,11/05/2025,Deposit,,Stripe,,STRIPE           DES:TRANSFER   ID:ST-X9Z0V8C2H7P7           INDN:RICHARD PATRI           CO ID:XXXXX65600 CCD,Reconciled,3320.9
,11/05/2025,Deposit,,Stripe,,STRIPE           DES:TRANSFER   ID:ST-X9Z0V8C2H7P7           INDN:RICHARD PATRI           CO ID:XXXXX65600 CCD,,3320.9
4755,,,,,,,,
,11/05/2025,Deposit,,,Shopify,Shopify          DES:TRANSFER   ID:ST-K4I0K4F1Q8Q6           INDN:OUTDOOR PLAYGROUND INC  CO ID:XXXXX65600 CCD,Reconciled,3413.7
,11/05/2025,Deposit,,,Shopify,Shopify          DES:TRANSFER   ID:ST-K4I0K4F1Q8Q6           INDN:OUTDOOR PLAYGROUND INC  CO ID:XXXXX65600 CCD,,3413.7
4756,,,,,,,,
,11/05/2025,Deposit,,,,PAYPAL           DES:TRANSFER   ID:XXXXX65248038             INDN:MAXIMUS OUTDOORS        CO ID:PAYPALSD11 PPD,Reconciled,664.46
,11/05/2025,Deposit,,,,PAYPAL           DES:TRANSFER   ID:XXXXX65248038             INDN:MAXIMUS OUTDOORS        CO ID:PAYPALSD11 PPD,,664.46
4760,,,,,,,,
,11/06/2025,Deposit,,,Shopify,Shopify          DES:TRANSFER   ID:ST-A1R3E5J6I3S3           INDN:OUTDOOR PLAYGROUND INC  CO ID:XXXXX65600 CCD,Reconciled,143.77
,11/06/2025,Deposit,,,Shopify,Shopify          DES:TRANSFER   ID:ST-A1R3E5J6I3S3           INDN:OUTDOOR PLAYGROUND INC  CO ID:XXXXX65600 CCD,,143.77
4762,,,,,,,,
,11/06/2025,Deposit,,Stripe,,STRIPE           DES:TRANSFER   ID:ST-H0W3S4F6U6A7           INDN:RICHARD PATRI           CO ID:XXXXX65600 CCD,Reconciled,747.59
,11/06/2025,Deposit,,Stripe,,STRIPE           DES:TRANSFER   ID:ST-H0W3S4F6U6A7           INDN:RICHARD PATRI           CO ID:XXXXX65600 CCD,,747.59
4764,,,,,,,,
,11/06/2025,Deposit,,,Shopify,Shopify          DES:TRANSFER   ID:ST-K6C5W3P6R2C4           INDN:OUTDOOR PLAYGROUND INC  CO ID:XXXXX48598 CCD,Reconciled,4758.16
,11/06/2025,Deposit,,,Shopify,Shopify          DES:TRANSFER   ID:ST-K6C5W3P6R2C4           INDN:OUTDOOR PLAYGROUND INC  CO ID:XXXXX48598 CCD,,4758.16
4783,,,,,,,,
,11/06/2025,Deposit,,,,"TikTok Inc       DES:PAYMENT    ID:XXXXXXXXXX70806           INDN:Outdoor Playground Inc  CO ID:XXXXX67522 CCD           PMT INFO:TikTok Shop-USLC7NEW6U, payout ID 346653           XXXXX71107834",Reconciled,121.88
,11/06/2025,Deposit,,,,"TikTok Inc       DES:PAYMENT    ID:XXXXXXXXXX70806           INDN:Outdoor Playground Inc  CO ID:XXXXX67522 CCD           PMT INFO:TikTok Shop-USLC7NEW6U, payout ID 346653           XXXXX71107834",,121.88
4786,,,,,,,,
,11/06/2025,Deposit,,,,PAYPAL           DES:TRANSFER   ID:XXXXX87682148             INDN:MAXIMUS OUTDOORS        CO ID:PAYPALSD11 PPD,Reconciled,554.41
,11/06/2025,Deposit,,,,PAYPAL           DES:TRANSFER   ID:XXXXX87682148             INDN:MAXIMUS OUTDOORS        CO ID:PAYPALSD11 PPD,,554.41
4765,,,,,,,,
,11/07/2025,Deposit,,,Shopify,Shopify          DES:TRANSFER   ID:ST-D2K5B3Z8A6B2           INDN:OUTDOOR PLAYGROUND INC  CO ID:XXXXX48598 CCD,Reconciled,2579.36
,11/07/2025,Deposit,,,Shopify,Shopify          DES:TRANSFER   ID:ST-D2K5B3Z8A6B2           INDN:OUTDOOR PLAYGROUND INC  CO ID:XXXXX48598 CCD,,2579.36
4766,,,,,,,,
,11/07/2025,Deposit,,Stripe,,STRIPE           DES:TRANSFER   ID:ST-E3X3A3G9Y8C4           INDN:RICHARD PATRI           CO ID:XXXXX65600 CCD,Reconciled,184.42
,11/07/2025,Deposit,,Stripe,,STRIPE           DES:TRANSFER   ID:ST-E3X3A3G9Y8C4           INDN:RICHARD PATRI           CO ID:XXXXX65600 CCD,,184.42
4785,,,,,,,,
,11/07/2025,Deposit,,,,PAYPAL           DES:TRANSFER   ID:XXXXX09865471             INDN:MAXIMUS OUTDOORS        CO ID:PAYPALSD11 PPD,Reconciled,481.96
,11/07/2025,Deposit,,,,PAYPAL           DES:TRANSFER   ID:XXXXX09865471             INDN:MAXIMUS OUTDOORS        CO ID:PAYPALSD11 PPD,,481.96
4784,,,,,,,,
,11/10/2025,Deposit,,,,"TikTok Shop      DES:XXXXX75001 ID:USLC7NEW6U,               INDN:Outdoor Playground Inc  CO ID:XXXXX92853 CCD           PMT INFO:USLC7NEW6U,",Reconciled,86.4
,11/10/2025,Deposit,,,,"TikTok Shop      DES:XXXXX75001 ID:USLC7NEW6U,               INDN:Outdoor Playground Inc  CO ID:XXXXX92853 CCD           PMT INFO:USLC7NEW6U,",,86.4
4787,,,,,,,,
,11/10/2025,Deposit,,,,PAYPAL           DES:TRANSFER   ID:XXXXX77515858             INDN:MAXIMUS OUTDOORS        CO ID:PAYPALSD11 PPD,Reconciled,114.4
,11/10/2025,Deposit,,,,PAYPAL           DES:TRANSFER   ID:XXXXX77515858             INDN:MAXIMUS OUTDOORS        CO ID:PAYPALSD11 PPD,,114.4
4788,,,,,,,,
,11/10/2025,Deposit,,,,PAYPAL           DES:TRANSFER   ID:XXXXX32722523             INDN:MAXIMUS OUTDOORS        CO ID:PAYPALSD11 PPD,Reconciled,414.81
,11/10/2025,Deposit,,,,PAYPAL           DES:TRANSFER   ID:XXXXX32722523             INDN:MAXIMUS OUTDOORS        CO ID:PAYPALSD11 PPD,,414.81
4789,,,,,,,,
,11/10/2025,Deposit,,,,PAYPAL           DES:TRANSFER   ID:XXXXX56327507             INDN:MAXIMUS OUTDOORS        CO ID:PAYPALSD11 PPD,Reconciled,336.09
,11/10/2025,Deposit,,,,PAYPAL           DES:TRANSFER   ID:XXXXX56327507             INDN:MAXIMUS OUTDOORS        CO ID:PAYPALSD11 PPD,,336.09
4790,,,,,,,,
,11/10/2025,Deposit,,,,Shopify          DES:TRANSFER   ID:ST-T3Z5R0M1Q1B9           INDN:OUTDOOR PLAYGROUND INC  CO ID:XXXXX65600 CCD,Reconciled,3238.84
,11/10/2025,Deposit,,,,Shopify          DES:TRANSFER   ID:ST-T3Z5R0M1Q1B9           INDN:OUTDOOR PLAYGROUND INC  CO ID:XXXXX65600 CCD,,3238.84
4791,,,,,,,,
,11/10/2025,Deposit,,,,STRIPE           DES:TRANSFER   ID:ST-G6I1R3F2M5K9           INDN:RICHARD PATRI           CO ID:XXXXX65600 CCD,Reconciled,1815.4
,11/10/2025,Deposit,,,,STRIPE           DES:TRANSFER   ID:ST-G6I1R3F2M5K9           INDN:RICHARD PATRI           CO ID:XXXXX65600 CCD,,1815.4
4794,,,,,,,,
,11/12/2025,Deposit,,Stripe,,STRIPE           DES:TRANSFER   ID:ST-F3H9C9Q7D1D0           INDN:RICHARD PATRI           CO ID:XXXXX48598 CCD,Reconciled,765.46
,11/12/2025,Deposit,,Stripe,,STRIPE           DES:TRANSFER   ID:ST-F3H9C9Q7D1D0           INDN:RICHARD PATRI           CO ID:XXXXX48598 CCD,,765.46
4797,,,,,,,,
,11/12/2025,Deposit,,,Shopify,Shopify          DES:TRANSFER   ID:ST-R4O2H6R4A2Q2           INDN:OUTDOOR PLAYGROUND INC  CO ID:XXXXX48598 CCD,Reconciled,7915.87
,11/12/2025,Deposit,,,Shopify,Shopify          DES:TRANSFER   ID:ST-R4O2H6R4A2Q2           INDN:OUTDOOR PLAYGROUND INC  CO ID:XXXXX48598 CCD,,7915.87
4813,,,,,,,,
,11/12/2025,Deposit,,,,"TikTok Inc       DES:PAYMENT    ID:XXXXXXXXXX75816           INDN:Outdoor Playground Inc  CO ID:XXXXX67522 CCD           PMT INFO:TikTok Shop-USLC7NEW6U, payout ID 346666           XXXXX16973562",Reconciled,34.73
,11/12/2025,Deposit,,,,"TikTok Inc       DES:PAYMENT    ID:XXXXXXXXXX75816           INDN:Outdoor Playground Inc  CO ID:XXXXX67522 CCD           PMT INFO:TikTok Shop-USLC7NEW6U, payout ID 346666           XXXXX16973562",,34.73
4814,,,,,,,,
,11/12/2025,Deposit,,,,"TikTok Inc       DES:PAYMENT    ID:XXXXXXXXXX58950           INDN:Outdoor Playground Inc  CO ID:XXXXX67522 CCD           PMT INFO:TikTok Shop-USLC7NEW6U, payout ID 346660           XXXXX37932538",Reconciled,242.52
,11/12/2025,Deposit,,,,"TikTok Inc       DES:PAYMENT    ID:XXXXXXXXXX58950           INDN:Outdoor Playground Inc  CO ID:XXXXX67522 CCD           PMT INFO:TikTok Shop-USLC7NEW6U, payout ID 346660           XXXXX37932538",,242.52
4815,,,,,,,,
,11/12/2025,Deposit,,,,"TikTok Inc       DES:PAYMENT    ID:XXXXXXXXXX33607           INDN:Outdoor Playground Inc  CO ID:XXXXX67522 CCD           PMT INFO:TikTok Shop-USLC7NEW6U, payout ID 346663           XXXXX29956346",Reconciled,64.96
,11/12/2025,Deposit,,,,"TikTok Inc       DES:PAYMENT    ID:XXXXXXXXXX33607           INDN:Outdoor Playground Inc  CO ID:XXXXX67522 CCD           PMT INFO:TikTok Shop-USLC7NEW6U, payout ID 346663           XXXXX29956346",,64.96
4828,,,,,,,,
,11/12/2025,Deposit,,,,PAYPAL           DES:TRANSFER   ID:XXXXX99592087             INDN:MAXIMUS OUTDOORS        CO ID:PAYPALSD11 PPD,Reconciled,454.07
,11/12/2025,Deposit,,,,PAYPAL           DES:TRANSFER   ID:XXXXX99592087             INDN:MAXIMUS OUTDOORS        CO ID:PAYPALSD11 PPD,,454.07
4831,,,,,,,,
,11/12/2025,Deposit,,,,PAYPAL           DES:TRANSFER   ID:XXXXX22299849             INDN:MAXIMUS OUTDOORS        CO ID:PAYPALSD11 PPD,Reconciled,597.48
,11/12/2025,Deposit,,,,PAYPAL           DES:TRANSFER   ID:XXXXX22299849             INDN:MAXIMUS OUTDOORS        CO ID:PAYPALSD11 PPD,,597.48
4799,,,,,,,,
,11/13/2025,Deposit,,,Shopify,Shopify          DES:TRANSFER   ID:ST-D3G4C8W9K3E7           INDN:OUTDOOR PLAYGROUND INC  CO ID:XXXXX65600 CCD,Reconciled,4149.4
,11/13/2025,Deposit,,,Shopify,Shopify          DES:TRANSFER   ID:ST-D3G4C8W9K3E7           INDN:OUTDOOR PLAYGROUND INC  CO ID:XXXXX65600 CCD,,4149.4
4802,,,,,,,,
,11/13/2025,Deposit,,Stripe,,STRIPE           DES:TRANSFER   ID:ST-R8H7K7T6O8E8           INDN:RICHARD PATRI           CO ID:XXXXX65600 CCD,Reconciled,1307.98
,11/13/2025,Deposit,,Stripe,,STRIPE           DES:TRANSFER   ID:ST-R8H7K7T6O8E8           INDN:RICHARD PATRI           CO ID:XXXXX65600 CCD,,1307.98
4812,,,,,,,,
,11/13/2025,Deposit,,,,"TikTok Inc       DES:PAYMENT    ID:XXXXXXXXXX81028           INDN:Outdoor Playground Inc  CO ID:XXXXX67522 CCD           PMT INFO:TikTok Shop-USLC7NEW6U, payout ID 346673           XXXXX74607866",Reconciled,13.16
,11/13/2025,Deposit,,,,"TikTok Inc       DES:PAYMENT    ID:XXXXXXXXXX81028           INDN:Outdoor Playground Inc  CO ID:XXXXX67522 CCD           PMT INFO:TikTok Shop-USLC7NEW6U, payout ID 346673           XXXXX74607866",,13.16
4830,,,,,,,,
,11/13/2025,Deposit,,,,PAYPAL           DES:TRANSFER   ID:XXXXX44337939             INDN:MAXIMUS OUTDOORS        CO ID:PAYPALSD11 PPD,Reconciled,350.47
,11/13/2025,Deposit,,,,PAYPAL           DES:TRANSFER   ID:XXXXX44337939             INDN:MAXIMUS OUTDOORS        CO ID:PAYPALSD11 PPD,,350.47
4834,,,,,,,,
,11/13/2025,Deposit,,,,AMAZON.CEINXUBBD DES:PAYMENTS   ID:2FFP9RLXPRTHJWB           INDN:Outdoor Playground Inc  CO ID:XXXXX40102 CCD,Reconciled,853.29
,11/13/2025,Deposit,,,,AMAZON.CEINXUBBD DES:PAYMENTS   ID:2FFP9RLXPRTHJWB           INDN:Outdoor Playground Inc  CO ID:XXXXX40102 CCD,,853.29
4835,,,,,,,,
,11/13/2025,Deposit,,,,BKOFAMERICA MOBILE 11/13 XXXXX70534 DEPOSIT                                    *MOBILE       CA,Reconciled,955.07
,11/13/2025,Deposit,,,,BKOFAMERICA MOBILE 11/13 XXXXX70534 DEPOSIT                                    *MOBILE       CA,,955.07
4800,,,,,,,,
,11/14/2025,Deposit,,Stripe,,STRIPE           DES:TRANSFER   ID:ST-X0M7K1K3A3V1           INDN:RICHARD PATRI           CO ID:XXXXX65600 CCD,Reconciled,632.45
,11/14/2025,Deposit,,Stripe,,STRIPE           DES:TRANSFER   ID:ST-X0M7K1K3A3V1           INDN:RICHARD PATRI           CO ID:XXXXX65600 CCD,,632.45
4801,,,,,,,,
,11/14/2025,Deposit,,,Shopify,Shopify          DES:TRANSFER   ID:ST-C6K6B5X4R5S9           INDN:OUTDOOR PLAYGROUND INC  CO ID:XXXXX48598 CCD,Reconciled,1875.34
,11/14/2025,Deposit,,,Shopify,Shopify          DES:TRANSFER   ID:ST-C6K6B5X4R5S9           INDN:OUTDOOR PLAYGROUND INC  CO ID:XXXXX48598 CCD,,1875.34
4810,,,,,,,,
,11/14/2025,Deposit,,,,"TikTok Shop      DES:XXXXX35001 ID:USLC7NEW6U,               INDN:Outdoor Playground Inc  CO ID:XXXXX92853 CCD           PMT INFO:USLC7NEW6U,",Reconciled,106.45
,11/14/2025,Deposit,,,,"TikTok Shop      DES:XXXXX35001 ID:USLC7NEW6U,               INDN:Outdoor Playground Inc  CO ID:XXXXX92853 CCD           PMT INFO:USLC7NEW6U,",,106.45
4829,,,,,,,,
,11/14/2025,Deposit,,,,PAYPAL           DES:TRANSFER   ID:XXXXX66355188             INDN:MAXIMUS OUTDOORS        CO ID:PAYPALSD11 PPD,Reconciled,34.2
,11/14/2025,Deposit,,,,PAYPAL           DES:TRANSFER   ID:XXXXX66355188             INDN:MAXIMUS OUTDOORS        CO ID:PAYPALSD11 PPD,,34.2
4811,,,,,,,,
,11/17/2025,Deposit,,,,"TikTok Inc       DES:PAYMENT    ID:XXXXXXXXXX85024           INDN:Outdoor Playground Inc  CO ID:XXXXX67522 CCD           PMT INFO:TikTok Shop-USLC7NEW6U, payout ID 346680           XXXXX92164602",Reconciled,117.31
,11/17/2025,Deposit,,,,"TikTok Inc       DES:PAYMENT    ID:XXXXXXXXXX85024           INDN:Outdoor Playground Inc  CO ID:XXXXX67522 CCD           PMT INFO:TikTok Shop-USLC7NEW6U, payout ID 346680           XXXXX92164602",,117.31
4823,,,,,,,,
,11/17/2025,Deposit,,,,STRIPE           DES:TRANSFER   ID:ST-S3O5Y8V6W2P5           INDN:RICHARD PATRI           CO ID:XXXXX48598 CCD,Reconciled,411.7
,11/17/2025,Deposit,,,,STRIPE           DES:TRANSFER   ID:ST-S3O5Y8V6W2P5           INDN:RICHARD PATRI           CO ID:XXXXX48598 CCD,,411.7
4824,,,,,,,,
,11/17/2025,Deposit,,,,Shopify          DES:TRANSFER   ID:ST-P3X5O1Q5N1X3           INDN:OUTDOOR PLAYGROUND INC  CO ID:XXXXX48598 CCD,Reconciled,1732.98
,11/17/2025,Deposit,,,,Shopify          DES:TRANSFER   ID:ST-P3X5O1Q5N1X3           INDN:OUTDOOR PLAYGROUND INC  CO ID:XXXXX48598 CCD,,1732.98
4825,,,,,,,,
,11/17/2025,Deposit,,,,PAYPAL           DES:TRANSFER   ID:XXXXX88996432             INDN:MAXIMUS OUTDOORS        CO ID:PAYPALSD11 PPD,Reconciled,366.3
,11/17/2025,Deposit,,,,PAYPAL           DES:TRANSFER   ID:XXXXX88996432             INDN:MAXIMUS OUTDOORS        CO ID:PAYPALSD11 PPD,,366.3
4826,,,,,,,,
,11/17/2025,Deposit,,,,PAYPAL           DES:TRANSFER   ID:XXXXX34631555             INDN:MAXIMUS OUTDOORS        CO ID:PAYPALSD11 PPD,Reconciled,400.83
,11/17/2025,Deposit,,,,PAYPAL           DES:TRANSFER   ID:XXXXX34631555             INDN:MAXIMUS OUTDOORS        CO ID:PAYPALSD11 PPD,,400.83
4827,,,,,,,,
,11/17/2025,Deposit,,,,PAYPAL           DES:TRANSFER   ID:XXXXX12655398             INDN:MAXIMUS OUTDOORS        CO ID:PAYPALSD11 PPD,Reconciled,560.78
,11/17/2025,Deposit,,,,PAYPAL           DES:TRANSFER   ID:XXXXX12655398             INDN:MAXIMUS OUTDOORS        CO ID:PAYPALSD11 PPD,,560.78
4837,,,,,,,,
,11/18/2025,Deposit,,,Shopify,Shopify          DES:TRANSFER   ID:ST-O1F3S9S1B7W7           INDN:OUTDOOR PLAYGROUND INC  CO ID:XXXXX48598 CCD,Reconciled,7709.22
,11/18/2025,Deposit,,,Shopify,Shopify          DES:TRANSFER   ID:ST-O1F3S9S1B7W7           INDN:OUTDOOR PLAYGROUND INC  CO ID:XXXXX48598 CCD,,7709.22
4841,,,,,,,,
,11/18/2025,Deposit,,,,PAYPAL           DES:TRANSFER   ID:XXXXX57059157             INDN:MAXIMUS OUTDOORS        CO ID:PAYPALSD11 PPD,Reconciled,830.07
,11/18/2025,Deposit,,,,PAYPAL           DES:TRANSFER   ID:XXXXX57059157             INDN:MAXIMUS OUTDOORS        CO ID:PAYPALSD11 PPD,,830.07
4847,,,,,,,,
,11/18/2025,Deposit,,,,"TikTok Inc       DES:PAYMENT    ID:XXXXXXXXXX22107           INDN:Outdoor Playground Inc  CO ID:XXXXX67522 CCD           PMT INFO:TikTok Shop-USLC7NEW6U, payout ID 346687           XXXXX39751930",Reconciled,81.16
,11/18/2025,Deposit,,,,"TikTok Inc       DES:PAYMENT    ID:XXXXXXXXXX22107           INDN:Outdoor Playground Inc  CO ID:XXXXX67522 CCD           PMT INFO:TikTok Shop-USLC7NEW6U, payout ID 346687           XXXXX39751930",,81.16
4848,,,,,,,,
,11/18/2025,Deposit,,,,"TikTok Inc       DES:PAYMENT    ID:XXXXXXXXXX89719           INDN:Outdoor Playground Inc  CO ID:XXXXX67522 CCD           PMT INFO:TikTok Shop-USLC7NEW6U, payout ID 346684           XXXXX83178746",Reconciled,5.99
,11/18/2025,Deposit,,,,"TikTok Inc       DES:PAYMENT    ID:XXXXXXXXXX89719           INDN:Outdoor Playground Inc  CO ID:XXXXX67522 CCD           PMT INFO:TikTok Shop-USLC7NEW6U, payout ID 346684           XXXXX83178746",,5.99
4842,,,,,,,,
,11/19/2025,Deposit,,,,PAYPAL           DES:TRANSFER   ID:XXXXX79403145             INDN:MAXIMUS OUTDOORS        CO ID:PAYPALSD11 PPD,Reconciled,388.57
,11/19/2025,Deposit,,,,PAYPAL           DES:TRANSFER   ID:XXXXX79403145             INDN:MAXIMUS OUTDOORS        CO ID:PAYPALSD11 PPD,,388.57
4849,,,,,,,,
,11/19/2025,Deposit,,,,"TikTok Inc       DES:PAYMENT    ID:XXXXXXXXXX06307           INDN:Outdoor Playground Inc  CO ID:XXXXX67522 CCD           PMT INFO:TikTok Shop-USLC7NEW6U, payout ID 346694           XXXXX65406970",Reconciled,1.87
,11/19/2025,Deposit,,,,"TikTok Inc       DES:PAYMENT    ID:XXXXXXXXXX06307           INDN:Outdoor Playground Inc  CO ID:XXXXX67522 CCD           PMT INFO:TikTok Shop-USLC7NEW6U, payout ID 346694           XXXXX65406970",,1.87
4850,,,,,,,,
,11/19/2025,Deposit,,,,STRIPE           DES:TRANSFER   ID:ST-O8L6X8S2F9F4           INDN:RICHARD PATRI           CO ID:XXXXX48598 CCD,Reconciled,1360.39
,11/19/2025,Deposit,,,,STRIPE           DES:TRANSFER   ID:ST-O8L6X8S2F9F4           INDN:RICHARD PATRI           CO ID:XXXXX48598 CCD,,1360.39
4851,,,,,,,,
,11/19/2025,Deposit,,,,Shopify          DES:TRANSFER   ID:ST-L1R6H0H4T2O4           INDN:OUTDOOR PLAYGROUND INC  CO ID:XXXXX48598 CCD,Reconciled,1514.32
,11/19/2025,Deposit,,,,Shopify          DES:TRANSFER   ID:ST-L1R6H0H4T2O4           INDN:OUTDOOR PLAYGROUND INC  CO ID:XXXXX48598 CCD,,1514.32
4852,,,,,,,,
,11/19/2025,Deposit,,,,Shopify          DES:TRANSFER   ID:ST-Z6Y5O8E8G8M7           INDN:OUTDOOR PLAYGROUND INC  CO ID:XXXXX65600 CCD,Reconciled,28.51
,11/19/2025,Deposit,,,,Shopify          DES:TRANSFER   ID:ST-Z6Y5O8E8G8M7           INDN:OUTDOOR PLAYGROUND INC  CO ID:XXXXX65600 CCD,,28.51
4854,,,,,,,,
,11/20/2025,Deposit,,Stripe,,STRIPE           DES:TRANSFER   ID:ST-J4W3S4C1H2L4           INDN:RICHARD PATRI           CO ID:XXXXX48598 CCD,Reconciled,162.43
,11/20/2025,Deposit,,Stripe,,STRIPE           DES:TRANSFER   ID:ST-J4W3S4C1H2L4           INDN:RICHARD PATRI           CO ID:XXXXX48598 CCD,,162.43
4855,,,,,,,,
,11/20/2025,Deposit,,,Shopify,Shopify          DES:TRANSFER   ID:ST-T1K4Y8M7B0R1           INDN:OUTDOOR PLAYGROUND INC  CO ID:XXXXX65600 CCD,Reconciled,2417.33
,11/20/2025,Deposit,,,Shopify,Shopify          DES:TRANSFER   ID:ST-T1K4Y8M7B0R1           INDN:OUTDOOR PLAYGROUND INC  CO ID:XXXXX65600 CCD,,2417.33
4883,,,,,,,,
,11/20/2025,Deposit,,,,PAYPAL           DES:TRANSFER   ID:XXXXX01062621             INDN:MAXIMUS OUTDOORS        CO ID:PAYPALSD11 PPD,Reconciled,141.7
,11/20/2025,Deposit,,,,PAYPAL           DES:TRANSFER   ID:XXXXX01062621             INDN:MAXIMUS OUTDOORS        CO ID:PAYPALSD11 PPD,,141.7
4905,,,,,,,,
,11/20/2025,Deposit,,,,"TikTok Inc       DES:PAYMENT    ID:XXXXXXXXXX76261           INDN:Outdoor Playground Inc  CO ID:XXXXX67522 CCD           PMT INFO:TikTok Shop-USLC7NEW6U, payout ID 346697           XXXXX38914554",Reconciled,13.74
,11/20/2025,Deposit,,,,"TikTok Inc       DES:PAYMENT    ID:XXXXXXXXXX76261           INDN:Outdoor Playground Inc  CO ID:XXXXX67522 CCD           PMT INFO:TikTok Shop-USLC7NEW6U, payout ID 346697           XXXXX38914554",,13.74
4857,,,,,,,,
,11/21/2025,Deposit,,Stripe,,STRIPE           DES:TRANSFER   ID:ST-G1X7V7P4V3K2           INDN:RICHARD PATRI           CO ID:XXXXX65600 CCD,Reconciled,144.34
,11/21/2025,Deposit,,Stripe,,STRIPE           DES:TRANSFER   ID:ST-G1X7V7P4V3K2           INDN:RICHARD PATRI           CO ID:XXXXX65600 CCD,,144.34
4858,,,,,,,,
,11/21/2025,Deposit,,,Shopify,Shopify          DES:TRANSFER   ID:ST-L9C3F6Z6G1O5           INDN:OUTDOOR PLAYGROUND INC  CO ID:XXXXX65600 CCD,Reconciled,2024.55
,11/21/2025,Deposit,,,Shopify,Shopify          DES:TRANSFER   ID:ST-L9C3F6Z6G1O5           INDN:OUTDOOR PLAYGROUND INC  CO ID:XXXXX65600 CCD,,2024.55
4882,,,,,,,,
,11/21/2025,Deposit,,,,BKOFAMERICA MOBILE 11/21 XXXXX25976 DEPOSIT                                    *MOBILE       CA,Reconciled,1302.66
,11/21/2025,Deposit,,,,BKOFAMERICA MOBILE 11/21 XXXXX25976 DEPOSIT                                    *MOBILE       CA,,1302.66
4885,,,,,,,,
,11/21/2025,Deposit,,,,PAYPAL           DES:TRANSFER   ID:XXXXX23241901             INDN:MAXIMUS OUTDOORS        CO ID:PAYPALSD11 PPD,Reconciled,396.66
,11/21/2025,Deposit,,,,PAYPAL           DES:TRANSFER   ID:XXXXX23241901             INDN:MAXIMUS OUTDOORS        CO ID:PAYPALSD11 PPD,,396.66
4907,,,,,,,,
,11/21/2025,Deposit,,,,"TikTok Shop      DES:XXXXX05001 ID:USLC7NEW6U,               INDN:Outdoor Playground Inc  CO ID:XXXXX92853 CCD           PMT INFO:USLC7NEW6U,",Reconciled,566.25
,11/21/2025,Deposit,,,,"TikTok Shop      DES:XXXXX05001 ID:USLC7NEW6U,               INDN:Outdoor Playground Inc  CO ID:XXXXX92853 CCD           PMT INFO:USLC7NEW6U,",,566.25
4861,,,,,,,,
,11/24/2025,Deposit,,Stripe,,STRIPE           DES:TRANSFER   ID:ST-Z5B1P0W0N8Q9           INDN:RICHARD PATRI           CO ID:XXXXX65600 CCD,Reconciled,689.67
,11/24/2025,Deposit,,Stripe,,STRIPE           DES:TRANSFER   ID:ST-Z5B1P0W0N8Q9           INDN:RICHARD PATRI           CO ID:XXXXX65600 CCD,,689.67
4862,,,,,,,,
,11/24/2025,Deposit,,,Shopify,SHOPIFY          DES:TRANSFER   ID:SHOPIFY                   INDN:OUTDOOR PLAYGROUND INC  CO ID:SHOPIFYPMT WEB,Reconciled,24.54
,11/24/2025,Deposit,,,Shopify,SHOPIFY          DES:TRANSFER   ID:SHOPIFY                   INDN:OUTDOOR PLAYGROUND INC  CO ID:SHOPIFYPMT WEB,,24.54
4865,,,,,,,,
,11/24/2025,Deposit,,,Shopify,Shopify          DES:TRANSFER   ID:ST-M3L2M0G0D6S0           INDN:OUTDOOR PLAYGROUND INC  CO ID:XXXXX65600 CCD,Reconciled,583.4
,11/24/2025,Deposit,,,Shopify,Shopify          DES:TRANSFER   ID:ST-M3L2M0G0D6S0           INDN:OUTDOOR PLAYGROUND INC  CO ID:XXXXX65600 CCD,,583.4
4887,,,,,,,,
,11/24/2025,Deposit,,,,PAYPAL           DES:TRANSFER   ID:XXXXX46508977             INDN:MAXIMUS OUTDOORS        CO ID:PAYPALSD11 PPD,Reconciled,104.33
,11/24/2025,Deposit,,,,PAYPAL           DES:TRANSFER   ID:XXXXX46508977             INDN:MAXIMUS OUTDOORS        CO ID:PAYPALSD11 PPD,,104.33
4889,,,,,,,,
,11/24/2025,Deposit,,,,PAYPAL           DES:TRANSFER   ID:XXXXX70308854             INDN:MAXIMUS OUTDOORS        CO ID:PAYPALSD11 PPD,Reconciled,710.43
,11/24/2025,Deposit,,,,PAYPAL           DES:TRANSFER   ID:XXXXX70308854             INDN:MAXIMUS OUTDOORS        CO ID:PAYPALSD11 PPD,,710.43
4891,,,,,,,,
,11/24/2025,Deposit,,,,PAYPAL           DES:TRANSFER   ID:XXXXX91881624             INDN:MAXIMUS OUTDOORS        CO ID:PAYPALSD11 PPD,Reconciled,250.89
,11/24/2025,Deposit,,,,PAYPAL           DES:TRANSFER   ID:XXXXX91881624             INDN:MAXIMUS OUTDOORS        CO ID:PAYPALSD11 PPD,,250.89
4906,,,,,,,,
,11/24/2025,Deposit,,,,"TikTok Inc       DES:PAYMENT    ID:XXXXXXXXXX87711           INDN:Outdoor Playground Inc  CO ID:XXXXX67522 CCD           PMT INFO:TikTok Shop-USLC7NEW6U, payout ID 346705           XXXXX29864954",Reconciled,210.43
,11/24/2025,Deposit,,,,"TikTok Inc       DES:PAYMENT    ID:XXXXXXXXXX87711           INDN:Outdoor Playground Inc  CO ID:XXXXX67522 CCD           PMT INFO:TikTok Shop-USLC7NEW6U, payout ID 346705           XXXXX29864954",,210.43
4863,,,,,,,,
,11/25/2025,Deposit,,Stripe,,STRIPE           DES:TRANSFER   ID:ST-U3K4S9Y5S2J1           INDN:RICHARD PATRI           CO ID:XXXXX65600 CCD,Reconciled,151.52
,11/25/2025,Deposit,,Stripe,,STRIPE           DES:TRANSFER   ID:ST-U3K4S9Y5S2J1           INDN:RICHARD PATRI           CO ID:XXXXX65600 CCD,,151.52
4866,,,,,,,,
,11/25/2025,Deposit,,,Shopify,Shopify          DES:TRANSFER   ID:ST-D0O6B1W3U2J6           INDN:OUTDOOR PLAYGROUND INC  CO ID:XXXXX65600 CCD,Reconciled,9313.09
,11/25/2025,Deposit,,,Shopify,Shopify          DES:TRANSFER   ID:ST-D0O6B1W3U2J6           INDN:OUTDOOR PLAYGROUND INC  CO ID:XXXXX65600 CCD,,9313.09
4884,,,,,,,,
,11/25/2025,Deposit,,,,PAYPAL           DES:TRANSFER   ID:XXXXX14720981             INDN:MAXIMUS OUTDOORS        CO ID:PAYPALSD11 PPD,Reconciled,52.56
,11/25/2025,Deposit,,,,PAYPAL           DES:TRANSFER   ID:XXXXX14720981             INDN:MAXIMUS OUTDOORS        CO ID:PAYPALSD11 PPD,,52.56
4901,,,,,,,,
,11/25/2025,Deposit,,,,"TikTok Inc       DES:PAYMENT    ID:XXXXXXXXXX27294           INDN:Outdoor Playground Inc  CO ID:XXXXX67522 CCD           PMT INFO:TikTok Shop-USLC7NEW6U, payout ID 346716           XXXXX64129786",Reconciled,56.91
,11/25/2025,Deposit,,,,"TikTok Inc       DES:PAYMENT    ID:XXXXXXXXXX27294           INDN:Outdoor Playground Inc  CO ID:XXXXX67522 CCD           PMT INFO:TikTok Shop-USLC7NEW6U, payout ID 346716           XXXXX64129786",,56.91
4902,,,,,,,,
,11/25/2025,Deposit,,,,"TikTok Inc       DES:PAYMENT    ID:XXXXXXXXXX46713           INDN:Outdoor Playground Inc  CO ID:XXXXX67522 CCD           PMT INFO:TikTok Shop-USLC7NEW6U, payout ID 346720           XXXXX62029050",Reconciled,26.07
,11/25/2025,Deposit,,,,"TikTok Inc       DES:PAYMENT    ID:XXXXXXXXXX46713           INDN:Outdoor Playground Inc  CO ID:XXXXX67522 CCD           PMT INFO:TikTok Shop-USLC7NEW6U, payout ID 346720           XXXXX62029050",,26.07
4908,,,,,,,,
,11/25/2025,Deposit,,,,"TikTok Shop      DES:XXXXX45001 ID:USLC7NEW6U,               INDN:Outdoor Playground Inc  CO ID:XXXXX92853 CCD           PMT INFO:USLC7NEW6U,",Reconciled,87.03
,11/25/2025,Deposit,,,,"TikTok Shop      DES:XXXXX45001 ID:USLC7NEW6U,               INDN:Outdoor Playground Inc  CO ID:XXXXX92853 CCD           PMT INFO:USLC7NEW6U,",,87.03
4867,,,,,,,,
,11/26/2025,Deposit,,Stripe,,STRIPE           DES:TRANSFER   ID:ST-Y4B4O8L5D6I2           INDN:RICHARD PATRI           CO ID:XXXXX48598 CCD,Reconciled,563.79
,11/26/2025,Deposit,,Stripe,,STRIPE           DES:TRANSFER   ID:ST-Y4B4O8L5D6I2           INDN:RICHARD PATRI           CO ID:XXXXX48598 CCD,,563.79
4868,,,,,,,,
,11/26/2025,Deposit,,,Shopify,Shopify          DES:TRANSFER   ID:ST-T8J2K2U6Q9P7           INDN:OUTDOOR PLAYGROUND INC  CO ID:XXXXX48598 CCD,Reconciled,3363.56
,11/26/2025,Deposit,,,Shopify,Shopify          DES:TRANSFER   ID:ST-T8J2K2U6Q9P7           INDN:OUTDOOR PLAYGROUND INC  CO ID:XXXXX48598 CCD,,3363.56
4886,,,,,,,,
,11/26/2025,Deposit,,,,PAYPAL           DES:TRANSFER   ID:XXXXX39397974             INDN:MAXIMUS OUTDOORS        CO ID:PAYPALSD11 PPD,Reconciled,338.74
,11/26/2025,Deposit,,,,PAYPAL           DES:TRANSFER   ID:XXXXX39397974             INDN:MAXIMUS OUTDOORS        CO ID:PAYPALSD11 PPD,,338.74
4870,,,,,,,,
,11/28/2025,Deposit,,,Shopify,Shopify          DES:TRANSFER   ID:ST-K4B5N6R9O4C1           INDN:OUTDOOR PLAYGROUND INC  CO ID:XXXXX48598 CCD,Reconciled,3353.82
,11/28/2025,Deposit,,,Shopify,Shopify          DES:TRANSFER   ID:ST-K4B5N6R9O4C1           INDN:OUTDOOR PLAYGROUND INC  CO ID:XXXXX48598 CCD,,3353.82
4871,,,,,,,,
,11/28/2025,Deposit,,Stripe,,STRIPE           DES:TRANSFER   ID:ST-E0N2L2G2I0K4           INDN:RICHARD PATRI           CO ID:XXXXX48598 CCD,Reconciled,307.27
,11/28/2025,Deposit,,Stripe,,STRIPE           DES:TRANSFER   ID:ST-E0N2L2G2I0K4           INDN:RICHARD PATRI           CO ID:XXXXX48598 CCD,,307.27
4881,,,,,,,,
,11/28/2025,Deposit,,,,AMAZON.C0CPMW7KB DES:PAYMENTS   ID:2GIT060LY65NBQ4           INDN:Outdoor Playground Inc  CO ID:XXXXX40102 CCD,Reconciled,1200.13
,11/28/2025,Deposit,,,,AMAZON.C0CPMW7KB DES:PAYMENTS   ID:2GIT060LY65NBQ4           INDN:Outdoor Playground Inc  CO ID:XXXXX40102 CCD,,1200.13
4888,,,,,,,,
,11/28/2025,Deposit,,,,PAYPAL           DES:TRANSFER   ID:XXXXX62306613             INDN:MAXIMUS OUTDOORS        CO ID:PAYPALSD11 PPD,Reconciled,592.99
,11/28/2025,Deposit,,,,PAYPAL           DES:TRANSFER   ID:XXXXX62306613             INDN:MAXIMUS OUTDOORS        CO ID:PAYPALSD11 PPD,,592.99
4890,,,,,,,,
,11/28/2025,Deposit,,,,PAYPAL           DES:TRANSFER   ID:XXXXX87024508             INDN:MAXIMUS OUTDOORS        CO ID:PAYPALSD11 PPD,Reconciled,626.77
,11/28/2025,Deposit,,,,PAYPAL           DES:TRANSFER   ID:XXXXX87024508             INDN:MAXIMUS OUTDOORS        CO ID:PAYPALSD11 PPD,,626.77
4903,,,,,,,,
,11/28/2025,Deposit,,,,"TikTok Inc       DES:PAYMENT    ID:XXXXXXXXXX52516           INDN:Outdoor Playground Inc  CO ID:XXXXX67522 CCD           PMT INFO:TikTok Shop-USLC7NEW6U, payout ID 346729           XXXXX93070842",Reconciled,492.41
,11/28/2025,Deposit,,,,"TikTok Inc       DES:PAYMENT    ID:XXXXXXXXXX52516           INDN:Outdoor Playground Inc  CO ID:XXXXX67522 CCD           PMT INFO:TikTok Shop-USLC7NEW6U, payout ID 346729           XXXXX93070842",,492.41
4904,,,,,,,,
,11/28/2025,Deposit,,,,"TikTok Inc       DES:PAYMENT    ID:XXXXXXXXXX71367           INDN:Outdoor Playground Inc  CO ID:XXXXX67522 CCD           PMT INFO:TikTok Shop-USLC7NEW6U, payout ID 346724           XXXXX41327866",Reconciled,13.12
,11/28/2025,Deposit,,,,"TikTok Inc       DES:PAYMENT    ID:XXXXXXXXXX71367           INDN:Outdoor Playground Inc  CO ID:XXXXX67522 CCD           PMT INFO:TikTok Shop-USLC7NEW6U, payout ID 346724           XXXXX41327866",,13.12
4923,,,,,,,,
,11/30/2025,Deposit,,,Shopify,Shopify          DES:TRANSFER   ID:ST-B2F1V4I2Q7C2           INDN:OUTDOOR PLAYGROUND INC  CO ID:XXXXX48598 CCD,Reconciled,20320.28
,11/30/2025,Deposit,,,Shopify,Shopify          DES:TRANSFER   ID:ST-B2F1V4I2Q7C2           INDN:OUTDOOR PLAYGROUND INC  CO ID:XXXXX48598 CCD,,20320.28
4924,,,,,,,,
,12/01/2025,Deposit,,,Shopify,Shopify          DES:TRANSFER   ID:ST-X8Y5F9Q0Q8V8           INDN:OUTDOOR PLAYGROUND INC  CO ID:XXXXX48598 CCD,Reconciled,6025.42
,12/01/2025,Deposit,,,Shopify,Shopify          DES:TRANSFER   ID:ST-X8Y5F9Q0Q8V8           INDN:OUTDOOR PLAYGROUND INC  CO ID:XXXXX48598 CCD,,6025.42
4926,,,,,,,,
,12/01/2025,Deposit,,Stripe,,STRIPE           DES:TRANSFER   ID:ST-N8B4G8E2E9X5           INDN:RICHARD PATRI           CO ID:XXXXX65600 CCD,Reconciled,152.88
,12/01/2025,Deposit,,Stripe,,STRIPE           DES:TRANSFER   ID:ST-N8B4G8E2E9X5           INDN:RICHARD PATRI           CO ID:XXXXX65600 CCD,,152.88
4931,,,,,,,,
,12/01/2025,Deposit,,,,"TikTok Inc       DES:PAYMENT    ID:XXXXXXXXXX43235           INDN:Outdoor Playground Inc  CO ID:XXXXX67522 CCD           PMT INFO:TikTok Shop-USLC7NEW6U, payout ID 346732           XXXXX08701178",Reconciled,499.15
,12/01/2025,Deposit,,,,"TikTok Inc       DES:PAYMENT    ID:XXXXXXXXXX43235           INDN:Outdoor Playground Inc  CO ID:XXXXX67522 CCD           PMT INFO:TikTok Shop-USLC7NEW6U, payout ID 346732           XXXXX08701178",,499.15
4941,,,,,,,,
,12/01/2025,Deposit,,,,PAYPAL           DES:TRANSFER   ID:XXXXX39642384             INDN:MAXIMUS OUTDOORS        CO ID:PAYPALSD11 PPD,Reconciled,587.42
,12/01/2025,Deposit,,,,PAYPAL           DES:TRANSFER   ID:XXXXX39642384             INDN:MAXIMUS OUTDOORS        CO ID:PAYPALSD11 PPD,,587.42
4942,,,,,,,,
,12/01/2025,Deposit,,,,PAYPAL           DES:TRANSFER   ID:XXXXX10968950             INDN:MAXIMUS OUTDOORS        CO ID:PAYPALSD11 PPD,Reconciled,352.16
,12/01/2025,Deposit,,,,PAYPAL           DES:TRANSFER   ID:XXXXX10968950             INDN:MAXIMUS OUTDOORS        CO ID:PAYPALSD11 PPD,,352.16
4922,,,,,,,,
,12/02/2025,Deposit,,Stripe,,STRIPE           DES:TRANSFER   ID:ST-L7O2U1O5Z7Q8           INDN:RICHARD PATRI           CO ID:XXXXX65600 CCD,Reconciled,413.09
,12/02/2025,Deposit,,Stripe,,STRIPE           DES:TRANSFER   ID:ST-L7O2U1O5Z7Q8           INDN:RICHARD PATRI           CO ID:XXXXX65600 CCD,,413.09
4925,,,,,,,,
,12/02/2025,Deposit,,,Shopify,SHOPIFY          DES:TRANSFER   ID:SHOPIFY                   INDN:UNKNOWN                 CO ID:SHOPIFYPMT WEB,Reconciled,19.12
,12/02/2025,Deposit,,,Shopify,SHOPIFY          DES:TRANSFER   ID:SHOPIFY                   INDN:UNKNOWN                 CO ID:SHOPIFYPMT WEB,,19.12
4930,,,,,,,,
,12/02/2025,Deposit,,,,"TikTok Inc       DES:PAYMENT    ID:XXXXXXXXXX59230           INDN:Outdoor Playground Inc  CO ID:XXXXX67522 CCD           PMT INFO:TikTok Shop-USLC7NEW6U, payout ID 346745           XXXXX72692986",Reconciled,205.54
,12/02/2025,Deposit,,,,"TikTok Inc       DES:PAYMENT    ID:XXXXXXXXXX59230           INDN:Outdoor Playground Inc  CO ID:XXXXX67522 CCD           PMT INFO:TikTok Shop-USLC7NEW6U, payout ID 346745           XXXXX72692986",,205.54
4932,,,,,,,,
,12/02/2025,Deposit,,,,"TikTok Inc       DES:PAYMENT    ID:XXXXXXXXXX34846           INDN:Outdoor Playground Inc  CO ID:XXXXX67522 CCD           PMT INFO:TikTok Shop-USLC7NEW6U, payout ID 346737           XXXXX86283770",Reconciled,294.55
,12/02/2025,Deposit,,,,"TikTok Inc       DES:PAYMENT    ID:XXXXXXXXXX34846           INDN:Outdoor Playground Inc  CO ID:XXXXX67522 CCD           PMT INFO:TikTok Shop-USLC7NEW6U, payout ID 346737           XXXXX86283770",,294.55
4933,,,,,,,,
,12/02/2025,Deposit,,,,"TikTok Inc       DES:PAYMENT    ID:XXXXXXXXXX01424           INDN:Outdoor Playground Inc  CO ID:XXXXX67522 CCD           PMT INFO:TikTok Shop-USLC7NEW6U, payout ID 346741           XXXXX23290618",Reconciled,369.95
,12/02/2025,Deposit,,,,"TikTok Inc       DES:PAYMENT    ID:XXXXXXXXXX01424           INDN:Outdoor Playground Inc  CO ID:XXXXX67522 CCD           PMT INFO:TikTok Shop-USLC7NEW6U, payout ID 346741           XXXXX23290618",,369.95
4940,,,,,,,,
,12/02/2025,Deposit,,,,PAYPAL           DES:TRANSFER   ID:XXXXX63580051             INDN:MAXIMUS OUTDOORS        CO ID:PAYPALSD11 PPD,Reconciled,586.54
,12/02/2025,Deposit,,,,PAYPAL           DES:TRANSFER   ID:XXXXX63580051             INDN:MAXIMUS OUTDOORS        CO ID:PAYPALSD11 PPD,,586.54
4954,,,,,,,,
,12/03/2025,Deposit,,,Shopify,Shopify          DES:TRANSFER   ID:ST-G2W6W4X8R6N4           INDN:OUTDOOR PLAYGROUND INC  CO ID:XXXXX65600 CCD,Reconciled,4900.76
,12/03/2025,Deposit,,,Shopify,Shopify          DES:TRANSFER   ID:ST-G2W6W4X8R6N4           INDN:OUTDOOR PLAYGROUND INC  CO ID:XXXXX65600 CCD,,4900.76
4956,,,,,,,,
,12/03/2025,Deposit,,Stripe,,STRIPE           DES:TRANSFER   ID:ST-A0P9I3F0L6B5           INDN:RICHARD PATRI           CO ID:XXXXX48598 CCD,Reconciled,636.95
,12/03/2025,Deposit,,Stripe,,STRIPE           DES:TRANSFER   ID:ST-A0P9I3F0L6B5           INDN:RICHARD PATRI           CO ID:XXXXX48598 CCD,,636.95
4957,,,,,,,,
,12/03/2025,Deposit,,,Shopify,SHOPIFY          DES:TRANSFER   ID:SHOPIFY                   INDN:UNKNOWN                 CO ID:SHOPIFYPMT WEB,Reconciled,174.87
,12/03/2025,Deposit,,,Shopify,SHOPIFY          DES:TRANSFER   ID:SHOPIFY                   INDN:UNKNOWN                 CO ID:SHOPIFYPMT WEB,,174.87
4962,,,,,,,,
,12/03/2025,Deposit,,,,"TikTok Inc       DES:PAYMENT    ID:XXXXXXXXXX43662           INDN:Outdoor Playground Inc  CO ID:XXXXX67522 CCD           PMT INFO:TikTok Shop-USLC7NEW6U, payout ID 346750           XXXXX58449658",Reconciled,82.97
,12/03/2025,Deposit,,,,"TikTok Inc       DES:PAYMENT    ID:XXXXXXXXXX43662           INDN:Outdoor Playground Inc  CO ID:XXXXX67522 CCD           PMT INFO:TikTok Shop-USLC7NEW6U, payout ID 346750           XXXXX58449658",,82.97
4960,,,,,,,,
,12/04/2025,Deposit,,,,"TikTok Inc       DES:PAYMENT    ID:XXXXXXXXXX85957           INDN:Outdoor Playground Inc  CO ID:XXXXX67522 CCD           PMT INFO:TikTok Shop-USLC7NEW6U, payout ID 346757           XXXXX89266426",Reconciled,502.74
,12/04/2025,Deposit,,,,"TikTok Inc       DES:PAYMENT    ID:XXXXXXXXXX85957           INDN:Outdoor Playground Inc  CO ID:XXXXX67522 CCD           PMT INFO:TikTok Shop-USLC7NEW6U, payout ID 346757           XXXXX89266426",,502.74
4961,,,,,,,,
,12/04/2025,Deposit,,,,"TikTok Inc       DES:PAYMENT    ID:XXXXXXXXXX45389           INDN:Outdoor Playground Inc  CO ID:XXXXX67522 CCD           PMT INFO:TikTok Shop-USLC7NEW6U, payout ID 346754           XXXXX02370042",Reconciled,127.19
,12/04/2025,Deposit,,,,"TikTok Inc       DES:PAYMENT    ID:XXXXXXXXXX45389           INDN:Outdoor Playground Inc  CO ID:XXXXX67522 CCD           PMT INFO:TikTok Shop-USLC7NEW6U, payout ID 346754           XXXXX02370042",,127.19
4967,,,,,,,,
,12/04/2025,Deposit,,,,STRIPE           DES:TRANSFER   ID:ST-K0X0G8A3L4F3           INDN:RICHARD PATRI           CO ID:XXXXX65600 CCD,Reconciled,148.87
,12/04/2025,Deposit,,,,STRIPE           DES:TRANSFER   ID:ST-K0X0G8A3L4F3           INDN:RICHARD PATRI           CO ID:XXXXX65600 CCD,,148.87
4968,,,,,,,,
,12/04/2025,Deposit,,,,Shopify          DES:TRANSFER   ID:ST-C9D1V3X8P4T6           INDN:OUTDOOR PLAYGROUND INC  CO ID:XXXXX65600 CCD,Reconciled,3802.26
,12/04/2025,Deposit,,,,Shopify          DES:TRANSFER   ID:ST-C9D1V3X8P4T6           INDN:OUTDOOR PLAYGROUND INC  CO ID:XXXXX65600 CCD,,3802.26
4969,,,,,,,,
,12/04/2025,Deposit,,,,SHOPIFY          DES:TRANSFER   ID:SHOPIFY                   INDN:UNKNOWN                 CO ID:SHOPIFYPMT WEB,Reconciled,820.02
,12/04/2025,Deposit,,,,SHOPIFY          DES:TRANSFER   ID:SHOPIFY                   INDN:UNKNOWN                 CO ID:SHOPIFYPMT WEB,,820.02
4970,,,,,,,,
,12/05/2025,Deposit,,,Shopify,SHOPIFY          DES:TRANSFER   ID:SHOPIFY                   INDN:UNKNOWN                 CO ID:SHOPIFYPMT WEB,Reconciled,227.97
,12/05/2025,Deposit,,,Shopify,SHOPIFY          DES:TRANSFER   ID:SHOPIFY                   INDN:UNKNOWN                 CO ID:SHOPIFYPMT WEB,,227.97
4971,,,,,,,,
,12/05/2025,Deposit,,Stripe,,STRIPE           DES:TRANSFER   ID:ST-K2U7S6T8E6K9           INDN:RICHARD PATRI           CO ID:XXXXX65600 CCD,Reconciled,3794.63
,12/05/2025,Deposit,,Stripe,,STRIPE           DES:TRANSFER   ID:ST-K2U7S6T8E6K9           INDN:RICHARD PATRI           CO ID:XXXXX65600 CCD,,3794.63
4972,,,,,,,,
,12/05/2025,Deposit,,,Shopify,Shopify          DES:TRANSFER   ID:ST-W8X7D8X4A0D4           INDN:OUTDOOR PLAYGROUND INC  CO ID:XXXXX48598 CCD,Reconciled,18.72
,12/05/2025,Deposit,,,Shopify,Shopify          DES:TRANSFER   ID:ST-W8X7D8X4A0D4           INDN:OUTDOOR PLAYGROUND INC  CO ID:XXXXX48598 CCD,,18.72
4973,,,,,,,,
,12/05/2025,Deposit,,,Shopify,Shopify          DES:TRANSFER   ID:ST-E9T8G5V0C9S1           INDN:OUTDOOR PLAYGROUND INC  CO ID:XXXXX48598 CCD,Reconciled,4758.46
,12/05/2025,Deposit,,,Shopify,Shopify          DES:TRANSFER   ID:ST-E9T8G5V0C9S1           INDN:OUTDOOR PLAYGROUND INC  CO ID:XXXXX48598 CCD,,4758.46
4981,,,,,,,,
,12/08/2025,Deposit,,,,"TikTok Inc       DES:PAYMENT    ID:XXXXXXXXXX14123           INDN:Outdoor Playground Inc  CO ID:XXXXX67522 CCD           PMT INFO:TikTok Shop-USLC7NEW6U, payout ID 346766           XXXXX60696058",Reconciled,1357.1
,12/08/2025,Deposit,,,,"TikTok Inc       DES:PAYMENT    ID:XXXXXXXXXX14123           INDN:Outdoor Playground Inc  CO ID:XXXXX67522 CCD           PMT INFO:TikTok Shop-USLC7NEW6U, payout ID 346766           XXXXX60696058",,1357.1
4982,,,,,,,,
,12/08/2025,Deposit,,,,"TikTok Inc       DES:PAYMENT    ID:XXXXXXXXXX08644           INDN:Outdoor Playground Inc  CO ID:XXXXX67522 CCD           PMT INFO:TikTok Shop-USLC7NEW6U, payout ID 346762           XXXXX08619258",Reconciled,69.27
,12/08/2025,Deposit,,,,"TikTok Inc       DES:PAYMENT    ID:XXXXXXXXXX08644           INDN:Outdoor Playground Inc  CO ID:XXXXX67522 CCD           PMT INFO:TikTok Shop-USLC7NEW6U, payout ID 346762           XXXXX08619258",,69.27
4984,,,,,,,,
,12/08/2025,Deposit,,,,PAYPAL           DES:TRANSFER   ID:XXXXX97463551             INDN:MAXIMUS OUTDOORS        CO ID:PAYPALSD11 PPD,Reconciled,365.02
,12/08/2025,Deposit,,,,PAYPAL           DES:TRANSFER   ID:XXXXX97463551             INDN:MAXIMUS OUTDOORS        CO ID:PAYPALSD11 PPD,,365.02
4985,,,,,,,,
,12/08/2025,Deposit,,,,STRIPE           DES:TRANSFER   ID:ST-E8G3Y6N7D5L2           INDN:RICHARD PATRI           CO ID:XXXXX65600 CCD,Reconciled,836.57
,12/08/2025,Deposit,,,,STRIPE           DES:TRANSFER   ID:ST-E8G3Y6N7D5L2           INDN:RICHARD PATRI           CO ID:XXXXX65600 CCD,,836.57
4986,,,,,,,,
,12/08/2025,Deposit,,,,Shopify          DES:TRANSFER   ID:ST-F1X5C4U9Z0G7           INDN:OUTDOOR PLAYGROUND INC  CO ID:XXXXX48598 CCD,Reconciled,2041.81
,12/08/2025,Deposit,,,,Shopify          DES:TRANSFER   ID:ST-F1X5C4U9Z0G7           INDN:OUTDOOR PLAYGROUND INC  CO ID:XXXXX48598 CCD,,2041.81
4987,,,,,,,,
,12/08/2025,Deposit,,,,SHOPIFY          DES:TRANSFER   ID:SHOPIFY                   INDN:UNKNOWN                 CO ID:SHOPIFYPMT WEB,Reconciled,548.38
,12/08/2025,Deposit,,,,SHOPIFY          DES:TRANSFER   ID:SHOPIFY                   INDN:UNKNOWN                 CO ID:SHOPIFYPMT WEB,,548.38
4988,,,,,,,,
,12/08/2025,Deposit,,,,SHOPIFY          DES:TRANSFER   ID:SHOPIFY                   INDN:UNKNOWN                 CO ID:SHOPIFYPMT WEB,Reconciled,316.4
,12/08/2025,Deposit,,,,SHOPIFY          DES:TRANSFER   ID:SHOPIFY                   INDN:UNKNOWN                 CO ID:SHOPIFYPMT WEB,,316.4
4989,,,,,,,,
,12/08/2025,Deposit,,,,SHOPIFY          DES:TRANSFER   ID:SHOPIFY                   INDN:UNKNOWN                 CO ID:SHOPIFYPMT WEB,Reconciled,655.53
,12/08/2025,Deposit,,,,SHOPIFY          DES:TRANSFER   ID:SHOPIFY                   INDN:UNKNOWN                 CO ID:SHOPIFYPMT WEB,,655.53
4991,,,,,,,,
,12/09/2025,Deposit,,,Shopify,SHOPIFY          DES:TRANSFER   ID:SHOPIFY                   INDN:UNKNOWN                 CO ID:SHOPIFYPMT WEB,Reconciled,352.35
,12/09/2025,Deposit,,,Shopify,SHOPIFY          DES:TRANSFER   ID:SHOPIFY                   INDN:UNKNOWN                 CO ID:SHOPIFYPMT WEB,,352.35
4992,,,,,,,,
,12/09/2025,Deposit,,,Shopify,Shopify          DES:TRANSFER   ID:ST-N0K1T2H9P6H3           INDN:OUTDOOR PLAYGROUND INC  CO ID:XXXXX65600 CCD,Reconciled,10895.08
,12/09/2025,Deposit,,,Shopify,Shopify          DES:TRANSFER   ID:ST-N0K1T2H9P6H3           INDN:OUTDOOR PLAYGROUND INC  CO ID:XXXXX65600 CCD,,10895.08
4993,,,,,,,,
,12/09/2025,Deposit,,,Shopify,Shopify          DES:TRANSFER   ID:ST-A0P1X0V5A1Y7           INDN:OUTDOOR PLAYGROUND INC  CO ID:XXXXX48598 CCD,Reconciled,10.76
,12/09/2025,Deposit,,,Shopify,Shopify          DES:TRANSFER   ID:ST-A0P1X0V5A1Y7           INDN:OUTDOOR PLAYGROUND INC  CO ID:XXXXX48598 CCD,,10.76
4994,,,,,,,,
,12/09/2025,Deposit,,Stripe,,STRIPE           DES:TRANSFER   ID:ST-G1A3B9S2J5Y9           INDN:RICHARD PATRI           CO ID:XXXXX48598 CCD,Reconciled,794.11
,12/09/2025,Deposit,,Stripe,,STRIPE           DES:TRANSFER   ID:ST-G1A3B9S2J5Y9           INDN:RICHARD PATRI           CO ID:XXXXX48598 CCD,,794.11
5015,,,,,,,,
,12/09/2025,Deposit,,,,"TikTok Inc       DES:PAYMENT    ID:XXXXXXXXXX73994           INDN:Outdoor Playground Inc  CO ID:XXXXX67522 CCD           PMT INFO:TikTok Shop-USLC7NEW6U, payout ID 346775           XXXXX47964154",Reconciled,2456.43
,12/09/2025,Deposit,,,,"TikTok Inc       DES:PAYMENT    ID:XXXXXXXXXX73994           INDN:Outdoor Playground Inc  CO ID:XXXXX67522 CCD           PMT INFO:TikTok Shop-USLC7NEW6U, payout ID 346775           XXXXX47964154",,2456.43
5016,,,,,,,,
,12/09/2025,Deposit,,,,"TikTok Inc       DES:PAYMENT    ID:XXXXXXXXXX65893           INDN:Outdoor Playground Inc  CO ID:XXXXX67522 CCD           PMT INFO:TikTok Shop-USLC7NEW6U, payout ID 346779           XXXXX50804474",Reconciled,2235.99
,12/09/2025,Deposit,,,,"TikTok Inc       DES:PAYMENT    ID:XXXXXXXXXX65893           INDN:Outdoor Playground Inc  CO ID:XXXXX67522 CCD           PMT INFO:TikTok Shop-USLC7NEW6U, payout ID 346779           XXXXX50804474",,2235.99
5017,,,,,,,,
,12/09/2025,Deposit,,,,"TikTok Inc       DES:PAYMENT    ID:XXXXXXXXXX20146           INDN:Outdoor Playground Inc  CO ID:XXXXX67522 CCD           PMT INFO:TikTok Shop-USLC7NEW6U, payout ID 346771           XXXXX89098234",Reconciled,1261.43
,12/09/2025,Deposit,,,,"TikTok Inc       DES:PAYMENT    ID:XXXXXXXXXX20146           INDN:Outdoor Playground Inc  CO ID:XXXXX67522 CCD           PMT INFO:TikTok Shop-USLC7NEW6U, payout ID 346771           XXXXX89098234",,1261.43
5008,,,,,,,,
,12/10/2025,Deposit,,,Shopify,SHOPIFY          DES:TRANSFER   ID:SHOPIFY                   INDN:UNKNOWN                 CO ID:SHOPIFYPMT WEB,Reconciled,855.81
,12/10/2025,Deposit,,,Shopify,SHOPIFY          DES:TRANSFER   ID:SHOPIFY                   INDN:UNKNOWN                 CO ID:SHOPIFYPMT WEB,,855.81
5009,,,,,,,,
,12/10/2025,Deposit,,Stripe,,STRIPE           DES:TRANSFER   ID:ST-R4L3C2C3N5Q3           INDN:RICHARD PATRI           CO ID:XXXXX65600 CCD,Reconciled,2317.11
,12/10/2025,Deposit,,Stripe,,STRIPE           DES:TRANSFER   ID:ST-R4L3C2C3N5Q3           INDN:RICHARD PATRI           CO ID:XXXXX65600 CCD,,2317.11
5010,,,,,,,,
,12/10/2025,Deposit,,,Shopify,Shopify          DES:TRANSFER   ID:ST-L9O8K2G2L0G1           INDN:OUTDOOR PLAYGROUND INC  CO ID:XXXXX65600 CCD,Reconciled,2856.73
,12/10/2025,Deposit,,,Shopify,Shopify          DES:TRANSFER   ID:ST-L9O8K2G2L0G1           INDN:OUTDOOR PLAYGROUND INC  CO ID:XXXXX65600 CCD,,2856.73
5013,,,,,,,,
,12/11/2025,Deposit,,,,"TikTok Inc       DES:PAYMENT    ID:XXXXXXXXXX72861           INDN:Outdoor Playground Inc  CO ID:XXXXX67522 CCD           PMT INFO:TikTok Shop-USLC7NEW6U, payout ID 346784           XXXXX60642810",Reconciled,1235.8
,12/11/2025,Deposit,,,,"TikTok Inc       DES:PAYMENT    ID:XXXXXXXXXX72861           INDN:Outdoor Playground Inc  CO ID:XXXXX67522 CCD           PMT INFO:TikTok Shop-USLC7NEW6U, payout ID 346784           XXXXX60642810",,1235.8
5014,,,,,,,,
,12/11/2025,Deposit,,,,"TikTok Inc       DES:PAYMENT    ID:XXXXXXXXXX46479           INDN:Outdoor Playground Inc  CO ID:XXXXX67522 CCD           PMT INFO:TikTok Shop-USLC7NEW6U, payout ID 346789           XXXXX09370106",Reconciled,962.71
,12/11/2025,Deposit,,,,"TikTok Inc       DES:PAYMENT    ID:XXXXXXXXXX46479           INDN:Outdoor Playground Inc  CO ID:XXXXX67522 CCD           PMT INFO:TikTok Shop-USLC7NEW6U, payout ID 346789           XXXXX09370106",,962.71
5018,,,,,,,,
,12/11/2025,Deposit,,,,STRIPE           DES:TRANSFER   ID:ST-X8C7R1X6H8T5           INDN:RICHARD PATRI           CO ID:XXXXX48598 CCD,Reconciled,562.38
,12/11/2025,Deposit,,,,STRIPE           DES:TRANSFER   ID:ST-X8C7R1X6H8T5           INDN:RICHARD PATRI           CO ID:XXXXX48598 CCD,,562.38
5019,,,,,,,,
,12/11/2025,Deposit,,,,Shopify          DES:TRANSFER   ID:ST-M1E4M1X2V0I7           INDN:OUTDOOR PLAYGROUND INC  CO ID:XXXXX65600 CCD,Reconciled,1850.86
,12/11/2025,Deposit,,,,Shopify          DES:TRANSFER   ID:ST-M1E4M1X2V0I7           INDN:OUTDOOR PLAYGROUND INC  CO ID:XXXXX65600 CCD,,1850.86
5020,,,,,,,,
,12/11/2025,Deposit,,,,SHOPIFY          DES:TRANSFER   ID:SHOPIFY                   INDN:UNKNOWN                 CO ID:SHOPIFYPMT WEB,Reconciled,411.38
,12/11/2025,Deposit,,,,SHOPIFY          DES:TRANSFER   ID:SHOPIFY                   INDN:UNKNOWN                 CO ID:SHOPIFYPMT WEB,,411.38
5028,,,,,,,,
,12/11/2025,Deposit,,,,AMAZON.CGO2GAUSE DES:PAYMENTS   ID:LMFODNELC8YRVP9           INDN:Outdoor Playground Inc  CO ID:XXXXX40102 CCD,Reconciled,4012.63
,12/11/2025,Deposit,,,,AMAZON.CGO2GAUSE DES:PAYMENTS   ID:LMFODNELC8YRVP9           INDN:Outdoor Playground Inc  CO ID:XXXXX40102 CCD,,4012.63
5030,,,,,,,,
,12/12/2025,Deposit,,,,"TikTok Inc       DES:PAYMENT    ID:XXXXXXXXXX24442           INDN:Outdoor Playground Inc  CO ID:XXXXX67522 CCD           PMT INFO:TikTok Shop-USLC7NEW6U, payout ID 346794           XXXXX32042490",Reconciled,850.62
,12/12/2025,Deposit,,,,"TikTok Inc       DES:PAYMENT    ID:XXXXXXXXXX24442           INDN:Outdoor Playground Inc  CO ID:XXXXX67522 CCD           PMT INFO:TikTok Shop-USLC7NEW6U, payout ID 346794           XXXXX32042490",,850.62
5031,,,,,,,,
,12/12/2025,Deposit,,,,STRIPE           DES:TRANSFER   ID:ST-L8X6B5F5Z8Z6           INDN:RICHARD PATRI           CO ID:XXXXX65600 CCD,Reconciled,390.28
,12/12/2025,Deposit,,,,STRIPE           DES:TRANSFER   ID:ST-L8X6B5F5Z8Z6           INDN:RICHARD PATRI           CO ID:XXXXX65600 CCD,,390.28
5032,,,,,,,,
,12/12/2025,Deposit,,,,Shopify          DES:TRANSFER   ID:ST-U1C1J5E1O4P4           INDN:OUTDOOR PLAYGROUND INC  CO ID:XXXXX65600 CCD,Reconciled,3166.77
,12/12/2025,Deposit,,,,Shopify          DES:TRANSFER   ID:ST-U1C1J5E1O4P4           INDN:OUTDOOR PLAYGROUND INC  CO ID:XXXXX65600 CCD,,3166.77
5033,,,,,,,,
,12/12/2025,Deposit,,,,SHOPIFY          DES:TRANSFER   ID:SHOPIFY                   INDN:UNKNOWN                 CO ID:SHOPIFYPMT WEB,Reconciled,206.89
,12/12/2025,Deposit,,,,SHOPIFY          DES:TRANSFER   ID:SHOPIFY                   INDN:UNKNOWN                 CO ID:SHOPIFYPMT WEB,,206.89
5066,,,,,,,,
,12/15/2025,Deposit,,,,STRIPE           DES:TRANSFER   ID:ST-H8Z5D8P7W5D2           INDN:RICHARD PATRI           CO ID:XXXXX65600 CCD,Reconciled,384.43
,12/15/2025,Deposit,,,,STRIPE           DES:TRANSFER   ID:ST-H8Z5D8P7W5D2           INDN:RICHARD PATRI           CO ID:XXXXX65600 CCD,,384.43
5070,,,,,,,,
,12/15/2025,Deposit,,,,Shopify          DES:TRANSFER   ID:ST-S2A6T5B0T1K3           INDN:OUTDOOR PLAYGROUND INC  CO ID:XXXXX65600 CCD,Reconciled,3888.54
,12/15/2025,Deposit,,,,Shopify          DES:TRANSFER   ID:ST-S2A6T5B0T1K3           INDN:OUTDOOR PLAYGROUND INC  CO ID:XXXXX65600 CCD,,3888.54
5071,,,,,,,,
,12/15/2025,Deposit,,,,Shopify          DES:TRANSFER   ID:ST-O0G4J8Z8Z8N9           INDN:OUTDOOR PLAYGROUND INC  CO ID:XXXXX48598 CCD,Reconciled,20.67
,12/15/2025,Deposit,,,,Shopify          DES:TRANSFER   ID:ST-O0G4J8Z8Z8N9           INDN:OUTDOOR PLAYGROUND INC  CO ID:XXXXX48598 CCD,,20.67
5075,,,,,,,,
,12/15/2025,Deposit,,,,SHOPIFY          DES:TRANSFER   ID:SHOPIFY                   INDN:UNKNOWN                 CO ID:SHOPIFYPMT WEB,Reconciled,339.38
,12/15/2025,Deposit,,,,SHOPIFY          DES:TRANSFER   ID:SHOPIFY                   INDN:UNKNOWN                 CO ID:SHOPIFYPMT WEB,,339.38
5078,,,,,,,,
,12/15/2025,Deposit,,,,SHOPIFY          DES:TRANSFER   ID:SHOPIFY                   INDN:UNKNOWN                 CO ID:SHOPIFYPMT WEB,Reconciled,405.01
,12/15/2025,Deposit,,,,SHOPIFY          DES:TRANSFER   ID:SHOPIFY                   INDN:UNKNOWN                 CO ID:SHOPIFYPMT WEB,,405.01
5079,,,,,,,,
,12/15/2025,Deposit,,,,SHOPIFY          DES:TRANSFER   ID:SHOPIFY                   INDN:UNKNOWN                 CO ID:SHOPIFYPMT WEB,Reconciled,72.05
,12/15/2025,Deposit,,,,SHOPIFY          DES:TRANSFER   ID:SHOPIFY                   INDN:UNKNOWN                 CO ID:SHOPIFYPMT WEB,,72.05
5055,,,,,,,,
,12/16/2025,Deposit,,,,"TikTok Inc       DES:PAYMENT    ID:XXXXXXXXXX53699           INDN:Outdoor Playground Inc  CO ID:XXXXX67522 CCD           PMT INFO:TikTok Shop-USLC7NEW6U, payout ID 346799           XXXXX49860602",Reconciled,55.46
,12/16/2025,Deposit,,,,"TikTok Inc       DES:PAYMENT    ID:XXXXXXXXXX53699           INDN:Outdoor Playground Inc  CO ID:XXXXX67522 CCD           PMT INFO:TikTok Shop-USLC7NEW6U, payout ID 346799           XXXXX49860602",,55.46
5056,,,,,,,,
,12/16/2025,Deposit,,,,"TikTok Inc       DES:PAYMENT    ID:XXXXXXXXXX51404           INDN:Outdoor Playground Inc  CO ID:XXXXX67522 CCD           PMT INFO:TikTok Shop-USLC7NEW6U, payout ID 346807           XXXXX60249594",Reconciled,62.79
,12/16/2025,Deposit,,,,"TikTok Inc       DES:PAYMENT    ID:XXXXXXXXXX51404           INDN:Outdoor Playground Inc  CO ID:XXXXX67522 CCD           PMT INFO:TikTok Shop-USLC7NEW6U, payout ID 346807           XXXXX60249594",,62.79
5057,,,,,,,,
,12/16/2025,Deposit,,,,"TikTok Inc       DES:PAYMENT    ID:XXXXXXXXXX24500           INDN:Outdoor Playground Inc  CO ID:XXXXX67522 CCD           PMT INFO:TikTok Shop-USLC7NEW6U, payout ID 346803           XXXXX26701562",Reconciled,230.25
,12/16/2025,Deposit,,,,"TikTok Inc       DES:PAYMENT    ID:XXXXXXXXXX24500           INDN:Outdoor Playground Inc  CO ID:XXXXX67522 CCD           PMT INFO:TikTok Shop-USLC7NEW6U, payout ID 346803           XXXXX26701562",,230.25
5065,,,,,,,,
,12/16/2025,Deposit,,,,STRIPE           DES:TRANSFER   ID:ST-I0B2C3Q5M4K8           INDN:RICHARD PATRI           CO ID:XXXXX65600 CCD,Reconciled,678.71
,12/16/2025,Deposit,,,,STRIPE           DES:TRANSFER   ID:ST-I0B2C3Q5M4K8           INDN:RICHARD PATRI           CO ID:XXXXX65600 CCD,,678.71
5069,,,,,,,,
,12/16/2025,Deposit,,,,Shopify          DES:TRANSFER   ID:ST-X6K2E8F7D6T0           INDN:OUTDOOR PLAYGROUND INC  CO ID:XXXXX48598 CCD,Reconciled,10713.7
,12/16/2025,Deposit,,,,Shopify          DES:TRANSFER   ID:ST-X6K2E8F7D6T0           INDN:OUTDOOR PLAYGROUND INC  CO ID:XXXXX48598 CCD,,10713.7
5077,,,,,,,,
,12/16/2025,Deposit,,,,SHOPIFY          DES:TRANSFER   ID:SHOPIFY                   INDN:UNKNOWN                 CO ID:SHOPIFYPMT WEB,Reconciled,292.96
,12/16/2025,Deposit,,,,SHOPIFY          DES:TRANSFER   ID:SHOPIFY                   INDN:UNKNOWN                 CO ID:SHOPIFYPMT WEB,,292.96
5054,,,,,,,,
,12/17/2025,Deposit,,,,"TikTok Inc       DES:PAYMENT    ID:XXXXXXXXXX57369           INDN:Outdoor Playground Inc  CO ID:XXXXX67522 CCD           PMT INFO:TikTok Shop-USLC7NEW6U, payout ID 346812           XXXXX18600954",Reconciled,1330.32
,12/17/2025,Deposit,,,,"TikTok Inc       DES:PAYMENT    ID:XXXXXXXXXX57369           INDN:Outdoor Playground Inc  CO ID:XXXXX67522 CCD           PMT INFO:TikTok Shop-USLC7NEW6U, payout ID 346812           XXXXX18600954",,1330.32
5058,,,,,,,,
,12/17/2025,Deposit,,,,"TikTok Inc       DES:PAYMENT    ID:XXXXXXXXXX12749           INDN:Outdoor Playground Inc  CO ID:XXXXX67522 CCD           PMT INFO:TikTok Shop-USLC7NEW6U, payout ID 346816           XXXXX86973434",Reconciled,446.77
,12/17/2025,Deposit,,,,"TikTok Inc       DES:PAYMENT    ID:XXXXXXXXXX12749           INDN:Outdoor Playground Inc  CO ID:XXXXX67522 CCD           PMT INFO:TikTok Shop-USLC7NEW6U, payout ID 346816           XXXXX86973434",,446.77
5067,,,,,,,,
,12/17/2025,Deposit,,,,STRIPE           DES:TRANSFER   ID:ST-E3S8E8R6B6D6           INDN:RICHARD PATRI           CO ID:XXXXX65600 CCD,Reconciled,634.58
,12/17/2025,Deposit,,,,STRIPE           DES:TRANSFER   ID:ST-E3S8E8R6B6D6           INDN:RICHARD PATRI           CO ID:XXXXX65600 CCD,,634.58
5072,,,,,,,,
,12/17/2025,Deposit,,,,Shopify          DES:TRANSFER   ID:ST-F5P2W9Z6G2E6           INDN:OUTDOOR PLAYGROUND INC  CO ID:XXXXX48598 CCD,Reconciled,3738.66
,12/17/2025,Deposit,,,,Shopify          DES:TRANSFER   ID:ST-F5P2W9Z6G2E6           INDN:OUTDOOR PLAYGROUND INC  CO ID:XXXXX48598 CCD,,3738.66
5076,,,,,,,,
,12/17/2025,Deposit,,,,SHOPIFY          DES:TRANSFER   ID:SHOPIFY                   INDN:UNKNOWN                 CO ID:SHOPIFYPMT WEB,Reconciled,168.58
,12/17/2025,Deposit,,,,SHOPIFY          DES:TRANSFER   ID:SHOPIFY                   INDN:UNKNOWN                 CO ID:SHOPIFYPMT WEB,,168.58
5068,,,,,,,,
,12/18/2025,Deposit,,,,STRIPE           DES:TRANSFER   ID:ST-A6M0Z5D3X8H9           INDN:RICHARD PATRI           CO ID:XXXXX48598 CCD,Reconciled,448.37
,12/18/2025,Deposit,,,,STRIPE           DES:TRANSFER   ID:ST-A6M0Z5D3X8H9           INDN:RICHARD PATRI           CO ID:XXXXX48598 CCD,,448.37
5073,,,,,,,,
,12/18/2025,Deposit,,,,Shopify          DES:TRANSFER   ID:ST-B8A0O8O7Z2M1           INDN:OUTDOOR PLAYGROUND INC  CO ID:XXXXX65600 CCD,Reconciled,2838.77
,12/18/2025,Deposit,,,,Shopify          DES:TRANSFER   ID:ST-B8A0O8O7Z2M1           INDN:OUTDOOR PLAYGROUND INC  CO ID:XXXXX65600 CCD,,2838.77
5074,,,,,,,,
,12/18/2025,Deposit,,,,SHOPIFY          DES:TRANSFER   ID:SHOPIFY                   INDN:UNKNOWN                 CO ID:SHOPIFYPMT WEB,Reconciled,772.48
,12/18/2025,Deposit,,,,SHOPIFY          DES:TRANSFER   ID:SHOPIFY                   INDN:UNKNOWN                 CO ID:SHOPIFYPMT WEB,,772.48
5080,,,,,,,,
,12/19/2025,Deposit,,,,"TikTok Inc       DES:PAYMENT    ID:XXXXXXXXXX16963           INDN:Outdoor Playground Inc  CO ID:XXXXX67522 CCD           PMT INFO:TikTok Shop-USLC7NEW6U, payout ID 346820           XXXXX33695738",Reconciled,329.56
,12/19/2025,Deposit,,,,"TikTok Inc       DES:PAYMENT    ID:XXXXXXXXXX16963           INDN:Outdoor Playground Inc  CO ID:XXXXX67522 CCD           PMT INFO:TikTok Shop-USLC7NEW6U, payout ID 346820           XXXXX33695738",,329.56
5081,,,,,,,,
,12/19/2025,Deposit,,,,"TikTok Inc       DES:PAYMENT    ID:XXXXXXXXXX03971           INDN:Outdoor Playground Inc  CO ID:XXXXX67522 CCD           PMT INFO:TikTok Shop-USLC7NEW6U, payout ID 346824           XXXXX61717754",Reconciled,590.79
,12/19/2025,Deposit,,,,"TikTok Inc       DES:PAYMENT    ID:XXXXXXXXXX03971           INDN:Outdoor Playground Inc  CO ID:XXXXX67522 CCD           PMT INFO:TikTok Shop-USLC7NEW6U, payout ID 346824           XXXXX61717754",,590.79
5084,,,,,,,,
,12/19/2025,Deposit,,,,STRIPE           DES:TRANSFER   ID:ST-E8Y0G9C8S0S2           INDN:RICHARD PATRI           CO ID:XXXXX65600 CCD,Reconciled,176.7
,12/19/2025,Deposit,,,,STRIPE           DES:TRANSFER   ID:ST-E8Y0G9C8S0S2           INDN:RICHARD PATRI           CO ID:XXXXX65600 CCD,,176.7
5085,,,,,,,,
,12/19/2025,Deposit,,,,Shopify          DES:TRANSFER   ID:ST-Z6D3H4D1K8R9           INDN:OUTDOOR PLAYGROUND INC  CO ID:XXXXX65600 CCD,Reconciled,2464.47
,12/19/2025,Deposit,,,,Shopify          DES:TRANSFER   ID:ST-Z6D3H4D1K8R9           INDN:OUTDOOR PLAYGROUND INC  CO ID:XXXXX65600 CCD,,2464.47
5086,,,,,,,,
,12/19/2025,Deposit,,,,SHOPIFY          DES:TRANSFER   ID:SHOPIFY                   INDN:UNKNOWN                 CO ID:SHOPIFYPMT WEB,Reconciled,421.46
,12/19/2025,Deposit,,,,SHOPIFY          DES:TRANSFER   ID:SHOPIFY                   INDN:UNKNOWN                 CO ID:SHOPIFYPMT WEB,,421.46
5090,,,,,,,,
,12/22/2025,Deposit,,,Shopify,SHOPIFY          DES:TRANSFER   ID:SHOPIFY                   INDN:UNKNOWN                 CO ID:SHOPIFYPMT WEB,Reconciled,621.93
,12/22/2025,Deposit,,,Shopify,SHOPIFY          DES:TRANSFER   ID:SHOPIFY                   INDN:UNKNOWN                 CO ID:SHOPIFYPMT WEB,,621.93
5092,,,,,,,,
,12/22/2025,Deposit,,Stripe,,STRIPE           DES:TRANSFER   ID:ST-I2E3A5R9J0V9           INDN:RICHARD PATRI           CO ID:XXXXX48598 CCD,Reconciled,260.8
,12/22/2025,Deposit,,Stripe,,STRIPE           DES:TRANSFER   ID:ST-I2E3A5R9J0V9           INDN:RICHARD PATRI           CO ID:XXXXX48598 CCD,,260.8
5093,,,,,,,,
,12/22/2025,Deposit,,,Shopify,Shopify          DES:TRANSFER   ID:ST-C6Z3P0P3O2T3           INDN:OUTDOOR PLAYGROUND INC  CO ID:XXXXX48598 CCD,Reconciled,1433.96
,12/22/2025,Deposit,,,Shopify,Shopify          DES:TRANSFER   ID:ST-C6Z3P0P3O2T3           INDN:OUTDOOR PLAYGROUND INC  CO ID:XXXXX48598 CCD,,1433.96
5096,,,,,,,,
,12/22/2025,Deposit,,,Shopify,SHOPIFY          DES:TRANSFER   ID:SHOPIFY                   INDN:UNKNOWN                 CO ID:SHOPIFYPMT WEB,Reconciled,866.39
,12/22/2025,Deposit,,,Shopify,SHOPIFY          DES:TRANSFER   ID:SHOPIFY                   INDN:UNKNOWN                 CO ID:SHOPIFYPMT WEB,,866.39
5098,,,,,,,,
,12/22/2025,Deposit,,,Shopify,SHOPIFY          DES:TRANSFER   ID:SHOPIFY                   INDN:UNKNOWN                 CO ID:SHOPIFYPMT WEB,Reconciled,864.87
,12/22/2025,Deposit,,,Shopify,SHOPIFY          DES:TRANSFER   ID:SHOPIFY                   INDN:UNKNOWN                 CO ID:SHOPIFYPMT WEB,,864.87
5094,,,,,,,,
,12/23/2025,Deposit,,,Shopify,SHOPIFY          DES:TRANSFER   ID:SHOPIFY                   INDN:UNKNOWN                 CO ID:SHOPIFYPMT WEB,Reconciled,540.41
,12/23/2025,Deposit,,,Shopify,SHOPIFY          DES:TRANSFER   ID:SHOPIFY                   INDN:UNKNOWN                 CO ID:SHOPIFYPMT WEB,,540.41
5095,,,,,,,,
,12/23/2025,Deposit,,,Shopify,Shopify          DES:TRANSFER   ID:ST-W0D9X3A3Y6E9           INDN:OUTDOOR PLAYGROUND INC  CO ID:XXXXX48598 CCD,Reconciled,10376.73
,12/23/2025,Deposit,,,Shopify,Shopify          DES:TRANSFER   ID:ST-W0D9X3A3Y6E9           INDN:OUTDOOR PLAYGROUND INC  CO ID:XXXXX48598 CCD,,10376.73
5099,,,,,,,,
,12/23/2025,Deposit,,Stripe,,STRIPE           DES:TRANSFER   ID:ST-R7M7V7Q5F9X1           INDN:RICHARD PATRI           CO ID:XXXXX48598 CCD,Reconciled,32.24
,12/23/2025,Deposit,,Stripe,,STRIPE           DES:TRANSFER   ID:ST-R7M7V7Q5F9X1           INDN:RICHARD PATRI           CO ID:XXXXX48598 CCD,,32.24
5103,,,,,,,,
,12/23/2025,Deposit,,,,"TikTok Inc       DES:PAYMENT    ID:XXXXXXXXXX95999           INDN:Outdoor Playground Inc  CO ID:XXXXX67522 CCD           PMT INFO:TikTok Shop-USLC7NEW6U, payout ID 346836           XXXXX87099642",Reconciled,936.52
,12/23/2025,Deposit,,,,"TikTok Inc       DES:PAYMENT    ID:XXXXXXXXXX95999           INDN:Outdoor Playground Inc  CO ID:XXXXX67522 CCD           PMT INFO:TikTok Shop-USLC7NEW6U, payout ID 346836           XXXXX87099642",,936.52
5105,,,,,,,,
,12/23/2025,Deposit,,,,"TikTok Inc       DES:PAYMENT    ID:XXXXXXXXXX41734           INDN:Outdoor Playground Inc  CO ID:XXXXX67522 CCD           PMT INFO:TikTok Shop-USLC7NEW6U, payout ID 346840           XXXXX15105018",Reconciled,957.62
,12/23/2025,Deposit,,,,"TikTok Inc       DES:PAYMENT    ID:XXXXXXXXXX41734           INDN:Outdoor Playground Inc  CO ID:XXXXX67522 CCD           PMT INFO:TikTok Shop-USLC7NEW6U, payout ID 346840           XXXXX15105018",,957.62
5106,,,,,,,,
,12/23/2025,Deposit,,,,"TikTok Inc       DES:PAYMENT    ID:XXXXXXXXXX39317           INDN:Outdoor Playground Inc  CO ID:XXXXX67522 CCD           PMT INFO:TikTok Shop-USLC7NEW6U, payout ID 346833           XXXXX65355002",Reconciled,1266.29
,12/23/2025,Deposit,,,,"TikTok Inc       DES:PAYMENT    ID:XXXXXXXXXX39317           INDN:Outdoor Playground Inc  CO ID:XXXXX67522 CCD           PMT INFO:TikTok Shop-USLC7NEW6U, payout ID 346833           XXXXX65355002",,1266.29
5108,,,,,,,,
,12/23/2025,Deposit,,,,"TikTok Inc       DES:PAYMENT    ID:XXXXXXXXXX06879           INDN:Outdoor Playground Inc  CO ID:XXXXX67522 CCD           PMT INFO:TikTok Shop-USLC7NEW6U, payout ID 346829           XXXXX61513210",Reconciled,684.1
,12/23/2025,Deposit,,,,"TikTok Inc       DES:PAYMENT    ID:XXXXXXXXXX06879           INDN:Outdoor Playground Inc  CO ID:XXXXX67522 CCD           PMT INFO:TikTok Shop-USLC7NEW6U, payout ID 346829           XXXXX61513210",,684.1
5122,,,,,,,,
,12/23/2025,Deposit,,,,Bank of America  DES:CASHREWARD ID:PLAYGROUND LLC            INDN:XXXXX0000XXXXX74XXXXX0  CO ID:XXXXX90310 PPD,Reconciled,316.88
,12/23/2025,Deposit,,,,Bank of America  DES:CASHREWARD ID:PLAYGROUND LLC            INDN:XXXXX0000XXXXX74XXXXX0  CO ID:XXXXX90310 PPD,,316.88
5089,,,,,,,,
,12/24/2025,Deposit,,,Shopify,SHOPIFY          DES:TRANSFER   ID:SHOPIFY                   INDN:UNKNOWN                 CO ID:SHOPIFYPMT WEB,Reconciled,464.99
,12/24/2025,Deposit,,,Shopify,SHOPIFY          DES:TRANSFER   ID:SHOPIFY                   INDN:UNKNOWN                 CO ID:SHOPIFYPMT WEB,,464.99
5091,,,,,,,,
,12/24/2025,Deposit,,,Shopify,Shopify          DES:TRANSFER   ID:ST-S4O7C4F8U6I0           INDN:OUTDOOR PLAYGROUND INC  CO ID:XXXXX48598 CCD,Reconciled,3568.81
,12/24/2025,Deposit,,,Shopify,Shopify          DES:TRANSFER   ID:ST-S4O7C4F8U6I0           INDN:OUTDOOR PLAYGROUND INC  CO ID:XXXXX48598 CCD,,3568.81
5097,,,,,,,,
,12/24/2025,Deposit,,Stripe,,STRIPE           DES:TRANSFER   ID:ST-Z3S5Z9W1R6S8           INDN:RICHARD PATRI           CO ID:XXXXX65600 CCD,Reconciled,1190.53
,12/24/2025,Deposit,,Stripe,,STRIPE           DES:TRANSFER   ID:ST-Z3S5Z9W1R6S8           INDN:RICHARD PATRI           CO ID:XXXXX65600 CCD,,1190.53
5118,,,,,,,,
,12/24/2025,Deposit,,,,CHASE CREDIT CRD DES:RWRD RDM   ID:CBSP-NJF9W-LEO5           INDN:PATRI RICHARD           CO ID:XXXXX40001 PPD,Reconciled,656.79
,12/24/2025,Deposit,,,,CHASE CREDIT CRD DES:RWRD RDM   ID:CBSP-NJF9W-LEO5           INDN:PATRI RICHARD           CO ID:XXXXX40001 PPD,,656.79
5100,,,,,,,,
,12/26/2025,Deposit,,,Shopify,SHOPIFY          DES:TRANSFER   ID:SHOPIFY                   INDN:UNKNOWN                 CO ID:SHOPIFYPMT WEB,Reconciled,181.21
,12/26/2025,Deposit,,,Shopify,SHOPIFY          DES:TRANSFER   ID:SHOPIFY                   INDN:UNKNOWN                 CO ID:SHOPIFYPMT WEB,,181.21
5101,,,,,,,,
,12/26/2025,Deposit,,,Shopify,SHOPIFY          DES:TRANSFER   ID:ST-N4C8G9F3E1R7           INDN:OUTDOOR PLAYGROUND INC  CO ID: XXXXX8598 CCD,Reconciled,2773.44
,12/26/2025,Deposit,,,Shopify,SHOPIFY          DES:TRANSFER   ID:ST-N4C8G9F3E1R7           INDN:OUTDOOR PLAYGROUND INC  CO ID: XXXXX8598 CCD,,2773.44
5102,,,,,,,,
,12/26/2025,Deposit,,Stripe,,STRIPE           DES:TRANSFER   ID:ST-V4Q0Y2A7K9M1           INDN:RICHARD PATRI           CO ID:XXXXX65600 CCD,Reconciled,98.65
,12/26/2025,Deposit,,Stripe,,STRIPE           DES:TRANSFER   ID:ST-V4Q0Y2A7K9M1           INDN:RICHARD PATRI           CO ID:XXXXX65600 CCD,,98.65
5104,,,,,,,,
,12/26/2025,Deposit,,,,"TikTok Inc       DES:PAYMENT    ID:XXXXXXXXXX77189           INDN:Outdoor Playground Inc  CO ID:XXXXX67522 CCD           PMT INFO:TikTok Shop-USLC7NEW6U, payout ID 346849           XXXXX41949434",Reconciled,961.56
,12/26/2025,Deposit,,,,"TikTok Inc       DES:PAYMENT    ID:XXXXXXXXXX77189           INDN:Outdoor Playground Inc  CO ID:XXXXX67522 CCD           PMT INFO:TikTok Shop-USLC7NEW6U, payout ID 346849           XXXXX41949434",,961.56
5107,,,,,,,,
,12/26/2025,Deposit,,,,"TikTok Inc       DES:PAYMENT    ID:XXXXXXXXXX24466           INDN:Outdoor Playground Inc  CO ID:XXXXX67522 CCD           PMT INFO:TikTok Shop-USLC7NEW6U, payout ID 346845           XXXXX33113082",Reconciled,993.05
,12/26/2025,Deposit,,,,"TikTok Inc       DES:PAYMENT    ID:XXXXXXXXXX24466           INDN:Outdoor Playground Inc  CO ID:XXXXX67522 CCD           PMT INFO:TikTok Shop-USLC7NEW6U, payout ID 346845           XXXXX33113082",,993.05
5125,,,,,,,,
,12/26/2025,Deposit,,,,AMAZON.CAGGGKAE8 DES:PAYMENTS   ID:5JIP8L1PN6NUB8N           INDN:Outdoor Playground Inc  CO ID:XXXXX40102 CCD,Reconciled,7924.5
,12/26/2025,Deposit,,,,AMAZON.CAGGGKAE8 DES:PAYMENTS   ID:5JIP8L1PN6NUB8N           INDN:Outdoor Playground Inc  CO ID:XXXXX40102 CCD,,7924.5
5132,,,,,,,,
,12/29/2025,Deposit,,,Shopify,Shopify          DES:TRANSFER   ID:ST-O9C9D2U4L4D8           INDN:OUTDOOR PLAYGROUND INC  CO ID:XXXXX48598 CCD,Reconciled,3120.54
,12/29/2025,Deposit,,,Shopify,Shopify          DES:TRANSFER   ID:ST-O9C9D2U4L4D8           INDN:OUTDOOR PLAYGROUND INC  CO ID:XXXXX48598 CCD,,3120.54
5138,,,,,,,,
,12/29/2025,Deposit,,Stripe,,STRIPE           DES:TRANSFER   ID:ST-D1N8Q8R6Q7I9           INDN:RICHARD PATRI           CO ID:XXXXX65600 CCD,Reconciled,502.02
,12/29/2025,Deposit,,Stripe,,STRIPE           DES:TRANSFER   ID:ST-D1N8Q8R6Q7I9           INDN:RICHARD PATRI           CO ID:XXXXX65600 CCD,,502.02
5141,,,,,,,,
,12/29/2025,Deposit,,,Shopify,SHOPIFY          DES:TRANSFER   ID:SHOPIFY                   INDN:UNKNOWN                 CO ID:SHOPIFYPMT WEB,Reconciled,935
,12/29/2025,Deposit,,,Shopify,SHOPIFY          DES:TRANSFER   ID:SHOPIFY                   INDN:UNKNOWN                 CO ID:SHOPIFYPMT WEB,,935
5142,,,,,,,,
,12/29/2025,Deposit,,,Shopify,SHOPIFY          DES:TRANSFER   ID:SHOPIFY                   INDN:UNKNOWN                 CO ID:SHOPIFYPMT WEB,Reconciled,215.61
,12/29/2025,Deposit,,,Shopify,SHOPIFY          DES:TRANSFER   ID:SHOPIFY                   INDN:UNKNOWN                 CO ID:SHOPIFYPMT WEB,,215.61
5143,,,,,,,,
,12/29/2025,Deposit,,,Shopify,SHOPIFY          DES:TRANSFER   ID:SHOPIFY                   INDN:UNKNOWN                 CO ID:SHOPIFYPMT WEB,Reconciled,335.99
,12/29/2025,Deposit,,,Shopify,SHOPIFY          DES:TRANSFER   ID:SHOPIFY                   INDN:UNKNOWN                 CO ID:SHOPIFYPMT WEB,,335.99
5157,,,,,,,,
,12/29/2025,Deposit,,,,"TikTok Inc       DES:PAYMENT    ID:XXXXXXXXXX79193           INDN:Outdoor Playground Inc  CO ID:XXXXX67522 CCD           PMT INFO:TikTok Shop-USLC7NEW6U, payout ID 346857           XXXXX90075386",Reconciled,2131.45
,12/29/2025,Deposit,,,,"TikTok Inc       DES:PAYMENT    ID:XXXXXXXXXX79193           INDN:Outdoor Playground Inc  CO ID:XXXXX67522 CCD           PMT INFO:TikTok Shop-USLC7NEW6U, payout ID 346857           XXXXX90075386",,2131.45
5158,,,,,,,,
,12/29/2025,Deposit,,,,"TikTok Inc       DES:PAYMENT    ID:XXXXXXXXXX69702           INDN:Outdoor Playground Inc  CO ID:XXXXX67522 CCD           PMT INFO:TikTok Shop-USLC7NEW6U, payout ID 346852           XXXXX63656698",Reconciled,224.18
,12/29/2025,Deposit,,,,"TikTok Inc       DES:PAYMENT    ID:XXXXXXXXXX69702           INDN:Outdoor Playground Inc  CO ID:XXXXX67522 CCD           PMT INFO:TikTok Shop-USLC7NEW6U, payout ID 346852           XXXXX63656698",,224.18
5134,,,,,,,,
,12/30/2025,Deposit,,,Shopify,Shopify          DES:TRANSFER   ID:ST-Y7H6O8P6L6T7           INDN:OUTDOOR PLAYGROUND INC  CO ID:XXXXX48598 CCD,Reconciled,9323.98
,12/30/2025,Deposit,,,Shopify,Shopify          DES:TRANSFER   ID:ST-Y7H6O8P6L6T7           INDN:OUTDOOR PLAYGROUND INC  CO ID:XXXXX48598 CCD,,9323.98
5136,,,,,,,,
,12/30/2025,Deposit,,,Shopify,SHOPIFY          DES:TRANSFER   ID:SHOPIFY                   INDN:UNKNOWN                 CO ID:SHOPIFYPMT WEB,Reconciled,482.71
,12/30/2025,Deposit,,,Shopify,SHOPIFY          DES:TRANSFER   ID:SHOPIFY                   INDN:UNKNOWN                 CO ID:SHOPIFYPMT WEB,,482.71
5144,,,,,,,,
,12/30/2025,Deposit,,Stripe,,STRIPE           DES:TRANSFER   ID:ST-P7X6Y2H6Y2K9           INDN:RICHARD PATRI           CO ID:XXXXX48598 CCD,Reconciled,296.56
,12/30/2025,Deposit,,Stripe,,STRIPE           DES:TRANSFER   ID:ST-P7X6Y2H6Y2K9           INDN:RICHARD PATRI           CO ID:XXXXX48598 CCD,,296.56
5155,,,,,,,,
,12/30/2025,Deposit,,,,"TikTok Shop      DES:XXXXX95001 ID:USLC7NEW6U,               INDN:Outdoor Playground Inc  CO ID:XXXXX92853 CCD           PMT INFO:USLC7NEW6U,",Reconciled,1598.14
,12/30/2025,Deposit,,,,"TikTok Shop      DES:XXXXX95001 ID:USLC7NEW6U,               INDN:Outdoor Playground Inc  CO ID:XXXXX92853 CCD           PMT INFO:USLC7NEW6U,",,1598.14
5160,,,,,,,,
,12/30/2025,Deposit,,,,"TikTok Inc       DES:PAYMENT    ID:XXXXXXXXXX06954           INDN:Outdoor Playground Inc  CO ID:XXXXX67522 CCD           PMT INFO:TikTok Shop-USLC7NEW6U, payout ID 346865           XXXXX93233146",Reconciled,632.65
,12/30/2025,Deposit,,,,"TikTok Inc       DES:PAYMENT    ID:XXXXXXXXXX06954           INDN:Outdoor Playground Inc  CO ID:XXXXX67522 CCD           PMT INFO:TikTok Shop-USLC7NEW6U, payout ID 346865           XXXXX93233146",,632.65
5131,,,,,,,,
,12/31/2025,Deposit,,,Shopify,SHOPIFY          DES:TRANSFER   ID:SHOPIFY                   INDN:UNKNOWN                 CO ID:SHOPIFYPMT WEB,Reconciled,354.66
,12/31/2025,Deposit,,,Shopify,SHOPIFY          DES:TRANSFER   ID:SHOPIFY                   INDN:UNKNOWN                 CO ID:SHOPIFYPMT WEB,,354.66
5133,,,,,,,,
,12/31/2025,Deposit,,,Shopify,SHOPIFY          DES:TRANSFER   ID:ST-J5J1N5T0B4L7           INDN:OUTDOOR PLAYGROUND INC  CO ID: XXXXX8598 CCD,Cleared,1781
,12/31/2025,Deposit,,,Shopify,SHOPIFY          DES:TRANSFER   ID:ST-J5J1N5T0B4L7           INDN:OUTDOOR PLAYGROUND INC  CO ID: XXXXX8598 CCD,,1781
5137,,,,,,,,
,12/31/2025,Deposit,,,Shopify,Shopify          DES:TRANSFER   ID:ST-O9H1W2E2S7X5           INDN:OUTDOOR PLAYGROUND INC  CO ID:XXXXX65600 CCD,Reconciled,16.16
,12/31/2025,Deposit,,,Shopify,Shopify          DES:TRANSFER   ID:ST-O9H1W2E2S7X5           INDN:OUTDOOR PLAYGROUND INC  CO ID:XXXXX65600 CCD,,16.16
5139,,,,,,,,
,12/31/2025,Deposit,,,Shopify,Shopify          DES:TRANSFER   ID:ST-M5X8U0X6U8S0           INDN:OUTDOOR PLAYGROUND INC  CO ID:XXXXX48598 CCD,Reconciled,2139.57
,12/31/2025,Deposit,,,Shopify,Shopify          DES:TRANSFER   ID:ST-M5X8U0X6U8S0           INDN:OUTDOOR PLAYGROUND INC  CO ID:XXXXX48598 CCD,,2139.57
5147,,,,,,,,
,12/31/2025,Deposit,,Stripe,,STRIPE           DES:TRANSFER   ID:ST-U6T6Y2Q1Y8I1           INDN:RICHARD PATRI           CO ID:XXXXX48598 CCD,Reconciled,458.25
,12/31/2025,Deposit,,Stripe,,STRIPE           DES:TRANSFER   ID:ST-U6T6Y2Q1Y8I1           INDN:RICHARD PATRI           CO ID:XXXXX48598 CCD,,458.25
5156,,,,,,,,
,12/31/2025,Deposit,,,,"TikTok Inc       DES:PAYMENT    ID:XXXXXXXXXX88735           INDN:Outdoor Playground Inc  CO ID:XXXXX67522 CCD           PMT INFO:TikTok Shop-USLC7NEW6U, payout ID 346875           XXXXX49309178",Reconciled,349.55
,12/31/2025,Deposit,,,,"TikTok Inc       DES:PAYMENT    ID:XXXXXXXXXX88735           INDN:Outdoor Playground Inc  CO ID:XXXXX67522 CCD           PMT INFO:TikTok Shop-USLC7NEW6U, payout ID 346875           XXXXX49309178",,349.55
Business Savings- 7944,,,,,,,,
307,,,,,,,,
,01/31/2024,Deposit,,,,Interest Earned,Reconciled,0.87
,01/31/2024,Deposit,,,,Interest Earned,,0.87
500,,,,,,,,
,02/29/2024,Deposit,,,,Interest Earned,Reconciled,0.41
,02/29/2024,Deposit,,,,Interest Earned,,0.41
532,,,,,,,,
,02/29/2024,Deposit,,,,,Reconciled,0.87
,02/29/2024,Deposit,,,,,,0.87
705,,,,,,,,
,03/11/2024,Deposit,,,,,Reconciled,0.19
,03/11/2024,Deposit,,,,,,0.19
902,,,,,,,,
,04/25/2024,Deposit,,,Packaging Corporation of America,BKOFAMERICA MOBILE 04/25 XXXXX86062 DEPOSIT                                    *MOBILE       CA,Reconciled,4223.68
,04/25/2024,Deposit,,,Packaging Corporation of America,BKOFAMERICA MOBILE 04/25 XXXXX86062 DEPOSIT                                    *MOBILE       CA,,-4223.68
930,,,,,,,,
,04/30/2024,Deposit,,,,Interest Earned,Reconciled,0.21
,04/30/2024,Deposit,,,,Interest Earned,,0.21
1142,,,,,,,,
,05/31/2024,Deposit,,,,Interest Earned,Reconciled,0.34
,05/31/2024,Deposit,,,,Interest Earned,,0.34
1404,,,,,,,,
,06/28/2024,Deposit,,,,Interest Earned,Reconciled,0.33
,06/28/2024,Deposit,,,,Interest Earned,,0.33
1661,,,,,,,,
,07/31/2024,Deposit,,,,Interest Earned,Reconciled,0.34
,07/31/2024,Deposit,,,,Interest Earned,,0.34
1861,,,,,,,,
,08/30/2024,Deposit,,,,Interest Earned,Reconciled,0.34
,08/30/2024,Deposit,,,,Interest Earned,,0.34
2078,,,,,,,,
,09/30/2024,Deposit,,,,Interest Earned,Reconciled,0.33
,09/30/2024,Deposit,,,,Interest Earned,,0.33
2290,,,,,,,,
,10/31/2024,Deposit,,,,Interest Earned,Reconciled,0.34
,10/31/2024,Deposit,,,,Interest Earned,,0.34
2463,,,,,,,,
,11/29/2024,Deposit,,,,Interest Earned,Reconciled,0.33
,11/29/2024,Deposit,,,,Interest Earned,,0.33
2660,,,,,,,,
,12/31/2024,Deposit,,,,Interest Earned,Reconciled,0.34
,12/31/2024,Deposit,,,,Interest Earned,,0.34
2837,,,,,,,,
,01/31/2025,Deposit,,,,Interest Earned,Reconciled,0.34
,01/31/2025,Deposit,,,,Interest Earned,,0.34
3013,,,,,,,,
,02/28/2025,Deposit,,,,Interest Earned,Reconciled,0.31
,02/28/2025,Deposit,,,,Interest Earned,,0.31
3203,,,,,,,,
,03/31/2025,Deposit,,,,Interest Earned,Reconciled,0.22
,03/31/2025,Deposit,,,,Interest Earned,,0.22
3394,,,,,,,,
,04/30/2025,Deposit,,,,Interest Earned,Reconciled,0.16
,04/30/2025,Deposit,,,,Interest Earned,,0.16
3623,,,,,,,,
,05/30/2025,Deposit,,,,Interest Earned,Reconciled,0.17
,05/30/2025,Deposit,,,,Interest Earned,,0.17
3810,,,,,,,,
,06/30/2025,Deposit,,,,Interest Earned,Reconciled,0.16
,06/30/2025,Deposit,,,,Interest Earned,,0.16
4079,,,,,,,,
,07/31/2025,Deposit,,,,Interest Earned,Reconciled,0.17
,07/31/2025,Deposit,,,,Interest Earned,,0.17
4273,,,,,,,,
,08/29/2025,Deposit,,,,Interest Earned,Reconciled,0.17
,08/29/2025,Deposit,,,,Interest Earned,,0.17
4462,,,,,,,,
,09/30/2025,Deposit,,,,Interest Earned,Reconciled,0.16
,09/30/2025,Deposit,,,,Interest Earned,,0.16
4683,,,,,,,,
,10/31/2025,Deposit,,,,Interest Earned,Reconciled,0.17
,10/31/2025,Deposit,,,,Interest Earned,,0.17
4872,,,,,,,,
,11/28/2025,Deposit,,,,Interest Earned,Reconciled,0.16
,11/28/2025,Deposit,,,,Interest Earned,,0.16
5153,,,,,,,,
,12/31/2025,Deposit,,,,Interest Earned,Reconciled,0.17
,12/31/2025,Deposit,,,,Interest Earned,,0.17
" Friday, January 30, 2026 09:53 PM GMTZ",,,,,,,,
