Rank,SKU,Product_Name,Product_Type,Vendor,Revenue,Quantity,Avg_Price,Order_Count,Current_Price,Current_Inventory,Status
1,mb-subscription-south-1,Platinum: South: monthly,Subscription Box,,169421.68,4423,38.3,4420,,,
2,mb-subscription-northeast-1,Platinum Series Northeast: monthly,Subscription Box,MONSTERBASS,128439.67,3348,38.36,3345,39.00,994620,DRAFT
3,mb-subscription-greatlakes-1,Platinum Series Midwest: monthly,Subscription Box,MONSTERBASS,97529.85,2548,38.28,2543,39.99,1004459,DRAFT
4,mb-subscription-south-3,Platinum: South: 3 month,Subscription Box,,96777.0,2849,33.97,2849,,,
5,mb-subscription-greatlakes-3,Platinum Series Midwest: 3 month,Subscription Box,MONSTERBASS,85192.0,2451,34.76,2448,117.00,-2904,DRAFT
6,mb-subscription-northeast-3,Platinum Series Northeast: 3 month,Subscription Box,MONSTERBASS,83238.95,2399,34.7,2396,117.00,996170,DRAFT
7,PLATINUM-NEW-3,Platinum Series: 3 month,Subscription Box,MONSTERBASS,78006.29,698,111.76,696,120.95,-4121,DRAFT
8,PLATINUM-NEW,Platinum Series: monthly,Subscription Box,MONSTERBASS,77953.59,1979,39.39,1974,38.00,1000945,DRAFT
9,PLATINUM-NEW-12,Platinum Series: 12 month,Subscription Box,MONSTERBASS,70525.95,159,443.56,159,479.95,-1838,DRAFT
10,PLATINUM-NEW-6,Platinum Series: 6 month,Subscription Box,MONSTERBASS,49303.95,220,224.11,218,239.95,-1729,DRAFT
11,mb-subscription-south-12,Platinum Series South: 12 month,Subscription Box,,48706.0,1657,29.39,1657,,,
12,GOLD-NEW,Gold Series: 6 month,Subscription Box,MONSTERBASS,48222.1,828,58.24,828,348.00,145,DRAFT
13,mb-subscription-northeast-6,Platinum Series Northeast: 6 month,Subscription Box,MONSTERBASS,46793.0,1409,33.21,1409,234.00,998460,DRAFT
14,mb-subscription-psw-1,Platinum Series West: monthly,Subscription Box,MONSTERBASS,46004.16,1199,38.37,1199,39.00,-990,DRAFT
15,platinum-0625,Platinum - Bass Monthly: June 2025,Subscription Box,,45884.07,1303,35.21,1301,,,
16,TikTok-29,MONSTERBASS Mystery Box - The Big Box,Subscription Box,MONSTERBASS,42150.15,958,44.0,859,29.95,171,ACTIVE
17,mb-subscription-pnwmp-1,Platinum Series NW/Mtn: monthly,Subscription Box,MONSTERBASS,42149.51,1101,38.28,1100,39.00,-894,DRAFT
18,mb-subscription-south-6,Platinum Series: 6 month,Subscription Box,,41280.0,1357,30.42,1357,,,
19,mb-subscription-greatlakes-12,Platinum Series Midwest: 12 month,Subscription Box,MONSTERBASS,40578.0,1311,30.95,1311,468.00,-811,DRAFT
20,platinum-0525,Platinum - Bass Monthly: May 2025,Subscription Box,MONSTERBASS,38573.38,1597,24.15,1596,0.00,0,DRAFT
21,mb-subscription-greatlakes-6,Platinum Series Midwest: 6 month,Subscription Box,MONSTERBASS,37151.94,1143,32.5,1143,234.00,-815,DRAFT
22,mb-subscription-northeast-12,Platinum Series Northeast: 12 month,Subscription Box,MONSTERBASS,35538.0,1274,27.89,1274,468.00,998758,DRAFT
23,platinum-0425,Platinum - Bass 3 Month: April 2025,Subscription Box,,35001.72,1148,30.49,1145,,,
24,mb-subscription-pnwmp-3,Platinum Series NW/Mtn: 3 month,Subscription Box,MONSTERBASS,34775.0,982,35.41,982,117.00,998979,DRAFT
25,platinum-0825,Platinum - Bass Monthly: August 2025,Subscription Box,,34704.8,1307,26.55,1306,,,
26,platinum-0725,Platinum - Bass 3 Month: July 2025,Subscription Box,,34439.97,1329,25.91,1325,,,
27,platinum-1025,Platinum - Bass Monthly: October 2025,Subscription Box,,31869.22,699,45.59,699,,,
28,platinum-1225,Platinum - Bass Monthly: December 2025,Subscription Box,,31443.22,919,34.21,919,,,
29,mb-subscription-psw-3,Platinum Series West: 3 month,Subscription Box,MONSTERBASS,30678.5,857,35.8,857,117.00,999117,DRAFT
30,platinum-1125,Platinum - Bass 3 Month: November 2025,Subscription Box,,30604.22,686,44.61,686,,,
31,platinum-0325,Platinum - Bass Monthly: March 2025,Subscription Box,,30322.72,911,33.29,909,,,
32,platinum-0925,Platinum - Bass Monthly: September 2025,Subscription Box,,30144.7,738,40.85,737,,,
33,platinum-1124,Platinum - Bass 12 Month: November 2024,Subscription Box,,29745.88,1292,23.02,1291,,,
34,mb-subscription-florida-1,Platinum: South: monthly,Subscription Box,MONSTERBASS,28673.22,766,37.43,765,38.00,1000960,DRAFT
35,mb-subscription-national-1,National Box,Subscription Box,MONSTERBASS,27569.98,980,28.13,979,29.95,0,DRAFT
36,platinum-1224,Platinum - Bass Monthly: December 2024,Subscription Box,,26700.0,743,35.94,743,,,
37,MBV-3700,"The Vault | 3600, 3700, Spinnerbait, Crankbait & Jig/Chatterbait boxes - 3700",Tackle Bags & Boxes,MONSTERBASS,26604.45,1529,17.4,429,19.95,294,ACTIVE
38,silver-3,Silver Series: 3 month,Subscription Box,MONSTERBASS,24780.0,1602,15.47,1595,60.00,996154,DRAFT
39,platinum-0225,Platinum - Bass Monthly: February 2025,Subscription Box,,24550.0,881,27.87,832,,,
40,mb-subscription-2-month,Platinum Series: 2 month plan,Subscription Box,MONSTERBASS,24523.96,636,38.56,635,39.00,1002356,DRAFT
41,platinum-0125,Platinum - Big Bass Box,Subscription Box,,23979.0,820,29.24,815,,,
42,silver-1,Silver Series: monthly,Subscription Box,MONSTERBASS,23580.0,1179,20.0,1175,20.00,9999991,DRAFT
43,FGOTX71M,"Fate Green/Origin TX 7'1"" M Casting Combo - 7.1:1 Gear Ratio RH",Fishing Rod,13 Fishing,23518.53,147,159.99,146,159.99,-1,ARCHIVED
44,silver-6,Silver Series: 6 month,Subscription Box,MONSTERBASS,23160.0,1582,14.64,1581,120.00,997027,DRAFT
45,mb-subscription-ms-3,Multi-Species: 3 month,Subscription Box,MONSTERBASS,22734.0,636,35.75,630,120.00,1000,DRAFT
46,mb-subscription-ms-1,Multi-Species: monthly,Subscription Box,MONSTERBASS,22310.0,586,38.07,586,39.95,1000,DRAFT
47,GIFT-SPINNING-REEL,FREE GIFT: Spinning Fishing Reel,Spinning Reel,ProFISHiency,20850.0,697,29.91,691,30.00,-1159,ACTIVE
48,mb-subscription-national-3,Gold Series: 3 month,Subscription Box,MONSTERBASS,20835.0,777,26.81,777,89.95,1000,DRAFT
49,kids-welcome,Create A Bait - Kid's Fishing Kit,Subscription Box,MONSTERBASS,18856.71,920,20.5,760,24.95,-966,ACTIVE
50,mb-subscription-pnwmp-12,Platinum: PNW & Mountain: 12 month,Subscription Box,MONSTERBASS,18698.0,643,29.08,643,468.00,999969,DRAFT
51,GOLD-0724,Gold Monthly: July 2024 - 1 Month,Subscription Box,,18257.43,781,23.38,779,,,
52,silver-12,Silver Series: 12 month,Subscription Box,MONSTERBASS,18240.0,1350,13.51,1255,240.00,998209,DRAFT
53,MULTI-NEW-3,Platinum Series Bass & Panfish: 3 month,Subscription Box,MONSTERBASS,18051.95,160,112.82,160,120.95,-181,DRAFT
54,PROSTAFF,Platinum: ProStaff monthly,InternalUseOnly,MONSTERBASS,17784.0,468,38.0,468,38.00,-594,ACTIVE
55,MBC-574MFC,"LUNKERSTICK - Casting: 7'4"" Medium Heavy - Moderate Fast",Fishing Rod,MONSTERBASS,17592.55,130,135.33,114,129.95,0,ACTIVE
56,MSR-474F,"LUNKERSTICK - Spinning: 7'4"" Medium - Fast",Fishing Rod,MONSTERBASS,17540.65,130,134.93,120,129.95,7,ACTIVE
57,mb-subscription-psw-6,Platinum: West: 6 month,Subscription Box,MONSTERBASS,17346.0,514,33.75,514,234.00,1000047,DRAFT
58,SILVER-NEW,SILVER,Subscription Box,MONSTERBASS,16972.52,831,20.42,808,20.95,993657,DRAFT
59,MSR-370F,LUNKERSTICK - Spinning: 7' Medium Light - Fast,Fishing Rod,MONSTERBASS,16812.85,124,135.59,114,129.95,0,ACTIVE
60,MBC-574F,"LUNKERSTICK - Casting: 7'4"" Medium Heavy - Fast",Fishing Rod,MONSTERBASS,16701.9,124,134.69,106,129.95,0,ACTIVE
61,GIFT-SPINNING-ROD-REEL,FREE GIFT: Fishing Rod + Reel Spinning Combo,InternalUseOnly,Free Gift,16029.42,112,143.12,112,125.00,-88,ACTIVE
62,GOLD-0624,Gold 3 Month: June 2024,Subscription Box,,15610.92,618,25.26,616,,,
63,mb-subscription-ms-12,Multi-Species: 12 month,Subscription Box,MONSTERBASS,15496.0,361,42.93,361,479.00,1000,DRAFT
64,Welcome-30,FREE GIFT: $30 Store Credit,InternalUseOnly,MONSTERBASS,15210.0,507,30.0,501,30.00,-503,ACTIVE
65,HB760TT,"David Dudley Signature Series Rods - Casting: 7'6"" Heavy",Fishing Rod,13 Fishing,14940.0,166,90.0,159,90.00,45,ACTIVE
66,mb-subscription-ms-6,Multi-Species: 6 month,Subscription Box,MONSTERBASS,14622.0,404,36.19,404,239.00,1000,DRAFT
67,MULTI-NEW-12,Platinum Series Bass & Panfish: 12 month,Subscription Box,MONSTERBASS,14095.0,36,391.53,35,479.95,474,DRAFT
68,mb-subscription-national-6,Gold Series: 6 month,Subscription Box,MONSTERBASS,14022.0,520,26.97,516,179.95,1000,DRAFT
69,MBC-674F,"LUNKERSTICK - Casting: 7'4"" Heavy - Fast",Fishing Rod,MONSTERBASS,13653.05,101,135.18,94,129.95,24,ACTIVE
70,MBC-470F,LUNKERSTICK - Casting: 7' Medium - Fast,Fishing Rod,MONSTERBASS,13544.05,100,135.44,95,129.95,0,ACTIVE
71,kids-29,Kid's Create a Bait Fishing Kit - Fun Size,Subscription Box,MONSTERBASS,13344.82,385,34.66,314,29.95,83,ACTIVE
72,mb-subscription-pnwmp-6,Platinum Series  NW/Mtn: 6 month,Subscription Box,MONSTERBASS,13236.0,433,30.57,433,234.00,1000254,DRAFT
73,GOLD-0524,Gold 3 Month: May 2024,Subscription Box,,12741.99,727,17.53,725,,,
74,MULTI-NEW,Platinum Series Bass & Panfish: monthly,Subscription Box,MONSTERBASS,12150.15,311,39.07,311,39.95,-418,DRAFT
75,mb-subscription-florida-3,Platinum Series Florida: 3 month,Subscription Box,MONSTERBASS,11747.0,360,32.63,360,114.00,1000997,DRAFT
76,GP-PROTECT-0,Guaranteed Shipping Protection - Level 0,Protection,MONSTERBASS,11037.74,11265,0.98,10973,0.98,-13196,ACTIVE
77,mb-subscription-florida-6,Platinum Series Florida: 6 month,Subscription Box,MONSTERBASS,10956.0,323,33.92,323,228.00,1000100,DRAFT
78,GOLD-1224,Gold 12 Month: December 2024 - 12 Month,Subscription Box,,10626.97,372,28.57,372,,,
79,MSR-UL,AAA Ultra-Light Spinning Rod,Fishing Rod,Aggressively Average Anglers,10434.2,116,89.95,110,89.95,-4,ARCHIVED
80,GOLD-0924,Gold Monthly: September 2024 - 1 Month,Subscription Box,,10183.83,558,18.25,558,,,
81,mb-subscription-psw-12,Platinum Series West: 12 month,Subscription Box,MONSTERBASS,10023.0,382,26.24,382,468.00,1000374,DRAFT
82,platinum-0124,Z-Man Takeover Box | Platinum Series,Subscription Box,MONSTERBASS,10015.86,256,39.12,227,39.00,0,ACTIVE
83,GOLD-0824,Gold 3 Month: August 2024,Subscription Box,,9881.83,604,16.36,604,,,
84,GOLD-0325,Gold Monthly: March 2025 - 1 Month,Subscription Box,,9430.98,364,25.91,364,,,
85,GOLD-1124,Gold 6 Month: November 2024 - 6 Month,Subscription Box,,9333.48,471,19.82,471,,,
86,FTB3S71M,"13 Fishing Fate Black Rod - 7'1"" M Spinning Rod",Fishing Rod,13 Fishing,9278.84,116,79.99,114,79.99,0,ACTIVE
87,BAG-12x10x2,The Bait Bag,Tackle Bags & Boxes,MONSTERBASS,9261.55,1545,5.99,569,5.99,0,ARCHIVED
88,platinum-0524,Pond Hopper Box #524,Subscription Box,MONSTERBASS,9050.0,242,37.4,210,37.00,0,ARCHIVED
89,GOLD-0125,Gold Monthly: January 2025 - 1 Month,Subscription Box,,8900.97,394,22.59,394,,,
90,GOLD-1024,Gold 12 Month: October 2024 - 12 Month,Subscription Box,,8282.97,470,17.62,469,,,
91,GOLD-0625,Gold Monthly: June 2024 - 1 Month,Subscription Box,,8182.7,165,49.59,165,,,
92,Welcome-60,FREE GIFT: $60 Store Credit,InternalUseOnly,MONSTERBASS,8160.0,136,60.0,135,60.00,-136,ACTIVE
93,mb-subscription-23900,The MONSTERBASS Bait Box,Subscription Box,MONSTERBASS,7980.0,210,38.0,197,38.00,0,ARCHIVED
94,CBJH38-14,Z-Man JackHammer ChatterBait - 3/8oz / Fire Craw,Bladed Jigs,Z-Man Fishing Products,7901.55,821,9.62,660,15.99,252,ACTIVE
95,platinum-0724,Pond Hopper Bait Box,Tackle Bundle,,7798.0,239,32.63,229,,,
96,GIFT-SPINNING-ROD,FREE GIFT: Spinning Fishing Rod,InternalUseOnly,Free Gift,7740.0,95,81.47,95,75.00,-80,ACTIVE
97,platinum-0624-new,Platinum Bonus Box,Tackle Bundle,,7697.97,190,40.52,180,,,
98,MULTI-NEW-6,Platinum Series Bass & Panfish: 6 month,Subscription Box,MONSTERBASS,7666.0,36,212.94,36,239.95,409,DRAFT
99,BOX-ULT,ULTIMATE Bass Box,Tackle Bundle,MONSTERBASS,7650.18,94,81.38,90,79.99,14,ACTIVE
100,multi-0525,Platinum - Bass & Panfish Monthly: May 2025,Subscription Box,MONSTERBASS,7290.99,227,32.12,226,0.00,0,DRAFT
101,mb-subscription-florida-12,Platinum Series Florida: 12 month,Subscription Box,MONSTERBASS,7290.0,317,23.0,317,456.00,1000997,DRAFT
102,multi-0625,Platinum - Bass & Panfish 12 Month: June 2025,Subscription Box,,7262.0,224,32.42,223,,,
103,Welcome-90,FREE GIFT: $90 Store Credit,InternalUseOnly,MONSTERBASS,7110.0,79,90.0,79,90.00,-79,ACTIVE
104,mb-subscription-national-12,Gold Series: 12 month,Subscription Box,MONSTERBASS,6720.0,309,21.75,309,348.00,1000,DRAFT
105,kids-49,Kid's Create a Bait Fishing Kit - Super Fun Size,Subscription Box,MONSTERBASS,6659.7,112,59.46,100,49.95,34,ACTIVE
106,platinum-0924,Platinum - Bass 3 Month: September 2024,Subscription Box,MONSTERBASS,6633.75,488,13.59,487,39.00,0,ARCHIVED
107,season-pass-silver,The Season Pass - Small,,MONSTERBASS,6490.0,26,249.62,26,295.00,-47,ACTIVE
108,MBC-578MFC,"LUNKERSTICK - Casting: 7'8"" Medium Heavy - Moderate Fast",Fishing Rod,MONSTERBASS,6455.7,48,134.49,41,129.95,-2,ACTIVE
109,silver-0724,Silver Monthly: July 2024,Tackle Bundle,MONSTERBASS,6383.63,327,19.52,320,20.00,0,DRAFT
110,MSR-574F,"LUNKERSTICK - Spinning: 7'4"" Medium Heavy - Fast",Fishing Rod,MONSTERBASS,6367.6,48,132.66,45,129.95,-8,ACTIVE
111,GOLD-1225,Gold 6 Month: December 2025 - 6 Month,Subscription Box,,6285.33,215,29.23,215,,,
112,multi-1125,Platinum - Bass & Panfish Monthly: November 2025,Subscription Box,,6152.74,121,50.85,120,,,
113,GOLD-0225,Gold Monthly: February 2025 - 1 Month,Subscription Box,,6087.24,208,29.27,208,,,
114,GOLD-1025,Gold Monthly: October 2025 - 1 Month,Subscription Box,,6030.32,148,40.75,148,,,
115,platinum-0824,Pond Hopper Box #824,Tackle Bundle,,6006.0,154,39.0,116,,,
116,multi-0325,Platinum - Bass & Panfish Monthly: March 2025,Subscription Box,,6001.99,170,35.31,169,,,
117,MULTI-NEW-GIFT,Platinum Series Bass & Panfish: Gift Subscription,Subscription Box,MONSTERBASS,5880.0,120,49.0,120,49.00,-125,ACTIVE
118,multi-0725,Platinum - Bass & Panfish Monthly: July 2025,Subscription Box,,5786.0,221,26.18,220,,,
119,GOLD-0825,Gold Monthly: August 2025 - 1 Month,Subscription Box,MONSTERBASS,5751.14,151,38.09,151,28.00,-78,ACTIVE
120,LUNKERBAG,LUNKERBAG Tackle Storage System - Bag Only,Tackle Bags & Boxes,MONSTERBASS,5744.97,81,70.93,77,89.99,76,ARCHIVED
121,GOLD-1125,Gold 6 Month: November 2025 - 6 Month,Subscription Box,,5670.32,149,38.06,149,,,
122,BFS-2,LUNKERSTICK™ - BFS Series - Ultra-Finesse,Fishing Rod,MONSTERBASS,5518.8,24,229.95,24,229.95,81,ACTIVE
123,BFS-1,LUNKERSTICK™ - BFS Series - Finesse,Fishing Rod,MONSTERBASS,5518.8,24,229.95,22,229.95,76,ACTIVE
124,FREE-GC,Omen Black Fishing Rod Gift Card,Gift Card,MONSTERBASS,5457.9,42,129.95,42,129.95,-42,ACTIVE
125,mb-subscription-23800,"Spinnerbaits, Jig & Frog Box",Subscription Box,MONSTERBASS,5282.0,139,38.0,133,38.00,0,ARCHIVED
126,LUNKERBAG-3,LUNKERBAG Tackle Storage System - Bag + 3 Vault 3700's,Tackle Bags & Boxes,MONSTERBASS,5197.5,50,103.95,45,89.95,6,ACTIVE
127,multi-0425,Platinum - Bass & Panfish Monthly: April 2025,Subscription Box,,5169.99,208,24.86,207,,,
128,mb-subscription-23700,The Dog Days of Summer Box,Subscription Box,MONSTERBASS,5079.0,128,39.68,114,38.00,0,ARCHIVED
129,multi-0925,Platinum - Bass & Panfish 3 Month: September 2024,Subscription Box,,5071.14,129,39.31,128,,,
130,silver-0625,Silver Monthly: June 2025,Subscription Box,,5037.96,247,20.4,245,,,
131,TikTok-49,MONSTERBASS Mystery Box - The Bigger Box,Subscription Box,MONSTERBASS,4977.85,84,59.26,79,49.95,53,ACTIVE
132,OB3C74H-K,"Omen Black Kayak Casting Rod - 7'4""H Casting Rod",Fishing Rod,13 Fishing,4858.18,38,127.85,37,129.95,7,ACTIVE
133,multi-1025,Platinum - Bass & Panfish Monthly: October 2025,Subscription Box,,4779.54,118,40.5,117,,,
134,silver-0425,Silver Monthly: April 2025,Subscription Box,,4740.0,237,20.0,236,,,
135,RSC-DB,Member Exclusive: Rod Cover - Dark Blue,Fishing Rod Accessories,MONSTERBASS,4651.4,1335,3.48,637,2.99,0,ARCHIVED
136,silver-0825,Silver Monthly: August 2024,Subscription Box,,4632.22,226,20.5,225,,,
137,silver-0525,Silver Monthly: May 2025,Subscription Box,MONSTERBASS,4565.74,245,18.64,240,0.00,0,DRAFT
138,multi-1224,Platinum - Bass & Panfish 12 Month: December 2024 - Default Title,Subscription Box,,4481.0,154,29.1,154,,,
139,KLRO-5.2-3.0,Kalon R - Radioactive Spinning Reel,Fishing Reel,13 Fishing,4458.15,60,74.3,51,74.99,0,ARCHIVED
140,SK-BOX4,Strike King Hard Bait Bundle,Tackle Bundle,Strike King,4446.0,111,40.05,106,40.00,0,ARCHIVED
141,multi-1124,Platinum - Bass & Panfish 12 Month: November 2024,Subscription Box,,4422.0,220,20.1,220,,,
142,GOLD-0925,Gold Monthly: September 2024 - 1 Month,Subscription Box,,4389.38,118,37.2,118,,,
143,PLATINUM-NEW-GIFT,Platinum Series: Gift Subscription,Subscription Box,MONSTERBASS,4386.0,96,45.69,96,39.00,-127,ACTIVE
144,GOLD-0425,Gold Monthly: April 2025 - 1 Month,Subscription Box,,4360.99,102,42.75,102,,,
145,OBO1-7.3-RH,Origin O1 Blackout Baitcasting Reel - 7.3:1 Gear Ratio - Right Hand Retrieve - Size 100,Casting Reel,13 Fishing,4339.38,62,69.99,57,69.99,92,ACTIVE
146,multi-1225,Platinum - Bass & Panfish 6 Month: December 2025,Subscription Box,,4321.24,148,29.2,148,,,
147,BO2C73MH,"13 Fishing Blackout 7'3"" MH Casting Rod - 7'3"" MH",Fishing Rod,13 Fishing,4319.52,48,89.99,39,89.99,0,ARCHIVED
148,MB-GCARD-25,Gift Cards - $25 Gift Card,Gift Card,MONSTERBASS,4275.0,171,25.0,156,25.00,99846,ACTIVE
149,GOLD-0525,Gold 3 Month: May 2025 - 3 Month,Subscription Box,,4228.83,108,39.16,108,,,
150,CBJH38-18,Z-Man JackHammer ChatterBait - 3/8oz / Bama Bug,Bladed Jigs,Z-Man Fishing Products,4077.45,255,15.99,160,15.99,0,ACTIVE
151,season-pass-gold,The Season Pass - Medium,,MONSTERBASS,4070.0,14,290.71,13,370.00,-18,ACTIVE
152,ROLLO-6,April's Mystery 6 Pack of Baits,Unclassified,MONSTERBASS,4055.5,78,51.99,75,45.00,233,ARCHIVED
153,platinum-0624,Platinum Bonus Box,Tackle Bundle,,4053.38,88,46.06,85,,,
154,MBV-3600,"The Vault | 3600, 3700, Spinnerbait, Crankbait & Jig/Chatterbait boxes - 3600",Tackle Bags & Boxes,MONSTERBASS,4051.5,265,15.29,111,15.95,410,ACTIVE
155,MB-AMZ-TOP,Topwater Blowup Box,Subscription Box,MONSTERBASS,4010.0,111,36.13,106,36.00,200,ARCHIVED
156,silver-1025,Silver Monthly: October 2025,Subscription Box,,3991.71,194,20.58,193,,,
157,multi-0825,Platinum - Bass & Panfish 3 Month: August 2025,Subscription Box,,3990.19,219,18.22,218,,,
158,MB-3700-DEEP,Monsterbox 3700 Deep,Tackle Bags & Boxes,MONSTERBASS,3942.0,267,14.76,163,15.00,93,ACTIVE
159,mb-subscription-23600,Big Bass Bait Box,Subscription Box,MONSTERBASS,3914.0,103,38.0,95,38.00,0,ARCHIVED
160,silver-0925,Silver Monthly: September 2025,Subscription Box,,3814.0,185,20.62,184,,,
161,MB-AMZ-RPS,Amazon Platinum Box,Subscription Box,MONSTERBASS,3799.05,95,39.99,88,38.00,214,ACTIVE
162,multi-0125,Platinum - Bass & Panfish Monthly: January 2025,Subscription Box,,3790.5,166,22.83,166,,,
163,silver-1125,Silver Monthly: November 2025,Subscription Box,,3775.04,183,20.63,182,,,
164,multi-0225,Platinum - Bass & Panfish 3 Month: February 2025,Subscription Box,,3763.0,163,23.09,163,,,
165,KIT-WACKY,The 61-Piece MONSTERBASS Wacky/Neko Rig Kit – Master the Finesse Game! 🎯,Technique Specific Kit,MONSTERBASS,3726.0,58,64.24,58,59.00,0,ARCHIVED
166,KIT-TEXAS,64 Piece Texas Rig Kit,Tackle Bundle,MONSTERBASS,3699.26,74,49.99,74,49.99,0,ARCHIVED
167,BB-110JERK-4,Banger 110 - 4 Pack,Tackle Bundle,Parts Unknown,3654.79,158,23.13,154,32.00,-20,ARCHIVED
168,mb-subscription-23100,LUNKERHUNT Takeover Box,Subscription Box,MONSTERBASS,3534.0,93,38.0,84,38.00,0,ACTIVE
169,MBC-470MFC,LUNKERSTICK - Casting: 7' Medium - Moderate Fast,Fishing Rod,MONSTERBASS,3497.75,26,134.53,26,129.95,0,ACTIVE
170,BL-BUZZ-3,Buzz Frog - 3 Pack,Topwater,Blitz Lures,3455.0,194,17.81,180,20.00,132,ARCHIVED
171,ABA-welcome,ABA Welcome Box,Welcome Box,Army Bass Anglers,3400.0,85,40.0,56,40.00,25,ACTIVE
172,LB-C,DEBO's Little Banger - Crappie,Squarebill,MONSTERBASS,3377.12,338,9.99,281,9.00,0,ACTIVE
173,platinum-1024,Platinum - Bass Every Other Month: October 2024,Subscription Box,MONSTERBASS,3371.99,498,6.77,497,39.00,0,ARCHIVED
174,BURNERC-38-7,Blade Burner | Colorado Spinnerbait - LIMITED EDITION: Grape Ape,Spinnerbaits,MONSTERBASS,3367.21,377,8.93,279,8.00,399,ACTIVE
175,SK-BOX3,Strike King Topwater Blowup Box,Tackle Bundle,Strike King,3355.0,86,39.01,83,39.00,0,ARCHIVED
176,mb-subscription-230100,The Best Fishing Subscription Box (that's not a subscription),Subscription Box,MONSTERBASS,3268.0,86,38.0,79,39.95,0,ARCHIVED
177,OB3C76MH-K,"Omen Black Casting Rod - 7'6"" MH Casting Rod",Fishing Rod,13 Fishing,3258.82,26,125.34,26,129.95,24,ACTIVE
178,winter-pass,Season Pass,,,3245.0,22,147.5,22,,,
179,LB-CB,Little Banger - Crackle Bluegill,Squarebill,MONSTERBASS,3239.64,330,9.82,265,9.00,29,ACTIVE
180,platinum-0724-old,Pond Hopper Bait Box,Tackle Bundle,MONSTERBASS,3157.0,77,41.0,69,41.00,85,DRAFT
181,BB-110JERK-CBB,Banger 110 - Chrome Black Back,Jerkbaits,Bruiser Baits,3155.49,351,8.99,68,8.99,387,ACTIVE
182,FTB3C73M,"13 Fishing Fate Black Rod - 7'3"" M Casting Rod",Fishing Rod,13 Fishing,3119.61,39,79.99,30,79.99,15,ACTIVE
183,304-006,Hi-Def Craw,Craws & Creatures,Tackle HD,3032.52,768,3.95,544,6.99,645,ACTIVE
184,SK-BOX1,Strike King 6-Pack Soft Bait Bundle,Tackle Bundle,Strike King,3000.0,100,30.0,97,30.00,53,ACTIVE
185,silver-0125,Silver Monthly: January 2025,Subscription Box,MONSTERBASS,2975.0,149,19.97,148,20.00,0,ACTIVE
186,FTB3C73MH,"13 Fishing Fate Black Rod - 7'3"" MH Casting Rod",Fishing Rod,13 Fishing,2959.63,37,79.99,29,79.99,8,ACTIVE
187,FTB3C71M,"13 Fishing Fate Black Rod - 7'1"" M Casting Rod",Fishing Rod,13 Fishing,2959.63,37,79.99,33,79.99,0,ACTIVE
188,platinum-quarterly,Platinum Series : Quarterly,Subscription Box,MONSTERBASS,2888.0,76,38.0,76,38.00,1000879,DRAFT
189,season-pass-platinum,The Season Pass - Large,,MONSTERBASS,2880.0,7,411.43,7,480.00,-12,ACTIVE
190,CBJH12-17,Member Exclusive: Berkley Warpig Lipless,Bladed Jigs,Z-Man Fishing Products,2785.32,228,12.22,157,15.99,0,ACTIVE
191,silver-1024,Silver Monthly: October 2024,Subscription Box,MONSTERBASS,2764.78,145,19.07,142,20.00,0,ARCHIVED
192,PROSTAFF-0624,Platinum: ProStaff,InternalUseOnly,,2736.0,72,38.0,72,,,
193,platinum-paid-monthly-12,Platinum Monthly Pass - Bass / 12 Months,Subscription Box,MONSTERBASS,2694.45,71,37.95,70,37.95,-282,ACTIVE
194,KIT-NED,41 Piece Ned Rig Kit,Tackle Bundle,MONSTERBASS,2691.0,69,39.0,68,39.00,0,ARCHIVED
195,SK-BOX2,Strike King Bass Bundle,Tackle Bundle,Strike King,2660.0,70,38.0,69,38.00,54,ACTIVE
196,platinum-paid-monthly,Platinum Monthly Pass - Bass / 1 Month,Subscription Box,MONSTERBASS,2655.56,79,33.61,79,41.95,-146,ACTIVE
197,silver-1124,Silver Monthly: November 2024,Subscription Box,,2620.0,131,20.0,129,,,
198,Platinum-0825-old,Bank Fishing Blowup Box,Tackle Bundle,MONSTERBASS,2608.0,58,44.97,55,40.00,0,ARCHIVED
199,CV2-KB-BM,"Cobra V2.0 Spinnerbait, Kunai Blade - Blue Magic",Spinnerbaits,American Snakehead Customs LLC,2603.22,221,11.78,181,11.99,498,ACTIVE
200,Rapt95FinCyaGrStd,9.5ft Raptor Modular Fin Drive Pedal Fishing Kayak | 380lbs Capacity | 2 Piece - Cyan Gray / in 1 - 2 weeks,Kayaks,ReelYaks,2548.0,2,1274.0,2,1399.00,32,ACTIVE
201,CV2-KB-SF,"Cobra V2.0 Spinnerbait, Kunai Blade - Snek Flash",Spinnerbaits,American Snakehead Customs LLC,2489.16,213,11.69,161,11.99,131,ACTIVE
202,CV2-SF-KB-F,"Cobra V2.0 Spinnerbait, Kunai Blade - Flamingo",Spinnerbaits,American Snakehead Customs,2481.09,291,8.53,206,11.99,678,ACTIVE
203,PLABW361J,Plano Weekend Series 3600 Tackle Bag,Tackle Bags & Boxes,Plano,2466.9,62,39.79,55,39.95,17,ACTIVE
204,KIT-TOKYO,⚡ Take Cover. Take Control. The 41-Piece MONSTERBASS Tokyo Rig Kit! ⚡,Technique Specific Kit,MONSTERBASS,2445.0,43,56.86,43,49.00,11,ACTIVE
205,KIT-FLIPPING,Dominate Heavy Cover with the 40-Piece MONSTERBASS Flipping & Pitching Kit! 🔥,Technique Specific Kit,MONSTERBASS,2435.0,45,54.11,45,54.00,0,ARCHIVED
206,silver-1224,Silver Slam Box,Tackle Bundle,,2420.0,121,20.0,119,,,
207,GP-PROTECT-1,Guaranteed Shipping Protection - Level 1,Protection,MONSTERBASS,2377.48,1213,1.96,1211,1.96,-1279,ACTIVE
208,BBL-GB,Death Rattle Lipless Crankbait - Gold Black,Lipless Crankbait,Bruiser Baits,2376.0,264,9.0,44,9.00,124,ACTIVE
209,GOLD-0224,Gold 6 Month: February 2024 - 6 Month,Subscription Box,,2367.0,184,12.86,183,,,
210,BBL-CS,Death Rattle Lipless Crankbait - Chrome Shad,Lipless Crankbait,Bruiser Baits,2356.16,262,8.99,43,8.99,0,ACTIVE
211,MB-SHHEAD-15-RUDDRED,Hammerhead Squarebill – Alex Rudd Edition - Rudd Red,Squarebill,MONSTERBASS,2277.25,274,8.31,13,8.00,0,ARCHIVED
212,platinum-0724-new,June 204,Subscription Box,MONSTERBASS,2235.09,54,41.39,53,39.00,0,ARCHIVED
213,MB-3700,Monsterbox 3700,Tackle Bags & Boxes,MONSTERBASS,2230.37,160,13.94,74,13.99,0,DRAFT
214,GUIDEPROTECTION-1,Guide Package Protection - $.98,Shipping Protection,Guide,2210.88,2256,0.98,2256,0.98,-2248,ARCHIVED
215,MB-CRAW-GPB,PB Craw - Green Pumpkin Blue Flake,Craws & Creatures,MONSTERBASS,2136.07,606,3.52,415,5.99,0,ACTIVE
216,CV2-KB-GM,"Cobra V2.0 Spinnerbait, Kunai Blade - Gold Mine",Spinnerbaits,American Snakehead Customs LLC,2129.44,180,11.83,137,11.99,278,ACTIVE
217,gold-quarterly,Gold Series: Quarterly,Subscription Box,MONSTERBASS,2128.0,76,28.0,76,28.00,881,DRAFT
218,BB-110JERK-PBLUE,Banger 110 - Pro Blue,Jerkbaits,Bruiser Baits,2126.7,330,6.44,169,8.99,0,ACTIVE
219,GOLD-0424,Gold 6 Month: April 2024,Subscription Box,,2120.0,173,12.25,173,,,
220,DD-BASS,Dirty Dancer - Baby Bass,Topwater,Bruiser Baits,2098.49,211,9.95,27,8.99,0,DRAFT
221,MB-3600,Monsterbox 3600,Tackle Bags & Boxes,MONSTERBASS,2088.96,192,10.88,93,12.00,0,ARCHIVED
222,LCLDSS,"Custom Lite 6'10"" Spinning Rod",Fishing Rod,Lew's,2039.88,12,169.99,12,169.99,0,ARCHIVED
223,BB-110JERK-SSHAD,Banger 110 - Sexy Shad,Jerkbaits,Bruiser Baits,2031.76,226,8.99,69,8.99,173,ACTIVE
224,DD-SEXY,Dirty Dancer - Sexy Shad,Topwater,Bruiser Baits,2018.89,203,9.95,19,8.99,0,DRAFT
225,10-20-GGS-10005F,Googan Squad Clickbait - Black/Blue,Bladed Jigs,Googan Baits,2010.79,321,6.26,106,3.99,0,ARCHIVED
226,DD-SHINER,Dirty Dancer - Silver Shiner,Topwater,Bruiser Baits,2009.9,202,9.95,19,8.99,0,DRAFT
227,DD-GOLD,Dirty Dancer - Golden Child,Topwater,Bruiser Baits,2009.9,202,9.95,19,8.99,0,DRAFT
228,DDF-BONE,Dirty Dancer - Bone,Topwater,Bruiser Baits,1999.95,201,9.95,19,8.99,0,DRAFT
229,TUF50T502,Ultimate Frog - Tan/Brown,Frogs,LIVETARGET,1961.49,151,12.99,32,12.99,272,ACTIVE
230,platinum-0325-old,Z-Man Essentials Box,Tackle Bundle,MONSTERBASS,1960.0,49,40.0,42,40.00,193,ACTIVE
231,PL00S,Quantum Pulse Casting Reel,Fishing Reel,Quantum,1943.75,60,32.4,47,30.00,0,ARCHIVED
232,MM-67,Mad Max v3.0 - Chrome,Topwater,MONSTERBASS,1860.57,184,10.11,151,8.00,0,ARCHIVED
233,mb-subscription-23806,Mystery Box of Tackle #823 - Gold,Subscription Box,MONSTERBASS,1856.0,64,29.0,63,29.00,0,ARCHIVED
234,SSFROG-10018,June's Member Exclusive Topwater Bait,Unclassified,SteelShad,1853.13,302,6.14,292,8.00,0,ARCHIVED
235,10-20-GGS-10005I,Googan Squad Clickbait - Green Pumpkin,Bladed Jigs,Googan Baits,1821.51,499,3.65,279,3.99,0,ARCHIVED
236,silver-0325,Silver Monthly: March 2025,Subscription Box,MONSTERBASS,1800.0,90,20.0,90,20.00,0,DRAFT
237,MB-ROLLO6-CPERCH,Rollo 6 - Chartreuse Perch,Crankbaits,MONSTERBASS,1788.34,203,8.81,46,8.00,66,ACTIVE
238,KIT-CAROLINA,Unlock the Power of the Carolina Rig – The 52-Piece MONSTERBASS Kit! 🎣,Technique Specific Kit,MONSTERBASS,1787.0,32,55.84,30,48.00,31,ACTIVE
239,silver-0225-old,Dock Fishing Essentials,Tackle Bundle,MONSTERBASS,1771.0,60,29.52,56,25.00,47,ACTIVE
240,LL-35,Walking Boss II Magnum - Money Gill,Walking Baits,Livingston Lures,1753.8,125,14.03,124,32.99,0,ARCHIVED
241,CBCE38-01,CrossEyeZ Chatterbait - 3/8 oz / Pearl Ghost,Bladed Jigs,Z-Man Fishing Products,1730.98,173,10.01,12,10.49,0,ARCHIVED
242,LB-TSC,DEBO's Little Banger - Tequila Sunrise Craw,Squarebill,MONSTERBASS,1718.63,172,9.99,135,9.00,0,ACTIVE
243,mb-gift-ms-1,Multi-Species: 1 month gift,Gift Box,MONSTERBASS,1710.0,45,38.0,45,35.00,0,ARCHIVED
244,LHS30C,Lew's Laser HS 5.1:1 Spinning Reel,Fishing Reel,Lew's,1709.55,45,37.99,45,39.99,26,ARCHIVED
245,LCLMBR,Custom Lite 7' MH Fast Casting Rod,Fishing Rod,Lew's,1699.9,10,169.99,9,169.99,11,ACTIVE
246,KLA-6.2-3.0,Kalon A Spinning Reel,Fishing Reel,13 Fishing,1697.18,32,53.04,26,49.99,0,ARCHIVED
247,XS610MSA,Lew's Xfinity Spinning Rod - 1 Spinning Rod,Fishing Rod,Lew's,1660.3,27,61.49,23,59.00,74,ACTIVE
248,P413641LR,P4-13 Baitcast Reel - 6.4:1 / LH,Fishing Reel,ProFISHiency,1659.0,21,79.0,19,79.00,0,DRAFT
249,MM-11,Mad Max v3.0 - Bone,Topwater,MONSTERBASS,1620.66,187,8.67,161,8.00,0,ARCHIVED
250,R1175-4,March's Mystery Topwater 4-Pack,Unclassified,Parts Unknown,1618.61,71,22.8,71,19.99,52,ARCHIVED
251,VKB-23R-MKIM1001-TS,Makana 100 - Tsunami Red / Impulse Drive,Kayaks,Vibe Kayaks,1614.99,1,1614.99,1,1899.99,38,ACTIVE
252,CCBR1,"Custom Speed Stick 7'2"" Casting - Crankbait Rod",Fishing Rod,Lew's,1599.9,10,159.99,9,159.99,13,ACTIVE
253,Raid95PropGraBlStd,9.5ft Raider Modular Propeller Drive Pedal Fishing Kayak | 380lbs Capacity | 2 Piece - Gray Black / in 10 - 12 weeks,Kayaks,ReelYaks,1599.0,1,1599.0,1,1599.00,0,ARCHIVED
254,BBL-SS,Death Rattle Lipless Crankbait - Spooky Shad,Lipless Crankbait,Bruiser Baits,1592.01,177,8.99,106,8.99,8,ACTIVE
255,AH70MHS,Lew's American Hero 7' MH Spinning Rod,Fishing Rod,Lew's,1587.0,23,69.0,18,69.00,0,ARCHIVED
256,MB-CRAW-MC,PB Craw - California 420,Craws & Creatures,MONSTERBASS,1574.23,352,4.47,116,5.99,0,ACTIVE
257,MM-28,Mad Max v3.0 - Feeder Gill,Topwater,MONSTERBASS,1570.85,183,8.58,161,8.00,0,ARCHIVED
258,P413641RR,P4-13 Baitcast Reel - 6.4:1 / RH,Fishing Reel,ProFISHiency,1560.25,20,78.01,19,79.00,0,DRAFT
259,AH66MS,"Lew's American Hero 6'6"" M Spinning Rod",Fishing Rod,Lew's,1539.78,22,69.99,18,69.99,34,ACTIVE
260,CWR1,Custom Speed Stick 7' Casting - Worm Rod,Fishing Rod,Lew's,1529.91,9,169.99,8,169.99,0,ARCHIVED
261,Platinum-0925-old,The Bucketmouth Box,Tackle Bundle,MONSTERBASS,1519.95,38,40.0,36,40.00,12,ARCHIVED
262,FTB3C76MH,"13 Fishing Fate Black Rod - 7'6"" MH Casting Rod",Fishing Rod,13 Fishing,1519.81,19,79.99,17,79.99,0,ACTIVE
263,silver-0924,Silver Monthly: September 2024,Subscription Box,MONSTERBASS,1483.96,74,20.05,74,20.00,0,ARCHIVED
264,PMPF75-59,Poppy Mc Pop Face Popper,Topwater,13 Fishing,1480.0,185,8.0,46,8.00,0,ARCHIVED
265,platinum-paid-monthly-3,Platinum Monthly Pass - Bass / 3 Months,Subscription Box,MONSTERBASS,1478.15,38,38.9,36,39.95,-94,ACTIVE
266,ZM-BOX4,Z-Man Bait Bundle #4,Tackle Bundle,Z-Man Fishing Products,1467.55,49,29.95,46,29.95,0,DRAFT
267,Ragnar-43,Ragnar - LIMITED EDITION: Orange Julius,Walking Baits,MONSTERBASS,1467.36,107,13.71,84,12.00,0,ARCHIVED
268,MB-CRAW-GP,PB Craw - Green Pumpkin,Craws & Creatures,MONSTERBASS,1456.46,296,4.92,85,5.99,20,ACTIVE
269,MB-MCRANK-46-BBC,Seeker 6 - Blue Chartreuse,Crankbaits,,1456.38,162,8.99,12,,,
270,MB-SEEKER12-BUNDLE,March's Mystery 6 Pack of Baits,Unclassified,,1449.7,48,30.2,48,,,
271,MB-TFJ-38-6,Tungsten Football Jig - 6 Pack,Tackle Bundle,MONSTERBASS,1446.99,46,31.46,45,30.00,-2,ARCHIVED
272,platinum-1124-old,The Platinum Fall Fishing Kit,Tackle Bundle,MONSTERBASS,1441.0,37,38.95,35,39.00,179,ACTIVE
273,SB-8,SquareBanger - Blue Craw,Squarebill,MONSTERBASS,1440.35,172,8.37,139,8.00,0,ACTIVE
274,CMBR1,Custom Speed Stick 7' Casting - Magnum Bass Rod,Fishing Rod,Lew's,1439.91,9,159.99,5,159.99,0,ARCHIVED
275,PATRIOT-38,The Patriot v3.0 - LIMITED EDITION: Gold Dust,Walking Baits,MONSTERBASS,1438.53,114,12.62,96,12.00,18,ACTIVE
276,MB-SEEKER8-BUNDLE,April's Mystery 6 Pack of Baits,Unclassified,MONSTERBASS,1435.5,50,28.71,50,36.00,277,ARCHIVED
277,HF-VDF,Hendrix Fishing Voodoo Frog - Limited Edition Colors,,,1434.45,131,10.95,123,,,
278,SB05-RCW,Sunny B Crankbait - Red Crawdad,Crankbaits,Bagley,1422.85,143,9.95,4,9.95,0,DRAFT
279,P413731RR,P4-13 Baitcast Reel - 7.3:1 / RH,Fishing Reel,ProFISHiency,1422.0,18,79.0,14,79.00,0,DRAFT
280,P413731LR,P4-13 Baitcast Reel - 7.3:1 / LH,Fishing Reel,ProFISHiency,1422.0,18,79.0,17,79.00,0,DRAFT
281,CBCE38-03,CrossEyeZ Chatterbait - 3/8 oz / Green  Pumpkin,Bladed Jigs,Z-Man Fishing Products,1410.49,141,10.0,12,10.49,0,ARCHIVED
282,CBSB38-07,Jack Hammer Stealth Blade - Green Pumpkin / 3/8oz,Bladed Jigs,Z-Man Fishing Products,1407.29,88,15.99,74,15.99,106,ACTIVE
283,kit-frog,The Ultimate Frog & Toad Box – Handpicked by Shaye Baker! 🐸,Technique Specific Kit,MONSTERBASS,1400.0,28,50.0,28,50.00,30,ACTIVE
284,SF-DW-GG-LE,Double WIllow Snek Frog - Orange Glow,Topwater,American Snakehead Customs,1384.74,126,10.99,12,10.99,0,ARCHIVED
285,MB-misc-soft-4277,March's Mystery Bait,Unclassified,MONSTERBASS,1351.98,522,2.59,496,5.00,0,DRAFT
286,MHS720TT,"David Dudley Signature Series Rods - Spinning: 7'2"" Medium Heavy Fast",Fishing Rod,13 Fishing,1350.0,15,90.0,12,90.00,-13,ACTIVE
287,Rapt95PropCyaGrStd,9.5ft Raptor Modular Propeller Drive Pedal Fishing Kayak | 380lbs Capacity | 2 Piece - Cyan Gray / in 1 -2 weeks,Kayaks,ReelYaks,1349.0,1,1349.0,1,1349.00,40,ARCHIVED
288,BB-DEF-BCC,Defender Squarebill - Black Chrome Shiner,Squarebill,Bruiser Baits,1347.51,150,8.98,31,8.99,0,ARCHIVED
289,KIT-DROPSHOT,56 Piece Drop Shot Kit,Tackle Bundle,MONSTERBASS,1334.0,29,46.0,29,46.00,0,ARCHIVED
290,FJS-CM,Flak Jacket Rod Covers: Spinning & Casting - Spinning / Camo,Fishing Rod Accessories,MONSTERBASS,1332.21,135,9.87,54,9.95,0,ARCHIVED
291,ZM-BOX2,Z-Man Bait Bundle #2,Tackle Bundle,Z-Man Fishing Products,1311.9,42,31.24,40,31.95,0,ARCHIVED
292,SB-44,SquareBanger - LIMITED EDITION: Magic Shad,Squarebill,MONSTERBASS,1310.43,114,11.5,100,10.00,1274,ACTIVE
293,BUNDLE-CO-POPPER-6,July's Mystery 6 Bait Bundle,Unclassified,Custom Lures Unlimited,1301.63,41,31.75,40,48.00,123,ARCHIVED
294,mb-subscription-northeast-alt,Platinum: Northeast: Every Other Month,Subscription Box,MONSTERBASS,1292.0,34,38.0,34,35.00,0,ARCHIVED
295,TCVSJ38-45,Strike King Thunder Cricket - 3/8 oz / Blue Glimmer,Bladed Jigs,Strike King,1290.0,100,12.9,75,13.99,0,ACTIVE
296,HR5-10,"Hellraizer - 5"" / Purple Death",Walking Baits,Z-Man Fishing Products,1289.14,86,14.99,47,14.99,222,ACTIVE
297,LB-FT,DEBO's Little Banger - Fire Tiger,Squarebill,MONSTERBASS,1279.02,128,9.99,102,9.00,0,ACTIVE
298,FJS-LG,Flak Jacket Rod Covers: Spinning & Casting - Spinning / Grey,Fishing Rod Accessories,MONSTERBASS,1276.65,129,9.9,51,9.95,0,ARCHIVED
299,FD65-6-2,Flat Daddy Flat Side Crank,Squarebill,13 Fishing,1274.84,145,8.79,125,8.99,316,ACTIVE
300,B8-JB-PERCH,Holo ShineR - Limited Edition: Green Perch,Jerkbaits,B8 Lab,1270.9,142,8.95,97,8.95,466,ACTIVE
301,FJC-RD,Flak Jacket Rod Covers: Spinning & Casting - Casting / Red,Fishing Rod Accessories,MONSTERBASS,1268.08,128,9.91,38,9.95,0,ARCHIVED
302,FJC-LG,Flak Jacket Rod Covers: Spinning & Casting - Casting / Grey,Fishing Rod Accessories,MONSTERBASS,1268.08,128,9.91,38,9.95,0,ARCHIVED
303,HYDPS5WGTS,Hyperlastics Dartprop Topwater Prop Bait - White Ghost-Silver,Topwater,A Band of Anglers,1262.42,158,7.99,10,7.99,0,ARCHIVED
304,JLD3-T005,JLD Series 3 Jerkbait - Black Scale,Jerkbaits,Baker Lures,1260.0,126,10.0,117,10.00,978,ACTIVE
305,BURNERC-38-5,Blade Burner | Colorado Spinnerbait - Sexy Cracks,Spinnerbaits,MONSTERBASS,1257.59,151,8.33,106,8.00,147,ACTIVE
306,PPS12-GS,Pacemaker Swim Jig - 1/2oz / Glimmer Shad,Swim Jigs,V&M Baits,1248.0,208,6.0,6,6.00,0,ACTIVE
307,FJC-CM,Flak Jacket Rod Covers: Spinning & Casting - Casting / Camo,Fishing Rod Accessories,MONSTERBASS,1244.96,126,9.88,52,9.95,0,ARCHIVED
308,HR5-01,"Hellraizer - 5"" / Snow",Walking Baits,Z-Man Fishing Products,1244.17,83,14.99,45,14.99,246,ACTIVE
309,TCVSJ12-832,Strike King Thunder Cricket - 1/2 oz / Black Widow,Bladed Jigs,Strike King,1238.9,110,11.26,99,13.99,39,ACTIVE
310,BURNERC-38-4,Blade Burner | Colorado Spinnerbait - Oneida Perch,Spinnerbaits,MONSTERBASS,1231.56,146,8.44,110,8.00,155,ACTIVE
311,STICKER-MERICA,"Red, White & MONSTERBASS Sticker",Stickers,MONSTERBASS,1226.0,613,2.0,68,2.00,540,ACTIVE
312,FJS-BK,Flak Jacket Rod Covers: Spinning & Casting - Spinning / Black,Fishing Rod Accessories,MONSTERBASS,1223.68,124,9.87,40,9.95,0,ARCHIVED
313,MB-INCISION-BUNDLE,Incision 69 - 6 Pack,Tackle Bundle,MONSTERBASS,1217.1,41,29.69,41,33.00,0,ARCHIVED
314,I62-23,Incision 62 Lipless Crankbait - Crawlicious,Lipless Crankbait,MONSTERBASS,1216.0,152,8.0,112,8.00,68,ACTIVE
315,CAS-3/8-CHT/WHT/GLD,Castaic Atlas Spinnerbait 3/8oz - Chartreuse White Gold Blade,Spinnerbaits,Castaic,1205.58,142,8.49,3,8.49,0,ARCHIVED
316,kids-1225,Create A Bait - Kid's Fishing Kit: December 2025,Subscription Box,MONSTERBASS,1202.95,59,20.39,52,20.00,-56,DRAFT
317,FJS-RD,Flak Jacket Rod Covers: Spinning & Casting - Spinning / Red,Fishing Rod Accessories,MONSTERBASS,1199.35,121,9.91,42,9.95,0,ARCHIVED
318,MB-RAGNAR-SS,The OG Ragnar – Limited Warehouse Find - Silver Shiner,Walking Baits,MONSTERBASS,1193.0,125,9.54,118,10.00,0,ARCHIVED
319,MM-54,Mad Max v3.0 - Sexy Cracks,Topwater,MONSTERBASS,1191.75,134,8.89,114,8.00,0,ARCHIVED
320,MB-ROLLO6-BULLG,September's Mystery Hard Bait,Unclassified,MONSTERBASS,1186.97,223,5.32,191,8.00,0,ACTIVE
321,MB-ROLLO6-BCRAW,Rollo 6 - Blue Craw,Crankbaits,MONSTERBASS,1181.36,151,7.82,100,8.00,32,ACTIVE
322,multispecies-quarterly,Multi-Species: Quarterly,Subscription Box,MONSTERBASS,1178.0,31,38.0,31,38.00,940,DRAFT
323,MIFJ-misc,Ike's Flip Out Jig - 3/4 oz. - Misc,Jig Heads,Missile Baits,1175.32,164,7.17,158,5.99,84,ACTIVE
324,HR5-08,"Hellraizer - 5"" / Ghost Shad",Walking Baits,Z-Man Fishing Products,1169.22,78,14.99,41,14.99,250,ACTIVE
325,GB-10,GRASSBURNER - Bluegill,Buzzbaits,MONSTERBASS,1152.0,64,18.0,49,18.00,37,ACTIVE
326,mb-kids-6,The Perfect Starter Fishing Kit for Kids! 🎁,Technique Specific Kit,MONSTERBASS,1151.09,55,20.93,50,24.99,36,ACTIVE
327,gold-paid-monthly-6,Gold Monthly Pass - 6 Months,Subscription Box,MONSTERBASS,1136.2,38,29.9,38,29.95,-76,ACTIVE
328,4BBLT592,Boom Boom Line Thru Swimbait - Sexy Minnow,Soft Swimbaits,Optimum Baits,1131.0,128,8.84,110,9.00,273,ACTIVE
329,gold-0524,Pond Hopper Box #245,Subscription Box,MONSTERBASS,1131.0,39,29.0,34,29.00,0,ACTIVE
330,KIT-AM-JIG,Jiggin'-N-America - 18 Piece Kit,Jigs,Luck-E-Strike,1129.87,113,10.0,102,16.99,0,ARCHIVED
331,112-WN-FLAG,Stars & Stripes Trucker Hat,Hats,MONSTERBASS,1128.0,46,24.52,43,25.00,0,ARCHIVED
332,LSBDW-LC-7-1,Mustad Arm Lock Double Willow Spinnerbait - Green & Chartreuse,Spinnerbaits,MONSTERBASS,1118.86,149,7.51,105,5.59,71,ACTIVE
333,BURNERC-38-3,Blade Burner | Colorado Spinnerbait - Morning Dawn,Spinnerbaits,MONSTERBASS,1117.68,135,8.28,94,8.00,161,ACTIVE
334,gold-paid-monthly-3,Gold Monthly Pass - 3 Months,Subscription Box,MONSTERBASS,1113.25,36,30.92,36,30.95,-84,ACTIVE
335,CL-BONE-XL,UV Moisture Wicking Sunshirt - XL,UV Protection,MONSTERBASS,1103.0,42,26.26,41,25.00,0,ARCHIVED
336,Gold-0724-NEW,Gold Series: monthly,Subscription Box,,1102.0,38,29.0,38,,,
337,FJC-BK,Flak Jacket Rod Covers: Spinning & Casting - Casting / Black,Fishing Rod Accessories,MONSTERBASS,1100.77,111,9.92,35,9.95,0,ARCHIVED
338,TCVSJ38-900,Strike King Thunder Cricket - 3/8 oz / Fire Craw,Bladed Jigs,Strike King,1100.18,83,13.26,71,13.99,79,ACTIVE
339,MB-GCARD-100,Gift Cards - $100 Gift Card,Gift Card,MONSTERBASS,1100.0,11,100.0,11,100.00,99965,ACTIVE
340,MB-ROLLO6-CBACK,Rollo 6 - Copper Black,Crankbaits,MONSTERBASS,1099.26,129,8.52,76,8.00,53,ACTIVE
341,MLF-GF-C,Greenfish Tackle Hammerhead Buzzbait - Chartreuse,Buzzbaits,Greenfish Tackle,1094.63,137,7.99,134,7.99,0,ARCHIVED
342,GP-PROTECT-2,Guaranteed Shipping Protection - Level 2,Protection,MONSTERBASS,1084.86,369,2.94,361,2.94,-447,ACTIVE
343,FLATLINE-34,Flatline - Ghost Sexy,Squarebill,MONSTERBASS,1082.89,134,8.08,109,8.00,137,ACTIVE
344,C-574F,"LUNKERSTICK Pro Series - Casting: 7'4"" Medium Heavy - Fast",Fishing Rod,MONSTERBASS,1079.65,7,154.24,4,159.95,-4,ACTIVE
345,HR5-02,"Hellraizer - 5"" / Matte Black",Walking Baits,Z-Man Fishing Products,1079.28,72,14.99,35,14.99,261,ACTIVE
346,FLATLINE-58,Flatline - Sleepover,Squarebill,MONSTERBASS,1075.8,132,8.15,100,8.00,132,ACTIVE
347,CH-BLK-GY-M,MONSTERBASS Nation Hat - Black,Hats,MONSTERBASS,1071.85,57,18.8,38,25.00,74,ACTIVE
348,STICKER-RETRO,Retro Logo Sticker,Stickers,MONSTERBASS,1068.0,534,2.0,11,2.00,0,ARCHIVED
349,PROSTAFF-0724,Platinum: ProStaff,InternalUseOnly,,1064.0,28,38.0,28,,,
350,platinum-0125-old,The Big Bass Box,Tackle Bundle,MONSTERBASS,1064.0,28,38.0,28,38.00,0,ARCHIVED
351,FHP55T517,Scott Martin Hollow Body Frog Popper,Topwater,LIVETARGET,1061.77,100,10.62,88,12.00,0,ARCHIVED
352,BB-110JERK-CLOWN,Banger 110 - Clown,Jerkbaits,Bruiser Baits,1060.82,118,8.99,37,8.99,232,ACTIVE
353,SBTJCRC-1/4,Today's Mystery Jig,Unclassified,SPRO,1055.98,350,3.02,311,5.99,0,ACTIVE
354,kids-0925,Create A Bait - Kid's Fishing Kit: September 2025,Subscription Box,MONSTERBASS,1055.36,52,20.3,45,20.00,-55,ACTIVE
355,BURNERC-38-6,Blade Burner | Colorado Spinnerbait - White/White,Spinnerbaits,MONSTERBASS,1052.58,126,8.35,80,8.00,171,ACTIVE
356,silver-0925-old,The Money Maker Box,Tackle Bundle,MONSTERBASS,1052.0,39,26.97,37,26.00,57,ACTIVE
357,KLO-5.2-3.0,Kalon O Blackout Spinning Reel - 5.2:1 Gear  Ratio - Size 3.0,Fishing Reel,13 Fishing,1049.85,15,69.99,14,69.99,0,ARCHIVED
358,BB-26,Vibemaster Blade Bait - Cylon,Blade Baits & Spoons,MONSTERBASS,1048.0,131,8.0,81,8.00,12,ACTIVE
359,BBL-MS,Death Rattle Lipless Crankbait - Magic Shad,Lipless Crankbait,Bruiser Baits,1043.61,116,9.0,43,8.99,75,ACTIVE
360,kids-0725,Create A Bait - Kid's Fishing Kit: July 2025,Subscription Box,MONSTERBASS,1040.0,52,20.0,38,20.00,-769,ACTIVE
361,4BBLT555,Boom Boom Line Thru Swimbait - Sexy Shad,Soft Swimbaits,Optimum Baits,1035.0,117,8.85,106,9.00,242,ACTIVE
362,MB-TPP-TFP-14,Tungsten Pro Pack - Texas Rig / Flipping - 1/4oz,Tungsten,MONSTERBASS,1032.4,142,7.27,117,8.00,94,ACTIVE
363,FLATLINE-54,Flatline - Sexy Cracks,Squarebill,MONSTERBASS,1025.82,126,8.14,78,8.00,408,ACTIVE
364,LCLAPC,Custom Lite 7' All Purpose Casting Rod,Fishing Rod,Lew's,1019.94,6,169.99,6,169.99,11,ACTIVE
365,BH-HELLBOY-MONEY,Hellboy - Money,Crankbaits,Basshik,1013.98,102,9.94,96,8.99,0,ARCHIVED
366,INCISION-35,Incision 69mm Lipless Crankbait - Ghost Shad,Lipless Crankbait,MONSTERBASS,1006.45,115,8.75,92,8.00,98,ACTIVE
367,60206,Buzz Frog - Watermelon,Topwater,Blitz Lures,1004.13,124,8.1,109,6.00,0,ARCHIVED
368,MB-GCARD-500,Gift Cards - $500 Gift Card,Gift Card,MONSTERBASS,1000.0,2,500.0,2,500.00,99996,ACTIVE
369,MB-GCARD-250,Gift Cards - $250 Gift Card,Gift Card,MONSTERBASS,1000.0,4,250.0,3,250.00,99995,ACTIVE
370,DAD25,Ultimate Dad Bundle,Tackle Bundle,MONSTERBASS,1000.0,5,200.0,5,200.00,89,DRAFT
371,FLATLINE-56,Flatline - Silver Shiner,Squarebill,MONSTERBASS,994.89,123,8.09,77,8.00,128,ACTIVE
372,MB-ROLLO6-SBSHAD,Rollo 6 - Silverback Shad,Crankbaits,MONSTERBASS,992.24,115,8.63,67,8.00,118,ACTIVE
373,MB-SEEKER6-BUNDLE,April's Mystery 6 Pack of Baits,Unclassified,MONSTERBASS,982.6,32,30.71,32,36.00,283,ARCHIVED
374,platinum-paid-monthly-6,Platinum Monthly Pass - Bass / 6 Months,Subscription Box,MONSTERBASS,973.75,25,38.95,25,38.95,-75,ACTIVE
375,SB-35,SquareBanger - Ghost Shad,Squarebill,MONSTERBASS,967.6,116,8.34,76,8.00,45,ACTIVE
376,B8-USS-BUNDLE,B8LAB Ultimate Strike Shad Bundle,Tackle Bundle,B8 Lab,967.25,47,20.58,45,22.85,44,ACTIVE
377,BBL-WS,Death Rattle Lipless Crankbait - Wild Shiner,Lipless Crankbait,Bruiser Baits,962.73,107,9.0,36,8.99,0,ACTIVE
378,ALSBDW-CW-7-1,Mustad Arm Lock Double Willow Spinnerbait - Chartreuse & White,Spinnerbaits,Mustad,961.59,122,7.88,107,5.49,25,ACTIVE
379,FTB3S610ML,"13 Fishing Fate Black Rod - 6'10"" ML Spinning Rod",Fishing Rod,13 Fishing,959.88,12,79.99,12,79.99,0,ACTIVE
380,B8-USS-LPERCH,Ultimate Strike Shad - Lazer Perch,Crankbaits,B8 Lab,957.65,107,8.95,33,8.95,249,ACTIVE
381,BMB-DS-2,Donkey Snacks - Green,Frogs,Bucketmouth Brand,950.35,105,9.05,56,7.00,0,ACTIVE
382,SMX30XPT.BX3,Smoke X Pt 30 Sz Spinning Reel 8+1,Fishing Reel,Quantum,948.0,12,79.0,11,79.00,0,DRAFT
383,TH-A10-3,A10 Square Bill - 3 Pack,Tackle Bundle,"ThunderHawk, Inc",944.0,36,26.22,36,28.00,0,DRAFT
384,PT-PF2,2026 Popping Frog - Product Testing - Yellow,Frogs,Brand X,943.95,105,8.99,54,8.99,0,ARCHIVED
385,MB-HAT-MB-ORANGE-BLK,The OG,Hats,MONSTERBASS,940.0,47,20.0,47,25.00,35,ACTIVE
386,CH-QRY-BL-M,MONSTERBASS Nation Hat - Gray,Hats,MONSTERBASS,938.75,103,9.11,88,25.00,17,ACTIVE
387,gold-1025,Gold Monthly: October 2025 - 1 Month,Subscription Box,,934.86,28,33.39,28,,,
388,MB-TPP-CR,Tungsten Pro Pack - Carolina Rig,Tungsten,MONSTERBASS,926.0,125,7.41,90,8.00,767,ACTIVE
389,I62-10,Incision 62 Lipless Crankbait - Bluegill,Lipless Crankbait,MONSTERBASS,920.0,115,8.0,96,8.00,0,ACTIVE
390,MB-AMZ-MULTI,"MONSTERBASS Mystery Fishing Tackle Box - Multi-Species Fishing Tackle Box with Professional Bass, Panfish, Trout, and Pike Lures, Premium Fishing Gifts for Men & Freshwater Anglers",,,919.77,23,39.99,21,,,
391,mb-subscription-230110,November 2023 - Platinum Series,Subscription Box,MONSTERBASS,912.0,24,38.0,6,38.00,0,ARCHIVED
392,INCISION-7,Incision 69mm Lipless Crankbait - Blue Chrome,Lipless Crankbait,MONSTERBASS,911.25,105,8.68,89,8.00,115,ACTIVE
393,JSPECGC,Dynamic Lures J-Spec Jerkbait,Jerkbaits,Dynamic Lures,910.85,115,7.92,109,7.99,424,ACTIVE
394,PATRIOT-20,The Patriot v3.0 - Cracked,Walking Baits,MONSTERBASS,909.7,88,10.34,57,10.00,0,ACTIVE
395,HOPPER55-FLDCRT,Hopper 55 - Field Cricket,Popper,Raptor Lures,908.7,130,6.99,1,6.99,0,ARCHIVED
396,B8-JB-WHITE,Holo ShineR - Bone,Jerkbaits,B8 Lab,903.95,101,8.95,55,8.95,549,ACTIVE
397,112-HG-FLAG,Stars & Stripes Hat,Hats,MONSTERBASS,900.0,38,23.68,35,25.00,0,ARCHIVED
398,ULTIMATE-ICE,The Ultimate ICE Fishing Kit,Tackle Bundle,MONSTERBASS,900.0,15,60.0,15,60.00,34,ACTIVE
399,MB720TT,"David Dudley Signature Series Rods - Spinning: 7'2"" Medium",,,900.0,10,90.0,10,,,
400,BBL-BS,Death Rattle Lipless Crankbait - Blue Shiner,Lipless Crankbait,Bruiser Baits,899.76,100,9.0,29,8.99,191,ACTIVE
401,mb-subscription-23706,Weekend Warriors Tackle Box,Subscription Box,MONSTERBASS,899.0,31,29.0,31,29.00,0,ARCHIVED
402,POP-106-AMIGOWOOD-MINT-2,10'6 Amigo Wood - Geometric,,Backcountry Sportsman,899.0,1,899.0,1,899.00,50040,ARCHIVED
403,B8-JB-PURPLE,Holo ShineR - Grape,Jerkbaits,B8 Lab,895.0,100,8.95,57,8.95,506,ACTIVE
404,MB-HHEAD-BGILL,Hammerhead Squarebill – Alex Rudd Edition - Bluegill,Squarebill,MONSTERBASS,889.16,99,8.98,77,8.00,0,ARCHIVED
405,PATRIOT-11,The Patriot v3.0 - Bone,Walking Baits,MONSTERBASS,883.76,86,10.28,51,10.00,49,ACTIVE
406,BURNERC-38-2,Blade Burner | Colorado Spinnerbait - Chartreuse/White,Spinnerbaits,MONSTERBASS,883.66,106,8.34,73,8.00,193,ACTIVE
407,BMB02FA527,Bomber Flat A - Muddy Craw,Crankbaits,Bomber Lures,880.72,128,6.88,121,6.99,469,ACTIVE
408,TCVSJ12-465,Strike King Thunder Cricket - 1/2 oz / Green Pumpkin,Bladed Jigs,Strike King,879.33,67,13.12,48,13.99,143,ACTIVE
409,kids-1025,Create A Bait - Kid's Fishing Kit: October 2025,Subscription Box,MONSTERBASS,879.16,43,20.45,40,20.00,-43,DRAFT
410,BURNERD-38-6,Blade Burner | Double Willow Spinnerbait - 3/8oz / White/White,Spinnerbaits,MONSTERBASS,877.0,105,8.35,66,8.00,0,ACTIVE
411,R1175-UVWS,Hardcore Noi-Z Jr - Smelt,Walking Baits,Yo-Zuri,875.31,82,10.67,24,10.99,211,ACTIVE
412,kids-1125,Create A Bait - Kid's Fishing Kit: November 2025,Subscription Box,MONSTERBASS,875.28,44,19.89,40,20.00,-44,ARCHIVED
413,CH-CAM-GY-M,Camo MONSTERBASS Nation Hat,Hats,MONSTERBASS,871.0,57,15.28,55,25.00,58,ACTIVE
414,WPL75/28,Whopper Plopper - 75 / Bluegill,Topwater,River2Sea,867.38,62,13.99,52,14.99,0,ARCHIVED
415,kids-0825,Create A Bait - Kid's Fishing Kit: August 2025,Subscription Box,MONSTERBASS,862.97,43,20.07,41,20.00,-44,ACTIVE
416,INCISION-22,Incision 69mm Lipless Crankbait - Candy Apple Craw,Lipless Crankbait,MONSTERBASS,862.3,99,8.71,77,8.00,118,ACTIVE
417,kids-1224,Create A Bait - Kid's Fishing Kit,Subscription Box,MONSTERBASS,860.0,43,20.0,31,0.00,0,ARCHIVED
418,JLD3-P001,JLD Series 3 Jerkbait - Silver Back,Jerkbaits,Baker Lures,853.71,97,8.8,80,10.00,222,ACTIVE
419,multi-1024,Platinum - Bass & Panfish 12 Month: October 2024,Subscription Box,MONSTERBASS,852.0,88,9.68,88,39.00,0,ARCHIVED
420,PATRIOT-35,The Patriot v3.0 - Ghost Shad,Walking Baits,MONSTERBASS,849.8,83,10.24,57,10.00,0,ACTIVE
421,MB-HHEAD-SSHAD,Hammerhead Squarebill – Alex Rudd Edition - Summer Shad,Squarebill,MONSTERBASS,844.74,94,8.99,76,8.00,0,ARCHIVED
422,BMFW7-MM,Flow Worm | BASSMOOCH - Matt's Money,Worms,Bassmooch,840.61,240,3.5,212,5.99,411,ACTIVE
423,SR30A,Quantum Strategy SR30A Spinning Reel,Fishing Reel,Quantum,836.77,24,34.87,18,34.99,0,ARCHIVED
424,CH-BLK-OR-M,Black MONSTERBASS Nation Hat,Hats,MONSTERBASS,830.4,50,16.61,50,25.00,60,ACTIVE
425,GB-14,GRASSBURNER - Black Chartreuse,Buzzbaits,MONSTERBASS,828.0,46,18.0,37,18.00,68,ACTIVE
426,MB-HHEAD-SCRAW,Hammerhead Squarebill – Alex Rudd Edition - Spring Craw,Squarebill,MONSTERBASS,822.87,95,8.66,79,8.00,0,ARCHIVED
427,USJ786-38-BCW-1,Mustad 3/8 oz Underspin Shad - Blue/Chartreuse/White,Jig Heads,Parts Unknown,817.77,258,3.17,176,2.49,421,ACTIVE
428,FLATLINE-14,Flatline - Chartreuse Black Back,Squarebill,MONSTERBASS,811.88,100,8.12,61,8.00,170,ACTIVE
429,MB-HHEAD-CBB,Hammerhead – Alex Rudd Edition - Charteuse Black Back,Squarebill,MONSTERBASS,809.29,90,8.99,72,8.00,0,ARCHIVED
430,MB-HHEAD-CMONSTER,Hammerhead – Alex Rudd Edition - Craw Monster,Squarebill,MONSTERBASS,809.27,90,8.99,76,8.00,0,ARCHIVED
431,S12-43,Seeker 12 - LIMITED EDITION: Orange Julius,Crankbaits,MONSTERBASS,804.75,73,11.02,53,10.00,57,ACTIVE
432,1642-010,Fatso Pig,Grubs,GRANDEBASS,803.85,115,6.99,1,6.99,226,ACTIVE
433,rod-test-split,Free Gift Voucher - Fishing Rod Casting Combo,InternalUseOnly,,799.95,5,159.99,5,,,
434,OLS731MH40,OL' Salty Spinning Combo - Ol' Salty 7'3 MH spinning combo w/ 4000 Reel,Rod & Reel Combo,Favorite Fishing,794.93,7,113.56,5,149.99,504,ACTIVE
435,mb-subscription-1223-platinum,The Dark Horse Box,Subscription Box,MONSTERBASS,792.99,21,37.76,21,32.99,0,ARCHIVED
436,USJ786-38-SB-1,Mustad 3/8 oz Underspin Shad - Shad,Jig Heads,Mustad,789.82,222,3.56,116,2.99,0,ACTIVE
437,BB-DEF-GS,Defender Squarebill - Ghost Shad,Squarebill,Bruiser Baits,789.14,88,8.97,13,8.99,0,ARCHIVED
438,B8-JB-BLUEGILL,Holo ShineR - Bluegill,Jerkbaits,B8 Lab,787.6,88,8.95,45,8.95,447,ACTIVE
439,44FINSWIM-04,"Finesse Swimmer - 4.4"" / Tennessee Shad",Soft Swimbaits,Big Bite Baits,784.69,131,5.99,2,5.99,0,ARCHIVED
440,CBJH38-17,Z-Man ChatterBait JackHammer - 3/8oz / Spring Craw,Bladed Jigs,Z-Man Fishing Products,783.51,49,15.99,31,15.99,0,ACTIVE
441,MLF-215,6th Sense Crush Squarebill,Squarebill,6th Sense Fishing,778.3,85,9.16,75,9.95,0,ARCHIVED
442,TCVSJ38-288,Strike King Thunder Cricket - 3/8 oz / Mouse,Bladed Jigs,Strike King,776.42,58,13.39,43,13.99,0,ACTIVE
443,GB-76,GRASSBURNER - Chartreuse & White,Buzzbaits,MONSTERBASS,774.0,43,18.0,35,18.00,105,ACTIVE
444,multi-0924,Platinum - Bass & Panfish 3 Month: September 2024,Subscription Box,MONSTERBASS,772.95,76,10.17,76,39.00,0,ARCHIVED
445,SB-10,SquareBanger - Bluegill,Squarebill,MONSTERBASS,770.73,93,8.29,76,8.00,43,ACTIVE
446,112P-CAMO-FLAG,Stars & Stripes Camo,Hats,MONSTERBASS,768.0,32,24.0,17,25.00,0,ARCHIVED
447,FLATLINE-22,Flatline - Candy Apple Craw,Squarebill,MONSTERBASS,767.84,94,8.17,64,8.00,170,ACTIVE
448,BB-38,Vibemaster Blade Bait - Gold Dust,Blade Baits & Spoons,MONSTERBASS,760.0,95,8.0,54,8.00,82,ACTIVE
449,QT-SWB-LGSILVER,Large Switch Blade - Silver,Blade Baits & Spoons,Queen Tackle,755.06,320,2.36,97,3.99,0,ACTIVE
450,MM-46,Mad Max v3.0 - Money Gill,Topwater,MONSTERBASS,753.46,88,8.56,72,8.00,0,ARCHIVED
451,gold-0724,July 2024 - Gold,Subscription Box,MONSTERBASS,750.0,30,25.0,28,26.00,0,ARCHIVED
452,MISC-XRM,March's Mystery Jerkbait,Unclassified,Reaction Strike,748.5,150,4.99,142,8.00,450,ACTIVE
453,QT-SWB-LGGOLD,Large Switch Blade - Gold,Blade Baits & Spoons,Queen Tackle,747.64,320,2.34,117,3.99,187,ACTIVE
454,KF-FREAK-INDIGLO,KCL Freak 1.5 Squarebill - Indiglo Bone,Squarebill,Kingfisher Custom Lures,743.89,89,8.36,81,8.00,372,ACTIVE
455,SB-54,SquareBanger - Sexy Cracks,Squarebill,MONSTERBASS,742.69,89,8.34,68,8.00,75,ACTIVE
456,PATRIOT-3,The Patriot v3.0 - Black Mamba,Walking Baits,MONSTERBASS,738.81,72,10.26,52,10.00,16,ACTIVE
457,sku-51979285430588,"**NEW** Heater Body Suit Xtreme Realtree Edge - Large (5'8"" - 6')",Clothing,Killz Products,738.0,2,369.0,2,369.00,183,ACTIVE
458,MB-TFJ-38-BB,Tungsten Football Jig - Black & Blue,Football Jigs,MONSTERBASS,736.8,125,5.89,74,6.00,116,ACTIVE
459,mb-subscription-230106,October 2023 - Gold Series,Subscription Box,MONSTERBASS,734.0,25,29.36,25,26.00,0,ARCHIVED
460,QT-SWB-LGBLACK,Large Switch Blade - Black,Blade Baits & Spoons,Queen Tackle,730.74,311,2.35,110,3.99,245,ACTIVE
461,JLEESP30,Jordan Lee Spinning Reel,Fishing Reel,Abu G,729.6,8,91.2,7,99.95,0,ARCHIVED
462,VF-JERK100-BLKJACK,Herky Jerky - Black Jack,Jerkbaits,Vicious Fishing,727.28,82,8.87,77,8.99,0,ACTIVE
463,LH-Bundle1,Lunkerhunt Topwater Extravaganza,Tackle Bundle,Lunkerhunt,720.0,20,36.0,18,36.00,0,DRAFT
464,misc-zgoat,July's Member Exclusive Z-Man Baits,,,717.6,240,2.99,225,,,
465,PATRIOT-24,The Patriot v3.0 - LIMITED EDITION: Creamsicle,Walking Baits,MONSTERBASS,716.75,57,12.57,47,12.00,81,ACTIVE
466,mb-ragnar-ss,July's Member Exclusive Topwater Bait,Unclassified,,712.81,119,5.99,118,,,
467,FJ6,Hendrix Fishing Voodoo Frog - Green,Frogs,Hendrix Fishing,711.75,65,10.95,38,7.00,0,ACTIVE
468,BDTRK303,Rackit Squarebill,Squarebill,Bandit,711.11,89,7.99,84,7.99,0,DRAFT
469,BB-DEF-CBB,Defender Squarebill - Chartreuse Black Back,Squarebill,Bruiser Baits,709.22,79,8.98,5,8.99,0,ARCHIVED
470,HOPPER55-GRSHPR,Hopper 55 - Grasshopper,Popper,Raptor Lures,708.58,142,4.99,3,4.99,0,ARCHIVED
471,MB-GCARD-50,Gift Cards - $50 Gift Card,Gift Card,MONSTERBASS,700.0,14,50.0,14,50.00,99963,ACTIVE
472,SB-14,SquareBanger - Chartreuse Black Back,Squarebill,MONSTERBASS,695.76,84,8.28,57,8.00,80,ACTIVE
473,BB-22,Vibemaster Blade Bait - Red Craw,Blade Baits & Spoons,MONSTERBASS,688.0,86,8.0,48,8.00,98,ACTIVE
474,BURNERD-12-1,Blade Burner | Double Willow Spinnerbait - 1/2oz / Chad Spawn,Spinnerbaits,MONSTERBASS,687.0,79,8.7,62,8.00,0,ACTIVE
475,GP-PROTECT-4,Guaranteed Shipping Protection - Level 4,Protection,MONSTERBASS,686.0,140,4.9,132,4.90,-154,ACTIVE
476,MB-TFJ-38-PBJ,Tungsten Football Jig - Peanut Butter & Jelly,Football Jigs,MONSTERBASS,682.5,114,5.99,69,6.00,25,ACTIVE
477,CL-BONE-L,UV Moisture Wicking Sunshirt - L,UV Protection,MONSTERBASS,679.0,24,28.29,23,25.00,0,ARCHIVED
478,MB-SHHEAD-PERP,Hammerhead Squarebill – Alex Rudd Edition - Perp,Squarebill,MONSTERBASS,676.07,80,8.45,65,8.00,0,ARCHIVED
479,MBVJ-3700,The Vault - Jig & Bladed Jig Box,Tackle Bags & Boxes,MONSTERBASS,673.75,26,25.91,24,25.95,121,ACTIVE
480,VF-CRANK4-BLUE,MC65 Series 4 - Bluegill,Crankbaits,Vicious Fishing,672.27,75,8.96,71,8.99,0,ACTIVE
481,silver-0325-old,Z-Man JackHammer Finesse Box,Tackle Bundle,MONSTERBASS,672.0,28,24.0,25,24.00,-1,ACTIVE
482,INCISION-30,Incision 69mm Lipless Crankbait - Ghost Blue,Lipless Crankbait,MONSTERBASS,664.05,76,8.74,64,8.00,137,ACTIVE
483,MB-LL68-CMONSTER,Incision 69 Lipless - Craw Monster,Lipless Crankbait,MONSTERBASS,663.43,77,8.62,19,8.99,0,ARCHIVED
484,MM-45,Mad Max v3.0 - Midnight Run,Topwater,MONSTERBASS,661.58,78,8.48,65,8.00,0,ARCHIVED
485,DEW-45-XL,THE Tee (L-XL) - XL,Apparel,MONSTERBASS,660.0,33,20.0,32,20.00,0,ARCHIVED
486,MB-HAT-112-RETROBLACK,Retro Logo Hat,Hats,MONSTERBASS,660.0,33,20.0,33,20.00,0,ARCHIVED
487,sku-46021792530688,Cowboy Bull Cutter Knives – Custom Handmade Damascus Steel Blade,cowboy belt knives,Texan Knives,660.0,6,110.0,6,110.00,0,ARCHIVED
488,MB-MCRANK-46-CRACKED,Seeker 6 v1.0 - Cracked,Crankbaits,,659.24,88,7.49,29,,,
489,INCISION-39,Incision 69mm Lipless Crankbait - Green Gill,Lipless Crankbait,MONSTERBASS,658.9,75,8.79,66,8.00,35,ACTIVE
490,Ragnar-11,Ragnar - Bone,Walking Baits,MONSTERBASS,655.58,53,12.37,36,10.00,0,ARCHIVED
491,60,Hendrix Fishing Voodoo Frog - White,Frogs,Hendrix Fishing,655.2,62,10.57,34,7.00,420,ACTIVE
492,MM-40,Mad Max v3.0 - Green Sexy,Topwater,MONSTERBASS,654.49,76,8.61,61,8.00,0,ARCHIVED
493,FLATLINE-23,Flatline - Crawlicious,Squarebill,MONSTERBASS,652.95,81,8.06,52,8.00,181,ACTIVE
494,MBVS-3700,The Vault - Crankbait & Jerkbait Box,Tackle Bags & Boxes,MONSTERBASS,647.8,25,25.91,22,25.95,359,ACTIVE
495,MBVCB-3700,The Vault - Spinnerbait Box,Tackle Bags & Boxes,MONSTERBASS,647.8,25,25.91,24,25.95,391,ACTIVE
496,LH-Bundle3,Lunkerhunt Hard Bait Bundle,Tackle Bundle,Lunkerhunt,640.0,22,29.09,21,30.00,0,ARCHIVED
497,CSPS,"Custom Speed Stick 6'10"" Casting - Soft Plastic Rod",,,639.96,4,159.99,2,,,
498,TS115-4,Ark Topwater Slider - 4 Pack,Tackle Bundle,Ark Fishing,639.7,25,25.59,25,29.95,110,DRAFT
499,TMM-35,Money Maker - Ghost Shad,Crankbaits,MONSTERBASS,639.0,71,9.0,44,9.00,8,ACTIVE
500,MM-7,Mad Max v3.0 - Blue Chrome,Topwater,MONSTERBASS,638.54,75,8.51,62,8.00,0,ARCHIVED
501,VF-FROG-4,Vicious Pad Runner 4 Pack,Frogs,Vicious Fishing,637.46,25,25.5,24,26.97,61,ACTIVE
502,STICKER-RDF,I'd Rather Be Fishing Sticker,Stickers,MONSTERBASS,636.0,318,2.0,40,2.00,0,ARCHIVED
503,BURNERD-38-5,Blade Burner | Double Willow Spinnerbait - 3/8oz / Sexy Cracks,Spinnerbaits,MONSTERBASS,631.6,76,8.31,55,8.00,0,ACTIVE
504,MB-LL68-BCHROME,Incision 69 Lipless - Blue Chrome,Lipless Crankbait,MONSTERBASS,630.67,73,8.64,18,8.99,0,ARCHIVED
505,SS4500-GM-DEW-XL,"Limited Edition MB Hoodie (L, XL, 3X) - XL",Hoodies & Outerwear,MONSTERBASS,630.0,18,35.0,17,30.00,0,ARCHIVED
506,ICBM120/08,River2Sea ICBM Glide Bait - Bone,Swimbaits,River2Sea,625.9,80,7.82,60,7.99,0,ARCHIVED
507,1701-01,GRANDEBASS Sticker,Stickers,GRANDEBASS,616.0,308,2.0,31,2.00,1519,ACTIVE
508,INDIANA-1,Hoosier Daddy - Chad Spawn,Spinnerbaits,MONSTERBASS,616.0,77,8.0,56,8.00,69,ACTIVE
509,GB-59,GRASSBURNER - Shad,Buzzbaits,MONSTERBASS,612.0,34,18.0,22,18.00,78,ACTIVE
510,SRW01F65-6,Bucket Get'R Frog - Jack,Frogs,Bucketmouth Brand,611.53,75,8.15,47,7.00,145,ACTIVE
511,MB-MCRANK-8-TSHAD,Seeker 8 - Threadfin Shad,Crankbaits,MONSTERBASS,609.81,71,8.59,11,8.99,0,ARCHIVED
512,BURNERD-12-6,Blade Burner | Double Willow Spinnerbait - 1/2oz / White/White,Spinnerbaits,MONSTERBASS,609.0,73,8.34,36,8.00,115,ACTIVE
513,MB-NEDEWG-BLKBL-316,Sabertooth EWG Ned Heads - 3/16oz / Black & Blue,Jigs,MONSTERBASS,605.36,184,3.29,89,3.29,0,ARCHIVED
514,BMB-DS-1,Donkey Snacks - White,Frogs,Bucketmouth Brand,602.8,76,7.93,76,7.00,8,ACTIVE
515,799787440283,Loaded Dice - Root Beer,Finesse Baits,3 Brothers Baits,597.54,46,12.99,45,12.99,44,ACTIVE
516,MB-TFW-34-2,Tungsten Flipping Weights - 3/4oz - 2 pack,Tungsten,MONSTERBASS,595.0,70,8.5,48,8.50,0,ARCHIVED
517,6965525_8749,MONSTER/BASS Trucker Cap - Brown/ Khaki,Hats,MONSTERBASS.,594.0,27,22.0,26,25.00,9972,ACTIVE
518,BB-BDAWG-CRAW,Bruiser Cruiser Crankbait - Craw,Crankbaits,Bruiser Baits,593.34,66,8.99,14,8.99,111,ACTIVE
519,MB-HHEAD-SUNNYB,Hammerhead – Alex Rudd Edition - Sunny B,Squarebill,MONSTERBASS,592.55,66,8.98,45,8.00,0,ARCHIVED
520,STICKER-KC,Keep Cranking Sticker,Stickers,MONSTERBASS,590.0,295,2.0,13,2.00,0,ARCHIVED
521,BB1-HCCW,Balsa B Squarebill - Hot Claw Crawdad,Squarebill,Bagley,587.05,59,9.95,21,9.95,0,ARCHIVED
522,60204,Buzz Frog - Brown Rattler,Topwater,Blitz Lures,584.53,74,7.9,56,6.00,0,ARCHIVED
523,gold-1125,Gold Monthly: November 2025 - 1 Month,Subscription Box,,582.92,20,29.15,20,,,
524,sticker-rockon,Fish On,Stickers,MONSTERBASS,582.0,291,2.0,16,2.00,0,ARCHIVED
525,MB-TPP-TFP-38,Tungsten Pro Pack - Texas Rig / Flipping - 3/8oz,Tungsten,MONSTERBASS,578.0,77,7.51,61,8.00,124,ACTIVE
526,S6-8,Seeker 6 - Blue Craw,Crankbaits,MONSTERBASS,577.42,70,8.25,64,8.00,106,ACTIVE
527,GB-11,GRASSBURNER - Bone,Buzzbaits,MONSTERBASS,576.0,32,18.0,23,18.00,85,ACTIVE
528,CBSB12-05,Jack Hammer Stealth Blade - Spot Remover / 1/2oz,Bladed Jigs,Z-Man Fishing Products,575.89,36,16.0,21,15.99,122,ACTIVE
529,SMX101HPT.BX2,Smoke X 100 Hpt LH Baitcast Reel 8+1,Fishing Reel,Quantum,574.94,6,95.82,5,99.99,0,DRAFT
530,RLHG-MISC,The Hand Grenade,Topwater,Raptor Lures,573.8,34,16.88,30,15.99,0,ARCHIVED
531,OLS731M30,OL' Salty Spinning Combo - Ol' Salty 7'3 Medium spinning combo w/ 3000 Reel,Rod & Reel Combo,Favorite Fishing,569.95,5,113.99,5,149.99,663,ACTIVE
532,MB-LL68-CRAWLIC,Incision 69 Lipless - Crawlicious,Lipless Crankbait,MONSTERBASS,568.94,66,8.62,11,8.99,0,ARCHIVED
533,I62-22,Incision 62 Lipless Crankbait - Candy Apple Craw,Lipless Crankbait,MONSTERBASS,568.0,71,8.0,57,8.00,0,ACTIVE
534,I62-7,Incision 62 Lipless Crankbait - Blue Chrome,Lipless Crankbait,MONSTERBASS,568.0,71,8.0,55,8.00,0,ACTIVE
535,I62-54,Incision 62 Lipless Crankbait - Sexy Cracks,Lipless Crankbait,MONSTERBASS,568.0,71,8.0,60,8.00,0,ACTIVE
536,I62-38,Incision 62 Lipless Crankbait - Gold Dust,Lipless Crankbait,MONSTERBASS,568.0,71,8.0,60,8.00,0,ACTIVE
537,MB-JERKBAIT-PERCH,The Original Slick Stick 110 Jerkbait,Jerkbaits,MONSTERBASS,568.0,71,8.0,66,8.00,0,ARCHIVED
538,MB-TFJ-38-CAMOC,Tungsten Football Jig - Camo Craw,Football Jigs,MONSTERBASS,567.0,95,5.97,62,6.00,188,ACTIVE
539,BURNERD-12-3,Blade Burner | Double Willow Spinnerbait - 1/2oz / Morning Dawn,Spinnerbaits,MONSTERBASS,560.0,68,8.24,37,8.00,24,ACTIVE
540,ICBM120/04,River2Sea ICBM Glide Bait - Mullet Shad,Swimbaits,River2Sea,559.39,61,9.17,26,7.99,0,ARCHIVED
541,FGLT404,Froglet - Bluegill,Topwater,Lunkerhunt,558.0,62,9.0,3,9.00,0,ARCHIVED
542,TMM-39,Money Maker - Green Gill,Crankbaits,MONSTERBASS,558.0,62,9.0,36,9.00,28,ACTIVE
543,SB-22,SquareBanger - Candy Apple Craw,Squarebill,MONSTERBASS,557.78,67,8.33,55,8.00,84,ACTIVE
544,silver-0825-old,The Shoreline Strike Box,Tackle Bundle,MONSTERBASS,552.0,23,24.0,22,24.00,34,ACTIVE
545,MB-SHIRT-RR-BLKH-L,Epic Eric's River Rat Tee - L,Shirts,MONSTERBASS,550.0,32,17.19,19,20.00,33,ACTIVE
546,MB-SS99-GBLACK,Slick Stick 99 - old packaging - Ghost Pro Black,Jerkbaits,MONSTERBASS,543.41,65,8.36,19,7.00,0,ARCHIVED
547,VF-BEAVER-01-06,Angry Beaver - Talapia,Craws & Creatures,Vicious Fishing,543.27,226,2.4,77,1.49,0,ACTIVE
548,BURNERD-38-3,Blade Burner | Double Willow Spinnerbait - 3/8oz / Morning Dawn,Spinnerbaits,MONSTERBASS,542.0,65,8.34,34,8.00,12,ACTIVE
549,BMB-DS-4,Donkey Snacks - Black,Frogs,Bucketmouth Brand,541.65,66,8.21,61,7.00,0,ACTIVE
550,S6-43,Seeker 6 - Orange Julius,Crankbaits,MONSTERBASS,541.42,56,9.67,35,10.00,123,ACTIVE
551,MB-GCARD-20,Gift Cards - $20 Gift Card,Gift Card,MONSTERBASS,540.0,27,20.0,27,20.00,9944,ACTIVE
552,MB-NEDEWG-GREENP-18,Sabertooth EWG Ned Heads - 1/8oz / Green Pumpkin,Jigs,MONSTERBASS,536.27,163,3.29,64,3.29,0,ARCHIVED
553,sticker-dead2,Deadliest Catch Part 2,Stickers,MONSTERBASS,536.0,268,2.0,13,2.00,0,ARCHIVED
554,BEET03,Battle Beetle - Timber,Craws & Creatures,Lunkerhunt,535.47,54,9.92,53,9.99,0,ARCHIVED
555,VF-JERK100-SEXY,Herky Jerky - Sexy,Jerkbaits,Vicious Fishing,534.45,60,8.91,57,8.99,0,ACTIVE
556,SSPOP-10022,SteelShad Topwater Popper - Green,Topwater,SteelShad,531.0,59,9.0,59,9.00,0,ARCHIVED
557,KF-FREAK-PWHITE,KCL Freak 1.5 Squarebill - Pearl White,Squarebill,Kingfisher Custom Lures,528.13,96,5.5,88,8.00,1001,ACTIVE
558,I62-35,Incision 62 Lipless Crankbait - Ghost Shad,Lipless Crankbait,MONSTERBASS,528.0,66,8.0,57,8.00,0,ACTIVE
559,CBSB38-05,Jack Hammer Stealth Blade - Spot Remover / 3/8oz,Bladed Jigs,Z-Man Fishing Products,527.91,33,16.0,16,15.99,72,ACTIVE
560,Sticker-Coors,Coors Sticker,Stickers,MONSTERBASS,526.0,263,2.0,12,2.00,8,ACTIVE
561,MB-MCRANK-8-CRAWLIC,Seeker 8 - Crawlicious,Crankbaits,MONSTERBASS,524.21,60,8.74,20,8.99,0,ARCHIVED
562,SS3PACK-10195,Pro Series - 3 Pack - Green Bass Pack,Tackle Bundle,SteelShad,523.81,31,16.9,31,19.99,0,ARCHIVED
563,BB-70,Vibemaster Blade Bait - Purple Haze,Blade Baits & Spoons,MONSTERBASS,520.0,65,8.0,39,8.00,0,ACTIVE
564,FACESHIELD-M,UPF 50+ Face Shield,UV Protection,MONSTERBASS,520.0,52,10.0,9,10.00,0,DRAFT
565,I62-70,Incision 62 Lipless Crankbait - Purple Haze,Lipless Crankbait,MONSTERBASS,520.0,65,8.0,59,8.00,0,ACTIVE
566,GP-PROTECT-5,Guaranteed Shipping Protection - Level 5,Protection,MONSTERBASS,517.44,66,7.84,66,7.84,-70,ACTIVE
567,MB-LL68-GBLUE,Incision 69 Lipless - Ghost Blue,Lipless Crankbait,MONSTERBASS,516.6,60,8.61,11,8.99,0,ARCHIVED
568,BURNERD-38-1,Blade Burner | Double Willow Spinnerbait - 3/8oz / Chad Spawn,Spinnerbaits,MONSTERBASS,515.0,61,8.44,40,8.00,34,ACTIVE
569,INCISION-23,Incision 69mm Lipless Crankbait - Crawlicious,Lipless Crankbait,MONSTERBASS,514.75,59,8.72,46,8.00,159,ACTIVE
570,TCVSJ12-453,Strike King Thunder Cricket - 1/2 oz / Olive Shad,Bladed Jigs,Strike King,514.62,38,13.54,30,13.99,72,ACTIVE
571,MB-SHIRT-RR-BLKH-XL,Epic Eric's River Rat Tee - XL,Shirts,MONSTERBASS,514.0,28,18.36,14,20.00,26,ACTIVE
572,REYE38CW-3,Red Eye Special Spinnerbait,Spinnerbaits,Strike King,510.27,73,6.99,63,6.99,0,DRAFT
573,MB-WINDB-CLASSIC-L-BLKCAMO,Lightweight Water Resistant Jacket - L / Black Camo,Hoodies & Outerwear,MONSTERBASS,510.0,17,30.0,16,30.00,0,ARCHIVED
574,1630-270,"6.5"" Airtail Wiggler - Black Blue Flake",Worms,GRANDEBASS,509.77,73,6.98,8,6.99,651,ACTIVE
575,VF-BEAVER-06-06,Angry Beaver - Green Pumpkin Blue Swirl,Craws & Creatures,Vicious Fishing,509.3,219,2.33,105,1.49,0,ACTIVE
576,MB-MCRANK-46-CMONSTER,Seeker 6 v1.0 - Craw Monster,Crankbaits,,508.0,67,7.58,21,,,
577,112-BLK-SUN,Rise & Shine Hat - Black,Hats,MONSTERBASS,506.0,23,22.0,23,25.00,22,ACTIVE
578,SB-17,SquareBanger - Citrus Shad,Squarebill,MONSTERBASS,505.74,60,8.43,41,8.00,112,ACTIVE
579,TMM-63,Money Maker - Threadfin Shad,Crankbaits,MONSTERBASS,504.0,56,9.0,28,9.00,31,ACTIVE
580,TS115-12,Ark Topwater Slider - Black Blue,Topwater,Ark Fishing,503.89,56,9.0,56,8.99,0,ARCHIVED
581,FJ1,Hendrix Fishing Voodoo Frog - Black,Frogs,Hendrix Fishing,503.7,46,10.95,20,7.00,0,ACTIVE
582,sku-50188769788201,Wild Game Processors – 6-Piece Damascus Steel Knife Set with Buffalo Horn Handles - Buffalo horn handle Set,Damascus Knife,KBS Knives Store,500.0,2,250.0,2,250.00,2,ACTIVE
583,KFK-SUPER-FBM,"MONSTERBASS Kids Fishing Gear Set - Lure Making Kit for Beginners, Includes Bait Bag, Lure Blanks to Paint, Paint Kit & Brushes, Guidebook & Stickers - Creative Fishing Gear for Kids",Subscription Box,MONSTERBASS,499.5,10,49.95,9,49.95,10,DRAFT
584,BB-55,Vibemaster Blade Bait - Silver Craw,Blade Baits & Spoons,MONSTERBASS,496.0,62,8.0,36,8.00,86,ACTIVE
585,1630-222,"6.5"" Airtail Wiggler - June Bug",Worms,GRANDEBASS,495.79,71,6.98,6,6.99,263,ACTIVE
586,GRND3-KSG,"Grenade 2.75"" - Kissimmee Gill",Baits,"ThunderHawk, Inc",494.96,141,3.51,131,6.00,0,ARCHIVED
587,799787440252,Loaded Dice - Green Pumpkin,Finesse Baits,3 Brothers Baits,493.62,38,12.99,24,12.99,0,ACTIVE
588,10067/15,Googan Squad Flouro Carbon Line - 15 lb,Fluorocarbon,Googan Baits,492.7,30,16.42,29,16.99,36,ACTIVE
589,TP70-16,Ark Topwater Popper - Sexy Shad,Popper,Ark Fishing,492.46,55,8.95,54,8.99,0,ACTIVE
590,SS4500-GM-DEW-L,"Limited Edition MB Hoodie (L, XL, 3X) - L",Hoodies & Outerwear,MONSTERBASS,490.0,13,37.69,13,30.00,0,ARCHIVED
591,PATRIOT-30,The Patriot v3.0 - Ghost Blue,Walking Baits,MONSTERBASS,488.81,47,10.4,27,10.00,0,ACTIVE
592,MB-TFW-38-B,Tungsten Flipping Weights - 3/8oz - 1 pack,Tungsten,MONSTERBASS,485.5,195,2.49,56,2.50,0,ARCHIVED
593,BURNERD-12-2,Blade Burner | Double Willow Spinnerbait - 1/2oz / Chartreuse/White,Spinnerbaits,MONSTERBASS,485.2,58,8.37,28,8.00,29,ACTIVE
594,BURNERD-38-4,Blade Burner | Double Willow Spinnerbait - 3/8oz / Oneida Perch,Spinnerbaits,MONSTERBASS,485.0,58,8.36,38,8.00,0,ACTIVE
595,MB-TFJ-38-GPB,Tungsten Football Jig - Green Pumpkin & Black,Football Jigs,MONSTERBASS,484.8,82,5.91,51,6.00,166,ACTIVE
596,GB-58,GRASSBURNER - Sleepover,Buzzbaits,MONSTERBASS,480.6,27,17.8,18,18.00,107,ACTIVE
597,S-474F,"LUNKERSTICK Pro Series - Spinning: 7'4"" Medium - Fast",Fishing Rod,MONSTERBASS,479.85,3,159.95,3,159.95,-3,ACTIVE
598,IMSBL03,Impact Shock 2F - Shock Yellow,Crankbaits,Lunkerhunt,476.0,68,7.0,2,7.00,0,ARCHIVED
599,LL-34,Walking Boss II Magnum - MagJuvenile Pike,Walking Baits,Livingston Lures,474.78,22,21.58,21,32.99,0,ARCHIVED
600,S6-10,Seeker 6 - Bluegill,Crankbaits,MONSTERBASS,474.41,57,8.32,43,8.00,123,ACTIVE
601,SS4500-GM-DEW-3X,"Limited Edition MB Hoodie (L, XL, 3X) - 3X",Hoodies & Outerwear,MONSTERBASS,474.0,13,36.46,13,30.00,0,ARCHIVED
602,BB-7,Vibemaster Blade Bait - Blue Chrome,Blade Baits & Spoons,MONSTERBASS,472.0,59,8.0,42,8.00,0,ACTIVE
603,ICBM120/09,River2Sea ICBM Glide Bait - Perch,Swimbaits,River2Sea,471.41,59,7.99,29,7.99,0,ARCHIVED
604,HBRH05,Reckless Roach - Charcoal,Craws & Creatures,Lunkerhunt,470.0,47,10.0,32,10.00,0,ARCHIVED
605,MONSTERS-344-XL,MONSTERS Tee - XL,Apparel,MONSTERBASS,468.0,41,11.41,38,7.50,0,ARCHIVED
606,JJ-PW,December's Mystery Soft Plastics,Unclassified,Castaic,464.96,154,3.02,137,7.49,0,ARCHIVED
607,R1175-UVC,Hardcore Noi-Z Jr - UV Citrus,Walking Baits,Yo-Zuri,463.75,46,10.08,37,10.99,67,ACTIVE
608,lp-iabm,I'm a Bass Man License Plate Frame,Accessories,MONSTERBASS,463.47,53,8.74,50,9.99,8,ACTIVE
609,S6-20,Seeker 6 - Cracked,Crankbaits,MONSTERBASS,462.45,56,8.26,35,8.00,123,ACTIVE
610,MB-HWORM-PB,The Dirk Wiggler - Smuckers,Worms,MONSTERBASS,461.16,84,5.49,20,5.49,0,ARCHIVED
611,MB-SS99-GSEXY,Slick Stick 99 - old packaging - Ghost Sexy,Jerkbaits,MONSTERBASS,460.98,55,8.38,10,7.00,0,ARCHIVED
612,1105-01,5mm Glass Rattles,Accessories,GRANDEBASS,458.04,96,4.77,21,3.99,3592,ACTIVE
613,GUIDEPROTECTION-2,Guide Package Protection - $1.96,Shipping Protection,Guide,456.68,233,1.96,233,1.96,-231,ARCHIVED
614,mb-subscription-psw-alt,Platinum: West: Every Other Month,Subscription Box,MONSTERBASS,456.0,12,38.0,12,35.00,0,ARCHIVED
615,BURNERD-38-2,Blade Burner | Double Willow Spinnerbait - 3/8oz / Chartreuse/White,Spinnerbaits,MONSTERBASS,453.0,54,8.39,31,8.00,24,ACTIVE
616,BURNERD-12-5,Blade Burner | Double Willow Spinnerbait - 1/2oz / Sexy Cracks,Spinnerbaits,MONSTERBASS,453.0,54,8.39,25,8.00,30,ACTIVE
617,MB-SS99-GBLUE,Slick Stick 99 - old packaging - Ghost Pro Blue,Jerkbaits,MONSTERBASS,450.96,53,8.51,6,7.00,0,ARCHIVED
618,MB-GCARD-150,Gift Cards - $150 Gift Card,Gift Card,MONSTERBASS,450.0,3,150.0,3,150.00,9992,ACTIVE
619,IMPOP03,Impact Crush - Patriot,Topwater,Lunkerhunt,448.0,64,7.0,5,7.00,0,ARCHIVED
620,CBWV38-03PK2,Chatterbait Willow Vibe - Shiner,Bladed Jigs,Z-Man Fishing Products,447.93,72,6.22,44,5.99,0,ACTIVE
621,VF-CRANK4-SHAD,MC65 Series 4 - Green Sexy,Crankbaits,Vicious Fishing,447.52,50,8.95,47,8.99,8,ACTIVE
622,MB-TTDRC-18-4,Tungsten Drop Shot Weights - Casting / 1/8 oz - 4 pack,Tungsten,MONSTERBASS,447.0,90,4.97,54,5.00,0,ACTIVE
623,BIGGS10004D,Googan Squad Flat Banger - 1/2oz 2.5'',Baits,Googan Baits,446.0,58,7.69,18,6.00,0,ARCHIVED
624,KF-FREAK-SEXY,KCL Freak 1.5 Squarebill - Sexy Shad,Squarebill,Kingfisher Custom Lures,444.91,53,8.39,48,8.00,101,ACTIVE
625,MB-RS-TH,The Flutter Worm - Trophy Killer,,,443.82,78,5.69,8,,,
626,GP-PROTECT-3,Guaranteed Shipping Protection - Level 3,Protection,MONSTERBASS,442.96,113,3.92,113,3.92,-168,ACTIVE
627,TMM-56,Money Maker - Silver Shiner,Crankbaits,MONSTERBASS,441.0,49,9.0,27,9.00,45,ACTIVE
628,GT375-320PK4,Goat - The Deal,Craws & Creatures,Z-Man Fishing Products,440.0,80,5.5,71,5.50,20,ACTIVE
629,sku-46036050084096,"Buckaroo Belt Knife – 8"" Handmade Rasp Steel Blade with Epoxy Pine Cone Handle & Western Leather Sheath",cowboy belt knives,Texan Knives,440.0,4,110.0,4,110.00,0,ARCHIVED
630,VF-CRANK4-GSHAD,MC65 Series 4 - Ghost Shad,Crankbaits,Vicious Fishing,438.53,49,8.95,47,8.99,0,ACTIVE
631,S12-25,Seeker 12 - Creeper Reaper,Crankbaits,MONSTERBASS,435.88,53,8.22,49,8.00,127,ACTIVE
632,gold-0424-new,Fishing From The Dock Bundle 424,Subscription Box,MONSTERBASS,435.0,15,29.0,14,29.00,0,ARCHIVED
633,MB-MCRANK-8-BONE,Seeker 8 - Bone,Crankbaits,MONSTERBASS,434.31,50,8.69,10,8.99,0,ARCHIVED
634,PATRIOT-6,The Patriot v3.0 - Blue Chartreuse,Walking Baits,MONSTERBASS,433.86,42,10.33,31,10.00,0,ACTIVE
635,Ragnar-70,Ragnar - Purple Haze,Walking Baits,MONSTERBASS,433.74,36,12.05,27,10.00,0,ARCHIVED
636,S6-37,Seeker 6 - Ghost Shad,Crankbaits,MONSTERBASS,431.52,53,8.14,45,8.00,126,ACTIVE
637,CB38-11,Original Chatterbait - Blue/Black,Bladed Jigs,Z-Man Fishing Products,431.1,90,4.79,58,4.79,0,ARCHIVED
638,S12-50,Seeker 12 - Oneida Perch,Crankbaits,MONSTERBASS,430.93,53,8.13,49,8.00,86,ACTIVE
639,PKG1001,"18.5"" Classic Pit Barrel® Cooker - Just the PBC",Food Smokers,Pit Barrel Cooker,429.99,1,429.99,1,429.99,725,ACTIVE
640,SB-24,SquareBanger - LIMITED EDITION: Creamsicle,Squarebill,MONSTERBASS,428.67,33,12.99,25,8.00,0,ACTIVE
641,S6-22,Seeker 6 - Candy Apple Craw,Crankbaits,MONSTERBASS,428.47,52,8.24,34,8.00,115,ACTIVE
642,gold-paid-monthly-1,Gold Monthly Pass - 1 Month,Subscription Box,MONSTERBASS,428.35,13,32.95,11,32.95,-25,ACTIVE
643,MRCSLC-227,Mr. Crappie Slabalicious - Monkey Shine,Panfish Baits,Strike King,428.0,107,4.0,27,99.00,0,ARCHIVED
644,511-hgryblk-Bpuffm,Flat Bill Puff Logo Hat - Black,Hats,MONSTERBASS,428.0,18,23.78,15,25.00,0,ARCHIVED
645,RCRPK,Eagle Claw Crappie/Panfish Kit,Panfish Baits,Eagle Claw Fishing Tackle,427.85,43,9.95,22,9.95,0,ARCHIVED
646,KF-FREAK-SSPECIAL,KCL Freak 1.5 Squarebill - Sabatini Special,Squarebill,Kingfisher Custom Lures,427.54,73,5.86,71,8.00,532,ACTIVE
647,GT375-349PK4,September's Mystery Soft Plastics,Unclassified,Z-Man Fishing Products,426.72,136,3.14,131,5.50,0,ACTIVE
648,MB-MCRANK-8-CBB,Seeker 8 - Chartreuse Black Back,Crankbaits,MONSTERBASS,425.32,49,8.68,9,8.99,0,ARCHIVED
649,HT-Q,Jersey Pickles Hot Pickled Green Tomatoes - QUART,Pickles,Jersey Pickles,425.31,29,14.67,28,15.99,850,ACTIVE
650,MB-NEWG-C-18,Sabertooth EWG Ned Heads - 1/8oz / Chartreuse,Jigs,MONSTERBASS,424.41,129,3.29,54,3.29,0,ARCHIVED
651,MB-HOODIE-CLASSIC-L-BLKCAMO,Black Camo Hoodie (L) - L,Hoodies & Outerwear,MONSTERBASS,421.9,14,30.14,14,29.00,0,ARCHIVED
652,MB-PATRIOT3-BABYRAGNAR,October's Mystery Hard Bait,Unclassified,MONSTERBASS,420.15,86,4.89,77,7.00,0,ARCHIVED
653,112P-CAMOBLK-TRAP,Trap Hat - Camo,Hats,MONSTERBASS,420.0,21,20.0,21,25.00,24,ACTIVE
654,silver-0524,Silver Monthly: May 2024,Subscription Box,MONSTERBASS,420.0,21,20.0,18,20.00,0,ARCHIVED
655,mb-subscription-south-alt,Platinum Series South: every other month,Subscription Box,MONSTERBASS,418.0,11,38.0,11,35.00,0,ARCHIVED
656,MB-MCRANK-8-BLACKOUT,Seeker 8 - Blackout,Crankbaits,MONSTERBASS,416.82,48,8.68,8,8.99,0,ARCHIVED
657,MB-MCRANK-8-GREENSEXY,Seeker 8 - Green Sexy,Crankbaits,MONSTERBASS,416.82,48,8.68,8,8.99,0,ARCHIVED
658,PPS38-BB,Pacemaker Swim Jig - 3/8oz / Black Blue,Swim Jigs,V&M Baits,414.0,69,6.0,6,6.00,0,ACTIVE
659,PPS12-TS,Pacemaker Swim Jig - 1/2oz / Threadfin Shad,Swim Jigs,V&M Baits,414.0,69,6.0,5,6.00,0,ACTIVE
660,VF-CRANK4-CHART,MC65 Series 4 - Chartreuse Black Back,Crankbaits,Vicious Fishing,413.54,46,8.99,36,8.99,12,ACTIVE
661,Ragnar-67,Ragnar - Chrome,Walking Baits,MONSTERBASS,411.78,35,11.77,24,10.00,0,ARCHIVED
662,6373292_10783,MONSTER/BASS Hoodie - Black / 2XL,Hoodies & Outerwear,MONSTERBASS.,410.0,10,41.0,10,41.00,9987,ACTIVE
663,CB38-61,Original Chatterbait - Chart/White  Gold,Bladed Jigs,Z-Man Fishing Products,409.57,85,4.82,49,4.79,0,ARCHIVED
664,32125,Hot Shot Minnow - BP Special,Soft Swimbaits,X Zone Lures,408.46,71,5.75,18,5.99,550,ACTIVE
665,DOB-DBBS38-121,Dobyn's D Blade Spinnerbait - Shimmer Shad Colorado Willow,Spinnerbaits,Dobyn’s,407.52,48,8.49,44,8.49,0,ACTIVE
666,GRND3-BNE,"Grenade 2.75"" - Bone",Baits,"ThunderHawk, Inc",406.82,127,3.2,119,6.00,0,ARCHIVED
667,BMB-DS-3,Donkey Snacks - Brown,Frogs,Bucketmouth Brand,404.55,54,7.49,28,7.00,0,ACTIVE
668,B8-USS-B8FISH,Ultimate Strike Shad - B8Fish,Crankbaits,B8 Lab,403.19,45,8.96,39,8.99,250,ACTIVE
669,donation-100,"Join the $10,000 Challenge to Support Our Veterans - $100",Unclassified,MONSTERBASS,400.0,4,100.0,3,100.00,-4,ACTIVE
670,SSINK-92PK6,ZinkerZ - Watermelon Candy,Worms,Z-Man Fishing Products,399.2,80,4.99,15,4.99,21,ACTIVE
671,SRW01F65-2,Bucket Get'R Frog - Bone,Frogs,Bucketmouth Brand,397.55,46,8.64,39,7.00,187,ACTIVE
672,MB-TFW-38,3/8 oz. Tungsten Flipping Weight,Tungsten,MONSTERBASS,397.47,153,2.6,57,2.59,646,ACTIVE
673,GOLD-0324,Gold 3 Month: March 2024 - 3 Month,Subscription Box,,396.0,21,18.86,21,,,
674,MB-SHHEAD-10K,Hammerhead Squarebill – Alex Rudd Edition - 10k,Squarebill,MONSTERBASS,395.68,47,8.42,45,8.00,0,ARCHIVED
675,FJ4,Hendrix Fishing Voodoo Frog - Gold,Frogs,Hendrix Fishing,394.2,36,10.95,11,7.00,0,ACTIVE
676,LH-BEJ-ASST,Big Eye Tail Spin,Jigs,Lunkerhunt,394.05,71,5.55,50,5.29,0,ARCHIVED
677,MB-POPPER2-MIDNIGHT,Mad Max Popper - Midnight Run,Topwater,MONSTERBASS,393.0,49,8.02,4,8.00,0,ARCHIVED
678,INDIANA-10,Hoosier Daddy - Bluegill,Spinnerbaits,MONSTERBASS,392.0,49,8.0,40,8.00,117,ACTIVE
679,MB-SS99-CLOWN,Slick Stick 99 Floating - Clown,Jerkbaits,MONSTERBASS,391.49,46,8.51,4,7.00,0,ARCHIVED
680,VF-BEAVER-07-06,Angry Beaver - Hematoma,Craws & Creatures,Vicious Fishing,390.81,174,2.25,75,1.49,51,ACTIVE
681,VF-POP-BLACK,V-Pop 80 Popper - Blackout,Popper,Vicious Fishing,390.61,44,8.88,33,8.99,40,ACTIVE
682,D45Z-MB-4/0-3PK,"Fat Gap, 4/0 Bleeding EWG",Hooks,TTI,390.0,130,3.0,22,3.00,0,ARCHIVED
683,WPL90/23,Whopper Plopper - 90 / Terminator,Topwater,River2Sea,388.71,29,13.4,11,14.99,0,ARCHIVED
684,VF-POP-GILL,V-Pop 80 Popper - Green Gill,Popper,Vicious Fishing,388.63,44,8.83,31,8.99,54,ACTIVE
685,GMIN-27PK6,Z-Man MinnowZ - Pearl Blue Glimmer,Soft Swimbaits,Z-Man Fishing Products,388.0,97,4.0,65,4.00,453,ACTIVE
686,ICBM120/07,River2Sea ICBM Glide Bait - Powder,Swimbaits,River2Sea,385.11,39,9.87,14,7.99,0,ARCHIVED
687,INDIANA-2,Hoosier Daddy - White & Chartreuse,Spinnerbaits,MONSTERBASS,384.0,48,8.0,37,8.00,100,ACTIVE
688,VF-BEAVER-04-06,Angry Beaver - PB&J Laminate,Craws & Creatures,Vicious Fishing,380.46,140,2.72,64,1.49,0,ACTIVE
689,BMFW7-WR,Flow Worm | BASSMOOCH - Watermelon Red,Worms,Bassmooch,379.65,96,3.95,87,5.99,488,ACTIVE
690,J110SP-29,Suspending Jerkbait - Natural Shad,Jerkbaits,Ark Fishing,379.62,38,9.99,10,9.99,8,ACTIVE
691,3001-69-M-Xl,Orange Crush Logo Tee (L-2X) - XL,Shirts,MONSTERBASS,378.0,18,21.0,18,21.00,29,ACTIVE
692,TUF50T500,Ultimate Frog - Green/Yellow,Frogs,LIVETARGET,376.71,29,12.99,26,12.99,182,ACTIVE
693,CBWV38-01PK2,Chatterbait Willow Vibe - 3/8oz / Pearl,Bladed Jigs,Z-Man Fishing Products,373.34,60,6.22,39,6.29,0,ARCHIVED
694,MB-TFJ-38-CNDYC,Tungsten Football Jig - Candy Craw,Football Jigs,MONSTERBASS,372.0,62,6.0,35,6.00,308,ACTIVE
695,MB-TTDRC-14-2,Tungsten Drop Shot Weights - Casting / 1/4 oz - 2 pack,Tungsten,MONSTERBASS,370.4,94,3.94,44,4.00,833,ACTIVE
696,TMM-37,Money Maker - Gizzard Shad,Crankbaits,MONSTERBASS,369.0,41,9.0,23,9.00,46,ACTIVE
697,TMM-34,Money Maker - Ghost Sexy Shad,Crankbaits,MONSTERBASS,369.0,41,9.0,25,9.00,40,ACTIVE
698,sku-51979285397820,"**NEW** Heater Body Suit Xtreme Realtree Edge - Small/Medium (5'4"" - 5'8"")",Clothing,Killz Products,369.0,1,369.0,1,369.00,39,ACTIVE
699,sku-51979285496124,"**NEW** Heater Body Suit Xtreme Realtree Edge - XXLarge (6'4"" - 6'8"")",Clothing,Killz Products,369.0,1,369.0,1,369.00,0,ACTIVE
700,MB-HWORM-WRC,The Dirk Wiggler - Watermelon Red Chartreuse,Worms,MONSTERBASS,367.83,67,5.49,39,5.49,0,ARCHIVED
701,FLATLINE-40,Flatline - Green Sexy,Squarebill,MONSTERBASS,365.94,45,8.13,35,8.00,227,ACTIVE
702,WPL75/13,Whopper Plopper - 75 / Munky Butt,Topwater,River2Sea,363.74,26,13.99,24,14.99,0,ARCHIVED
703,VF-CRANK3-BLUE,SC-70 Crankbait - Spring Bluegill,Crankbaits,Vicious Fishing,363.64,41,8.87,38,8.99,51,ACTIVE
704,MB-HAT-MB-PUFF-NAVY,Puffmaster Classic Trucker - 112RE,Hats,MONSTERBASS,360.0,18,20.0,18,25.00,0,ARCHIVED
705,6373292_10782,MONSTER/BASS Hoodie - Black / XL,Hoodies & Outerwear,MONSTERBASS.,360.0,9,40.0,9,40.00,9989,ACTIVE
706,sku-46485398257920,Handcrafted Cowboy Knife with Rasp Blade & Resin Handle – Leather Sheath,Cowboy Knife,Texan Knives,360.0,3,120.0,3,120.00,11,ACTIVE
707,sku-28802581200960,Raindrop Damascus Steel ULU Knife,Ulu Knives,KBS Knives Store,360.0,3,120.0,2,120.00,4,ACTIVE
708,INV100S.SC3,Quantum Invade 100 Baitcast Reel,Fishing Reel,Quantum,359.92,8,44.99,5,47.99,0,ARCHIVED
709,BURNERD-12-4,Blade Burner | Double Willow Spinnerbait - 1/2oz / Oneida Perch,Spinnerbaits,MONSTERBASS,359.0,43,8.35,20,8.00,30,ACTIVE
710,S6-9,Seeker 6 - Blue Sexy,Crankbaits,MONSTERBASS,357.46,43,8.31,35,8.00,137,ACTIVE
711,mb-amz-multi,Amazon Multispecies Box,Tackle Bundle,MONSTERBASS,356.44,9,39.6,9,36.00,84,ARCHIVED
712,SB-23,SquareBanger - Crawlicious,Squarebill,MONSTERBASS,354.81,42,8.45,33,8.00,0,ACTIVE
713,CT3-5-19,Member Exclusive: ARK Squarebill,Unclassified,Ark Fishing,353.88,54,6.55,49,8.99,75,ACTIVE
714,MB-TJIG-3,Tungsten Football Jig - 3 Pack,Tackle Bundle,MONSTERBASS,352.0,22,16.0,21,16.00,0,ARCHIVED
715,VF-BEAVER-03-06,Angry Beaver - Orange Craw Swirl,Craws & Creatures,Vicious Fishing,351.86,132,2.67,58,1.49,0,ACTIVE
716,sku-46372354392320,"Western Cowboy Knife – Damascus Steel, Pine Cone Resin & Brass Handle",Cowboy Knife,Texan Knives,351.0,3,117.0,3,117.00,5,ACTIVE
717,donation-50,Donation to Support Veteran Families - $50,Unclassified,MONSTERBASS,350.0,7,50.0,7,2.00,0,ACTIVE
718,sku-26902748528704,Beautiful Custom Handmade Damascus Steel Steak Knives - Five Piece Set ( Exact on Picture With Different Material Handle ),Knives,KBS Knives Store,350.0,1,350.0,1,350.00,0,ACTIVE
719,sku-46494202691840,Ranch Cowboy Knives – Handmade Rasp Tool Blade with Pine Cone Handle 8,Cowboy Knife,Texan Knives,348.0,3,116.0,3,116.00,8,ACTIVE
720,VF-FROG-GREEN,The Pad Runner - Green,Frogs,Vicious Fishing,346.67,40,8.67,37,7.00,43,ACTIVE
721,MB-SHIRT-RAG-HCEM-XL,Epic Eric's Rise n' Glide - XL,Shirts,MONSTERBASS,344.0,19,18.11,14,20.00,39,ACTIVE
722,781496803729,Ghillie Grub - GP Purple Gold,Grubs,3 Brothers Baits,342.68,52,6.59,40,6.59,70,ACTIVE
723,platinum-multi-paid-monthly-12,Platinum Monthly Pass - Bass & Panfish / 12 Months,Subscription Box,MONSTERBASS,341.55,9,37.95,9,37.95,-32,ACTIVE
724,BB-BDAWG-SCALES,Bruiser Cruiser Crankbait - Scales,Crankbaits,Bruiser Baits,340.63,38,8.96,35,8.99,95,ACTIVE
725,DEW-45-L,THE Tee (L-XL) - L,Apparel,MONSTERBASS,340.0,17,20.0,16,20.00,0,ARCHIVED
726,J110SP-66,Suspending Jerkbait - Pearl,Jerkbaits,Ark Fishing,339.66,34,9.99,7,9.99,0,ACTIVE
727,VF-BEAVER-02-06,Angry Beaver - Easy Money,Craws & Creatures,Vicious Fishing,339.49,127,2.67,52,1.49,0,ACTIVE
728,WACKYO,Wacky Rig Tool - Blue,Fishing Tools,MONSTERBASS,338.31,49,6.9,46,6.99,658,ACTIVE
729,MONSTERS-344-L,MONSTERS Tee - L,Apparel,MONSTERBASS,338.0,27,12.52,27,7.50,0,ARCHIVED
730,R1175-HGAY,Hardcore Noi-Z Jr - Gold Ayu,Walking Baits,Yo-Zuri,336.98,37,9.11,34,10.99,0,ACTIVE
731,112P-CAMOBLK-BPUFFM,Black Puff Logo Hat,Hats,MONSTERBASS,336.0,14,24.0,14,25.00,0,ARCHIVED
732,S12-41,Seeker 12 - Jade Shad,Crankbaits,MONSTERBASS,335.92,41,8.19,31,8.00,99,ACTIVE
733,BEET01,Battle Beetle - Canopy,Craws & Creatures,Lunkerhunt,335.67,34,9.87,34,9.99,0,ARCHIVED
734,MB-BEANIE-SLOUCHY,Rick's Favorite Beanie,Hats,MONSTERBASS,334.95,21,15.95,18,15.95,37,ACTIVE
735,MB-TTDRC-38-3,Tungsten Drop Shot Weights - Casting / 3/8 oz - 3 pack,Tungsten,MONSTERBASS,333.6,56,5.96,28,6.00,0,ACTIVE
736,SSSPINNERBAIT-10170,Double WIllow Spinnerbait - Yellow/Green,Spinnerbaits,SteelShad,332.63,37,8.99,34,8.99,0,ARCHIVED
737,LH-ITURB-MISC,July's Member Exclusive Buzzbait,Unclassified,Lunkerhunt,330.37,65,5.08,65,8.00,0,ARCHIVED
738,VF-BEAVER-05-06,Angry Beaver - Summer Craw,Craws & Creatures,Vicious Fishing,330.15,120,2.75,52,1.49,0,ACTIVE
739,MB-TOKYO-3,Sabertooth Tokyo Rig - 3/0,Hooks,MONSTERBASS,330.0,66,5.0,35,5.00,485,ACTIVE
740,MB-SHIRT-RAG-HCEM-L,Epic Eric's Rise n' Glide - L,Shirts,MONSTERBASS,330.0,20,16.5,16,20.00,34,ACTIVE
741,6965525_16710,MONSTER/BASS Trucker Cap - Heather/ Black,Hats,MONSTERBASS.,330.0,15,22.0,14,25.00,9983,ACTIVE
742,sku-50813040460073,Handmade Buckaroo Knife for Wrangler – D2 Steel with Antler Horn & Rosewood,Cowboy Knife,KBS Knives Store,330.0,3,110.0,3,110.00,0,ACTIVE
743,PKG1001J,"14"" Pit Barrel® Cooker Junior - Just the PBJ",Food Smokers,Pit Barrel Cooker,329.99,1,329.99,1,329.99,282,ARCHIVED
744,S6ITIPL,"6"" TITANIUM PLIERS",Fishing Tools,SORD Fishing Products,329.95,1,329.95,1,329.95,74,ARCHIVED
745,Ragnar-58,Ragnar - Sleepover,Walking Baits,MONSTERBASS,324.75,25,12.99,20,12.00,0,ARCHIVED
746,TS115-36,Ark Topwater Slider - LY Special,Topwater,Ark Fishing,323.89,36,9.0,35,8.99,0,ARCHIVED
747,CB38-54,Original Chatterbait - Sexy Shad,Bladed Jigs,Z-Man Fishing Products,320.93,67,4.79,49,4.79,0,ARCHIVED
748,RETRO-344-XL,Retro Logo Tee (L-XL) - XL,Shirts,MONSTERBASS,320.0,19,16.84,19,18.00,26,ACTIVE
749,XRM-80-GHOST FRENCH PEARL-2014,Reaction Strike Revolution Crankbait X Rip Minnow - 80 / Ghost French Pearl,Baits,Trophy Technologies,320.0,40,8.0,3,8.00,0,ARCHIVED
750,CMFR,"Custom Speed Stick 7'2"" Casting - Frog Rod",Fishing Rod,Lew's,319.98,2,159.99,1,159.99,6,DRAFT
751,C-578MF,"LUNKERSTICK Pro Series - Casting: 7'8"" Medium Heavy - Moderate Fast",Fishing Rod,MONSTERBASS,319.9,2,159.95,2,159.95,-3,ACTIVE
752,C-574MF,"LUNKERSTICK Pro Series - Casting: 7'4"" Medium Heavy - Moderate Fast",Fishing Rod,MONSTERBASS,319.9,2,159.95,2,159.95,-2,ACTIVE
753,C-470F,LUNKERSTICK Pro Series - Casting: 7' Medium - Fast,Fishing Rod,MONSTERBASS,319.9,2,159.95,2,159.95,-2,ACTIVE
754,USJ786-38-TS-1,Mustad 3/8 oz Underspin Shad - Tennessee,Jig Heads,Mustad,319.51,89,3.59,49,2.99,0,ACTIVE
755,gold-paid-monthly-12,Gold Monthly Pass - 12 Months,Subscription Box,MONSTERBASS,318.45,11,28.95,11,28.95,-36,ACTIVE
756,CB38-46,Original Chatterbait - Perch,Bladed Jigs,Z-Man Fishing Products,317.35,66,4.81,45,4.79,0,ARCHIVED
757,MB-PJACKET-M,Hyper Loft Puffy Jacket - M,Hoodies & Outerwear,MONSTERBASS,316.0,4,79.0,4,79.00,11,ACTIVE
758,S12-15,Seeker 12 - Green Blue Back,Crankbaits,MONSTERBASS,315.8,37,8.54,25,8.00,143,ACTIVE
759,TMM-42,Money Maker - Orange Julius,Crankbaits,MONSTERBASS,315.0,35,9.0,19,9.00,57,ACTIVE
760,sku-49436377809193,"Wild West Knife 8"" Rasp Steel with Purple Resin Handle",Cowboy Knife,KBS Knives Store,315.0,3,105.0,3,105.00,0,ACTIVE
761,CTHMP518,Cane Thumper - Chick Magnet,Soft Swimbaits,Big Bite Baits,313.5,57,5.5,9,5.50,0,ARCHIVED
762,NAIL-116-8,Tungsten Nail Weights,Tungsten,MONSTERBASS,313.0,65,4.82,38,5.00,0,ARCHIVED
763,BJ11,April's Member Exclusive Jig,Unclassified,BO's Jigs,311.86,94,3.32,85,2.99,0,ARCHIVED
764,Ragnar-26,Ragnar - Cylon,Walking Baits,MONSTERBASS,311.76,24,12.99,14,10.00,0,ARCHIVED
765,silver-0324,Silver Monthly: March 2024,Subscription Box,MONSTERBASS,310.0,12,25.83,12,30.00,0,DRAFT
766,MB-SHIRT-DGH-GREY-XL,Swimming with the Fishes - XL,Shirts,MONSTERBASS,310.0,26,11.92,25,20.00,21,ACTIVE
767,CTHMP507,Cane Thumper - Alewife,Soft Swimbaits,Big Bite Baits,308.0,56,5.5,5,5.50,0,ARCHIVED
768,6965525_16709,MONSTER/BASS Trucker Cap - Charcoal/ Black,Hats,MONSTERBASS.,308.0,14,22.0,13,25.00,9985,ACTIVE
769,TCVSJ38-453,Strike King Thunder Cricket - 3/8 oz / Olive Shad,Bladed Jigs,Strike King,307.78,22,13.99,21,13.99,0,ACTIVE
770,MB-NEDEWG-GRAPE-316,Sabertooth EWG Ned Heads - 3/16oz / Grape,Jigs,MONSTERBASS,305.97,93,3.29,54,3.29,0,ARCHIVED
771,TS115-39,Ark Topwater Slider - Chart Dog,Topwater,Ark Fishing,305.9,34,9.0,34,8.99,0,ARCHIVED
772,60205,Buzz Frog - Margarita Rattler,Topwater,Blitz Lures,305.76,39,7.84,32,6.00,0,ARCHIVED
773,TEAM-06-XL,Team MONSTERBASS - XL,Apparel,MONSTERBASS,304.0,28,10.86,27,8.00,0,ARCHIVED
774,VF-POP-BONE,V-Pop 80 Popper - Bone,Popper,Vicious Fishing,302.69,34,8.9,22,8.99,14,ACTIVE
775,MJHB1-BM,Ike's Head Banger Jig - Bamer Craw,Jigs,Missile Baits,302.47,53,5.71,47,5.99,0,ARCHIVED
776,45BFE-05,BFE Flipping Bait - Green Pumpkin,Craws & Creatures,Big Bite Baits,300.51,56,5.37,9,5.49,0,DRAFT
777,mb-subscription-silver-23900,Special Edition MONSTERBASS Box,Subscription Box,MONSTERBASS,300.0,15,20.0,12,20.00,0,ARCHIVED
778,sku-44274262737152,"Western Bowie Knife – 15"" J2 Hand-Forged Steel Blade with Antler Horn or Resin Handle & Leather Sheath",Bowie Knives,Texan Knives,300.0,2,150.0,2,150.00,3,ACTIVE
779,SY-PBRD120-RD,"SYP 120 12"" Push Bike - Red","12"" Push Bike","SYNDYT, LLC",299.99,1,299.99,1,299.99,172,ACTIVE
780,Gold-BS,November's Gold Box + FREE Hat - Black & Silver Hat + October Box,InternalUseOnly,MONSTERBASS,299.94,6,49.99,6,49.99,69,ACTIVE
781,Gold-BO,October's Gold Box + FREE Hat - Black & Orange Hat + October Box,InternalUseOnly,MONSTERBASS,299.94,6,49.99,6,49.99,69,ACTIVE
782,MB-AMZ-NAT,MONSTERBASS Gold Series Bass Fishing Kit. Includes The Best Brand Name baits for Smallmouth & Largemouth Bass.,Subscription Box,MONSTERBASS,299.9,10,29.99,9,28.00,0,ARCHIVED
783,BFGCSC4.5,"Berkley 4.5"" Side Cutter",Fishing Tools,Berkley,299.75,25,11.99,23,11.99,0,ARCHIVED
784,PLS30F,Quantum Pulse 30 Spinning Reel,Spinning Reel,Quantum,299.5,10,29.95,7,29.95,20,ACTIVE
785,KFK-FUN - FBM,"MONSTERBASS Kids Fishing Gear Set - Lure Making Kit for Beginners, Includes Bait Bag, Lure Blanks to Paint, Paint Kit & Brushes, Guidebook & Stickers - Creative Fishing Gear for Kids",,,299.5,10,29.95,9,,,
786,RDCRW-HD-02,Real Deal HD Craw - Black Red,Craws & Creatures,Big Bite Baits,298.0,50,5.96,6,5.00,0,ARCHIVED
787,SSS99-10,Slick Stick 99 Suspending - Bluegill,Jerkbaits,MONSTERBASS,297.76,35,8.51,33,8.00,0,ARCHIVED
788,BURNER-38-6,Blade Burner | Willow & Colorado Spinnerbait - 3/8 oz / White/White,Spinnerbaits,MONSTERBASS,297.0,36,8.25,22,8.00,0,ACTIVE
789,INDIANA-6,Hoosier Daddy - White,Spinnerbaits,MONSTERBASS,296.0,37,8.0,26,8.00,113,ACTIVE
790,B8/FYSH-85-FLMSHNR,B8LAB Fyre Shad,Baits,B8 Lab,293.35,33,8.89,28,8.95,0,ARCHIVED
791,GMIN-259PK6,Z-Man MinnowZ - Bad Shad,Soft Swimbaits,Z-Man Fishing Products,292.0,73,4.0,52,4.00,0,ACTIVE
792,gold-0624,June 2024 - Gold,Subscription Box,MONSTERBASS,290.0,10,29.0,10,29.00,0,ARCHIVED
793,NKDUS3CR3DREG,Double Up System - Mossy Oak Country Roots 3D Leafy - Regular,Double Up System,Nukem Hunting,289.99,1,289.99,1,289.99,156,ACTIVE
794,kids-0925-old,Create A Bait - Kid's Fishing Kit: September 2025 OLD,Tackle Bundle,MONSTERBASS,289.9,14,20.71,10,24.95,-14,DRAFT
795,CL-TEE-SS-HG-L,Classic Logo Tee - L / Heather Grey/Grey,Apparel,MONSTERBASS,289.71,29,9.99,27,9.99,0,ARCHIVED
796,CB38-13,Original Chatterbait - Green Pumpkin/Black,Bladed Jigs,Z-Man Fishing Products,288.61,60,4.81,37,4.79,0,ARCHIVED
797,RETRO-344-L,Retro Logo Tee (L-XL) - L,Shirts,MONSTERBASS,288.0,16,18.0,16,18.00,13,ACTIVE
798,SS4500-GM-DEW-2X,Limited Edition MB Hoodie - 2X,Hoodies & Outerwear,MONSTERBASS,287.0,7,41.0,7,30.00,0,ARCHIVED
799,DSDSZ-TENT-C-FAST-D420,Weisshorn Instant Up Camping Tent 8 Person Pop up Tents Family Hiking,Home & Garden,Backcountry Sportsman,286.45,1,286.45,1,286.45,50156,ARCHIVED
800,LL-13,Primetyme CB 2.0 - Bleeding Tennessee Shad,Crankbaits,Livingston Lures,285.78,22,12.99,22,12.99,0,ARCHIVED
801,Ragnar-34,Ragnar - Ghost Sexy,Walking Baits,MONSTERBASS,285.78,22,12.99,17,10.00,0,ARCHIVED
802,S6-66,Seeker 6 - Snacks,Crankbaits,MONSTERBASS,285.46,34,8.4,31,8.00,146,ACTIVE
803,MB-SHHEAD-15-MUD,Hammerhead – Alex Rudd Edition - Mud Hunter,Squarebill,MONSTERBASS,284.82,32,8.9,19,8.00,0,ARCHIVED
804,S12-16,Seeker 12 - Chrome Threadfin,Crankbaits,MONSTERBASS,283.88,34,8.35,27,8.00,164,ACTIVE
805,sku-50342303891753,"Professional Bull Cutter Castration Knife - 7"" High Carbon Steel with Epoxy Resin Handle",Bull Cutter,KBS Knives Store,282.0,3,94.0,3,94.00,6,ACTIVE
806,SOUR-Q,Sour Pickled Green Tomatoes - QUART,Pickles,Jersey Pickles,281.41,19,14.81,18,15.99,5,ARCHIVED
807,S6-6,Seeker 6 - Blue Chrome,Crankbaits,MONSTERBASS,280.51,34,8.25,22,8.00,145,ACTIVE
808,CTHMP520,Cane Thumper - Smoky Ghost,Soft Swimbaits,Big Bite Baits,280.5,51,5.5,1,5.50,0,ARCHIVED
809,MB-HOODIE-MHEAD-BLK-L,Snagglefish Hoodie - L,Hoodies & Outerwear,MONSTERBASS,280.0,7,40.0,7,40.00,0,ARCHIVED
810,6581192_4613,Monsterboro Flat Bill Hat - White,Hats,MONSTERBASS.,280.0,14,20.0,14,25.00,9984,ACTIVE
811,HT-1/2G,Jersey Pickles Hot Pickled Green Tomatoes - 1/2 GALLON,Pickles,Jersey Pickles,279.88,12,23.32,12,24.99,8536,ACTIVE
812,platinum-multi-paid-monthly-3,Platinum Monthly Pass - Bass & Panfish / 3 Months,Subscription Box,MONSTERBASS,279.65,7,39.95,7,39.95,-17,ACTIVE
813,CB38-08,Original Chatterbait - White,Bladed Jigs,Z-Man Fishing Products,279.03,58,4.81,30,4.79,0,ARCHIVED
814,CL-BONE-2X,UV Moisture Wicking Sunshirt - 2X,UV Protection,MONSTERBASS,278.0,8,34.75,7,25.00,0,ARCHIVED
815,RSS-RED,Rod Sleeves (2 pack) - Spinning / Red,Fishing Rod Accessories,MONSTERBASS,277.86,36,7.72,27,2.99,0,ARCHIVED
816,B8-USS-BONE,Ultimate Strike Shad - SXY Bone,Crankbaits,B8 Lab,277.53,31,8.95,30,8.99,295,ACTIVE
817,MB-NEWG-C-316,Sabertooth EWG Ned Heads - 3/16oz / Chartreuse,Jigs,MONSTERBASS,276.36,84,3.29,48,3.29,0,ARCHIVED
818,VF-TOAD-302-4,Best Toad Ever - Watermelon Red,Frogs,Vicious Fishing,275.47,53,5.2,31,2.99,0,ACTIVE
819,POP011,Poppa Pete - Bone,Swimbaits,G-Ratt Baits,274.95,5,54.99,5,54.99,518,ACTIVE
820,RSC-GREY,Rod Sleeves (2 pack) - Casting / Grey,Fishing Rod Accessories,MONSTERBASS,274.78,36,7.63,33,2.99,0,ARCHIVED
821,B8-ROCCIT-NPERCH,B8LAB Roccit Shad - Natural Perch,Jerkbaits,B8 Lab,273.85,31,8.83,31,8.95,0,ARCHIVED
822,WPL90/12,Whopper Plopper - 90 / Loon,Topwater,River2Sea,273.8,20,13.69,18,14.99,0,ARCHIVED
823,BURNER-38-3,Blade Burner | Willow & Colorado Spinnerbait - 3/8 oz / Morning Dawn,Spinnerbaits,MONSTERBASS,272.0,31,8.77,23,8.00,0,ACTIVE
824,SSS99-70,Slick Stick 99 Suspending Jerkbait - Purple Haze,Jerkbaits,MONSTERBASS,270.79,32,8.46,25,8.00,0,ARCHIVED
825,TMM-23,Money Maker - Crawlicious,Crankbaits,MONSTERBASS,270.0,30,9.0,14,9.00,49,ACTIVE
826,sku-49220651352361,Viking Hatchet with Custom Handmade Engraved 1095 Steel Blade and Ash Wood Leather-Wrapped Handle – Battle Forge - One Axe,Axe,KBS Knives Store,270.0,1,270.0,1,270.00,4,ACTIVE
827,misc-vab,Angry Beaver - Misc Colors,Craws & Creatures,Vicious Fishing,269.54,181,1.49,44,1.49,217,ACTIVE
828,CTHMP517,Cane Thumper - Sparkle Shad,Soft Swimbaits,Big Bite Baits,269.5,49,5.5,2,5.50,0,ARCHIVED
829,BURNER-12-5,Blade Burner | Willow & Colorado Spinnerbait - 1/2 oz / Sexy Cracks,Spinnerbaits,MONSTERBASS,269.0,32,8.41,19,8.00,503,ACTIVE
830,Raptor200-MISC,Crappie Crankbait,Crankbaits,Raptor Lures,265.5,57,4.66,44,4.25,0,ARCHIVED
831,B8-ROCCIT-SGHOST,B8LAB Roccit Shad - Sexy Ghost,Jerkbaits,B8 Lab,265.35,30,8.84,24,8.95,0,ARCHIVED
832,BB-20,Vibemaster Blade Bait - Cracked,Blade Baits & Spoons,MONSTERBASS,264.0,33,8.0,23,8.00,0,ACTIVE
833,DDFRC-701MH,Defender Casting Rod - Defender casting rod 7' MH,Casting Rod,Favorite Fishing,263.97,3,87.99,3,109.99,39,ACTIVE
834,ZM-BOX1,Z-Man Bait Bundle #1,Tackle Bundle,Z-Man Fishing Products,263.6,8,32.95,8,32.95,0,DRAFT
835,WPL75/14,Whopper Plopper - 75 / Bone,Topwater,River2Sea,262.81,19,13.83,17,14.99,0,ARCHIVED
836,ACDC-256-XL,MONSTER / BASS - XL,Shirts,MONSTERBASS,260.0,13,20.0,13,20.00,31,ACTIVE
837,HCR-268PK3,Z-Man Hella CrawZ - Cali Craw,Craws & Creatures,Z-Man Fishing Products,260.0,52,5.0,35,5.00,111,ACTIVE
838,SLSDFR7R,Defender Soleus Casting Reel - Defender (right) 7.3:1,Casting Reel,Favorite Fishing,259.98,2,129.99,2,129.99,76,ACTIVE
839,VF-POP-SHAD,V-Pop 80 Popper - Sexy Shad,Popper,Vicious Fishing,259.72,29,8.96,19,8.99,69,ACTIVE
840,GDT-6-WMR,"Dart 6"" - Watermelon Red Flake",Soft Swimbaits,Googan Baits,259.21,49,5.29,45,5.29,259,ACTIVE
841,MB-SHHEAD-CREAM,Hammerhead – Alex Rudd Edition - Creamsicle (Limited Edition),Squarebill,MONSTERBASS,258.81,30,8.63,26,8.00,0,ARCHIVED
842,MD-STICKER,MONSTER/BASS Sticker,Stickers,MONSTERBASS,258.0,138,1.87,71,2.00,0,ARCHIVED
843,VF-CRANK4-CRAW,MC65 Series 4 - Craw,Crankbaits,Vicious Fishing,257.74,29,8.89,28,8.99,0,ACTIVE
844,MB-TFW-12-2,Tungsten Flipping Weights - 1/2oz - 2 pack,Tungsten,MONSTERBASS,257.4,40,6.43,28,6.50,0,ARCHIVED
845,MB3PKNED,SuperK Ned Heads,Jigs,Super K Jigs,257.19,81,3.18,37,3.59,0,ARCHIVED
846,WPL75/12,Whopper Plopper - 75 / Loon,Topwater,River2Sea,253.82,18,14.1,18,14.99,0,ARCHIVED
847,BURNER-38-2,Blade Burner | Willow & Colorado Spinnerbait - 3/8 oz / Chartreuse/White,Spinnerbaits,MONSTERBASS,253.0,30,8.43,23,8.00,0,ACTIVE
848,S12-74,Seeker 12 - Citrus Shad,Crankbaits,MONSTERBASS,252.87,30,8.43,25,8.00,111,ACTIVE
849,MB-SHIRT-RR-BLKH-M,Epic Eric's River Rat Tee - M,Shirts,MONSTERBASS,252.0,14,18.0,12,20.00,0,ACTIVE
850,mb-gift-national-1,Gold Series: 1 month gift,Gift Box,MONSTERBASS,252.0,9,28.0,9,25.00,0,ARCHIVED
851,VF-JERK100-BLUHEAVEN,Herky Jerky - Blue Heaven,Jerkbaits,Vicious Fishing,250.73,28,8.95,28,8.99,0,ACTIVE
852,BURNER-38-1,Blade Burner | Willow & Colorado Spinnerbait - 3/8 oz / Chad Spawn,Spinnerbaits,MONSTERBASS,250.0,29,8.62,29,8.00,0,ACTIVE
853,donation-250,"Join the $10,000 Challenge to Support Our Veterans - $250",Unclassified,MONSTERBASS,250.0,1,250.0,1,250.00,-1,ACTIVE
854,sku-49220927258921,Native American Tomahawk with Custom Handmade Forged Engraved 1095 Steel Blade and Ash Wood Handle – Spirit of the Plains,Axe,KBS Knives Store,250.0,1,250.0,1,250.00,4,ACTIVE
855,axe10,"""Damascus Smoke Pipe Tomahawk/Axe | Rose Wood Handle | Leather Sheath | KBS Knives Store""",Axe,KBS Knives Store,250.0,1,250.0,1,250.00,9,ACTIVE
856,Ragnar-35,Ragnar - Ghost Shad,Walking Baits,MONSTERBASS,249.82,20,12.49,15,10.00,0,ARCHIVED
857,HC4-561,Pro-Model Series 4 Crankbait - Powder Blue Back Chartreuse,Crankbaits,Strike King,248.91,37,6.73,30,8.99,0,ACTIVE
858,MB-TSD-58-2,Super Drop Shot Tungsten Weights - 5/8 oz - 2 Pack,Tungsten,MONSTERBASS,248.0,31,8.0,21,8.00,204,ACTIVE
859,MB-MESSER,Messer Custom Painted Baits,,Messer Customs,246.87,13,18.99,10,18.99,0,DRAFT
860,BURNER-12-6,Blade Burner | Willow & Colorado Spinnerbait - 1/2 oz / White/White,Spinnerbaits,MONSTERBASS,246.0,30,8.2,16,8.00,0,ACTIVE
861,EXT106-GRY-IL-L,Hooded Sunshirt (XL-2X) - L,UV Protection,MONSTERBASS,246.0,7,35.14,7,30.00,0,ARCHIVED
862,6373292_10788,MONSTER/BASS Hoodie - Carbon Grey / 2XL,Hoodies & Outerwear,MONSTERBASS.,246.0,6,41.0,6,41.00,9993,ACTIVE
863,multi-0225-old,The Reaction Strike Box,Tackle Bundle,MONSTERBASS,246.0,6,41.0,6,41.00,-6,ARCHIVED
864,12819,True Center Stick - Bubble Scum,Worms,X Zone Lures,245.0,49,5.0,1,5.00,0,DRAFT
865,112-BLK-TRAP,Trap Hat - Black,Hats,MONSTERBASS,242.0,11,22.0,11,25.00,34,ACTIVE
866,6965525_8755,MONSTER/BASS Trucker Cap - Navy/ White,Hats,MONSTERBASS.,242.0,11,22.0,11,25.00,9988,ACTIVE
867,MB-SHIRT-RR-BLKH-2X,River Rat Tee - 2X,Shirts,MONSTERBASS,241.5,15,16.1,9,21.00,-7,ACTIVE
868,112-HGLG-SUN,Rise & Shine Hat - Grey/Light Grey,Hats,MONSTERBASS,240.0,11,21.82,11,25.00,31,ACTIVE
869,12702,True Center Stick - Craw Laminate,Worms,X Zone Lures,240.0,48,5.0,1,5.00,0,DRAFT
870,112-HGLG-LAND,Days At The Lake Hat - Grey/Light Grey,Hats,MONSTERBASS,240.0,12,20.0,12,25.00,28,ACTIVE
871,SGTR-3,Sergeant Lipless Crankbait - 3 Pack,Tackle Bundle,,240.0,12,20.0,8,,,
872,2518546_15927,Lightweight Camo Zip Up Windbreaker - Black Camo / L,Hoodies & Outerwear,MONSTERBASS.,240.0,4,60.0,3,60.00,9995,ACTIVE
873,silver-0824,Silver Monthly: August 2024,Subscription Box,MONSTERBASS,240.0,12,20.0,12,20.00,0,ARCHIVED
874,CBSB12-06,Jack Hammer Stealth Blade - Black Blue / 1/2oz,Bladed Jigs,Z-Man Fishing Products,240.0,15,16.0,5,15.99,-6,ACTIVE
875,silver-0624,Silver Monthly: June 2024,Subscription Box,MONSTERBASS,240.0,12,20.0,12,20.00,0,DRAFT
876,GOLD-0925-old,The Topwater & Finesse Assault Box,Tackle Bundle,MONSTERBASS,240.0,8,30.0,3,30.00,-7,ARCHIVED
877,LUNKERBAG-2,LUNKERBAG Tackle Storage System - Bag + 2 Monsterbox 3700 Deep,Tackle Bags & Boxes,MONSTERBASS,239.85,3,79.95,3,79.95,16,ACTIVE
878,J110SP-15,Suspending Jerkbait - Pro Blue,Jerkbaits,Ark Fishing,239.76,24,9.99,2,9.99,0,ACTIVE
879,sku-46372336861440,Frontier Western Cowboy Belt Knife – Damascus Steel & Pine Cone Handle,Cowboy Knife,Texan Knives,238.0,2,119.0,2,119.00,8,ACTIVE
880,MB-PATRIOT3-BONE,The Patriot - old packaging - Bone,Topwater,MONSTERBASS,237.98,35,6.8,29,7.00,0,ARCHIVED
881,MB-SHIRT-CLASSIC-HGREY-L,Classic Logo Tee - L / Heather Grey,Apparel,MONSTERBASS,237.82,20,11.89,18,9.99,0,ARCHIVED
882,MB-SS99-WAKA,Slick Stick 99 Floating Jerkbait - Wakasagi,Jerkbaits,MONSTERBASS,236.94,30,7.9,19,7.00,0,ARCHIVED
883,00126,"B-Vibe - 1.5"" / Bluegill Pro",Soft Swimbaits,Euro Tackle,236.0,59,4.0,35,4.00,0,ACTIVE
884,MB-SSJACKET-M,All-Season Soft Shell Jacket - M,Hoodies & Outerwear,MONSTERBASS,236.0,4,59.0,4,59.00,0,ARCHIVED
885,3001-30-CL-L,Logo Tee (L-3X) - L,Shirts,MONSTERBASS,235.73,28,8.42,27,7.99,8,ACTIVE
886,SSINK-343PK6,ZinkerZ - Drews Craw,Worms,Z-Man Fishing Products,234.53,47,4.99,13,4.99,86,ACTIVE
887,3939-12-IC-XL,Triblend Full Zip MB Hoodie - XL,Hoodies & Outerwear,MONSTERBASS,234.0,6,39.0,6,39.00,13,ACTIVE
888,sku-46370546221312,Handmade Cowboy Belt Knife – Rasp Steel Blade & Pine Cone Handle,Cowboy Knife,Texan Knives,234.0,2,117.0,2,117.00,6,ACTIVE
889,TS115-30,Ark Topwater Slider - Bone,Topwater,Ark Fishing,233.96,26,9.0,25,8.99,0,ARCHIVED
890,Ragnar-56,Ragnar - Silver Shiner,Walking Baits,MONSTERBASS,233.82,18,12.99,12,10.00,0,ARCHIVED
891,XTRSBCB04,Tournament Series Squarebill Crankbait - Fire Tiger,Squarebill,XCalibur,233.74,26,8.99,7,8.99,0,ARCHIVED
892,XTRSBCB02,Tournament Series Squarebill Crankbait - Chartreuse Perch,Squarebill,XCalibur,233.74,26,8.99,5,8.99,0,ARCHIVED
893,BB-67,Vibemaster Blade Bait - Chrome,Blade Baits & Spoons,MONSTERBASS,232.0,29,8.0,19,8.00,0,ACTIVE
894,112P-CAMOBLK-PUFFM,Orange Puff Logo Hat,Hats,MONSTERBASS,232.0,10,23.2,10,24.00,0,ARCHIVED
895,sku-46502434996480,Western Handcrafted Fixed Blade Knife – Damascus Steel Outdoor Companion with Leather Sheath,cowboy belt knives,Texan Knives,232.0,2,116.0,2,116.00,95,ARCHIVED
896,3001-30-CL-XL,Logo Tee (L-3X) - XL,Shirts,MONSTERBASS,231.76,26,8.91,26,7.99,0,ACTIVE
897,DSKVD-274,KVD Dream Shot,Worms,Strike King,230.0,46,5.0,38,5.00,33,ACTIVE
898,MB-SHIRT-DGH-GREY-L,Swimming with the Fishes - L,Shirts,MONSTERBASS,230.0,17,13.53,16,20.00,36,ACTIVE
899,sku-50071359226153,"Ranch Cowboy Knives and Sheaths – 8"" Full Tang Rasp Steel Blade with White Epoxy Pine-Cone Handle",Cowboy Knife,KBS Knives Store,230.0,2,115.0,2,115.00,2,ACTIVE
900,sku-31467665096790,Best Fillet Knife for Saltwater Fish – Custom Handmade Precision,Fillet Knife,KBS Knives Store,230.0,2,115.0,2,115.00,0,ACTIVE
901,sku-50106679656745,"Ranch Knife with Sheath, Damascus & Rasp Steel 8"" - Damascus Steel Blade",Cowboy Knife,KBS Knives Store,230.0,2,115.0,2,115.00,0,ACTIVE
902,SSS99-50,Slick Stick 99 Suspending Jerkbait - Oneida Perch,Jerkbaits,MONSTERBASS,229.8,27,8.51,24,8.00,0,ARCHIVED
903,MLF-223,6th Sense Quake Thud 70 - Clayton's Shiner,Lipless Crankbait,6th Sense Fishing,229.37,31,7.4,31,9.95,0,ARCHIVED
904,BURNER-12-1,Blade Burner | Willow & Colorado Spinnerbait - 1/2 oz / Chad Spawn,Spinnerbaits,MONSTERBASS,229.0,27,8.48,21,8.00,22,ACTIVE
905,RSS-BLK,Rod Sleeves (2 pack) - Spinning / Black,Fishing Rod Accessories,MONSTERBASS,227.81,30,7.59,22,2.99,0,ARCHIVED
906,BLKB2-1004-020,Marabou Road Runner - 1/4 oz / Red/Chartreuse,Panfish Baits,Blakemore,227.5,65,3.5,9,3.50,0,ARCHIVED
907,RSC-RED,Rod Sleeves (2 pack) - Casting / Red,Fishing Rod Accessories,MONSTERBASS,225.85,29,7.79,25,2.99,0,ARCHIVED
908,MB-HWORM-BG,The Dirk Wiggler - Golden Child,Worms,MONSTERBASS,225.09,41,5.49,14,5.49,0,ARCHIVED
909,MB-TOKYO-4,Sabertooth Tokyo Rig - 4/0,Hooks,MONSTERBASS,225.0,45,5.0,24,5.00,727,ACTIVE
910,EH1272-SSHAD,Mugshot Lipless - Sexiest Shad,Lipless Crankbait,Element Customs,223.84,16,13.99,15,13.99,0,DRAFT
911,8020-B,SENTINEL Cross-Body Concealed Carry Sling Pack,Concealment Pouch,Elite Survival Systems,223.84,4,55.96,3,69.95,374,ACTIVE
912,VF-POP-BJ,V-Pop 80 Popper - Black Magic,Popper,Vicious Fishing,223.76,25,8.95,15,8.99,78,ACTIVE
913,CBWV14-03PK2,Chatterbait Willow Vibe - 1/4oz / Shiner,Bladed Jigs,Z-Man Fishing Products,222.58,37,6.02,20,6.29,0,ARCHIVED
914,10-20-GGS-10005G,Googan Squad Clickbait - Fire Craw,Bladed Jigs,Googan Baits,221.47,53,4.18,35,3.99,0,ARCHIVED
915,GOGKC3CAL,Googan Krackin' Craw - 3'' 10pk - California Craw,Craws & Creatures,,220.0,44,5.0,43,,,
916,sku-44973357302057,5 Pcs Custom Handmade Stainless Steel Kitchen Knives Set With Olive Wood Handles and Leather Roll - KBS Knives Store - With Leather Roll,Chef Knife,KBS Knives Store,220.0,1,220.0,1,220.00,4,ACTIVE
917,495239,Blaze 0 Regular,Sleeping Bag,Backcountry Sportsman,219.98,2,109.99,1,109.99,672,ARCHIVED
918,TCVSJ58-900,Strike King Thunder Cricket - 5/8 oz / Fire Craw,Bladed Jigs,Strike King,219.84,16,13.74,11,13.99,42,ACTIVE
919,sku-49221000134953,Ultimate Throwing Tomahawk For Sale with Custom Handmade Forged 1095 Steel Blade and Rosewood-Epoxy Resin Handle – Iron Precision,Axe,KBS Knives Store,219.0,1,219.0,1,219.00,4,ACTIVE
920,IMSBL02,Impact Shock 2F - Silver Side,Crankbaits,Lunkerhunt,217.0,31,7.0,14,7.00,0,ARCHIVED
921,S8-8,Seeker 8 - Blue Craw,Crankbaits,MONSTERBASS,216.91,26,8.34,22,8.00,0,ACTIVE
922,GUIDEPROTECTION-7,Guide Package Protection - $12.74,Shipping Protection,Guide,216.58,17,12.74,17,12.74,-17,ARCHIVED
923,4280144_10735,MB Bucket Hat - Black,Hats,MONSTERBASS.,216.0,9,24.0,9,25.00,9990,ACTIVE
924,LL-1,Dive Master 8 - AYU,Crankbaits,Livingston Lures,215.76,24,8.99,22,8.99,0,DRAFT
925,CT3-5-02,Squarebill Crankbait - 3-5' Diver / SunGill,Squarebill,Ark Fishing,214.77,24,8.95,23,8.99,0,ACTIVE
926,SOUR-12G,Sour Pickled Green Tomatoes - 1/2 GALLON,Pickles,Jersey Pickles,214.41,9,23.82,8,24.99,645,ARCHIVED
927,S8-4,Seeker 8 - Blackout,Crankbaits,MONSTERBASS,213.94,26,8.23,18,8.00,34,ACTIVE
928,BH-6159-12,HB-75 - Motherlode,Jerkbaits,Basshik,212.67,43,4.95,43,8.99,0,DRAFT
929,VF-BEAVER-08-06,Angry Beaver - Bama Bug,Craws & Creatures,Vicious Fishing,210.55,43,4.9,13,1.49,0,ACTIVE
930,CL-LHUV-BK-L,Classic Logo Sunshirt (Large only) - L,Hoodies & Outerwear,MONSTERBASS,210.0,7,30.0,7,30.00,0,ARCHIVED
931,sku-49405516316969,"Mastercraft Custom Bull Cutter Knife – 8.25"" Rasp Tool Steel Blade",Bull Cutter,KBS Knives Store,210.0,2,105.0,2,105.00,3,ACTIVE
932,SKSC-721MH10R,Sick Stick Casting Combo - 7'2 Medium heavy Right hand Combo,Rod & Reel Combo,Favorite Fishing,209.98,2,104.99,1,149.99,355,ACTIVE
933,mb-subscription-silver-230110,Pond Hopper Kit #1123,Subscription Box,MONSTERBASS,209.94,9,23.33,8,24.99,0,DRAFT
934,platinum-multi-paid-monthly,Platinum Monthly Pass - Bass & Panfish / 1 Month,Subscription Box,MONSTERBASS,209.75,5,41.95,4,41.95,-13,ACTIVE
935,LL-7,Howeller DMC Plus Spring Craw,Crankbaits,Livingston Lures,209.41,16,13.09,14,13.99,0,ARCHIVED
936,RSS-DB,Rod Sleeves (2 pack) - Spinning / Dark Blue,Fishing Rod Accessories,MONSTERBASS,208.0,26,8.0,18,2.99,0,ARCHIVED
937,BH-BLK-GOLD-L/XL,Golden Grenade Fitted Cap - M/L,Hats,Basshik,208.0,12,17.33,11,16.00,0,ARCHIVED
938,BURNER-38-4,Blade Burner | Willow & Colorado Spinnerbait - 3/8 oz / Oneida Perch,Spinnerbaits,MONSTERBASS,208.0,24,8.67,23,8.00,0,ACTIVE
939,silver-0225,Silver Mystery Bait Box,Subscription Box,,208.0,10,20.8,10,,,
940,sku-50254480113961,"Back Belt Knife 6.5"" with Mountain Sheep Horn Handle",Cowboy Knife,KBS Knives Store,208.0,2,104.0,2,104.00,0,ACTIVE
941,SBRC721M20R,"Shay Bird Casting Combo - 7'2"" Medium / Right",Rod & Reel Combo,Favorite Fishing,207.98,2,103.99,2,129.99,11,ACTIVE
942,270MSAS,Gunfish 115 Topwater Walker - MS American Shad,Topwater,Lucky Craft,207.87,13,15.99,9,15.99,0,ARCHIVED
943,799787440351,Loaded Dice - Warm Blue,Finesse Baits,3 Brothers Baits,207.84,16,12.99,13,12.99,0,ACTIVE
944,IMPSL6S05,Impact Slash 6S Jerkbait - Golden,Jerkbaits,Lunkerhunt,207.16,30,6.91,6,6.29,0,ARCHIVED
945,EXT106-GRY-IL-XL,Hooded Sunshirt (XL-2X) - XL,UV Protection,MONSTERBASS,207.0,6,34.5,6,30.00,0,ARCHIVED
946,WPL90/25,Whopper Plopper - 90 / T1000,Topwater,River2Sea,206.85,15,13.79,12,14.99,0,ARCHIVED
947,VF-POP-BH,V-Pop 80 Popper - Blue Heaven,Popper,Vicious Fishing,206.77,23,8.99,12,8.99,83,ACTIVE
948,MB-SHIRT-MONSTERS-BLK-XL,MONSTERS - XL,Shirts,MONSTERBASS,206.0,11,18.73,11,18.00,10,ACTIVE
949,810103812307,Tungsten Weedless Wacky Jig Head - Black,Jig Heads,1st Contact Tungsten,205.65,35,5.88,17,5.99,823,ACTIVE
950,WSK-AST,Whip'R Knocker Stopper,Panfish Baits,K&E Tackle,205.0,41,5.0,27,5.00,223,ACTIVE
951,S8-66,Seeker 8 - LIMITED EDITION: Snacks,Crankbaits,MONSTERBASS,204.91,18,11.38,17,10.00,30,ACTIVE
952,mlf-349,Member Exclusive: OG Ballin Out Jig,Unclassified,,204.53,37,5.53,36,,,
953,CT5-7-18,Squarebill Crankbait - 5-7' Diver / Green Gill,Squarebill,Ark Fishing,202.81,23,8.82,15,8.99,16,ACTIVE
954,WACKYO-1,Wacky Rig Tool - Orange,Fishing Tools,MONSTERBASS,202.71,29,6.99,25,6.99,614,ACTIVE
955,silver-1224-old,The Silver Mystery Box – Step Up. Fish Fearless.,Tackle Bundle,MONSTERBASS,202.0,9,22.44,9,24.00,0,ARCHIVED
956,MB-TFW-516-3,Tungsten Flipping Weights - 5/16oz - 2 pack,Tungsten,MONSTERBASS,201.5,32,6.3,26,6.50,0,ARCHIVED
957,MB-TFW-58-2,Tungsten Flipping Weights - 5/8oz - 2 pack,Tungsten,MONSTERBASS,201.0,27,7.44,15,7.50,0,ARCHIVED
958,MB-SHIRT-MHEAD-BLK-XL,Snagglefish Tee - XL,Shirts,MONSTERBASS,200.0,10,20.0,9,20.00,9,ACTIVE
959,3091993_10782,Largie Smalls - Black / XL,Hoodies & Outerwear,MONSTERBASS.,200.0,5,40.0,5,40.00,9993,ACTIVE
960,HBRH03,Reckless Roach - Waterbug,Craws & Creatures,Lunkerhunt,200.0,20,10.0,15,10.00,0,ARCHIVED
961,6373292_10781,MONSTER/BASS Hoodie - Black / L,Hoodies & Outerwear,MONSTERBASS.,200.0,5,40.0,5,40.00,9994,ACTIVE
962,3091993_10783,Largie Smalls - Black / 2XL,Hoodies & Outerwear,MONSTERBASS.,200.0,5,40.0,5,40.00,9994,ACTIVE
963,4645155_12992,Fishing is Life Hoodie - Military Green / XL,Hoodies & Outerwear,MONSTERBASS.,200.0,5,40.0,5,40.00,9994,ACTIVE
964,sku-46010908475648,Bull Cutter - Custom Handmade 8-Inch J2 Steel Knife,cowboy belt knives,Texan Knives,200.0,2,100.0,2,100.00,2,ACTIVE
965,sku-33208047403094,Bull Cutter Knife Sheath – Handmade Damascus Blade & Rosewood Handle | Custom Ranch EDC,Bull Cutter,KBS Knives Store,200.0,2,100.0,1,100.00,2,ACTIVE
966,sku-26902626697280,"""Full Tang Damascus Steel Handmade Custom Viking EDC Tomahawk Axe with Rosewood, Bone and Brass Bolsters Handle - By KBS Knives Store""",Axe,KBS Knives Store,200.0,1,200.0,1,200.00,0,ACTIVE
967,R1175-GSPP,Hardcore Noi-Z Jr - Ghost Pearl  Pink Back,Walking Baits,Yo-Zuri,199.99,22,9.09,19,10.99,0,ACTIVE
968,CL-BONE-M,UV Moisture Wicking Sunshirt - M,UV Protection,MONSTERBASS,198.0,6,33.0,6,25.00,-1,ARCHIVED
969,sku-50522101481769,"Ranch Cowboy Knives and Sheaths Set - 3.75"" Rasp Steel Bull Cutter & Cowboy Knife with Epoxy Olivewood Handles - Bull Cutter knife ( Bottom )",Cowboy Knife,KBS Knives Store,198.0,2,99.0,2,99.00,7,ACTIVE
970,VF-JERK100-FROSTY,Herky Jerky - Frosty,Jerkbaits,Vicious Fishing,197.86,23,8.6,22,8.99,0,ACTIVE
971,VF-CRANK4-GTHREAD,MC65 Series 4 - Ghost Threadfin,Crankbaits,Vicious Fishing,196.79,22,8.95,21,8.99,47,ACTIVE
972,LC-6161-4p,Captain Slayhab - 4 Pack,Tackle Bundle,LUNKERCANDY,196.0,7,28.0,6,28.00,59,ARCHIVED
973,JSG33,Jack Slap - Gold,Blade Baits & Spoons,Catch Outdoors,196.0,28,7.0,16,7.00,0,ARCHIVED
974,DOB-DBBS38-136,Dobyn's D Blade Spinnerbait - Chartreuse Shad Colorado Willow,Spinnerbaits,Dobyn’s,195.27,23,8.49,22,8.49,0,ACTIVE
975,3939-12-IC-L,Triblend Full Zip MB Hoodie - L,Hoodies & Outerwear,MONSTERBASS,195.0,5,39.0,5,39.00,15,ACTIVE
976,MB-HOODIE-FLAG-BLKCAMO-L,"MONSTERBASS Nation Hoodie (L, 2X) - Large / Black Camo",Hoodies & Outerwear,MONSTERBASS,195.0,6,32.5,6,29.00,0,ARCHIVED
977,SKSC-701MH,Sick Stick Casting Rod - 7' - Medium Heavy - Fast,Casting Rod,Favorite Fishing,194.98,2,97.49,2,129.99,216,ACTIVE
978,WPL75/21,Whopper Plopper - 75 / Powder,Topwater,River2Sea,193.86,14,13.85,12,14.99,0,ARCHIVED
979,CT3-5-01,Squarebill Crankbait - 3-5' Diver / Gold/Black Back,Squarebill,Ark Fishing,193.82,22,8.81,20,8.99,20,ACTIVE
980,B8-ROCCIT-ECRAW,B8LAB Roccit Shad - Evil Craw,Jerkbaits,B8 Lab,192.85,22,8.77,21,8.95,0,ARCHIVED
981,WE38BB01,War Eagle Buzzbait,Buzzbaits,War Eagle,192.5,35,5.5,29,5.50,0,ARCHIVED
982,SKS-711MH,"Sick Stick Spinning Rod - 7'1"" - Medium Heavy - Moderate Fast",Spinning Rod,Favorite Fishing,191.98,2,95.99,1,119.99,3,ACTIVE
983,RHS16-019-5,Round Head Spinners - Chartreuse,Jig Heads,Luck-E-Strike,191.95,55,3.49,28,3.49,373,ACTIVE
984,CBB12-03,Big Blade Chatterbait - Green Pumpkin,Bladed Jigs,Z-Man Fishing Products,191.84,16,11.99,10,11.99,0,ARCHIVED
985,MJHB1-CN,Ike's Head Banger Jig - Candy Grass,Jigs,Missile Baits,190.18,32,5.94,31,5.99,0,ARCHIVED
986,sku-50132129906985,Handmade Western Belt Knife – D2 Steel Blade with Bone Handle & Leather Sheath,Cowboy Knife,KBS Knives Store,190.0,2,95.0,2,95.00,0,ACTIVE
987,sku-49377104691497,Rancher’s Belt Knife – Damascus EDC with Pine Cone Handle,Cowboy Knife,KBS Knives Store,190.0,2,95.0,2,95.00,0,ACTIVE
988,H15SDR904,Hunter 1.5 Squarebill - Bluegill Rage,Squarebill,GRANDEBASS,189.81,19,9.99,12,9.99,0,ACTIVE
989,GUIDEPROTECTION-4,Guide Package Protection - $3.92,Shipping Protection,Guide,188.16,48,3.92,48,3.92,-47,ARCHIVED
990,sticker-fbass,Patriotic Bass,Stickers,MONSTERBASS,188.0,94,2.0,52,2.00,0,ARCHIVED
991,EXT106-GRY-IL-2X,Hooded Sunshirt (XL-2X) - 2X,UV Protection,MONSTERBASS,186.0,5,37.2,4,30.00,0,ARCHIVED
992,silver-0725-old,Loaded Shad Box,Tackle Bundle,MONSTERBASS,186.0,9,20.67,8,23.00,0,ARCHIVED
993,VF-CRANK3-CRAW,SC-70 Crankbait - Vicious Craw,Crankbaits,Vicious Fishing,185.82,21,8.85,19,8.99,42,ACTIVE
994,MB-NEDEWG-BLKBL-18,Sabertooth EWG Ned Heads - 1/8oz / Black & Blue,Jigs,MONSTERBASS,184.24,56,3.29,30,3.29,0,ARCHIVED
995,GOGBWCPG,Googan Blazin Worm - Chartreuse Pepper Green Flec,Worms,Googan Baits,182.0,26,7.0,23,7.00,0,ARCHIVED
996,1250-814,"NEW: Kickback Shad 3.75"" - Sexy Shad",Soft Swimbaits,GRANDEBASS,181.74,26,6.99,23,6.99,370,ACTIVE
997,MB-HWORM-MG,The Dirk Wiggler - California 420,Worms,MONSTERBASS,181.17,33,5.49,8,5.49,0,ARCHIVED
998,BURNER-12-4,Blade Burner | Willow & Colorado Spinnerbait - 1/2 oz / Oneida Perch,Spinnerbaits,MONSTERBASS,180.2,22,8.19,17,8.00,21,ACTIVE
999,JJM375-04,Big Bite Baits Jointed Jerk Minnow - Watermelon Pearl,Soft Swimbaits,Big Bite Baits,180.0,45,4.0,45,4.00,0,DRAFT
1000,MB-SHIRT-MHEAD-BLK-L,Snagglefish Tee - L,Shirts,MONSTERBASS,180.0,9,20.0,8,20.00,0,ACTIVE
1001,MB-HOODIE-RETRO-GREY-L,Retro Logo Hoodie (Large) - Large,Hoodies & Outerwear,MONSTERBASS,180.0,6,30.0,6,30.00,0,ARCHIVED
1002,1546710_8926,MONSTER/BASS Tee - Black Heather / XL,Shirts,MONSTERBASS.,180.0,9,20.0,9,20.00,9989,ACTIVE
1003,MLF-354,Hardcore Shad - Ghost Pearl Shad,Crankbaits,Yo-Zuri,180.0,18,10.0,8,10.00,14,ACTIVE
1004,TCVSJ12-288,Strike King Thunder Cricket - 1/2 oz / Mouse,Bladed Jigs,Strike King,179.86,114,1.58,112,13.99,-5,ACTIVE
1005,WPL90/21,Whopper Plopper - 90 / Powder,Topwater,River2Sea,178.87,13,13.76,13,14.99,0,ARCHIVED
1006,LC-6161-7,Captain Slayhab - Sunrise,Panfish Baits,LUNKERCANDY,178.81,20,8.94,20,8.99,0,DRAFT
1007,BMFW7-GP,Flow Worm | BASSMOOCH - Green Pumpkin,Worms,Bassmooch,178.71,30,5.96,27,5.99,0,ACTIVE
1008,TCVSJ34-288,Strike King Thunder Cricket - 3/4 oz / Mouse,Bladed Jigs,Strike King,177.84,16,11.12,5,13.99,41,ACTIVE
1009,TEAM-06-L,Team MONSTERBASS - L,Apparel,MONSTERBASS,177.0,17,10.41,17,8.00,0,ARCHIVED
1010,6965525_8748,MONSTER/BASS Trucker Cap - Black/ White,Hats,MONSTERBASS.,176.0,8,22.0,8,25.00,9991,ACTIVE
1011,CBCFL12-06,Chatterbait Freedom - 1/2oz / Money Maker,Bladed Jigs,Z-Man Fishing Products,176.0,22,8.0,11,8.00,0,ARCHIVED
1012,RSC-BLK,Rod Sleeves (2 pack) - Casting / Black,Fishing Rod Accessories,MONSTERBASS,175.98,22,8.0,14,2.99,0,ARCHIVED
1013,VC-18MHS-3,VEXAN® Crappie Rods & Panfish Rods - Spinning 18' Medium Heavy,Spinning Rod,VEXAN®,175.98,2,87.99,1,149.99,211,ACTIVE
1014,722ZMSGM,Gunfish 115 Topwater Walker - Zebra MS Ghost Minnow,Topwater,Lucky Craft,175.89,11,15.99,8,15.99,0,ARCHIVED
1015,PK3LWTKS1,Walleye Talker 3 Pack,Panfish Baits,Lindy,175.0,35,5.0,19,5.00,0,ARCHIVED
1016,DS-ESS-GYF,Grey Frost - Sunset Lens Polarized,Sunglasses,Detour Sunglasses,175.0,5,35.0,5,35.00,0,ARCHIVED
1017,RSS-GREY,Rod Sleeves (2 pack) - Spinning / Grey,Fishing Rod Accessories,MONSTERBASS,173.89,23,7.56,15,2.99,0,ARCHIVED
1018,sticker-bfc,Bigfoot's Trippin Out,Stickers,MONSTERBASS,173.4,87,1.99,50,2.00,299,ACTIVE
1019,SRW01F65-3,Bucket Get'R Frog - Chubbs,Frogs,Bucketmouth Brand,172.8,20,8.64,15,7.00,144,ACTIVE
1020,MB-SHIRT-DRC-GREY-XL,Epic Eric's Dr. Crankenstein - XL,Shirts,MONSTERBASS,172.0,9,19.11,9,20.00,67,ACTIVE
1021,4645155_12995,Fishing is Life Hoodie - Military Green / 4XL,Hoodies & Outerwear,MONSTERBASS.,172.0,4,43.0,3,43.00,9995,ACTIVE
1022,SRW01F65-5,Bucket Get'R Frog - Fatboy Slim,Frogs,Bucketmouth Brand,171.84,20,8.59,17,7.00,129,ACTIVE
1023,PDG165-04,PropDuster Glide Bait - Bone,Swimbaits,CHASEBAITS,171.0,8,21.38,6,17.00,0,ARCHIVED
1024,MB-MCRANK-46-SCRAW,Seeker 6 - Spring Craw,Crankbaits,,170.81,19,8.99,8,,,
1025,MB-SHHEAD-15-JCRAW,Hammerhead – Alex Rudd Edition - Juice Craw,Squarebill,MONSTERBASS,170.49,19,8.97,17,8.00,0,ARCHIVED
1026,BEL-BOJBOG38,OG Ballinout Jig - 3/8oz,Football Jigs,Buckeye Lures,170.23,29,5.87,29,5.99,0,ARCHIVED
1027,GPF-S10-06,GP Finesse Hook,Hooks,Spearpoint Hooks,170.0,34,5.0,17,5.00,0,ARCHIVED
1028,BURNER-12-2,Blade Burner | Willow & Colorado Spinnerbait - 1/2 oz / Chartreuse/White,Spinnerbaits,MONSTERBASS,170.0,21,8.1,8,8.00,0,ACTIVE
1029,donation-10,Donation to Support Veteran Families - $10,Unclassified,MONSTERBASS,170.0,17,10.0,17,10.00,-17,ACTIVE
1030,sku-26902562635840,Best Fillet Knife for Salmon – Handmade D2 Steel Precision,Knives,KBS Knives Store,170.0,2,85.0,1,85.00,0,ACTIVE
1031,VKA-21R-SUSBS01-BK,Summit Seat - Base Only,Kayak Accessories,Vibe Kayaks,169.99,1,169.99,1,169.99,174,ACTIVE
1032,BBLN-731ML,Balance spinning rod - Balance Spinning Rod 7'3 ML,Spinning Rod,Favorite Fishing,169.98,2,84.99,2,99.99,434,ACTIVE
1033,BA-840-CBRN-X-9.5,"FRONTIER CLASSIC 8"" MOC TOE - 9.5",Classic Wedge,Bonanza Boots,169.9,1,169.9,1,169.90,0,ARCHIVED
1034,XLFS6-22XL,Berkley Trilene XL - 6 lb.,Fishing Line,Berkley,169.64,36,4.71,30,8.99,0,ARCHIVED
1035,4280144_10734,MB Bucket Hat - White,Hats,MONSTERBASS.,168.0,7,24.0,7,25.00,9994,ACTIVE
1036,6373292_13416,MONSTER/BASS Hoodie - Black / 3XL,Hoodies & Outerwear,MONSTERBASS.,168.0,4,42.0,4,42.00,9994,ACTIVE
1037,4645155_12994,Fishing is Life Hoodie - Military Green / 3XL,Hoodies & Outerwear,MONSTERBASS.,168.0,4,42.0,4,42.00,9995,ACTIVE
1038,WBRC-741MH,"White Bird Casting Rod - 7'4"" -  Medium Heavy - Fast",Casting Rod,Favorite Fishing,167.97,3,55.99,3,79.99,34,ACTIVE
1039,CL-TEE-SS-HG-XL,Classic Logo Tee - XL / Heather Grey/Grey,Apparel,MONSTERBASS,167.84,16,10.49,16,9.99,0,ARCHIVED
1040,BMFW7-BB,Flow Worm | BASSMOOCH - Black & Blue,Worms,Bassmooch,166.73,28,5.95,27,5.99,0,ACTIVE
1041,TCVSJ34-453,Strike King Thunder Cricket - 3/4 oz / Olive Shad,Bladed Jigs,Strike King,165.86,14,11.85,7,13.99,50,ACTIVE
1042,10066/20,Googan Braided Line - 20 lb,Fishing Line,Googan Baits,165.65,10,16.57,10,16.99,0,ARCHIVED
1043,9' 2pc XH SG,"Tackle Industries 2-Piece 9' Big Game Rod - Mag Heavy XH Power / 18"" Split Grip",Casting Rod,VEXAN®,164.99,1,164.99,1,219.99,22,ACTIVE
1044,SSTT-MM,Slab Slayer Twin Tail - Monkey Milk,Panfish Baits,Dockside Custom Baits,164.0,41,4.0,27,4.00,0,ARCHIVED
1045,6373292_11490,MONSTER/BASS Hoodie - Maroon / 2XL,Hoodies & Outerwear,MONSTERBASS.,164.0,4,41.0,4,41.00,9995,ACTIVE
1046,6373292_13897,MONSTER/BASS Hoodie - Military Green / 2XL,Hoodies & Outerwear,MONSTERBASS.,164.0,4,41.0,4,41.00,9995,ACTIVE
1047,TCVSJ58-45,Strike King Thunder Cricket - 5/8 oz / Blue Glimmer,Bladed Jigs,Strike King,163.88,12,13.66,11,13.99,18,ACTIVE
1048,3001-30-CL-3X,Logo Tee (L-3X) - 3X,Shirts,MONSTERBASS,163.85,17,9.64,15,7.99,0,ACTIVE
1049,SSS99-43,Slick Stick 99 Suspending Jerkbait - Orange Julius,Jerkbaits,MONSTERBASS,163.82,19,8.62,14,8.00,0,ARCHIVED
1050,MB-MCRANK-12-CREAPER,Seeker 12 - Creeper Reaper,Crankbaits,MONSTERBASS,162.66,20,8.13,9,8.99,0,ARCHIVED
1051,MB-MCRANK-46-BGILL,Seeker 6 - Bluegill,Crankbaits,,161.82,18,8.99,7,,,
1052,TP70-20,Ark Topwater Popper - Blue GIll,Popper,Ark Fishing,161.82,18,8.99,17,8.99,0,ACTIVE
1053,LC-SB12CHSWC,Spinmaster Spinnerbait,Spinnerbaits,LUNKERCANDY,161.68,37,4.37,32,8.00,0,DRAFT
1054,10066/30,Googan Braided Line - 30 lb,Fishing Line,Googan Baits,161.4,10,16.14,10,16.99,0,ARCHIVED
1055,SSS99-64,Slick Stick 99 Suspending - Wakasagi,Jerkbaits,MONSTERBASS,160.8,18,8.93,13,8.00,0,ARCHIVED
1056,MB-MCRANK-12-JSHAD,Seeker 12 - Jade Shad,Crankbaits,MONSTERBASS,160.51,21,7.64,8,8.99,0,ARCHIVED
1057,112-HGW-LAND,Days At The Lake Hat - Heather Grey/White,Hats,MONSTERBASS,160.0,8,20.0,8,25.00,36,ACTIVE
1058,ACDC-256-L,MONSTER / BASS - L,Shirts,MONSTERBASS,160.0,8,20.0,8,20.00,16,ACTIVE
1059,3001-06-CL-L,Iconic Logo Tee - L,Shirts,MONSTERBASS,160.0,8,20.0,8,20.00,0,ARCHIVED
1060,MB-HOODIE-MHEAD-BLK-XL,Snagglefish Hoodie - XL,Hoodies & Outerwear,MONSTERBASS,160.0,4,40.0,4,40.00,0,ARCHIVED
1061,3001-256-M-L,Orange M Logo Tee (L-5X) - L,Apparel,MONSTERBASS,160.0,8,20.0,8,20.00,0,ARCHIVED
1062,7251646_10785,"Red, White & MONSTERBASS - Carbon Grey / M",Hoodies & Outerwear,MONSTERBASS.,160.0,4,40.0,4,40.00,9995,ACTIVE
1063,3091993_10781,Largie Smalls - Black / L,Hoodies & Outerwear,MONSTERBASS.,160.0,4,40.0,4,40.00,9995,ACTIVE
1064,7251646_11493,"Red, White & MONSTERBASS - Navy Blazer / L",Hoodies & Outerwear,MONSTERBASS.,160.0,4,40.0,4,40.00,9995,ACTIVE
1065,6373292_13896,MONSTER/BASS Hoodie - Military Green / XL,Hoodies & Outerwear,MONSTERBASS.,160.0,4,40.0,4,40.00,9994,ACTIVE
1066,4645155_12990,Fishing is Life Hoodie - Military Green / M,Hoodies & Outerwear,MONSTERBASS.,160.0,4,40.0,4,40.00,9995,ACTIVE
1067,MISC-3DBP,3DB Series Pencil 100 - Misc Colors,Topwater,Yo-Zuri,160.0,20,8.0,19,8.00,0,DRAFT
1068,4645155_5532,Fishing is Life Hoodie - Black / L,Hoodies & Outerwear,MONSTERBASS.,160.0,4,40.0,4,40.00,9995,ACTIVE
1069,BSXC-731EXH,"Big Sexy Casting Rod - 7'3"" - Extra Heavy - Fast",Casting Rod,Favorite Fishing,159.99,1,159.99,1,199.99,267,ACTIVE
1070,S-370F,LUNKERSTICK Pro Series - Spinning: 7' Medium Light - Fast,Fishing Rod,MONSTERBASS,159.95,1,159.95,1,159.95,-1,ACTIVE
1071,S-574F,"LUNKERSTICK Pro Series - Spinning: 7'4"" Medium Heavy - Fast",Fishing Rod,MONSTERBASS,159.95,1,159.95,1,159.95,-9,ACTIVE
1072,CBJH12-18,Z-Man ChatterBait JackHammer - 1/2oz / Bama Bug,Bladed Jigs,Z-Man Fishing Products,159.9,10,15.99,6,15.99,-1,ACTIVE
1073,101BOTSD,Gunfish 115 Topwater Walker - Blood Orange Tennessee Shad,Topwater,Lucky Craft,159.9,10,15.99,8,15.99,0,ARCHIVED
1074,silver-0424,Silver Monthly: April 2024,Subscription Box,MONSTERBASS,159.0,8,19.88,8,39.00,0,DRAFT
1075,PS-GP,Prop Spy - Ghost Pearl,Baits,Bucketmouth Brand,157.14,16,9.82,15,12.99,-1,ARCHIVED
1076,TP70-30,Ark Topwater Popper - Bone,Popper,Ark Fishing,156.83,19,8.25,18,8.99,43,ACTIVE
1077,lp-10,10 lb. Club License Plate Frame,Accessories,MONSTERBASS,156.83,17,9.23,13,9.99,77,ACTIVE
1078,MLF-222,6th Sense Hyperjerk,Jerkbaits,6th Sense Fishing,156.79,22,7.13,21,6.99,0,DRAFT
1079,S8-11,Seeker 8 - Bone,Crankbaits,MONSTERBASS,155.88,18,8.66,13,8.00,22,ACTIVE
1080,SSS99-32,Slick Stick 99 Suspending Jerkbait - Ghost Pro Blue,Jerkbaits,MONSTERBASS,155.85,18,8.66,13,8.00,0,ARCHIVED
1081,MB-LL68-GGILL,Incision 69 Lipless Crankbait v1.0 - Green Gill,Lipless Crankbait,MONSTERBASS,154.62,18,8.59,8,8.99,0,ARCHIVED
1082,MB-MCRANK-12-BONE,Seeker 12 - Bone,Crankbaits,MONSTERBASS,154.58,20,7.73,6,8.99,0,ARCHIVED
1083,6410173_8752,MONSTER/BASS Hat - Khaki,Hats,MONSTERBASS.,154.0,7,22.0,7,25.00,9991,ACTIVE
1084,1546710_8928,MONSTER/BASS Tee - Black Heather / 3XL,Shirts,MONSTERBASS.,154.0,7,22.0,7,22.00,9991,ACTIVE
1085,WPL75/18,Whopper Plopper - 75 / I know it,Topwater,River2Sea,152.89,11,13.9,10,14.99,0,ARCHIVED
1086,R1352 GZSH,3DB Series Squarebill Crankbait 1.5 - Gizzard Shad,Squarebill,Yo-Zuri,152.83,17,8.99,15,8.99,0,ARCHIVED
1087,DOB-DBBS38-138,Dobyn's D Blade Spinnerbait - White Colorado Willow,Spinnerbaits,Dobyn’s,152.82,18,8.49,16,8.49,19,ACTIVE
1088,MJHB1-PBJ,Ike's Head Banger Jig - PB&J,Jigs,Missile Baits,152.74,26,5.87,26,5.99,0,ARCHIVED
1089,810103812314,Tungsten Weedless Wacky Jig Head - Green Pumpkin,Jig Heads,1st Contact Tungsten,152.74,26,5.87,18,5.99,138,ACTIVE
1090,XTRPP02,Pencil Popper - Frog,Topwater,XCalibur,152.0,19,8.0,1,5.99,0,ARCHIVED
1091,45SSMASH-01,Smallie Smasher - Green Pumpkin Purple Flake,Worms,Big Bite Baits,152.0,38,4.0,35,4.00,9,ACTIVE
1092,SRW01F65-7,Bucket Get'R Frog - Smash,Frogs,Bucketmouth Brand,151.87,18,8.44,15,7.00,187,ACTIVE
1093,USJ786-38-AS-1,Mustad 3/8 oz Underspin Shad - Albino  Shad,Jig Heads,Mustad,150.78,42,3.59,24,2.99,0,ACTIVE
1094,82306BN-3/0,3/0 EWG 2 pack,Terminal Tackle,Sandbar Tackle,150.0,50,3.0,1,3.00,0,ARCHIVED
1095,HCR-298PK3,Z-Man Hella CrawZ - Sprayed Grass,Craws & Creatures,Z-Man Fishing Products,150.0,30,5.0,20,5.00,1292,ACTIVE
1096,MB-GCARD-75,Gift Cards - $75 Gift Card,Gift Card,MONSTERBASS,150.0,2,75.0,2,75.00,9994,ACTIVE
1097,classicseax,Seax Blade with Engraved High-Carbon Steel & Rosewood Guard,Seax,KBS Knives Store,150.0,1,150.0,1,150.00,3,ACTIVE
1098,sku-26902736207936,"Handmade Kukri from Nepal - Damascus Blade 15""",Kukri,KBS Knives Store,150.0,1,150.0,1,150.00,9,ACTIVE
1099,Gold-C,November's Gold Box + FREE Hat - Camo Hat + October Box,InternalUseOnly,MONSTERBASS,149.97,3,49.99,3,49.99,72,ACTIVE
1100,VF-FROG-BROWN,The Pad Runner - Brown,Frogs,Vicious Fishing,149.85,17,8.81,17,7.00,126,ACTIVE
1101,MJHB1-GP,Ike's Head Banger Jig - Green Pumpkin,Jigs,Missile Baits,149.74,26,5.76,24,5.99,0,ARCHIVED
1102,MBBD365-BUJE,LIMITED EDITION Baby D Bomb - Rudd is Boujee,Craws & Creatures,Missile Baits,149.18,25,5.97,22,5.59,0,ARCHIVED
1103,TCVSJ58-453,Strike King Thunder Cricket - 5/8 oz / Olive Shad,Bladed Jigs,Strike King,147.89,11,13.44,9,13.99,32,ACTIVE
1104,3001-256-M-XL,Orange M Logo Tee (L-5X) - XL,Apparel,MONSTERBASS,147.0,7,21.0,7,21.00,0,ARCHIVED
1105,BGIBSH181-20,Itty Bit Slab Hunt R' Soft,Panfish Baits,Bobby Garland,147.0,42,3.5,29,3.50,0,ARCHIVED
1106,MB-LL68-GSHAD,Incision 69 Lipless Crankbait v1.0 - Ghost Shad,Lipless Crankbait,MONSTERBASS,146.03,17,8.59,10,8.99,0,ARCHIVED
1107,sku-26902567780416,"Oregon Bowie Knife - Custom Handcrafted 1095 High Carbon Steel Blade, Rosewood Handle with Brass Guard and Antler Crown, 14"" Overall Length | Leather Sheath | KBS Knives",Bowie Knives,KBS Knives Store,145.0,1,145.0,1,145.00,0,ACTIVE
1108,GRNT38-GPR,Thunderhawk Grunt Jig - Green Pumpkin Red,Jigs,"ThunderHawk, Inc",144.71,29,4.99,26,4.99,0,ARCHIVED
1109,MB-TSD-34-2,Super Drop Shot Tungsten Weights - 3/4 oz - 2 Pack,Tungsten,MONSTERBASS,144.0,18,8.0,15,8.00,272,ACTIVE
1110,4280144_10736,MB Bucket Hat - Navy,Hats,MONSTERBASS.,144.0,6,24.0,6,25.00,9993,ACTIVE
1111,SLSW7XL,Soleus XCS Casting Reel - White/Gold / 7.3:1 / Left,Spinning Reel,Favorite Fishing,143.99,1,143.99,1,179.99,245,ACTIVE
1112,SLSM6XR,Soleus XCS Casting Reel - Gun Metal / 6.6:1 / Right,Spinning Reel,Favorite Fishing,143.99,1,143.99,1,179.99,170,ACTIVE
1113,SLSM8XR,Soleus XCS Casting Reel - Gun Metal / 8.1:1 / Right,Spinning Reel,Favorite Fishing,143.99,1,143.99,1,179.99,77,ACTIVE
1114,S8-14,Seeker 8 - Charteuse Black Back,Crankbaits,MONSTERBASS,143.92,17,8.47,14,8.00,27,ACTIVE
1115,CBB12-09,Big Blade Chatterbait - White,Bladed Jigs,Z-Man Fishing Products,143.88,12,11.99,10,11.99,0,ARCHIVED
1116,CBB12-02,Big Blade Chatterbait - Black/Blue,Bladed Jigs,Z-Man Fishing Products,143.88,12,11.99,6,11.99,0,ARCHIVED
1117,MB-MCRANK-46-BLUESEXY,Seeker 6 - Blue Sexy,Crankbaits,,143.84,16,8.99,5,,,
1118,MISC-ZGOAT,Goat - Misc Colors,Craws & Creatures,Z-Man Fishing Products,143.0,26,5.5,24,5.50,26,ACTIVE
1119,LL-32,Walking Boss - Brown Hitch,Walking Baits,Livingston Lures,142.89,11,12.99,10,12.99,7,ACTIVE
1120,VF-SPIN-WHITE,Spin Doctor Double Willow Spinnerbait - White,Spinnerbaits,Vicious Fishing,142.85,16,8.93,16,8.99,0,ACTIVE
1121,R1423 GT,Rattl'n Vibe One Knock - Green Silver,Lipless Crankbait,Yo-Zuri,142.5,15,9.5,13,9.50,0,ARCHIVED
1122,sticker-bigfoot2,Bigfoot #2,Stickers,MONSTERBASS,142.0,71,2.0,43,2.00,0,ARCHIVED
1123,RETRO-344-2X,Retro Logo Tee - 2X,Shirts,MONSTERBASS,140.0,7,20.0,7,18.00,0,ACTIVE
1124,MB-SHIRT-DGH-GREY-S,Swimming with the Fishes - S,Shirts,MONSTERBASS,140.0,12,11.67,10,20.00,-2,ACTIVE
1125,1546710_8925,MONSTER/BASS Tee - Black Heather / L,Shirts,MONSTERBASS.,140.0,7,20.0,7,20.00,9992,ACTIVE
1126,1546710_8463,MONSTER/BASS Tee - Dark Grey Heather / XL,Shirts,MONSTERBASS.,140.0,7,20.0,7,20.00,9992,ACTIVE
1127,MLF-357,Hardcore Shad - Metallic Ghost Ayu,Crankbaits,Yo-Zuri,140.0,14,10.0,8,10.00,8,ACTIVE
1128,VW7S-MH-F,Vexan Walleye Rods - Spinning 7' Medium Heavy - Fast,Spinning Rod,VEXAN®,139.99,1,139.99,1,169.99,57,ACTIVE
1129,sku-28405382250592,"Bull Shad Slow Sink - 8"" / Gizzard",Swimbaits,Bull Shad Swimbaits,139.98,2,69.99,1,69.99,0,ACTIVE
1130,EH1272-ZCRAW,Mugshot Lipless - Zudweg Craw,Lipless Crankbait,Element Customs,139.9,10,13.99,10,13.99,0,DRAFT
1131,J110SP-58,Suspending Jerkbait - Skeleton,Jerkbaits,Ark Fishing,139.86,14,9.99,3,9.99,0,ACTIVE
1132,12-590,Red Eye Shad - Sexy Shad,Lipless Crankbait,Strike King,139.8,20,6.99,12,6.99,436,ACTIVE
1133,1677-244,Rattlesnake - Blue Flake,Worms,GRANDEBASS,139.8,20,6.99,1,6.99,176,ACTIVE
1134,sku-44274050334976,Custom Forged 1095 High Carbon Steel Hunting Knife – 12” Antler Horn Handle with Leather Sheath,Hunting Knives,Texan Knives,139.0,1,139.0,1,139.00,1,ACTIVE
1135,TCVSJ34-45,Strike King Thunder Cricket - 3/4 oz / Blue Glimmer,Bladed Jigs,Strike King,138.88,12,11.57,6,13.99,0,ACTIVE
1136,1546710_8929,MONSTER/BASS Tee - Black Heather / 4XL,Shirts,MONSTERBASS.,138.0,6,23.0,5,23.00,9993,ACTIVE
1137,10066/50,Googan Braided Line - 50 lb,Fishing Line,Googan Baits,135.92,8,16.99,7,16.99,0,ARCHIVED
1138,MTRD-370PK8,Micro TRD - Fire Craw,Finesse baits,Z-Man Fishing Products,135.0,27,5.0,18,5.00,0,ARCHIVED
1139,sku-50106744439081,"Damascus Cleaver Knife - 7"" Raindrop Blade & Olive Wood",Cleaver Knife,KBS Knives Store,135.0,1,135.0,1,135.00,4,ACTIVE
1140,sku-28802987720768,Custom Handmade Hand Forged 1095 Steel Viking Seax Knife with Rosewood Handle and Brass Guards by KBS Knives Store,Seax,KBS Knives Store,135.0,1,135.0,1,135.00,3,ACTIVE
1141,sku-28802992341056,Custom Handmade Hand Forged 1095 Steel Viking Seax Knife with Rosewood Handle and Brass Guards - 12 inches by KBS Knives Store,Seax,KBS Knives Store,135.0,1,135.0,1,135.00,0,ACTIVE
1142,S8-63,Seeker 8 - Threadfin Shad,Crankbaits,MONSTERBASS,134.93,16,8.43,13,8.00,16,ACTIVE
1143,R1352 MSH,3DB Series Squarebill Crankbait 1.5 - Green Shad,Squarebill,Yo-Zuri,134.85,15,8.99,14,8.99,0,ARCHIVED
1144,CSP45-370PK5,Chatterspike - 4.5 / Firecraw,Baits,Z-Man Fishing Products,134.73,27,4.99,24,5.49,0,ARCHIVED
1145,MB-SHIRT-RR-BLKH-S,River Rat Tee - S,Shirts,MONSTERBASS,134.0,8,16.75,5,20.00,0,ACTIVE
1146,MONSTERS-344-2X,MONSTERS Tee - 2X,Apparel,MONSTERBASS,134.0,10,13.4,10,7.50,0,ARCHIVED
1147,S8-43,Seeker 8 - LIMITED EDITION: Orange Julius,Crankbaits,MONSTERBASS,133.9,11,12.17,10,10.00,0,ACTIVE
1148,9005355_5535,Retro Logo Hoodie - Black / 3XL,Hoodies & Outerwear,MONSTERBASS,133.49,3,44.5,3,42.00,9996,ACTIVE
1149,1250-100,"NEW: Kickback Shad 3.75"" - Sunfish Magic",Soft Swimbaits,GRANDEBASS,132.81,19,6.99,18,6.99,219,ACTIVE
1150,3001-69-M-2X,Orange Crush Logo Tee (L-2X) - 2X,Shirts,MONSTERBASS,132.0,6,22.0,6,22.00,0,ACTIVE
1151,00122,"B-Vibe - 1.5"" / Gold",Soft Swimbaits,Euro Tackle,132.0,33,4.0,18,4.00,115,ACTIVE
1152,6965525_8747,MONSTER/BASS Trucker Cap - Black,Hats,MONSTERBASS.,132.0,6,22.0,6,25.00,9992,ACTIVE
1153,TG76-RB-4-3U,Triple Grip Treble Hooks - Red,Hooks,Mustad,132.0,44,3.0,14,3.00,0,ARCHIVED
1154,MB-TSD-1-1,Super Drop Shot Tungsten Weights - 1 oz - 1 Pack,Tungsten,MONSTERBASS,132.0,22,6.0,6,6.00,210,ACTIVE
1155,MB-UNKNOWN-JIG,Member Exclusive: Missile Jig,Unclassified,MONSTERBASS,131.93,34,3.88,31,5.00,0,DRAFT
1156,DGC-T200,Team200 Deer Call,Deer Call,Outdoor Hunting Lab,131.9,2,65.95,2,67.95,49586,ACTIVE
1157,WPL90/27,Whopper Plopper - 90 / Abalone Shad,Topwater,River2Sea,131.9,10,13.19,8,14.99,0,ARCHIVED
1158,CT3-5-08,Squarebill Crankbait - 3-5' Diver / Sexy Perch,Squarebill,Ark Fishing,131.88,15,8.79,13,8.99,18,ACTIVE
1159,lp-8,8 lb. Club License Plate Frame,Accessories,MONSTERBASS,131.86,14,9.42,10,9.99,77,ACTIVE
1160,lp-7,7 lb. Club License Plate Frame,Accessories,MONSTERBASS,131.86,14,9.42,14,9.99,75,ACTIVE
1161,donation-2,Donation to Support Veteran Families - $2,Unclassified,MONSTERBASS,130.0,65,2.0,55,2.00,-65,ACTIVE
1162,sku-49943591715113,"Ranch Cowboy Knives and Sheaths – 8"" Black Powder Coated Rasp Steel Blade with Antler Horn Handle",Cowboy Knife,KBS Knives Store,130.0,1,130.0,1,130.00,0,ACTIVE
1163,S8-37,Seeker 8 - Ghost Shad,Crankbaits,MONSTERBASS,129.9,15,8.66,14,8.00,0,ACTIVE
1164,B8-PC-GBONE-CH,Limited Edition Papa Chomp - Glow Bone w/ Chartreuse Head & Silver Flake,Topwater,B8 Lab,129.9,10,12.99,10,12.99,0,ARCHIVED
1165,799787440352,Loaded Dice - Sexy,Finesse Baits,3 Brothers Baits,129.9,10,12.99,10,12.99,0,ACTIVE
1166,HERC4-259,"Herculez 4""",Soft Swimbaits,Z-Man Fishing Products,129.87,13,9.99,10,9.99,461,ACTIVE
1167,9005355_5536,Retro Logo Hoodie - Black / 4XL,Hoodies & Outerwear,MONSTERBASS,129.0,3,43.0,3,43.00,9997,ACTIVE
1168,sku-46372321460480,Western Cowboy Belt Knife – Damascus Steel Pine Handle,Cowboy Knife,Texan Knives,129.0,1,129.0,1,129.00,9,ACTIVE
1169,MB-MSTOP-10,Rubber Weight Stops,Terminal Tackle,MONSTERBASS,128.58,54,2.38,41,2.49,2563,ACTIVE
1170,DDFRC731EXH10R,"Defender Casting Combo - 7'3"" Extra Heavy (Right hand retrieve)",Rod & Reel Combo,Favorite Fishing,127.99,1,127.99,1,159.99,368,ACTIVE
1171,V711XXH-C,"Vexan Bass Casting Rods - Casting 7'11"" Xtra Xtra Heavy",Casting Rod,VEXAN®,127.99,1,127.99,1,219.99,31,ACTIVE
1172,WBR-721MH,"White Bird Spinning Rod - 7'2"" - Medium Heavy - Moderate",Spinning Rod,Favorite Fishing,127.98,2,63.99,1,79.99,49,ACTIVE
1173,S8-10,Seeker 8 - Bluegill,Crankbaits,MONSTERBASS,127.92,15,8.53,15,8.00,27,ACTIVE
1174,BW10-85,"KVD Bull Worm 10"" - Red Bug",Finesse baits,Strike King,127.38,22,5.79,20,5.79,0,ARCHIVED
1175,mb-misc-regional,Unknown Products - UNKNOWN BOX 01102,,MONSTERBASS,127.0,5,25.4,5,39.00,97,DRAFT
1176,OM-STICKER,Orange M Sticker,Stickers,MONSTERBASS,126.0,63,2.0,32,2.00,0,ARCHIVED
1177,RHS16-017-5,Round Head Spinners - Pink,Jig Heads,Luck-E-Strike,125.64,36,3.49,30,3.49,993,ACTIVE
1178,donation-25,Donation to Support Veteran Families - $25,Unclassified,MONSTERBASS,125.0,5,25.0,5,25.00,-5,ACTIVE
1179,sku-33196753616982,"Professional Fillet Knife – 13"" with Red Epoxy Resin Handle",Fillet Knife,KBS Knives Store,125.0,1,125.0,1,125.00,7,ACTIVE
1180,MB-MCRANK-12-CBLB,Seeker 12 - Chartreuse Blue Back,Crankbaits,MONSTERBASS,124.88,14,8.92,3,8.99,0,ARCHIVED
1181,lp-6,6 lb. Club License Plate Frame,Accessories,MONSTERBASS,124.85,15,8.32,14,9.99,69,ACTIVE
1182,CWD-JB,Craw D'oeuvre,Craws & Creatures,Power Team Lures,124.85,25,4.99,19,4.99,0,ARCHIVED
1183,CFB-3-1/4-GLD/CHT,Castaic Feather Burst Spin,Spinnerbaits,Castaic,124.0,31,4.0,20,4.00,0,DRAFT
1184,SS4500-BN-M-L,Iconic Logo Hoodie - L,Hoodies & Outerwear,MONSTERBASS,124.0,3,41.33,3,40.00,18,ACTIVE
1185,S8-6,Seeker 8 - Blue Chrome,Crankbaits,MONSTERBASS,123.96,15,8.26,14,8.00,24,ACTIVE
1186,MB-HOODIE-FLAG-BLKCAMO-2XL,"MONSTERBASS Nation Hoodie (L, 2X) - 2X / Black Camo",Hoodies & Outerwear,MONSTERBASS,123.95,4,30.99,4,29.00,0,ARCHIVED
1187,6373292_11495,MONSTER/BASS Hoodie - Navy Blazer / 2XL,Hoodies & Outerwear,MONSTERBASS.,123.0,3,41.0,3,41.00,9996,ACTIVE
1188,7251646_10788,"Red, White & MONSTERBASS - Carbon Grey / 2XL",Hoodies & Outerwear,MONSTERBASS.,123.0,3,41.0,3,41.00,9996,ACTIVE
1189,HCKVD1.5F-468,KVD Flatside - Phantom Watermelon Red Craw,Crankbaits,Strike King,122.95,17,7.23,15,8.99,0,ARCHIVED
1190,TCVSJ58-288,Strike King Thunder Cricket - 5/8 oz / Mouse,Bladed Jigs,Strike King,122.91,9,13.66,8,13.99,72,ACTIVE
1191,SSS99-35,Slick Stick 99 Suspending - Ghost Shad,Jerkbaits,MONSTERBASS,121.84,14,8.7,14,8.00,0,ARCHIVED
1192,810103812352,Tungsten Flipping Weights - Black / 1 oz - 2pk,Tungsten,1st Contact Tungsten,120.89,11,10.99,7,10.99,110,ACTIVE
1193,XTRPP04,Pencil Popper - Perch,Topwater,XCalibur,120.0,15,8.0,1,5.99,0,ARCHIVED
1194,FD-TEE-SS-BL-XL,Bass Dad Tee (M) - XL,Apparel,MONSTERBASS,120.0,6,20.0,6,20.00,0,ARCHIVED
1195,MB-SHIRT-RAG-HCEM-M,Epic Eric's Rise n' Glide - M,Shirts,MONSTERBASS,120.0,6,20.0,4,20.00,0,ACTIVE
1196,3001-06-DEW-XL,Vintage MB Tee - XL,Apparel,MONSTERBASS,120.0,6,20.0,6,20.00,0,ARCHIVED
1197,CATPOP-TS,Mach Popper - Tennessee Shad,Topwater,Catch Outdoors,120.0,12,10.0,10,10.00,0,ARCHIVED
1198,PPS38-TS,Pacemaker Swim Jig - 3/8oz / Threadfin Shad,Swim Jigs,V&M Baits,120.0,20,6.0,6,6.00,0,ACTIVE
1199,HBRH04,Reckless Roach - Ash,Craws & Creatures,Lunkerhunt,120.0,12,10.0,8,10.00,0,ARCHIVED
1200,6373292_13895,MONSTER/BASS Hoodie - Military Green / L,Hoodies & Outerwear,MONSTERBASS.,120.0,3,40.0,3,40.00,9996,ACTIVE
1201,7251646_10787,"Red, White & MONSTERBASS - Carbon Grey / XL",Hoodies & Outerwear,MONSTERBASS.,120.0,3,40.0,3,40.00,9996,ACTIVE
1202,2518546_15947,Lightweight Camo Zip Up Windbreaker - Forest Camo / M,Hoodies & Outerwear,MONSTERBASS.,120.0,2,60.0,2,60.00,9997,ACTIVE
1203,2518546_15948,Lightweight Camo Zip Up Windbreaker - Forest Camo / L,Hoodies & Outerwear,MONSTERBASS.,120.0,2,60.0,1,60.00,9997,ACTIVE
1204,2518546_15928,Lightweight Camo Zip Up Windbreaker - Black Camo / XL,Hoodies & Outerwear,MONSTERBASS.,120.0,2,60.0,2,60.00,9997,ACTIVE
1205,3091993_11484,Largie Smalls - Charcoal Heather / XL,Hoodies & Outerwear,MONSTERBASS.,120.0,3,40.0,3,40.00,9996,ACTIVE
1206,2518546_15930,Lightweight Camo Zip Up Windbreaker - Black Camo / 3XL,Hoodies & Outerwear,MONSTERBASS.,120.0,2,60.0,2,60.00,9996,ACTIVE
1207,6064336_8925,Fishing is Life - Black Heather / L,Shirts,MONSTERBASS.,120.0,6,20.0,5,20.00,9993,ACTIVE
1208,3091993_10788,Largie Smalls - Carbon Grey / 2XL,Hoodies & Outerwear,MONSTERBASS.,120.0,3,40.0,3,40.00,9996,ACTIVE
1209,6064336_8926,Fishing is Life - Black Heather / XL,Shirts,MONSTERBASS.,120.0,6,20.0,6,20.00,9993,ACTIVE
1210,3091993_13416,Largie Smalls - Black / 3XL,Hoodies & Outerwear,MONSTERBASS.,120.0,3,40.0,2,40.00,9997,ACTIVE
1211,6373292_10780,MONSTER/BASS Hoodie - Black / M,Hoodies & Outerwear,MONSTERBASS.,120.0,3,40.0,3,40.00,9996,ACTIVE
1212,5019978_10787,Fish Better Hoodie - Carbon Grey / XL,Hoodies & Outerwear,MONSTERBASS.,120.0,3,40.0,3,40.00,9996,ACTIVE
1213,2518546_15929,Lightweight Camo Zip Up Windbreaker - Black Camo / 2XL,Hoodies & Outerwear,MONSTERBASS.,120.0,2,60.0,2,60.00,9997,ACTIVE
1214,6373292_10785,MONSTER/BASS Hoodie - Carbon Grey / M,Hoodies & Outerwear,MONSTERBASS.,120.0,3,40.0,3,40.00,9996,ACTIVE
1215,9005355_5533,Retro Logo Hoodie - Black / XL,Hoodies & Outerwear,MONSTERBASS,120.0,3,40.0,3,40.00,9995,ACTIVE
1216,SS38-54,The Shredder Spinnerbait - Sexy,Spinnerbaits,Vicious Fishing,120.0,15,8.0,11,8.00,106,ACTIVE
1217,2526641_15634,Monsterboro - White / L,Hoodies & Outerwear,MONSTERBASS.,120.0,3,40.0,3,40.00,9996,ACTIVE
1218,sku-46482232934656,"Handcrafted Belt Knives – 8"" Rasp Steel Blade with Turquoise & Rosewood Handle",Cowboy Knife,Texan Knives,120.0,1,120.0,1,120.00,13,ACTIVE
1219,sku-50176858882345,"Cowboy Bull Cutter Knife – 8.5"" Damascus with Finger Hole & Bonus Knife",Bull Cutter,KBS Knives Store,120.0,1,120.0,1,120.00,4,ACTIVE
1220,sku-29378555281494,"Filleting Knife – 7"" Damascus Steel Blade",Fillet Knife,KBS Knives Store,120.0,1,120.0,1,120.00,0,ACTIVE
1221,BLN2000,Balance Spinning Reel - 2000,Spinning Reel,Favorite Fishing,119.98,2,59.99,2,59.99,66,ACTIVE
1222,WP-MISC,Whopper Plopper - 75 / Misc Colors,Topwater,River2Sea,119.92,8,14.99,6,14.99,0,ARCHIVED
1223,H15SDR912,Hunter 1.5 Squarebill - Ghost Gizzard,Squarebill,GRANDEBASS,119.88,12,9.99,8,9.99,0,ACTIVE
1224,MLF-GF-W,Greenfish Tackle Hammerhead Buzzbait - White,Buzzbaits,Greenfish Tackle,119.85,15,7.99,14,7.99,0,ARCHIVED
1225,SORK4000,Source K Spinning Reel - 4000,Fishing Reel,13 Fishing,119.8,4,29.95,3,29.95,0,DRAFT
1226,sku-50872597610793,"Ranch Knife with Turquoise Epoxy Rosewood Handle – 8.5""",Cowboy Knife,KBS Knives Store,118.0,1,118.0,1,118.00,1,ACTIVE
1227,SSS99-41,Slick Stick 99 Suspending - Jade Shad,Jerkbaits,MONSTERBASS,117.8,13,9.06,13,8.00,0,ARCHIVED
1228,MB-SHIRT-RAG-HCEM-2X,Epic Eric's Rise n' Glide - 2X,Shirts,MONSTERBASS,117.6,7,16.8,5,21.00,0,ACTIVE
1229,WE58JJ106,War Eagle Jiu-Jigsu - Green Pumpkin Neon,Jigs,War Eagle,117.0,18,6.5,15,6.50,0,ARCHIVED
1230,ASDRB12280,Smithwick Suspending Rogue - Golden Shine,Jerkbaits,Smithwick,116.87,13,8.99,8,8.99,0,ARCHIVED
1231,SBFW38-01,Z-Man Sling Bladez Double Willow Spinnerbait - 3/8oz / Blue Herring,Spinnerbaits,Z-Man Fishing Products,116.87,13,8.99,11,8.99,163,ACTIVE
1232,platinum-multi-paid-monthly-6,Platinum Monthly Pass - Bass & Panfish / 6 Months,Subscription Box,MONSTERBASS,116.85,3,38.95,3,38.95,-9,ACTIVE
1233,MB-PDSP-CAMO-2X,MONSTERBASS Sweatpants - Forest Camo / 2X,Hoodies & Outerwear,MONSTERBASS,116.0,4,29.0,4,29.00,0,ARCHIVED
1234,S8-40,Seeker 8 - Green Sexy,Crankbaits,MONSTERBASS,115.88,13,8.91,8,8.00,38,ACTIVE
1235,VF-TOAD-724-4,Best Toad Ever - Junebug Chartreuse,Frogs,MONSTERBASS,115.7,30,3.86,25,1.89,0,DRAFT
1236,LHP BS 403,Swim Bento - Parrot,Soft Swimbaits,Lunkerhunt,115.67,17,6.8,13,5.89,0,ARCHIVED
1237,MB-TTDRC-14-3,Tungsten Drop Shot Weights - Casting / 1/4 oz - 3 pack,Tungsten,MONSTERBASS,115.0,23,5.0,13,5.00,274,ACTIVE
1238,sku-49337903153449,The Hunted Knives – Custom Handmade Tom Brown Tracker Knife,Tracker Knife,KBS Knives Store,115.0,1,115.0,1,115.00,3,ACTIVE
1239,sku-46482173165824,Handcrafted Cowboy Knife Sheaths with Leather Belt Loop – Fall & Winter Edition,Cowboy Knife,Texan Knives,115.0,1,115.0,1,115.00,7,ACTIVE
1240,R1423 SSH,Rattl'n Vibe One Knock - Sexy Shad,Lipless Crankbait,Yo-Zuri,114.0,12,9.5,11,9.50,0,ARCHIVED
1241,HT-G,Jersey Pickles Hot Pickled Green Tomatoes - GALLON,Pickles,Jersey Pickles,113.97,3,37.99,3,37.99,13456,ACTIVE
1242,VF-FROG-WHITE,The Pad Runner - White,Frogs,Vicious Fishing,113.89,13,8.76,13,7.00,28,ACTIVE
1243,PS-P,Prop Spy - Perch,Baits,Bucketmouth Brand,113.01,9,12.56,8,12.99,0,ARCHIVED
1244,MB-SS99-CYLON,Slick Stick 99 Floating - Cylon,Jerkbaits,MONSTERBASS,112.95,13,8.69,7,7.00,0,ARCHIVED
1245,HYLSMWP2.75BKR,Minwaow - Bunker,Soft Swimbaits,A Band of Anglers,112.5,15,7.5,15,7.50,0,ARCHIVED
1246,MB-PDSP-CAMO-XL,MONSTERBASS Sweatpants - Forest Camo / XL,Hoodies & Outerwear,MONSTERBASS,112.37,4,28.09,4,29.00,0,ARCHIVED
1247,IMFSQ04,Impact Jolt Squarebill - Green Back,Squarebill,Lunkerhunt,112.35,15,7.49,15,7.49,0,ARCHIVED
1248,IMFSQ02,Impact Jolt Squarebill - Silver Side,Squarebill,Lunkerhunt,112.35,15,7.49,15,7.49,0,ARCHIVED
1249,SHAKEY-14-5,Sabertooth Shakey Head Hooks - 1/4 oz / Green Pumpkin,Jigs,MONSTERBASS,112.0,28,4.0,18,4.00,0,ARCHIVED
1250,gold-0324,March 2024 - Gold Series,Subscription Box,MONSTERBASS,112.0,4,28.0,4,28.00,-2,DRAFT
1251,IMPSL6S04,Impact Slash 6S Jerkbait - Jumbo,Jerkbaits,Lunkerhunt,112.0,16,7.0,3,6.29,0,ARCHIVED
1252,IMRLLC04,Impact Reactor Lipless - Green Back,Lipless Crankbait,Lunkerhunt,112.0,16,7.0,13,7.00,0,ARCHIVED
1253,810103811690,Tungsten Flipping Weights - Black / 3/8 oz - 3pk,Tungsten,1st Contact Tungsten,111.86,14,7.99,4,7.99,0,ACTIVE
1254,3001-30-CL-2X,Logo Tee (L-3X) - 2X,Shirts,MONSTERBASS,111.86,14,7.99,13,7.99,0,ACTIVE
1255,BJ-11,April's Member Exclusive Jig,Unclassified,,111.0,37,3.0,37,,,
1256,3001-06-CL-2X,Iconic Logo Tee - 2X,Shirts,MONSTERBASS,110.0,5,22.0,4,22.00,0,ARCHIVED
1257,MB-SHIRT-MHEAD-BLK-3X,Snagglefish Tee - 3X,Shirts,MONSTERBASS,110.0,5,22.0,5,22.00,10,ACTIVE
1258,MB-SHIRT-RAG-HCEM-S,Epic Eric's Rise n' Glide - S,Shirts,MONSTERBASS,110.0,6,18.33,6,20.00,0,ACTIVE
1259,MB-SHIRT-MONSTERS-BLK-L,MONSTERS - L,Shirts,MONSTERBASS,110.0,6,18.33,5,18.00,26,ACTIVE
1260,sku-46165170553088,"Premium Custom Handmade Ranch Knife – D2 Powder Coat Steel Blade, Resin Handle & Leather Sheath",Cowboy Knife,Texan Knives,110.0,1,110.0,1,110.00,71,ARCHIVED
1261,sku-49436263514409,Custom Ranch Cowboy Knives with Antler Horn Handle - Bottom One With Sheath,Cowboy Knife,KBS Knives Store,110.0,1,110.0,1,110.00,1,ACTIVE
1262,sku-49481671999785,"Old West Knives – 7.5"" Rasp Steel Blade with Epoxy Pine Cone Handle & Western Sheath",Cowboy Knife,KBS Knives Store,110.0,1,110.0,1,110.00,0,ACTIVE
1263,sku-46165166915840,"Premium Custom Handmade Cowboy Knife & Leather Sheath – Damascus Steel Blade, Pine Cone Handle",Cowboy Knife,Texan Knives,110.0,1,110.0,1,110.00,9,ACTIVE
1264,KF-FREAK-BUNDLE,KCL Freak 1.5 - 6 Pack,Tackle Bundle,Kingfisher Custom Lures,109.98,2,54.99,2,54.99,49,ARCHIVED
1265,DBR-1002ML,"Brush Dobber Crappie Spinning Rod - 10'0"" Medium Light 2 piece",Spinning Rod,Favorite Fishing,109.98,2,54.99,1,54.99,303,ACTIVE
1266,POP010,Poppa Pete - Steve's Gizzard Shad,Swimbaits,G-Ratt Baits,109.98,2,54.99,1,54.99,0,ACTIVE
1267,STICKER-KMB,Kiss My Bass Sticker,Stickers,MONSTERBASS,109.5,66,1.66,52,2.00,0,ARCHIVED
1268,PS-GBB,Prop Spy - Golden Black Black,Baits,Bucketmouth Brand,109.11,9,12.12,9,12.99,0,ARCHIVED
1269,sku-49405501964585,"Custom Handmade Bull Cutter Knife – 7.25"" Rasp Tool Steel Blade",Bull Cutter,KBS Knives Store,109.0,1,109.0,1,109.00,2,ACTIVE
1270,LC-6160-3,Slabasaurus Rex - Perch,Panfish Baits,LUNKERCANDY,108.89,12,9.07,12,8.99,0,ARCHIVED
1271,MB-ROLLO6-MCRAW,Rollo 6 - Moss Craw,Crankbaits,MONSTERBASS,108.0,9,12.0,9,12.00,0,ACTIVE
1272,60403NP-TX-2-4U,Wacky/Neko Hook,Hooks,Mustad,108.0,36,3.0,26,3.00,3868,ACTIVE
1273,PPS12-BB,Pacemaker Swim Jig - 1/2oz / Black Blue,Swim Jigs,V&M Baits,108.0,18,6.0,4,6.00,0,ACTIVE
1274,PPS38-GS,Pacemaker Swim Jig - 3/8oz / Glimmer Shad,Swim Jigs,V&M Baits,108.0,18,6.0,4,6.00,0,ACTIVE
1275,mb-gift-psw-3,Platinum Series West: 3 month gift,Gift Box,MONSTERBASS,108.0,3,36.0,3,99.00,0,ARCHIVED
1276,PTCR-6-ghostshad,Head Banger DT-6 - Ghost Shad,Crankbaits,Brand X,107.89,11,9.81,8,9.99,47,ACTIVE
1277,MB-MCRANK-12-CTSHAD,Seeker 12 - Chrome Threadfin Shad,Crankbaits,MONSTERBASS,107.88,12,8.99,1,8.99,0,ARCHIVED
1278,MB-MCRANK-12-PERCH,Seeker 12 - Oneida Perch,Crankbaits,MONSTERBASS,107.88,12,8.99,1,8.99,0,ARCHIVED
1279,CT3-5-12,Squarebill Crankbait - 3-5' Diver / Black Blue,Squarebill,Ark Fishing,107.88,12,8.99,11,8.99,30,ACTIVE
1280,BH-6159-10,HB-75 - Silver Shiner,Jerkbaits,Basshik,107.88,12,8.99,12,8.99,0,DRAFT
1281,CT5-7-08,Squarebill Crankbait - 5-7' Diver / Sexy Perch,Squarebill,Ark Fishing,107.88,12,8.99,12,8.99,9,ACTIVE
1282,VF-CRANK3-PERCH,SC-70 Crankbait - Perch,Crankbaits,Vicious Fishing,107.88,12,8.99,10,8.99,0,ACTIVE
1283,HAMMER-7,MONSTERBASS The Hammer | Colorado Spinnerbait - GrapeApe w/ Colorado Deep Purple,Spinnerbaits,MONSTERBASS,107.2,15,7.15,14,8.00,0,ARCHIVED
1284,ICBM120/02,River2Sea ICBM Glide Bait - Rainbow Trout,Swimbaits,River2Sea,106.88,12,8.91,10,7.99,0,ARCHIVED
1285,SOUR-G,Sour Pickled Green Tomatoes - GALLON,Pickles,Jersey Pickles,106.37,3,35.46,3,37.99,888,ARCHIVED
1286,25060627-black-united-states,Hunting Wildlife Trap Infrared LEDs IR Night Vision Scope Cameras Outdoor Waterproof Cameras A 850nm IR Torch - Black / United States,Hunting Knife,KBS Knives Store,105.99,1,105.99,1,105.99,0,ARCHIVED
1287,GOGMW725NTC,Googan Mondo Worm - 7.25'' 8pk - Night Club,Worms,Googan Baits,105.0,21,5.0,17,5.00,0,ARCHIVED
1288,TS35-357PK6,Z-Man Trick ShotZ - Goby Bryant,Finesse baits,Z-Man Fishing Products,105.0,21,5.0,20,5.00,0,ARCHIVED
1289,DS-ESS-GNF,Grey Frost - Green Lens Polarized,Sunglasses,Detour Sunglasses,105.0,3,35.0,3,35.00,0,ARCHIVED
1290,MB-SHIRT-MHEAD-BLK-2X,Snagglefish Tee - 2X,Shirts,MONSTERBASS,105.0,5,21.0,5,21.00,0,ACTIVE
1291,1546710_6952,MONSTER/BASS Tee - Athletic Heather / 2XL,Shirts,MONSTERBASS.,105.0,5,21.0,5,21.00,9994,ACTIVE
1292,1546710_8927,MONSTER/BASS Tee - Black Heather / 2XL,Shirts,MONSTERBASS.,105.0,5,21.0,5,21.00,9993,ACTIVE
1293,7144145_5518,MONSTER/BASS Crew Neck Sweatshirt - Sport Grey / 2XL,Hoodies & Outerwear,MONSTERBASS.,105.0,3,35.0,3,35.00,9996,ACTIVE
1294,50L-BL,50L Heavy Duty Dry Bag w/ Straps - Black,Dry Bags,Emerge Survival,105.0,1,105.0,1,105.00,294,ACTIVE
1295,sku-49436327084329,"Working Cowboy Knife 8"" Rasp Steel with Resin Handle",Cowboy Knife,KBS Knives Store,105.0,1,105.0,1,105.00,0,ACTIVE
1296,sku-50361370214697,"Concealed Belt Knife with Turquoise Stone Handle 7""",Cowboy Knife,KBS Knives Store,105.0,1,105.0,1,105.00,0,ACTIVE
1297,sku-50825549578537,CUSTOM 3.5 INCH WESTERN KNIFE BELT STYLE – ANTLER HANDLE CATTLEMAN FIXED BLADE,Cowboy Knife,KBS Knives Store,105.0,1,105.0,1,105.00,4,ACTIVE
1298,sku-28982012837952,Handmade Damascus Good Fillet Knife with Rosewood Handle,Fillet Knife,KBS Knives Store,105.0,1,105.0,1,105.00,1,ACTIVE
1299,sku-50145742422313,Bull Cutter Knife with Sheath – Handmade Rasp Steel & Sheep Horn Handle,Bull Cutter,KBS Knives Store,105.0,1,105.0,1,105.00,1,ACTIVE
1300,OLS7000,OL' Salty Reel - OLS7000,Spinning Reel,Favorite Fishing,104.99,1,104.99,1,149.99,103,ACTIVE
1301,PBSC-AM-761H,"Signature Series: Andy Morgan Pro Battle Flipping Rod - Casting: 7'6"" Heavy 1 piece",Casting Rod,Favorite Fishing,104.99,1,104.99,1,149.99,238,ACTIVE
1302,DDFR702MH20,"Defender Spinning Combo - 7'0"" Medium Heavy (2pc) w/ 2000 reel",Rod & Reel Combo,Favorite Fishing,104.99,1,104.99,1,149.99,108,ACTIVE
1303,SKSC-721MH10L,Sick Stick Casting Combo - 7'2 Medium heavy Left hand Combo,Rod & Reel Combo,Favorite Fishing,104.99,1,104.99,1,149.99,375,ACTIVE
1304,YMR-631SUL,"Yampa River Spinning Rod - 6'3"" - Super Ultra Light - Slow",Spinning Rod,Favorite Fishing,104.99,1,104.99,1,149.99,34,ACTIVE
1305,sticker-bb,Beastie Boys Sticker,Stickers,MONSTERBASS,104.0,52,2.0,37,2.00,147,ACTIVE
1306,SKS-711MH20,Sick Stick Spinning Combo - 7'1 Medium Heavy Spinning Combo,Rod & Reel Combo,Favorite Fishing,103.99,1,103.99,1,129.99,281,ACTIVE
1307,SKSC-741H,"Sick Stick Casting Rod - 7'4"" - Heavy - Fast",Casting Rod,Favorite Fishing,103.99,1,103.99,1,129.99,217,ACTIVE
1308,SRW01F65-4,Bucket Get'R Frog - Constantine,Frogs,Bucketmouth Brand,103.9,12,8.66,12,7.00,190,ACTIVE
1309,FS3000,Fire Spinning Reel,Spinning Reel,Favorite Fishing,101.98,2,50.99,2,59.99,577,ACTIVE
1310,MB-TUMBLER-CRACKED,Limited Edition 20 oz. Cracked Out Tumbler,Accessories,MONSTERBASS,101.85,3,33.95,2,33.95,0,ARCHIVED
1311,ACDC-256-2X,MONSTER / BASS - 2X,Shirts,MONSTERBASS,100.0,5,20.0,5,20.00,0,ACTIVE
1312,GOGRNCAD,Googan Rattlin' Ned - Canada Craw,Worms,Googan Baits,100.0,20,5.0,14,5.00,0,ARCHIVED
1313,silver-quarterly,Silver Series: Quarterly,Subscription Box,MONSTERBASS,100.0,5,20.0,5,20.00,999766,ACTIVE
1314,SE3018-01PK3,Swimbait Eye Jigheads - 1/8oz / Gold,Jig Heads,Z-Man Fishing Products,100.0,20,5.0,14,5.00,0,ARCHIVED
1315,MB-SHIRT-DRC-GREY-L,Epic Eric's Dr. Crankenstein - L,Shirts,MONSTERBASS,100.0,5,20.0,5,20.00,63,ACTIVE
1316,3001-45-M-L,M Nation Tee (L-2X) - L,Apparel,MONSTERBASS,100.0,5,20.0,5,20.00,0,ARCHIVED
1317,MB-SHIRT-DGH-GREY-2X,Swimming with the Fishes - 2X,Shirts,MONSTERBASS,100.0,8,12.5,7,20.00,-2,ACTIVE
1318,MB-SHIRT-DGH-GREY-3X,Swimming with the Fishes - 3X,Shirts,MONSTERBASS,100.0,10,10.0,9,20.00,-1,ACTIVE
1319,8919990_8926,Largie Smalls - Black Heather / XL,Shirts,MONSTERBASS.,100.0,5,20.0,5,20.00,9994,ACTIVE
1320,sku-28732073017408,Custom Handmade California Coyote Cowboy Knife | Damascus Blade | Antler Horn-Brass Bolster Handle | 6.25 Inches | Leather Sheath | KBS Knives Store,Cowboy Knife,KBS Knives Store,100.0,1,100.0,1,100.00,0,ACTIVE
1321,sku-50254519697705,"8"" Damascus Ranch Knives and sheaths with Epoxy Pine Cone - One Knife",Cowboy Knife,KBS Knives Store,100.0,1,100.0,1,100.00,6,ACTIVE
1322,sku-50091499847977,"EDC Belt Knife 7.25"" with White Epoxy Resin Handle",Cowboy Knife,KBS Knives Store,100.0,1,100.0,1,100.00,3,ACTIVE
1323,sku-49229137150249,Western Knife and Sheath - Antler & Leather Frontier Set,Cowboy Knife,KBS Knives Store,100.0,1,100.0,1,100.00,0,ACTIVE
1324,sku-50480898244905,"Cowboy Belt Knife 8"" Damascus with Pine-Cone Handle",Cowboy Knife,KBS Knives Store,100.0,1,100.0,1,100.00,0,ACTIVE
1325,sku-48396077531433,SHEPHERD’S EDGE – EDC COWBOY KNIFE WITH RASP FILE STEEL & MOUNTAIN SHEEP HORN - One knife,Cowboy Knife,KBS Knives Store,100.0,1,100.0,1,100.00,0,ACTIVE
1326,sku-46012883730688,"Custom Handmade Cowboy Bull Cutter Knives – 4"" J2 Steel Blade",cowboy belt knives,Texan Knives,100.0,1,100.0,1,100.00,4,ACTIVE
1327,sku-49318413041961,Custom Handmade Damascus Bull Cutter Knife with Epoxy Resin Handle for Sale by KBS Knives Store - Bottom One,Cowboy Knife,KBS Knives Store,100.0,1,100.0,1,100.00,3,ACTIVE
1328,WBR-681ML20,"White Bird Spinning Combo (Old Model) - Whitebird 6'8"" Medium Light with 2000 white bird reel",Rod & Reel Combo,Favorite Fishing,99.99,1,99.99,1,99.99,42,ACTIVE
1329,Gold-Q,October's Gold Box + FREE Hat - Quarry Hat + October Box,InternalUseOnly,MONSTERBASS,99.98,2,49.99,2,49.99,73,ACTIVE
1330,112LN-IG-OP,2026 Orange Crush Hat,Hats,MONSTERBASS,99.8,4,24.95,4,25.00,0,ARCHIVED
1331,MB-PATRIOT3-BMAMBA,The Patriot - old packaging - Black Mamba,Topwater,MONSTERBASS,99.44,17,5.85,14,7.00,0,ARCHIVED
1332,DS-2CS-IS,Core Shot,Panfish Baits,Dockside Custom Baits,99.0,22,4.5,15,4.50,0,ARCHIVED
1333,SC-MULTI-JIG,Multi Pack of 4 ice jigs,Panfish Baits,Signature Catch,99.0,1,99.0,1,0.99,9,ACTIVE
1334,MOON-JIG2PK,Moon Jig 2 Pack,Jig Heads,K&E Tackle,99.0,1,99.0,1,9.00,199,ACTIVE
1335,NSICE-MB,Natural Science Ice,Finesse Baits,TTI,99.0,1,99.0,1,5.00,0,ARCHIVED
1336,sku-49404448538921,"Custom Handmade Bull Cutter Knife – 7"" High-Carbon Steel",Bull Cutter,KBS Knives Store,99.0,1,99.0,1,99.00,4,ACTIVE
1337,sku-50071513563433,"Handmade Cowboy Knife and Sheath – Rasp Steel Blade, Bone Handle, Western Leather Sheath",Cowboy Knife,KBS Knives Store,99.0,1,99.0,1,99.00,0,ACTIVE
1338,sku-26902519283776,Everyday Carry Damascus Steel Folding Pocket Knife with Bone Handle – The BoneCraft,Folding Knife,KBS Knives Store,99.0,1,99.0,1,99.00,52,ACTIVE
1339,BAT-813-BLK-X-12,"FRONTIER DUAL 8"" MOC TOE (STEEL TOE) - 12",Industrial Wedge,Bonanza Boots,99.0,1,99.0,1,99.00,0,ARCHIVED
1340,XTRSBCB03,Tournament Series Squarebill Crankbait - Perch,Squarebill,XCalibur,98.89,11,8.99,6,8.99,0,ARCHIVED
1341,lp-5,5 lb. Club License Plate Frame,Accessories,MONSTERBASS,98.87,13,7.61,13,9.99,67,ACTIVE
1342,YAM-7GL-05-305,Yamamoto Kut Tail Worm - Baby Bass,Worms,Gary Yamamoto,97.86,14,6.99,7,6.99,0,ACTIVE
1343,LL-33,April's Member Exclusive Topwater Bait,Unclassified,Livingston Lures,96.95,6,16.16,6,17.99,0,ARCHIVED
1344,MB-TFJ-38-OC,Tungsten Football Jig - Okeechobee Craw,Football Jigs,MONSTERBASS,96.6,17,5.68,15,6.00,0,ACTIVE
1345,CC6-OC,Castaic Crankbait - Orange Craw,Crankbaits,Castaic,96.0,15,6.4,12,6.00,0,ARCHIVED
1346,SHAKEY-316-1,Sabertooth Shakey Head Hooks - 3/16 oz / Black,Jigs,MONSTERBASS,96.0,24,4.0,16,4.00,0,ARCHIVED
1347,8097285_19409,Retro Logo Tee - Black / 3XL,Shirts,MONSTERBASS.,96.0,4,24.0,4,24.00,9995,ACTIVE
1348,sticker-pbass,Painted Bass,Stickers,MONSTERBASS,96.0,48,2.0,31,2.00,0,ARCHIVED
1349,SS38-76,The Shredder Spinnerbait - White/Chartreuse,Spinnerbaits,Vicious Fishing,96.0,12,8.0,10,8.00,109,ACTIVE
1350,SS38-78,The Shredder Spinnerbait - Spot Remover,Spinnerbaits,Vicious Fishing,96.0,12,8.0,9,8.00,44,ACTIVE
1351,MB-SHIRT-CLASSIC-HGREY-2XL,Classic Logo Tee - 2X / Heather Grey,Apparel,MONSTERBASS,95.95,7,13.71,6,9.99,0,ARCHIVED
1352,250CRSD,Gunfish 115 Topwater Walker - Chartreuse Shad,Topwater,Lucky Craft,95.94,6,15.99,4,15.99,0,ARCHIVED
1353,VF-FROG-BLACK,The Pad Runner - Black,Frogs,Vicious Fishing,95.91,11,8.72,11,7.00,146,ACTIVE
1354,GOGMWNAT,Googan Mondo Worm - 10'' 8pk - Natural,Worms,Googan Baits,95.0,19,5.0,15,5.00,0,DRAFT
1355,sku-32477834248278,"Fillet Knife with Sheath – 8.75"" Damascus Blade",Fillet Knife,KBS Knives Store,95.0,1,95.0,1,95.00,0,ACTIVE
1356,sku-50813058056489,Handmade Cowboy Belt Knife for Buckaroo – File Steel & Turquoise Pine-Cone Resin,Cowboy Knife,KBS Knives Store,95.0,1,95.0,1,95.00,2,ACTIVE
1357,FX-PD35R-ACE-Lantern-Black-Bundle,Fenix PD35R ACE Multi-mode Tactical Flashlight + FREE CL01 Mini Lantern - Fenix PD35R ACE + FREE Mini Lantern (Black),,,94.95,1,94.95,1,,,
1358,FJC-BLK,Flak Jacket Rod Covers: Spinning & Casting - Casting / Black,Fishing Rod Accessories,,94.9,10,9.49,1,,,
1359,NOCHO-101,Ned Ocho - Bama Craw,Worms,Strike King,94.13,17,5.54,12,5.99,0,ARCHIVED
1360,STICKER-MADFISH,Madfish Sticker,Stickers,MONSTERBASS,94.0,70,1.34,62,2.00,0,ARCHIVED
1361,GP-PROTECT-18,Guaranteed Shipping Protection - Level 18,Protection,MONSTERBASS,93.1,1,93.1,1,93.10,-1,ACTIVE
1362,sku-39316516470870,1075 Steel Handmade Hunting Knife,Hunting Knives,KBS Knives Store,93.0,1,93.0,1,93.00,4,ACTIVE
1363,6064336_8929,Fishing is Life - Black Heather / 4XL,Shirts,MONSTERBASS.,92.0,4,23.0,3,23.00,9995,ACTIVE
1364,IMRLLC02,Impact Reactor Lipless - Silver Side,Lipless Crankbait,Lunkerhunt,91.0,13,7.0,11,7.00,0,ARCHIVED
1365,MB-RAGNAR-SEXY,Ragnar - old packaging - Ghost Sexy,Walking Baits,MONSTERBASS,91.0,13,7.0,12,10.00,0,ARCHIVED
1366,SLSDFR7L,Defender Soleus Casting Reel - Defender (left) 7.3:1,Casting Reel,Favorite Fishing,90.99,1,90.99,1,129.99,128,ACTIVE
1367,810103811706,Tungsten Flipping Weights - Black / 3/4 oz - 2pk,Tungsten,1st Contact Tungsten,90.87,13,6.99,6,6.99,25,ACTIVE
1368,32323,Hot Shot Minnow - Green Pumpkin Blue,Soft Swimbaits,X Zone Lures,90.0,18,5.0,14,5.99,164,ACTIVE
1369,mb-subscription-230116,November 2023 - Gold Series,Subscription Box,MONSTERBASS,90.0,3,30.0,3,30.00,0,DRAFT
1370,sticker-hippie,Grateful Fisherman,Stickers,MONSTERBASS,90.0,45,2.0,23,2.00,0,ARCHIVED
1371,TURTLE02,Prop Turtle - Timber,Topwater,Lunkerhunt,90.0,9,10.0,9,10.00,0,ARCHIVED
1372,1702-001,Tungsten Bladed Swimbait Hook - 1/8oz,Hooks,1st Contact Tungsten,90.0,18,5.0,10,5.00,150,ACTIVE
1373,MLF-355,Hardcore Shad - Ghost Pro Blue,Crankbaits,Yo-Zuri,90.0,9,10.0,4,10.00,0,ACTIVE
1374,sku-26902738501696,New Custom Handmade Damascus Steel Steak Blade Pocket Knife With  Corkscrew Wine Opener,Damascus Knife,KBS Knives Store,90.0,1,90.0,1,90.00,0,ACTIVE
1375,sku-28802917105728,Custom Handmade Cowboy Bull Cutter Knife – Rasp Steel Blade & Resin Handle,Cowboy Knife,KBS Knives Store,90.0,1,90.0,1,90.00,0,ACTIVE
1376,sku-28405382316128,"Bull Shad Slow Sink - 11"" / Gizzard",Swimbaits,Bull Shad Swimbaits,89.99,1,89.99,1,89.99,0,ACTIVE
1377,CT3-5-17,Squarebill Crankbait - 3-5' Diver / Ghost Sexy Shad,Squarebill,Ark Fishing,89.9,10,8.99,10,8.99,30,ACTIVE
1378,FINSTK2.75-736,"2.75"" Ned Candy - Green Pumpkin Red",Soft Swimbaits,Vicious Fishing,89.85,15,5.99,11,4.99,0,ACTIVE
1379,B8-FYRE-PERCH,Fyre Shad - Plasma Perch,Crankbaits,B8 Lab,89.5,10,8.95,10,8.99,0,DRAFT
1380,B8-FYRE-FREEZE,Fyre Shad - Fyre Freeze,Crankbaits,B8 Lab,89.5,10,8.95,10,8.99,0,DRAFT
1381,XTFS10-15XT,Berkley Trilene XT - 10 lb. - Clear,Fluorocarbon,Berkley,89.25,15,5.95,15,5.95,7,ACTIVE
1382,MBCF35-DBLO,Craw Father,Craws & Creatures,Missile Baits,89.11,19,4.69,15,4.69,0,ARCHIVED
1383,CT3-5-14,Squarebill Crankbait - 3-5' Diver / Mystic Gizzard,Squarebill,Ark Fishing,88.91,10,8.89,10,8.99,31,ACTIVE
1384,S12-22,Seeker 12 - Candy Apple Craw,Crankbaits,MONSTERBASS,88.91,10,8.89,9,8.00,0,ACTIVE
1385,SHAKEY-316-5,Sabertooth Shakey Head Hooks - 3/16 oz / Green Pumpkin,Jigs,MONSTERBASS,88.0,22,4.0,12,4.00,0,ARCHIVED
1386,3001-06-DEW-3X,Vintage MB Tee - 3X,Apparel,MONSTERBASS,88.0,4,22.0,3,22.00,0,ARCHIVED
1387,6965525_8746,MONSTER/BASS Trucker Cap - White,Hats,MONSTERBASS.,88.0,4,22.0,4,25.00,9995,ACTIVE
1388,6965525_8751,MONSTER/BASS Trucker Cap - Navy,Hats,MONSTERBASS.,88.0,4,22.0,4,25.00,9994,ACTIVE
1389,6410173_8746,MONSTER/BASS Hat - White,Hats,MONSTERBASS.,88.0,4,22.0,4,25.00,9995,ACTIVE
1390,DDFRC-731MH,"Defender Casting Rod - Defender Casting Rod 7'3"" MH",Casting Rod,Favorite Fishing,87.99,1,87.99,1,109.99,9,ACTIVE
1391,MB-SHIRT-CLASSIC-HGREY-S,Classic Logo Tee - S / Heather Grey,Apparel,MONSTERBASS,87.94,7,12.56,5,9.99,0,ARCHIVED
1392,HERC5-259,"Herculez Swimbait 5"" - Bad Shad",Soft Swimbaits,Z-Man Fishing Products,87.92,8,10.99,3,10.99,0,ARCHIVED
1393,XLFS10-22XL,Berkley Trilene XL - 8 lb.,Fishing Line,Berkley,87.81,15,5.85,7,8.00,0,ARCHIVED
1394,MB-PDSP-BLK-2X,MONSTERBASS Sweatpants - Black / 2X,Hoodies & Outerwear,MONSTERBASS,87.0,3,29.0,3,29.00,0,ARCHIVED
1395,MB-PDSP-CAMO-S,MONSTERBASS Sweatpants - Forest Camo / S,Hoodies & Outerwear,MONSTERBASS,87.0,3,29.0,3,29.00,0,ARCHIVED
1396,9005355_5600,Retro Logo Hoodie - Navy / 4XL,Hoodies & Outerwear,MONSTERBASS,86.0,2,43.0,2,43.00,9997,ACTIVE
1397,sticker-monsterboro,Monsterboro Sticker,Stickers,MONSTERBASS,86.0,43,2.0,28,2.00,496,ACTIVE
1398,S8-9,Seeker 8 - Blue Sexy,Crankbaits,MONSTERBASS,84.95,10,8.5,7,8.00,33,ACTIVE
1399,MB-TFW-716-2,Tungsten Flipping Weights - 7/16oz - 2 pack,Tungsten,MONSTERBASS,84.5,13,6.5,10,6.50,0,ARCHIVED
1400,SHAKEY-14-1,Sabertooth Shakey Head Hooks - 1/4 oz / Black,Jigs,MONSTERBASS,84.0,21,4.0,18,4.00,0,ARCHIVED
1401,MB-SHIRT-ENJOY-GREEN-2XL,Enjoy Monsterbass - 2X / Green,Apparel,MONSTERBASS,84.0,4,21.0,3,21.00,0,ARCHIVED
1402,1546710_8464,MONSTER/BASS Tee - Dark Grey Heather / 2XL,Shirts,MONSTERBASS.,84.0,4,21.0,4,21.00,9995,ACTIVE
1403,STICKER-FIRE,Firey Bass Sticker,Stickers,MONSTERBASS,84.0,42,2.0,12,2.00,0,ARCHIVED
1404,6373292_13898,MONSTER/BASS Hoodie - Military Green / 3XL,Hoodies & Outerwear,MONSTERBASS.,84.0,2,42.0,2,42.00,9997,ACTIVE
1405,6373292_13420,MONSTER/BASS Hoodie - Carbon Grey / 3XL,Hoodies & Outerwear,MONSTERBASS.,84.0,2,42.0,2,42.00,9997,ACTIVE
1406,2526641_15591,Monsterboro - Bone / 2XL,Hoodies & Outerwear,MONSTERBASS.,84.0,2,42.0,2,42.00,9996,ACTIVE
1407,2526641_15636,Monsterboro - White / 2XL,Hoodies & Outerwear,MONSTERBASS.,84.0,2,42.0,2,42.00,9997,ACTIVE
1408,YAM-7GL-05-301,Yamamoto Kut Tail Worm - Green Pumpkin with Green and Purple Flake,Worms,Gary Yamamoto,83.88,12,6.99,8,6.99,46,ACTIVE
1409,SBTJML-1/4,Spro Bucktail Jig - 1/4 / Mullet,Bucktail Jig,SPRO,83.86,14,5.99,11,5.99,36,ACTIVE
1410,GP-PROTECT-17,Guaranteed Shipping Protection - Level 17,Protection,MONSTERBASS,83.3,1,83.3,1,83.30,-1,ACTIVE
1411,SSB38-203,Swinging Sugar Buzzbait - CHARTREUSE WHITE / 3/8 oz,Buzzbaits,Strike King,82.5,11,7.5,9,7.50,0,ARCHIVED
1412,IMFSQ01,Impact Jolt Squarebill - Sassy,Squarebill,Lunkerhunt,82.39,11,7.49,11,7.49,0,ARCHIVED
1413,7251646_11495,"Red, White & MONSTERBASS - Navy Blazer / 2XL",Hoodies & Outerwear,MONSTERBASS.,82.0,2,41.0,2,41.00,9997,ACTIVE
1414,6373292_11485,MONSTER/BASS Hoodie - Charcoal Heather / 2XL,Hoodies & Outerwear,MONSTERBASS.,82.0,2,41.0,2,41.00,9997,ACTIVE
1415,9005355_12993,Retro Logo Hoodie - Military Green / 2XL,Hoodies & Outerwear,MONSTERBASS,82.0,2,41.0,2,41.00,9997,ACTIVE
1416,TCVSJ34-900,Strike King Thunder Cricket - 3/4 oz / Fire Craw,Bladed Jigs,Strike King,81.93,7,11.7,4,13.99,42,ACTIVE
1417,ZM-SPINNER-MISC,Z-Man SlingbladeZ Spinnerbait,,,81.0,9,9.0,8,,,
1418,MISC-SKSD,KVD Sexy Dawg - Misc Colors,Topwater,Strike King,81.0,9,9.0,8,9.00,0,ARCHIVED
1419,MB-SHHEAD-15-MSHAD,Hammerhead – Alex Rudd Edition - Magic Shad (Limited Edition),Squarebill,MONSTERBASS,80.91,9,8.99,9,8.00,0,ARCHIVED
1420,GOGRNMUM,Googan Rattlin' Ned - Mud Minnow,Worms,Googan Baits,80.0,16,5.0,15,5.00,0,ARCHIVED
1421,00120,"B-Vibe - 1.5"" / Black",Soft Swimbaits,Euro Tackle,80.0,20,4.0,15,4.00,135,ACTIVE
1422,HCBPM-513,Bitsy Pond Minnow CB - Fire Tiger,Crankbaits,Strike King,80.0,16,5.0,15,5.00,0,DRAFT
1423,mlf-subscription-1,MLF Edition: 1 month,Subscription Box,MONSTERBASS,80.0,2,40.0,2,40.00,0,ARCHIVED
1424,RETRO-344-3X,Retro Logo Tee - 3X,Shirts,MONSTERBASS,80.0,4,20.0,4,18.00,0,ACTIVE
1425,TEAM-06-2X,Team MONSTERBASS - 2X,Apparel,MONSTERBASS,80.0,4,20.0,4,10.00,0,ARCHIVED
1426,3001-69-M-L,Orange Crush Logo Tee (L-2X) - L,Shirts,MONSTERBASS,80.0,4,20.0,4,20.00,22,ACTIVE
1427,MB-WSHIRT-CLASSIC-GREY-L,Women’s Classic Logo Tee - L,Apparel,MONSTERBASS,80.0,6,13.33,6,10.00,0,ARCHIVED
1428,MB-SHIRT-WBURGER-DRKHGREY-L,MONSTERBURGER - L / Dark Heather Grey,Shirts,MONSTERBASS,80.0,4,20.0,3,20.00,7,ACTIVE
1429,7251646_11492,"Red, White & MONSTERBASS - Navy Blazer / M",Hoodies & Outerwear,MONSTERBASS.,80.0,2,40.0,2,40.00,9997,ACTIVE
1430,MB-BLK-RWHTPUF-L/XL,Retro Puff Fitted Hat - L/XL,Hats,MONSTERBASS,80.0,4,20.0,4,20.00,0,ARCHIVED
1431,3091993_10787,Largie Smalls - Carbon Grey / XL,Hoodies & Outerwear,MONSTERBASS.,80.0,2,40.0,2,40.00,9997,ACTIVE
1432,4645155_5533,Fishing is Life Hoodie - Black / XL,Hoodies & Outerwear,MONSTERBASS.,80.0,2,40.0,2,40.00,9997,ACTIVE
1433,TURTLE03,Prop Turtle - Neon,Topwater,Lunkerhunt,80.0,8,10.0,7,10.00,0,ARCHIVED
1434,7251646_11494,"Red, White & MONSTERBASS - Navy Blazer / XL",Hoodies & Outerwear,MONSTERBASS.,80.0,2,40.0,2,40.00,9997,ACTIVE
1435,3091993_13419,Largie Smalls - Charcoal Heather / 3XL,Hoodies & Outerwear,MONSTERBASS.,80.0,2,40.0,2,40.00,9997,ACTIVE
1436,5019978_10786,Fish Better Hoodie - Carbon Grey / L,Hoodies & Outerwear,MONSTERBASS.,80.0,2,40.0,2,40.00,9997,ACTIVE
1437,6373292_11484,MONSTER/BASS Hoodie - Charcoal Heather / XL,Hoodies & Outerwear,MONSTERBASS.,80.0,2,40.0,2,40.00,9997,ACTIVE
1438,9005355_5532,Retro Logo Hoodie - Black / L,Hoodies & Outerwear,MONSTERBASS,80.0,2,40.0,2,40.00,9997,ACTIVE
1439,CBCFL38-06,Chatterbait Freedom - 3/8oz / Money Maker,Bladed Jigs,Z-Man Fishing Products,80.0,10,8.0,8,8.00,0,ARCHIVED
1440,4645155_12991,Fishing is Life Hoodie - Military Green / L,Hoodies & Outerwear,MONSTERBASS.,80.0,2,40.0,2,40.00,9997,ACTIVE
1441,6373292_10787,MONSTER/BASS Hoodie - Carbon Grey / XL,Hoodies & Outerwear,MONSTERBASS.,80.0,2,40.0,2,40.00,9997,ACTIVE
1442,6064336_8441,Fishing is Life - Army / M,Shirts,MONSTERBASS.,80.0,4,20.0,4,20.00,9995,ACTIVE
1443,SS38-77,The Shredder Spinnerbait - Mouse,Spinnerbaits,Vicious Fishing,80.0,10,8.0,9,8.00,111,ACTIVE
1444,2526641_15588,Monsterboro - Bone / M,Hoodies & Outerwear,MONSTERBASS.,80.0,2,40.0,2,40.00,9998,ACTIVE
1445,BYSQ38644,Booyah Squelcher Buzzbait - 3/8 oz / Citrus Shad,Buzzbaits,Booyah,80.0,10,8.0,1,8.00,0,ARCHIVED
1446,9005355_12991,Retro Logo Hoodie - Military Green / L,Hoodies & Outerwear,MONSTERBASS,80.0,2,40.0,2,40.00,9996,ACTIVE
1447,WBRC-661MH,"White Bird Casting Rod - 6'6"" - Medium Heavy - Fast",Casting Rod,Favorite Fishing,79.99,1,79.99,1,79.99,678,ACTIVE
1448,BB-6-GS-MS,"6"" Bacca Burrito Medium Sink - Golden Shiner",Soft Swimbaits,Bull Shad Swimbaits,79.98,2,39.99,1,39.99,969,ACTIVE
1449,lp-9,9 lb. Club License Plate Frame,Accessories,MONSTERBASS,79.92,8,9.99,6,9.99,80,ACTIVE
1450,BMB02FA528,Bomber Flat A - Rock Craw,Crankbaits,Bomber Lures,79.84,16,4.99,13,6.99,0,ACTIVE
1451,PS-SS,Prop Spy - Sexy Shad,Baits,Bucketmouth Brand,79.23,7,11.32,7,12.99,0,ARCHIVED
1452,MB-PJACKET-XL,Hyper Loft Puffy Jacket - XL,Hoodies & Outerwear,MONSTERBASS,79.0,1,79.0,1,79.00,-1,ACTIVE
1453,MB-PJACKET-S,Hyper Loft Puffy Jacket - S,Hoodies & Outerwear,MONSTERBASS,79.0,1,79.0,1,79.00,0,ACTIVE
1454,MB-PJACKET-L,Hyper Loft Puffy Jacket - L,Hoodies & Outerwear,MONSTERBASS,79.0,1,79.0,1,79.00,13,ACTIVE
1455,TP70-25,Ark Topwater Popper - Baby Bass,Popper,Ark Fishing,78.92,9,8.77,9,8.99,0,ACTIVE
1456,PK3LDY2,Perch Talker,Panfish Baits,Lindy,78.0,6,13.0,5,13.00,0,ARCHIVED
1457,Z63-005,Z-Series Lipless Crankbait - Fire Craw,Lipless Crankbait,Ark Fishing,78.0,6,13.0,5,13.00,0,ARCHIVED
1458,platinum-0324,March 2024 - Platinum Series,Subscription Box,MONSTERBASS,78.0,2,39.0,2,39.00,-1,DRAFT
1459,GRND3-DVG,"Grenade 2.75"" - Dove's Goby",Baits,"ThunderHawk, Inc",78.0,13,6.0,7,6.00,0,ARCHIVED
1460,platinum-0424-S,April 2024 - Platinum S,Subscription Box,MONSTERBASS,78.0,2,39.0,2,39.00,0,DRAFT
1461,Norman-0724-Misc,Miscellaneous Norman Crankbaits,Crankbaits,Norman,78.0,14,5.57,12,5.00,0,ARCHIVED
1462,multi-0624,June 2024 - Multi Species,Subscription Box,MONSTERBASS,78.0,2,39.0,2,39.00,-2,DRAFT
1463,platinum-0824-old,Trophy Pond Box,Tackle Bundle,MONSTERBASS,78.0,2,39.0,2,39.00,54,ACTIVE
1464,OGSP011,Sneaky Pete OG - Bone,Swimbaits,G-Ratt Baits,77.98,2,38.99,2,38.99,0,ACTIVE
1465,799787440115,Loaded Dice - Albino,Finesse Baits,3 Brothers Baits,77.94,6,12.99,6,12.99,0,ACTIVE
1466,810103812451,Tungsten Propellor Jig - 1/16 oz 3 Piece,Jig Heads,1st Contact Tungsten,77.88,12,6.49,10,6.49,111,ACTIVE
1467,44FINSWIM-02,"Finesse Swimmer - 4.4"" / Gill",Soft Swimbaits,Big Bite Baits,77.37,13,5.95,4,5.99,0,ARCHIVED
1468,RO3-850,"Strike King Rodent 3"" - Moon Juice / 3""",Craws & Creatures,Strike King,77.35,13,5.95,10,5.95,0,ARCHIVED
1469,RGCUT56-805,Rage Cut-R-Worm - Blue Craw Red Flake,Worms,Strike King,77.0,14,5.5,12,5.50,0,ARCHIVED
1470,JSN33,Jack Slap - Nickel,Blade Baits & Spoons,Catch Outdoors,77.0,11,7.0,7,7.00,0,ARCHIVED
1471,SBEF65NRED,SPRO Dean Rojas Bronzeye Frog 65,Topwater,SPRO,77.0,7,11.0,4,11.00,0,ARCHIVED
1472,DDFR-711M,"Defender Spinning Rod - Defender spinning rod 7'1"" M",Spinning Rod,Favorite Fishing,76.99,1,76.99,1,109.99,0,ACTIVE
1473,HERC5-84,"Herculez Swimbait 5"" - Pearl",Soft Swimbaits,Z-Man Fishing Products,76.93,7,10.99,2,10.99,0,ARCHIVED
1474,34FINSWIM-02,"Finesse Swimmer - 3.4"" / Gill",Soft Swimbaits,Big Bite Baits,76.81,19,4.04,15,4.99,0,ARCHIVED
1475,DOB-DBBS38-125,Dobyn's D Blade Spinnerbait - White on White Colorado Willow,Spinnerbaits,Dobyn’s,76.41,9,8.49,8,8.49,0,ACTIVE
1476,mb-subscription-platinum-0124,January 2024 - Platinum Series,Subscription Box,,76.0,2,38.0,2,,,
1477,silver-0124,January 2024 - Silver Series,Subscription Box,MONSTERBASS,76.0,2,38.0,1,20.00,0,DRAFT
1478,R1423 BT,Rattl'n Vibe One Knock - Blue Chrome,Lipless Crankbait,Yo-Zuri,76.0,8,9.5,7,9.50,0,ARCHIVED
1479,mb-subscription-multi-23900,Sept 2023 - Multi Species Series,Tackle Bundle,,76.0,2,38.0,2,,,
1480,R1423 GSN,Rattl'n Vibe One Knock - Golden Shiner,Lipless Crankbait,Yo-Zuri,76.0,8,9.5,7,9.50,0,ARCHIVED
1481,multi-0224,February 2024 - Multi Species,Subscription Box,MONSTERBASS,76.0,2,38.0,2,39.00,0,DRAFT
1482,GIFT-TACKLE-BAG,Free Gift - Tackle Bag + 2 Tackle Trays,Tackle Bags & Boxes,Plano,75.98,2,37.99,2,37.99,-127,DRAFT
1483,MB-SHIRT-DRC-GREY-2X,Dr. Crankenstein - 2X,Shirts,MONSTERBASS,75.6,4,18.9,4,21.00,0,ACTIVE
1484,HAMMER-9,MONSTERBASS The Hammer | Colorado Spinnerbait - Firecraw w/ Colorado Orange,Spinnerbaits,MONSTERBASS,75.2,10,7.52,9,8.00,0,ARCHIVED
1485,GOGKC3GNP,Googan Krackin' Craw - 3'' 10pk - Green Pumpkin,Craws & Creatures,,75.0,15,5.0,9,,,
1486,test-subscription-welcome,Test Subscription: 3 month,Subscription Box,MONSTERBASS,75.0,2,37.5,2,75.00,-4,DRAFT
1487,PDR-100-AST,Paddle Bug Rig,Panfish Baits,Laker,75.0,30,2.5,10,2.50,0,ARCHIVED
1488,CAST-7:1 - Reels,StrikeBack Casting Reel - 7:1 Casting Reel,Casting Reel,VEXAN®,74.99,1,74.99,1,99.99,487,ACTIVE
1489,sku-39362138832957,"Shimano Curado, SLX DC MGL Full Tune kit - XCR Ultra",new,Spool Hi-Speed Bearings,74.95,1,74.95,1,74.95,8655,ACTIVE
1490,511-TC-OP,Tiger Camo Orange Crush Hat,Hats,MONSTERBASS,74.85,3,24.95,2,25.00,19,ACTIVE
1491,STICKER-BFS,Bigfoot Sticker,Stickers,MONSTERBASS,74.0,37,2.0,17,2.00,0,ARCHIVED
1492,8002673_15238,MONSTERBASS Slides - Black / 8,Accessories,MONSTERBASS.,73.98,2,36.99,2,36.99,9997,ACTIVE
1493,MB-SHIRT-CLASSIC-L-HDGREY,Classic Logo Tee - L / Heather Gray/White,Apparel,MONSTERBASS,73.93,7,10.56,7,9.99,0,ARCHIVED
1494,GP-PROTECT-16,Guaranteed Shipping Protection - Level 16,Protection,MONSTERBASS,73.5,1,73.5,1,73.50,-1,ACTIVE
1495,XTRPP03,Pencil Popper - Fire Tiger,Topwater,XCalibur,72.0,9,8.0,1,5.99,0,ARCHIVED
1496,FGLT307,Froglet - Toad,Topwater,Lunkerhunt,72.0,8,9.0,4,9.00,0,ARCHIVED
1497,XB-5-SXY-BLU,XB-5 Crankbait - Sexy Blue Back,Crankbaits,Xcite Baits,72.0,8,9.0,8,9.00,0,ARCHIVED
1498,STICKER-WTF,Where's The Fish Sticker,Stickers,MONSTERBASS,72.0,36,2.0,25,2.00,510,ACTIVE
1499,PPS12-W,Pacemaker Swim Jig - 1/2oz / White,Swim Jigs,V&M Baits,72.0,12,6.0,3,6.00,159,ACTIVE
1500,MLF-351,Hardcore Crank SR 65F Squarebill - Ghost Pearl Shad,Crankbaits,Yo-Zuri,72.0,8,9.0,8,9.00,37,ACTIVE
1501,DBR-902ML,"Brush Dobber Crappie Spinning Rod - 9'0"" Medium Light 2 piece",Spinning Rod,Favorite Fishing,71.98,2,35.99,1,44.99,265,ACTIVE
1502,CBB12-07,Big Blade Chatterbait - Fire Craw,Bladed Jigs,Z-Man Fishing Products,71.94,6,11.99,4,11.99,0,ARCHIVED
1503,LC-6160-1,Slabasaurus Rex - Sexy Shad,Panfish Baits,LUNKERCANDY,71.92,8,8.99,8,8.99,0,ARCHIVED
1504,CT3-5-06,Squarebill Crankbait - 3-5' Diver / Shiner,Squarebill,Ark Fishing,71.92,8,8.99,7,8.99,32,ACTIVE
1505,CT3-5-11,Squarebill Crankbait - 3-5' Diver / Silver Shad,Squarebill,Ark Fishing,71.92,8,8.99,8,8.99,31,ACTIVE
1506,R1352 CSH,3DB Series Squarebill Crankbait 1.5 - Citrus Shad,Squarebill,Yo-Zuri,71.92,8,8.99,7,8.99,0,ARCHIVED
1507,PTCR-8-gill,Head Banger DT-8 - Gill,Crankbaits,Brand X,71.92,8,8.99,5,8.99,0,ARCHIVED
1508,LL-SD6-SC,Sugar Daddy 6 - Spring Craw,Crankbaits,LUNKERCANDY,70.93,8,8.87,8,8.99,0,ARCHIVED
1509,PS-G,Prop Spy - Gilly,Baits,Bucketmouth Brand,70.14,6,11.69,5,12.99,-1,ARCHIVED
1510,XZ-CHUNK,"3.25"" MB Chunk - Misc Colors",Craws & Creatures,X Zone Lures,70.0,14,5.0,12,5.00,0,ARCHIVED
1511,BG132OBS17-10,Bobby Garland Overbite Sickle Jig,Jig Heads,Bobby Garland,70.0,14,5.0,12,5.00,0,ARCHIVED
1512,GOGRNPBJ,Googan Rattlin' Ned - Peanut Butter & Jelly,Worms,Googan Baits,70.0,14,5.0,9,5.00,0,ARCHIVED
1513,IMPSL6S02,Impact Slash 6S Jerkbait - Silver Side,Jerkbaits,Lunkerhunt,70.0,10,7.0,5,6.29,0,ARCHIVED
1514,WSS608-3/8-BG-1,Skatter Shad Bladed Jig - 3/8oz,Bladed Jigs,Mustad,70.0,14,5.0,10,5.00,0,ARCHIVED
1515,A10SB-GAYU,A10 Square Bill - Ghost AYU,Squarebill,"ThunderHawk, Inc",70.0,7,10.0,7,10.00,0,ARCHIVED
1516,BH-UVLONG-SILVER-2XL,Basshik UV Sunshirt - 2X,UV Protection,Basshik,70.0,7,10.0,6,10.00,-1,ARCHIVED
1517,BMIN02,"Bait Shifter 3.5"" Minnow Kit - Ice",Soft Swimbaits,Lunkerhunt,70.0,10,7.0,8,7.00,0,ARCHIVED
1518,MB-RAGNAR-BONE,Ragnar - old packaging - Bone,Walking Baits,MONSTERBASS,70.0,10,7.0,10,10.00,0,ARCHIVED
1519,7144145_5514,MONSTER/BASS Crew Neck Sweatshirt - Sport Grey / S,Hoodies & Outerwear,MONSTERBASS.,70.0,2,35.0,2,35.00,9997,ACTIVE
1520,sku-51515481817404,Nightmare Xtreme 2.0 300 / 350 / 400/ 500 spine Arrow 12/Pack Fletched - 300,,Killz Products,69.99,1,69.99,1,69.99,37,ACTIVE
1521,WBR100NGR-RTL,White Bird Casting Reel (retail packaging) - Right,Casting Reel,Favorite Fishing,69.99,1,69.99,1,69.99,1361,ACTIVE
1522,BC8-80-1500-FBM,Reaction Tackle X8 Braided Fishing Line - Blue Camo 8 Strand - 80lb / 1500yds / Blue Camouflage,Braid,Reaction Tackle,69.98,1,69.98,1,69.98,28,ARCHIVED
1523,MB-SSJACKET-S,All-Season Soft Shell Jacket - S,Hoodies & Outerwear,MONSTERBASS,69.95,1,69.95,1,59.00,0,ARCHIVED
1524,EH1272-SPARKY,Mugshot Lipless - Sparky,Lipless Crankbait,Element Customs,69.95,5,13.99,5,13.99,0,DRAFT
1525,EH1272-PERCH,Mugshot Lipless - Perchinator,Lipless Crankbait,Element Customs,69.95,5,13.99,5,13.99,0,DRAFT
1526,CDEM72,Ember Mat - Protect The Ground From Popping Embers or Dripping Grease,Pop-Up Pit Accessories,Fireside Outdoor,69.95,1,69.95,1,69.95,1690,ACTIVE
1527,LC-6161-8,Captain Slayhab - Rootbeer Float,Panfish Baits,LUNKERCANDY,69.94,8,8.74,8,8.99,0,DRAFT
1528,mb-shirt-classic-2xl-grey,Classic Logo Tee - 2X / Grey,Apparel,MONSTERBASS,69.93,7,9.99,6,9.99,0,ARCHIVED
1529,1670-590,Rattlesnake'O - Trophy Hunter,Worms,GRANDEBASS,69.9,10,6.99,7,6.99,418,ACTIVE
1530,1670-210,Rattlesnake'O - Watermelon Red Flk,Worms,GRANDEBASS,69.9,10,6.99,6,6.99,138,ACTIVE
1531,1250-217,"NEW: Kickback Shad 3.75"" - Electric Shad",Soft Swimbaits,GRANDEBASS,69.9,10,6.99,8,6.99,352,ACTIVE
1532,sku-39362146041917,"Shimano Curado, Core, Chronarch, SLX Spool kits - XCR Ultra",Fishing Reel Accessories,Spool Hi-Speed Bearings,69.9,2,34.95,1,34.95,8671,ACTIVE
1533,1630-210,"6.5"" Airtail Wiggler - Watermelon Red Flake",Worms,GRANDEBASS,69.4,10,6.94,9,6.99,181,ACTIVE
1534,3001-69-M-3X,Orange Crush Logo Tee - 3X,Shirts,MONSTERBASS,69.0,3,23.0,3,23.00,0,ACTIVE
1535,9663102_6952,Thicc-fil-A - Athletic Heather / 2XL,Shirts,MONSTERBASS.,69.0,3,23.0,3,23.00,9996,ACTIVE
1536,8097285_19407,Retro Logo Tee - Navy / 2XL,Shirts,MONSTERBASS.,69.0,3,23.0,3,23.00,9996,ACTIVE
1537,MLF-239,Warpig - Purdy Shad,Lipless Crankbait,Berkley,68.72,8,8.59,6,8.59,95,ACTIVE
1538,ST4ZS-1-MB,Standout Drop Shot Hook - Size 1,Hooks,TTI,68.0,17,4.0,10,4.00,278,ACTIVE
1539,XTRPP-4,February's Mystery Popper 4-Pack,Unclassified,XCalibur,67.96,4,16.99,4,24.00,2,DRAFT
1540,XLFS14-26XL,Trilene XL - 14lb,Fishing Line,Berkley,67.94,8,8.49,8,8.99,0,ARCHIVED
1541,LL-27,Livingston Lures Walk N Pop 77 - Red Rum,Topwater,Livingston Lures,67.54,6,11.26,6,12.99,0,DRAFT
1542,IMSBW07,Impact Ignite - Ghost,Spinnerbaits,Lunkerhunt,67.5,9,7.5,9,7.50,0,DRAFT
1543,HYLSMWP2.75WGT,Minwaow - White Ghost,Soft Swimbaits,A Band of Anglers,67.5,9,7.5,9,7.50,0,ARCHIVED
1544,Covert-misc,Booyah Covert Spinnerbait - Misc Color,Spinnerbaits,Booyah,67.34,8,8.42,3,7.49,627,ACTIVE
1545,R1423 MRRC,Rattl'n Vibe One Knock - Matte Raburn Red Crawfish,Lipless Crankbait,Yo-Zuri,66.5,7,9.5,6,9.50,0,ARCHIVED
1546,NOCHO-18,Ned Ocho - Watermelon Red Flake,Worms,Strike King,66.28,12,5.52,11,5.99,0,ARCHIVED
1547,PS-PBC,Prop Spy - Pro Blue Chart,Baits,Bucketmouth Brand,66.24,6,11.04,5,12.99,0,ARCHIVED
1548,MB-PDS-BLUE-L,MONSTERBASS Shorts - Slate Blue / L,Hoodies & Outerwear,MONSTERBASS,66.12,3,22.04,3,19.95,0,ARCHIVED
1549,3001-45-M-2X,M Nation Tee (L-2X) - 2X,Apparel,MONSTERBASS,66.0,3,22.0,3,22.00,0,ARCHIVED
1550,GT425-84PK3,Billy Goat - Pearl,Craws & Creatures,MONSTERBASS,66.0,12,5.5,10,5.00,0,DRAFT
1551,GT425-46PK3,Billy Goat - Green Pumpkin,Craws & Creatures,Z-Man Fishing Products,66.0,12,5.5,12,5.50,0,ARCHIVED
1552,D46Z-MB-5/0-3PK,"Fat Gap, 5/0 Bleeding EWG",Hooks,TTI,66.0,22,3.0,14,3.00,0,ARCHIVED
1553,6965525_8752,MONSTER/BASS Trucker Cap - Khaki,Hats,MONSTERBASS.,66.0,3,22.0,3,25.00,9995,ACTIVE
1554,BURNER-38-5,Blade Burner | Willow & Colorado Spinnerbait - 3/8 oz / Sexy Cracks,Spinnerbaits,MONSTERBASS,66.0,8,8.25,3,8.00,-6,ACTIVE
1555,6064336_8928,Fishing is Life - Black Heather / 3XL,Shirts,MONSTERBASS.,66.0,3,22.0,3,22.00,9996,ACTIVE
1556,1546710_8465,MONSTER/BASS Tee - Dark Grey Heather / 3XL,Shirts,MONSTERBASS.,66.0,3,22.0,3,22.00,9996,ACTIVE
1557,PP011,Pistol Pete - Bone,Swimbaits,G-Ratt Baits,65.97,3,21.99,2,21.99,215,ACTIVE
1558,MJHB1-BP,Ike's Head Banger Jig - Brown Purple Passion,Jigs,Missile Baits,65.89,11,5.99,11,5.99,0,ARCHIVED
1559,BMB02FA529,Bomber Flat A - Bones,Crankbaits,Bomber Lures,65.89,11,5.99,9,6.99,0,ACTIVE
1560,FINSTK2.75-719,"2.75"" Ned Candy - PB&J",Soft Swimbaits,Vicious Fishing,65.88,12,5.49,7,4.99,0,ACTIVE
1561,MBMDC-BLKN,Mini D Chunk,Craws & Creatures,Missile Baits,65.66,14,4.69,9,4.69,0,ARCHIVED
1562,810103812482,Tungsten Propellor Jig - 1/4oz,Jig Heads,,65.43,11,5.95,8,,,
1563,1702-002,Tungsten Bladed Swimbait Hook - 3/16oz,Hooks,1st Contact Tungsten,65.0,13,5.0,9,5.00,160,ACTIVE
1564,10-20-GGS-10005C,Googan Squad Clickbait - Sexy Shad,Bladed Jigs,Googan Baits,64.9,10,6.49,9,3.99,0,ARCHIVED
1565,TRD4-46PK6,"Big TRD - 4"" / Green Pumpkin",Worms,Z-Man Fishing Products,64.87,13,4.99,11,5.49,0,DRAFT
1566,VF-SPIN-WCHART,Spin Doctor Double Willow Spinnerbait - White Chartreuse,Spinnerbaits,Vicious Fishing,64.0,8,8.0,8,8.99,0,ACTIVE
1567,SHAKEY-38-5,Sabertooth Shakey Head Hooks - 3/8 oz / Green Pumpkin,Jigs,MONSTERBASS,64.0,16,4.0,9,4.00,0,ARCHIVED
1568,RETRO-344-M,Retro Logo Tee - M,Shirts,MONSTERBASS,64.0,4,16.0,4,18.00,0,ACTIVE
1569,HAMMER-6,MONSTERBASS The Hammer | Colorado Spinnerbait - White w/ Colorado Gold,Spinnerbaits,MONSTERBASS,64.0,8,8.0,8,8.00,0,ARCHIVED
1570,BYSQ12608,Booyah Squelcher Buzzbait - 1/2 oz / Black,Buzzbaits,Booyah,64.0,8,8.0,2,8.00,0,ARCHIVED
1571,GUIDEPROTECTION-5,Guide Package Protection - $4.90,Shipping Protection,Guide,63.7,13,4.9,13,4.90,-13,ARCHIVED
1572,MB-TDSW-34-2,Tungsten Drop Shot Weights - Skinny - 3/4oz - 2 pack,Weights,MONSTERBASS,63.0,9,7.0,8,7.00,0,ARCHIVED
1573,3001-45-M-XL,M Nation Tee (L-2X) - XL,Apparel,MONSTERBASS,63.0,3,21.0,3,21.00,0,ARCHIVED
1574,3001-06-CL-XL,Iconic Logo Tee - XL,Shirts,MONSTERBASS,63.0,3,21.0,3,21.00,0,ARCHIVED
1575,MLF-350,Hardcore Crank SR 65F Squarebill - Citrus Shad,Crankbaits,Yo-Zuri,63.0,7,9.0,7,9.00,39,ACTIVE
1576,SBR-732M20,"Shay Bird Spinning Combo - Shay Bird 7'3"" 2pc Spinning Combo w/ 2000 Series Reel",Rod & Reel Combo,Favorite Fishing,62.99,1,62.99,1,89.99,78,ACTIVE
1577,810103811713,Tungsten Flipping Weights - Black / 1/2 oz - 2pk,Tungsten,1st Contact Tungsten,62.93,7,8.99,4,8.99,85,ACTIVE
1578,PTCR-8-probc,Head Banger DT-8 - Pro Blue Chrome,Crankbaits,Brand X,62.93,7,8.99,3,8.99,0,ARCHIVED
1579,1250-833,"NEW: Kickback Shad 3.75"" - Tennessee Shad",Soft Swimbaits,GRANDEBASS,62.91,9,6.99,7,6.99,444,ACTIVE
1580,1670-209,Rattlesnake'O - Green Pumpkin,Worms,GRANDEBASS,62.91,9,6.99,7,6.99,208,ACTIVE
1581,BJ264,Flipping Jig - Chartreuse Root Beer,Flipping Jigs,BO's Jigs,62.86,14,4.49,13,2.99,0,ARCHIVED
1582,MB-PDSP-BLK-L,MONSTERBASS Sweatpants - Black / L,Hoodies & Outerwear,MONSTERBASS,61.95,2,30.98,2,29.00,0,ARCHIVED
1583,S8-23,Seeker 8 - Crawlicious,Crankbaits,MONSTERBASS,61.94,7,8.85,7,8.00,0,ACTIVE
1584,GUIDEPROTECTION-3,Guide Package Protection - $2.94,Shipping Protection,Guide,61.74,21,2.94,21,2.94,-21,ARCHIVED
1585,ACDC-256-M,MONSTER / BASS - M,Shirts,MONSTERBASS,60.0,3,20.0,3,20.00,0,ACTIVE
1586,MB-SHIRT-MONSTERS-BLK-M,MONSTERS - M,Shirts,MONSTERBASS,60.0,3,20.0,3,18.00,0,ACTIVE
1587,3001-69-M-M,Orange Crush Logo Tee (XL) - M,Shirts,MONSTERBASS,60.0,3,20.0,3,20.00,0,ACTIVE
1588,MB-WINDB-CLASSIC-2X-BLK,Lightweight Water Resistant Jacket - 2X / Black,Hoodies & Outerwear,MONSTERBASS,60.0,2,30.0,2,30.00,0,ARCHIVED
1589,MB-WINDB-CLASSIC-S-BLKCAMO,Lightweight Water Resistant Jacket - S / Black Camo,Hoodies & Outerwear,MONSTERBASS,60.0,2,30.0,2,30.00,0,ARCHIVED
1590,2518546_15949,Lightweight Camo Zip Up Windbreaker - Forest Camo / XL,Hoodies & Outerwear,MONSTERBASS.,60.0,1,60.0,1,60.00,9998,ACTIVE
1591,MB-SHIRT-WBURGER-HGREY-L,MONSTERBURGER - L / Heather Grey,Shirts,MONSTERBASS,60.0,3,20.0,3,20.00,15,ACTIVE
1592,BH-UVLONG-SILVER-M,Basshik UV Sunshirt - M,UV Protection,Basshik,60.0,3,20.0,3,10.00,-1,ARCHIVED
1593,STICKER-BK,Bucket King Sticker,Stickers,MONSTERBASS,60.0,30,2.0,11,2.00,0,ARCHIVED
1594,MB-SHIRT-DGH-GREY-M,Swimming with the Fishes - M,Shirts,MONSTERBASS,60.0,4,15.0,4,20.00,7,ACTIVE
1595,1546710_8924,MONSTER/BASS Tee - Black Heather / M,Shirts,MONSTERBASS.,60.0,3,20.0,3,20.00,9996,ACTIVE
1596,MB-SHIRT-DRC-GREY-M,Epic Eric's Dr. Crankenstein - M,Shirts,MONSTERBASS,60.0,3,20.0,3,20.00,23,ACTIVE
1597,2518546_15951,Lightweight Camo Zip Up Windbreaker - Forest Camo / 3XL,Hoodies & Outerwear,MONSTERBASS.,60.0,1,60.0,1,60.00,9998,ACTIVE
1598,6064336_8442,Fishing is Life - Army / L,Shirts,MONSTERBASS.,60.0,3,20.0,3,20.00,9996,ACTIVE
1599,6064336_8443,Fishing is Life - Army / XL,Shirts,MONSTERBASS.,60.0,3,20.0,3,20.00,9996,ACTIVE
1600,kids-0625,Create A Bait - Kid's Fishing Kit: June 2025,Subscription Box,MONSTERBASS,60.0,3,20.0,3,20.00,-3,DRAFT
1601,SW-WR,Slim Wild - Watermelon Red,Worms,V&M Baits,59.99,12,5.0,9,5.00,0,ARCHIVED
1602,FK-TFQG-2UKW,RUT CAMP GRUNT AND DOE BLEAT CALL,,KLUK Custom Calls,59.99,1,59.99,1,59.99,1,ARCHIVED
1603,BSCH-BB-2022-3WE,Busch Light Fishing Bobbers Limited Edition (3 Pack) – Funny Beer Bottle Lures – Premium Fishing Gift for Men,Fishing Floats & Bobbers,Southern Bell Brands,59.97,3,19.99,1,24.99,104,ACTIVE
1604,sku-40960972849213,Shimano Tranx Full Tune kits - XS Ceramic,new,Spool Hi-Speed Bearings,59.95,1,59.95,1,59.95,8994,ACTIVE
1605,H15SDR908,Hunter 1.5 Squarebill - Amp'd Bone,Squarebill,GRANDEBASS,59.94,6,9.99,5,9.99,0,ACTIVE
1606,H15SDR905,Hunter 1.5 Squarebill - Wild Threadfin,Squarebill,GRANDEBASS,59.94,6,9.99,4,9.99,14,ACTIVE
1607,YAM-134JR-08-979,Zako Swimbait,Soft Swimbaits,Gary Yamamoto,59.9,10,5.99,8,5.99,0,ARCHIVED
1608,BMB02FA521,Bomber Flat A - Mad Craw,Crankbaits,Bomber Lures,59.9,10,5.99,8,6.99,0,ACTIVE
1609,SSINK-28PK6,ZinkerZ - Smelt,Worms,Z-Man Fishing Products,59.88,12,4.99,10,4.99,30,ACTIVE
1610,SKR4-MISC,"Rodent 4"" - Misc. Colors",Craws & Creatures,Strike King,59.5,10,5.95,10,5.95,0,ARCHIVED
1611,MB-SSJACKET-L,All-Season Soft Shell Jacket - L,Hoodies & Outerwear,MONSTERBASS,59.0,1,59.0,1,59.00,0,ARCHIVED
1612,CT3-5-18,Squarebill Crankbait - 3-5' Diver / Green Gill,Squarebill,Ark Fishing,58.97,7,8.42,5,8.99,0,ACTIVE
1613,GOGBBGPB,Googan Bandito Bug - 4'' 7pk - Green Pumpkin Blue,Craws & Creatures,Googan Baits,58.54,11,5.32,10,5.59,0,ARCHIVED
1614,810103812475,Tungsten Propellor Jig - 1/8oz,Jig Heads,1st Contact Tungsten,58.41,9,6.49,7,6.49,80,ACTIVE
1615,NOCHO-850,Ned Ocho - Moon Juice,,,58.19,11,5.29,7,,,
1616,CC6-FB,Castaic Crankbait - Fall Bluegill,Crankbaits,Castaic,58.0,9,6.44,6,6.00,0,ARCHIVED
1617,RTRO-LHUV-W-S,Mossy Oak Sunshirt (S only) - S,Hoodies & Outerwear,MONSTERBASS,58.0,2,29.0,2,29.00,0,ARCHIVED
1618,EXT106-BLU-IL-L,Blue Water Sunshirt (L) - L,UV Protection,MONSTERBASS,58.0,2,29.0,2,19.00,0,ARCHIVED
1619,CB-3,Create A Bait - Mad Max blank,Crankbaits,MONSTERBASS,57.92,10,5.79,5,5.99,322,ACTIVE
1620,R1423 MCF,Rattl'n Vibe One Knock - Matte Crawfish,Lipless Crankbait,Yo-Zuri,57.0,6,9.5,4,9.50,0,ARCHIVED
1621,XTRPP01,Pencil Popper - Silver Blue,Topwater,XCalibur,56.0,7,8.0,1,5.99,0,ARCHIVED
1622,HAMMER-8,MONSTERBASS The Hammer | Colorado Spinnerbait - Black & Gold w/ Colorado Black,Spinnerbaits,MONSTERBASS,56.0,7,8.0,6,8.00,0,ARCHIVED
1623,WBR-732ML,"White Bird Spinning Rod - 7'3"" - Medium Light - Slow - 2 Piece",Spinning Rod,Favorite Fishing,55.99,1,55.99,1,79.99,0,ACTIVE
1624,VC-66-UL-S,"VEXAN® Crappie Rods & Panfish Rods - Spinning 6'6"" Ultra Light",Spinning Rod,VEXAN®,55.99,1,55.99,1,99.99,183,ACTIVE
1625,VC-72-UL-S,"VEXAN® Crappie Rods & Panfish Rods - Spinning 7'2"" Ultra Light",Spinning Rod,VEXAN®,55.99,1,55.99,1,99.99,181,ACTIVE
1626,LL-20,School Master - Black Back Chrome Shad,Lipless Crankbait,Livingston Lures,55.96,4,13.99,4,17.99,0,DRAFT
1627,810103811799,Tungsten Flipping Weights - Green Pumpkin / 3/8 oz - 3pk,Tungsten,1st Contact Tungsten,55.93,7,7.99,1,7.99,43,ACTIVE
1628,1620-510,Airtail Rattler - Summer Craw,Worms,GRANDEBASS,55.92,8,6.99,6,6.99,134,ACTIVE
1629,1608-210,Airtail Stick - Watermelon Red Flake,Worms,GRANDEBASS,55.92,8,6.99,6,6.99,126,ACTIVE
1630,1200-217,Shad Trixx - Electric Shad,Soft Swimbaits,GRANDEBASS,55.92,8,6.99,2,6.99,277,ACTIVE
1631,VF-TOAD-610-4,Best Toad Ever - Firetiger Swirl,Frogs,Vicious Fishing,55.9,10,5.59,8,5.59,27,ACTIVE
1632,30010GR8,"Braided Fishing Line - 300 Yards, Pro Grade Performance for Saltwater & Freshwater- Beyond Braid - Green 8X / 10LB",Braid,Beyond Braid,55.9,2,27.95,2,25.95,540,ACTIVE
1633,30010BU8,"Braided Fishing Line - 300 Yards, Pro Grade Performance for Saltwater & Freshwater- Beyond Braid - Bahama Blue 8X / 10LB",Braid,Beyond Braid,55.9,2,27.95,1,25.95,263,ACTIVE
1634,1630-209,"6.5"" Airtail Wiggler - Green Pumpkin",Worms,GRANDEBASS,55.42,8,6.93,7,6.99,342,ACTIVE
1635,GOGTH465GPU,Googan Trench Hawg - 4.65'' 9pk - Green Pumpkin Purple,Baits,Googan Baits,55.0,11,5.0,7,5.00,0,DRAFT
1636,GT425-02PK3,Billy Goat - Black/Blue,Craws & Creatures,Z-Man Fishing Products,55.0,10,5.5,9,5.50,0,ARCHIVED
1637,BL375025,Leech,Craws & Creatures,BioBait,55.0,11,5.0,7,5.00,0,DRAFT
1638,LVGN-20-1500-FBM,Reaction Tackle Braided Fishing Line - NO FADE Low-Vis Green - 20lb / 1500yds / Low-Vis Green,Braid,Reaction Tackle,54.98,1,54.98,1,54.98,58,ARCHIVED
1639,LL-18,Pro Ripper - Blue Pearl,Lipless Crankbait,Livingston Lures,54.95,5,10.99,5,10.99,0,ARCHIVED
1640,BURNER-12-3,Willow & Colorado Blade Burner Spinnerbait - 1/2 oz / Morning Dawn,Spinnerbaits,MONSTERBASS,54.0,6,9.0,1,8.00,0,ACTIVE
1641,MLF-349,Hardcore Crank SR 65F Squarebill - Black Back Chartreuse,Crankbaits,Yo-Zuri,54.0,6,9.0,6,9.00,14,ACTIVE
1642,HC4-569,Pro-Model Series 4 Crankbait - Green Tomato,Crankbaits,Strike King,53.98,8,6.75,8,8.99,40,ACTIVE
1643,CL-TEE-SS-HG-2X,Classic Logo Tee - 2X / Heather Grey/Grey,Apparel,MONSTERBASS,53.97,4,13.49,4,9.99,0,ARCHIVED
1644,WPL90/18,Whopper Plopper - 90 / I know it,Topwater,River2Sea,53.96,4,13.49,3,14.99,0,ARCHIVED
1645,LL-SD6-CS,Sugar Daddy 6 - Citrus Shad,Crankbaits,LUNKERCANDY,53.94,6,8.99,6,8.99,0,ARCHIVED
1646,TP70-27,Ark Topwater Popper - Herring,Popper,Ark Fishing,53.94,6,8.99,6,8.99,0,ACTIVE
1647,CT5-7-12,Squarebill Crankbait - 5-7' Diver / Black Blue,Squarebill,Ark Fishing,53.94,6,8.99,5,8.99,38,ACTIVE
1648,CT5-7-13,Squarebill Crankbait - 5-7' Diver / Chart/Blue back,Squarebill,Ark Fishing,53.94,6,8.99,6,8.99,42,ACTIVE
1649,CT3-5-10,Squarebill Crankbait - 3-5' Diver / Mystic Sexy Shad,Squarebill,Ark Fishing,53.94,6,8.99,5,8.99,30,ACTIVE
1650,ARB1235,Smithwick Suspending Rogue - Clown,Jerkbaits,Smithwick,53.94,6,8.99,5,8.99,0,ARCHIVED
1651,S8-20,Seeker 8 - Cracked,Crankbaits,MONSTERBASS,52.95,6,8.83,6,8.00,0,ACTIVE
1652,FINSTK2.75-314,"2.75"" Ned Candy - Green Pumpkin",Soft Swimbaits,Vicious Fishing,52.91,9,5.88,8,4.99,0,ACTIVE
1653,10877,Small Pea Slab Spoon - Gold,Blade Baits & Spoons,Clam,52.89,16,3.31,10,2.99,0,DRAFT
1654,GOGBBJUN,Googan Bandito Bug - 4'' 7pk - JuneBug,Craws & Creatures,Googan Baits,52.36,10,5.24,9,5.59,0,ARCHIVED
1655,MB-TWW-12-2,Tungsten Worm/Bullet Weights - 1/2oz - 2 pack,Weights,MONSTERBASS,52.0,8,6.5,8,6.50,0,DRAFT
1656,810067072588,The Shocker - Flash Minnow,Crankbaits,Raptor Lures,52.0,4,13.0,4,13.00,0,ARCHIVED
1657,VKA-21R-LTD1501-BR,Vibe Locking 10' Straps (2 pk),Kayak Accessories,Vibe Kayaks,52.0,2,26.0,2,64.99,444,ACTIVE
1658,SB8-30-1000-FBM,Reaction Tackle X8 Braided Fishing Line - Sea Blue 8 Strand - 30lb / 1000yds / Sea Blue,Braid,Reaction Tackle,51.98,1,51.98,1,51.98,0,ARCHIVED
1659,GC8-10-1000-FBM,Reaction Tackle X8 Braided Fishing Line - Green Camo 8 Strand - 10lb / 1000yds,Braid,Reaction Tackle,51.98,1,51.98,1,51.98,2,ARCHIVED
1660,NBK8-50-1000-FBM,Reaction Tackle X8 Braided Fishing Line - NO FADE Black 8 Strand - NEW - 50lb / 1000yds,Braid,Reaction Tackle,51.98,1,51.98,1,51.98,8,ARCHIVED
1661,LL-12,JerkMaster 121 - Pro Green,Jerkbaits,Livingston Lures,51.96,4,12.99,4,12.99,0,DRAFT
1662,NOCHO-466,Ned Ocho - Crawdaddy,Worms,Strike King,51.11,9,5.68,9,5.99,0,ARCHIVED
1663,LL-8,Livingston Lures Howeller DMC Square - Chartreuse Sunrise Shad,Squarebill,Livingston Lures,50.97,3,16.99,3,16.99,0,ARCHIVED
1664,NOCHO-100,Ned Ocho - Summer Craw,Worms,Strike King,50.41,9,5.6,9,5.99,0,ARCHIVED
1665,STICKER-MOONMAN,Moonman,Stickers,MONSTERBASS,50.0,25,2.0,21,2.00,0,ARCHIVED
1666,CATPOP-AS,Mach Popper - American Shad,Topwater,Catch Outdoors,50.0,5,10.0,5,10.00,0,ARCHIVED
1667,CATPOP-BB,Mach Popper - Baby Bass,Topwater,Catch Outdoors,50.0,5,10.0,5,10.00,0,ARCHIVED
1668,17920,Adrenaline Bug - June Bug,Craws & Creatures,X Zone Lures,50.0,10,5.0,9,5.00,0,DRAFT
1669,CATPOP-FP,Mach Popper - French Pearl,Topwater,Catch Outdoors,50.0,5,10.0,5,10.00,0,ARCHIVED
1670,SE3016-03PK3,Swimbait Eye Jigheads - 3/16oz / Glow,Jig Heads,Z-Man Fishing Products,50.0,10,5.0,7,5.00,0,ARCHIVED
1671,CATPOP-BG,Mach Popper - Bluegill,Topwater,Catch Outdoors,50.0,5,10.0,5,10.00,0,ARCHIVED
1672,P40513,Rebel Pop-R Topwater Popper,Panfish Baits,Rebel,50.0,10,5.0,7,5.00,0,ARCHIVED
1673,MONSTERS-344-M,MONSTERS Tee - M,Apparel,MONSTERBASS,50.0,3,16.67,3,7.50,0,ARCHIVED
1674,810103812529,Tungsten Bladed Swimbait Hooks - 3/16oz,Hooks,1st Contact Tungsten,50.0,10,5.0,8,5.00,151,ACTIVE
1675,sku-28405381955680,"Bull Shad Slow Sink - 4"" / Dirty Bone",Swimbaits,Bull Shad Swimbaits,50.0,1,50.0,1,50.00,0,ACTIVE
1676,sku-53432349393064,"""Shad"" WakeWalker LT",Swimbaits,Throwback Baits,49.99,1,49.99,1,49.99,0,ARCHIVED
1677,PK-15-1500-FBM,Reaction Tackle Braided Fishing Line - Pink - 15lb / 1500yds,Braid,Reaction Tackle,49.98,1,49.98,1,49.98,5,ARCHIVED
1678,HFP-5,VooDoo Pop 80 - Perfect Gill,Popper,Hendrix Fishing,49.97,5,9.99,5,9.99,0,ARCHIVED
1679,H15SDR909,Hunter 1.5 Squarebill - Kajun Koolaid,Squarebill,GRANDEBASS,49.95,5,9.99,4,9.99,12,ACTIVE
1680,sku-51515546861884,APOLLO 100 GRAIN BROADHEADS (3 PACK)(FORMERLY HERA),Broadheads,Killz Products,49.95,1,49.95,1,49.95,180,ACTIVE
1681,22,Daiwa Tatula Full Tune kits - SS Ceramic,new,Spool Hi-Speed Bearings,49.95,1,49.95,1,49.95,8828,ACTIVE
1682,MB-PDS-BLK-S,MONSTERBASS Shorts - Black / S,Hoodies & Outerwear,MONSTERBASS,49.9,2,24.95,2,19.95,0,ARCHIVED
1683,PSBTS07-BBG,Bagley Twinspin - Bone Belly Gill,Buzzbaits,Bagley,49.75,5,9.95,5,9.95,10,ACTIVE
1684,XTRFSCB02,Flat Sided Crankbait - Chartreuse Perch,Crankbaits,XCalibur,49.14,6,8.19,6,8.99,-1,ARCHIVED
1685,IMJKB02,Impact Distress - Silver Side,Jerkbaits,Lunkerhunt,49.0,7,7.0,6,7.00,0,ARCHIVED
1686,1608-590,Airtail Stick - Trophy Hunter,Worms,GRANDEBASS,48.93,7,6.99,6,6.99,560,ACTIVE
1687,1250-504,"NEW: Kickback Shad 3.75"" - Pro Blue",Soft Swimbaits,GRANDEBASS,48.93,7,6.99,7,6.99,388,ACTIVE
1688,1670-222,Rattlesnake'O - June Bug,Worms,GRANDEBASS,48.93,7,6.99,4,6.99,85,ACTIVE
1689,MB-PDS-BLK-XL,MONSTERBASS Shorts - Black / XL,Hoodies & Outerwear,MONSTERBASS,48.66,3,16.22,3,19.95,-3,ARCHIVED
1690,MB-POPPER2-SEXYCRACK,Mad Max Popper - Sexy Cracks,Topwater,MONSTERBASS,48.5,6,8.08,6,8.00,0,ARCHIVED
1691,STOAD-94,Strike King Super Toad - Green Pumpkin/Chart Belly,Topwater,Strike King,48.0,12,4.0,6,4.00,0,DRAFT
1692,9663102_8928,Thicc-fil-A - Black Heather / 3XL,Shirts,MONSTERBASS.,48.0,2,24.0,2,24.00,9997,ACTIVE
1693,ALIST-TRUMP,Trump Topwater Fishing Lure,Frogs,Line Cutterz,48.0,4,12.0,4,12.00,0,ARCHIVED
1694,BMB02FA520,Bomber Flat A - Green Pearl Shad,Crankbaits,Bomber Lures,47.92,8,5.99,6,6.99,0,ACTIVE
1695,810103812246,Tungsten Meister Nail Weights - 1/8 oz (3 pack),Tungsten,1st Contact Tungsten,47.92,8,5.99,6,5.99,134,ACTIVE
1696,1704-400,Tungsten Shakey Jig Head - 4/0,Jig Heads,GRANDEBASS,47.92,8,5.99,6,5.99,144,ACTIVE
1697,FINSTK2.75-602,"2.75"" Ned Candy - Orange Craw Swirl",Soft Swimbaits,Vicious Fishing,47.92,8,5.99,5,4.99,0,ACTIVE
1698,SWMCRW4-350,Vicious Fishing Candy Craw - Watermelon Red,Craws & Creatures,Vicious Fishing,47.92,8,5.99,6,5.99,18,ACTIVE
1699,PFJHW15-01PK3,Z-Man Power Finesse Shroomz Weedless Jig Head 3pk - 1/5oz / Green Pumpkin,Jig Heads,Z-Man Fishing Products,47.88,12,3.99,5,4.59,0,DRAFT
1700,FINSTK2.75-735,"2.75"" Ned Candy - Crawdaddy",Soft Swimbaits,Vicious Fishing,46.92,8,5.87,6,4.99,0,ACTIVE
1701,LG-IBALL-2,Lifted Jigs: I Ball Jigheads,Jigs,Lifted Jigs,46.7,14,3.34,10,4.99,0,ARCHIVED
1702,4601054_5297,Monsterfish - Asphalt / 3XL,Shirts,MONSTERBASS.,46.0,2,23.0,2,23.00,9997,ACTIVE
1703,4601054_15792,Monsterfish - Maroon / 3XL,Shirts,MONSTERBASS.,46.0,2,23.0,2,23.00,9997,ACTIVE
1704,9663102_4015,Thicc-fil-A - White / 2XL,Shirts,MONSTERBASS.,46.0,2,23.0,2,23.00,9997,ACTIVE
1705,9663102_8927,Thicc-fil-A - Black Heather / 2XL,Shirts,MONSTERBASS.,46.0,2,23.0,2,23.00,9997,ACTIVE
1706,8097285_19406,Retro Logo Tee - Black / 2XL,Shirts,MONSTERBASS.,46.0,2,23.0,2,23.00,9997,ACTIVE
1707,D1110700334A,Cast Iron Grill Grate - A103 | 1 Grill Grate for Mesa 300/ Mesa 400m/ M305/ M325,Accessories,Monument Grills,45.98,2,22.99,1,22.99,178,ACTIVE
1708,CB-7,Create A Bait - Patriot Blank,Crankbaits,MONSTERBASS,45.94,8,5.74,5,5.99,200,ACTIVE
1709,MB-PDS-BLUE-2X,MONSTERBASS Shorts - Slate Blue / 2X,Hoodies & Outerwear,MONSTERBASS,45.9,2,22.95,2,19.95,0,ARCHIVED
1710,ZGAD-GBS,Zero Gravity Hybrid AirDrop Underspin - Gold Black Shad,Terminal Tackle,Catch Outdoors,45.5,7,6.5,6,6.50,0,ARCHIVED
1711,ZM-FSHROOMZ-MISC,Z-Man ShroomZ Jig Heads,Jig Heads,Z-Man Fishing Products,45.48,12,3.79,7,4.59,0,DRAFT
1712,LS6-345PK8,Long ShotZ - Twilight,Baits,Z-Man Fishing Products,45.43,7,6.49,7,6.49,0,ARCHIVED
1713,XB-5-THRD-SHAD,XB-5 Crankbait - Threadfin Shad,Crankbaits,Xcite Baits,45.0,5,9.0,5,9.00,0,ARCHIVED
1714,SS4500-BN-M-2X,Iconic Logo Hoodie - 2X,Hoodies & Outerwear,MONSTERBASS,45.0,1,45.0,1,40.00,0,ACTIVE
1715,SE3016-01PK3,Swimbait Eye Jigheads - 3/16oz / Gold,Jig Heads,Z-Man Fishing Products,45.0,9,5.0,9,5.00,0,ARCHIVED
1716,BGDV313-10,Pile Diver,Panfish Baits,Bobby Garland,45.0,10,4.5,8,4.50,0,ARCHIVED
1717,GOGLL6JUN,Googan Lunker Log - 6'' 6pk - Junebug,Worms,Googan Baits,45.0,9,5.0,9,5.00,0,ARCHIVED
1718,GOGLL6NTC,Googan Lunker Log - 6'' 6pk - Night Club,Worms,Googan Baits,45.0,9,5.0,9,5.00,0,ARCHIVED
1719,1637091_10787,MONSTERBASS Logo Hoodie - Carbon Grey / XL,Hoodies & Outerwear,MONSTERBASS.,45.0,1,45.0,1,45.00,9998,ACTIVE
1720,FF03,Pre-Rigged Finesse Frog - Newt,Topwater,Lunkerhunt,45.0,9,5.0,9,5.00,0,ARCHIVED
1721,MB-UVLONG-GREY-S,MB Logo UV Sunshirt (S) - S / Grey,UV Protection,MONSTERBASS,45.0,3,15.0,3,15.00,0,DRAFT
1722,HBDR3-GNP,Hybrid Diver - Green Pumpkin,Swimbaits,"ThunderHawk, Inc",45.0,10,4.5,7,4.50,-1,ARCHIVED
1723,9005355_12996,Retro Logo Hoodie - Military Green / 5XL,Hoodies & Outerwear,MONSTERBASS,45.0,1,45.0,1,45.00,9998,ACTIVE
1724,1637091_10786,MONSTERBASS Logo Hoodie - Carbon Grey / L,Hoodies & Outerwear,MONSTERBASS.,45.0,1,45.0,1,45.00,9998,ACTIVE
1725,CT3-5-05,Squarebill Crankbait - 3-5' Diver / Fire Tiger,Squarebill,Ark Fishing,44.95,5,8.99,5,8.99,38,ACTIVE
1726,CT3-5-04,Squarebill Crankbait - 3-5' Diver / Chart/Black Back,Squarebill,Ark Fishing,44.95,5,8.99,5,8.99,30,ACTIVE
1727,810103811737,Tungsten Flipping Weights - Black / 1 1/4 oz - 1pk,Tungsten,1st Contact Tungsten,44.95,5,8.99,2,8.99,15,ACTIVE
1728,STRK375-28PK6,"Streakz 3.75"" - 3.75 / Smelt",Soft Swimbaits,Z-Man Fishing Products,44.9,10,4.49,10,5.49,0,DRAFT
1729,FSOUR-Q,Whole Full Sour Pickles - QUART,Pickles,Jersey Pickles,44.77,3,14.92,3,15.99,9731,ARCHIVED
1730,TTIC-267PK8,TRD TicklerZ - Houdini,Craws & Creatures,Z-Man Fishing Products,44.74,11,4.07,10,5.00,0,ARCHIVED
1731,hardlegz-36pk3,Z-Man Hard Leg FrogZ - Redbone,Topwater,Z-Man Fishing Products,44.59,9,4.95,8,5.00,0,ARCHIVED
1732,3001-256-M-2X,Soft Hand Orange M Logo Tee - 2X,Apparel,MONSTERBASS,44.0,2,22.0,2,22.00,0,ARCHIVED
1733,00271,"B-Vibe - 2"" / Fire Tiger",Soft Swimbaits,Euro Tackle,44.0,11,4.0,8,4.00,0,ACTIVE
1734,SS4500-BN-M-XL,Iconic Logo Hoodie - XL,Hoodies & Outerwear,MONSTERBASS,44.0,1,44.0,1,40.00,23,ACTIVE
1735,9663102_8924,Thicc-fil-A - Black Heather / M,Shirts,MONSTERBASS.,44.0,2,22.0,2,22.00,9997,ACTIVE
1736,8097285_19404,Retro Logo Tee - Navy / XL,Shirts,MONSTERBASS.,44.0,2,22.0,2,22.00,9997,ACTIVE
1737,STICKER-RF,Robo Fish Sticker,Stickers,MONSTERBASS,44.0,22,2.0,3,2.00,0,ARCHIVED
1738,4645155_12996,Fishing is Life Hoodie - Military Green / 5XL,Hoodies & Outerwear,MONSTERBASS.,44.0,1,44.0,1,44.00,9998,ACTIVE
1739,8097285_19405,Retro Logo Tee - White / XL,Shirts,MONSTERBASS.,44.0,2,22.0,2,22.00,9997,ACTIVE
1740,1546710_6953,MONSTER/BASS Tee - Athletic Heather / 3XL,Shirts,MONSTERBASS.,44.0,2,22.0,2,22.00,9997,ACTIVE
1741,6064336_8445,Fishing is Life - Army / 3XL,Shirts,MONSTERBASS.,44.0,2,22.0,2,22.00,9997,ACTIVE
1742,6618872_6953,MONSTERBASS Logo Tee - Athletic Heather / 3XL,Shirts,MONSTERBASS.,44.0,2,22.0,2,22.00,9996,ACTIVE
1743,LL-SD8-DC,Sugar Daddy 8 - Delta Craw,Crankbaits,LUNKERCANDY,43.98,6,7.33,6,6.00,0,ARCHIVED
1744,maraboudive4-6,Deer Hair Dahlberg Diver 6 Flies Hook Size 4 - White Marabou Bass Fly Fishing Bug Wide Gape Bass Hooks With Weed Guard,Bass Flies,The Fly Fishing Place,43.98,2,21.99,2,21.99,38,ACTIVE
1745,LL-4,FlatMaster - Citrus Sparkle,Crankbaits,,43.96,4,10.99,3,,,
1746,S8-22,Seeker 8 - Candy Apple Craw,Crankbaits,MONSTERBASS,43.96,5,8.79,5,8.00,0,ACTIVE
1747,CT5-7-10,Squarebill Crankbait - 5-7' Diver / Mystic Sexy Shad,Squarebill,Ark Fishing,43.96,5,8.79,4,8.99,42,ACTIVE
1748,LL-5,FlatMaster - Orange Crakle,Crankbaits,Livingston Lures,43.96,4,10.99,4,12.99,0,DRAFT
1749,SF-DW-GG,Double WIllow Snek Frog - Green Glow,Topwater,American Snakehead Customs LLC,43.96,4,10.99,4,9.99,205,ACTIVE
1750,MB-UVLONG-FLAG-SILVER-S,The Nation UV Sunshirt - S,UV Protection,MONSTERBASS,43.95,3,14.65,3,12.00,0,ARCHIVED
1751,9005355_12995,Retro Logo Hoodie - Military Green / 4XL,Hoodies & Outerwear,MONSTERBASS,43.0,1,43.0,1,43.00,9998,ACTIVE
1752,4645155_10812,Fishing is Life Hoodie - Dark Heather / 4XL,Hoodies & Outerwear,MONSTERBASS.,43.0,1,43.0,1,43.00,9998,ACTIVE
1753,NOCHO-50,Ned Ocho - Okeechobee Craw,,,42.32,8,5.29,8,,,
1754,BLKB2-1002-020,Marabou Road Runner - 1/16 oz / Red/Chartreuse,Panfish Baits,Blakemore,42.0,12,3.5,9,3.50,0,ARCHIVED
1755,YAM-129-05-208,Yamamoto Yama Frog - Watermelon/Black Red Flake,Topwater,Gary Yamamoto,42.0,6,7.0,3,7.00,0,ARCHIVED
1756,8214242_13419,MONSTER/BASS Hoodie - Charcoal Heather / 3XL,,,42.0,1,42.0,1,,,
1757,6373292_13417,MONSTER/BASS Hoodie - Navy Blazer / 3XL,Hoodies & Outerwear,MONSTERBASS.,42.0,1,42.0,1,42.00,9998,ACTIVE
1758,BR-WACK-3415,Wack'em,Panfish Baits,Bass Reaper Bait Co.,42.0,14,3.0,9,3.00,53,ACTIVE
1759,IMRLLC05,Impact Reactor Lipless - Red Hot,Lipless Crankbait,Lunkerhunt,42.0,6,7.0,4,7.00,0,ARCHIVED
1760,6064336_6952,Fishing is Life - Athletic Heather / 2XL,Shirts,MONSTERBASS.,42.0,2,21.0,2,21.00,9997,ACTIVE
1761,6064336_8444,Fishing is Life - Army / 2XL,Shirts,MONSTERBASS.,42.0,2,21.0,2,21.00,9997,ACTIVE
1762,1546710_4015,MONSTER/BASS Tee - White / 2XL,Shirts,MONSTERBASS.,42.0,2,21.0,2,21.00,9997,ACTIVE
1763,7251646_13420,"Red, White & MONSTERBASS - Carbon Grey / 3XL",Hoodies & Outerwear,MONSTERBASS.,42.0,1,42.0,1,42.00,9998,ACTIVE
1764,6618872_4015,MONSTERBASS Logo Tee - White / 2XL,Shirts,MONSTERBASS.,42.0,2,21.0,2,21.00,9997,ACTIVE
1765,MB-SHIRT-ENJOY-BLK-2XL,Enjoy Monsterbass - 2X / Black,Apparel,MONSTERBASS,42.0,2,21.0,2,21.00,0,ARCHIVED
1766,5019978_13420,Fish Better Hoodie - Carbon Grey / 3XL,Hoodies & Outerwear,MONSTERBASS.,42.0,1,42.0,1,42.00,9997,ACTIVE
1767,7251646_13417,"Red, White & MONSTERBASS - Navy Blazer / 3XL",Hoodies & Outerwear,MONSTERBASS.,42.0,1,42.0,1,42.00,9997,ACTIVE
1768,6618872_4100,MONSTERBASS Logo Tee - Light Blue / 2XL,Shirts,MONSTERBASS.,42.0,2,21.0,2,21.00,9997,ACTIVE
1769,PPS38-w,Pacemaker Swim Jig - 3/8oz / White,Swim Jigs,V&M Baits,42.0,7,6.0,7,6.00,391,ACTIVE
1770,6373292_13418,MONSTER/BASS Hoodie - Maroon / 3XL,Hoodies & Outerwear,MONSTERBASS.,42.0,1,42.0,1,42.00,9998,ACTIVE
1771,DFICE-301M,"Defender Ice Combo 30""-32"" - Defender Ice Rod 30"" Medium Combo",Rod & Reel Combo,Favorite Fishing,41.99,1,41.99,1,59.99,273,ACTIVE
1772,KF-FREAK-OSHAD,KCL Freak 1.5 - Ozark Shad,Squarebill,Kingfisher Custom Lures,41.95,5,8.39,4,8.00,0,ACTIVE
1773,1608-550,Airtail Stick - Ssabednarg,Worms,GRANDEBASS,41.94,6,6.99,4,6.99,34,ACTIVE
1774,1250-108,"NEW: Kickback Shad 3.75"" - Pearl",Soft Swimbaits,GRANDEBASS,41.94,6,6.99,5,6.99,379,ACTIVE
1775,1200-207,Shad Trixx - Chartreuse Silver,Soft Swimbaits,GRANDEBASS,41.94,6,6.99,1,6.99,239,ACTIVE
1776,TS5-314,"5"" Pro Stick - Green Pumpkin",Worms,Vicious Fishing,41.93,7,5.99,6,5.99,0,ACTIVE
1777,810103811676,Tungsten Flipping Weights - Black / 3/16 oz - 4pk,Tungsten,1st Contact Tungsten,41.93,7,5.99,2,5.99,53,ACTIVE
1778,SWMCRW4-337,Vicious Fishing Candy Craw - Black Red Flake,Craws & Creatures,Vicious Fishing,41.93,7,5.99,4,5.99,73,ACTIVE
1779,PD-2MTB,Perch Daddy,,TTI,41.9,11,3.81,5,2.99,0,ARCHIVED
1780,RO4-116,"Rodent 4"" - Bama Bug",Craws & Creatures,Strike King,41.65,7,5.95,6,5.95,0,ARCHIVED
1781,MB-PDS-BLUE-XL,MONSTERBASS Shorts - Slate Blue / XL,Hoodies & Outerwear,MONSTERBASS,41.17,2,20.59,2,19.95,0,ARCHIVED
1782,9005355_5534,Retro Logo Hoodie - Black / 2XL,Hoodies & Outerwear,MONSTERBASS,41.0,1,41.0,1,41.00,9997,ACTIVE
1783,4645155_10810,Fishing is Life Hoodie - Dark Heather / 2XL,Hoodies & Outerwear,MONSTERBASS.,41.0,1,41.0,1,41.00,9998,ACTIVE
1784,9005355_5598,Retro Logo Hoodie - Navy / 2XL,Hoodies & Outerwear,MONSTERBASS,41.0,1,41.0,1,41.00,9998,ACTIVE
1785,FINSTK2.75-350,"2.75"" Ned Candy - Watermelon Red",Soft Swimbaits,Vicious Fishing,40.93,7,5.85,6,4.99,0,ACTIVE
1786,TCRAW4-296PK6,Turbo CrawZ - Bama Craw,Craws & Creatures,Z-Man Fishing Products,40.5,9,4.5,2,4.50,0,ARCHIVED
1787,HBDR3-JNB,Hybrid Diver - June Bug,Swimbaits,"ThunderHawk, Inc",40.5,9,4.5,7,4.50,-1,ARCHIVED
1788,STRK375-54PK6,"Streakz 3.75"" - 3.75 / Shiner",Soft Swimbaits,Z-Man Fishing Products,40.41,9,4.49,9,5.49,0,DRAFT
1789,GRUBZ25-272PK8,GrubZ - Gold Flake,Grubs,Z-Man Fishing Products,40.0,10,4.0,9,4.00,0,ARCHIVED
1790,316BM-72,Strike King Tri-Wing Buzz Bait - White,Buzzbaits,Strike King,40.0,8,5.0,7,5.00,0,DRAFT
1791,MB-SHIRT-WBURGER-DRKHGREY-XL,MONSTERBURGER - XL / Dark Heather Grey,Shirts,MONSTERBASS,40.0,2,20.0,2,20.00,0,ACTIVE
1792,HBRH02,Reckless Roach - Firefly,Craws & Creatures,Lunkerhunt,40.0,4,10.0,3,10.00,0,ARCHIVED
1793,BT2.75-46,Bitsy Tube - Green Pumpkin,Fishing Baits & Lures,Strike King,40.0,10,4.0,9,4.00,0,ARCHIVED
1794,MB-SHIRT-WBURGER-HGREY-S,MONSTERBURGER - S / Heather Grey,Shirts,MONSTERBASS,40.0,2,20.0,2,20.00,0,ACTIVE
1795,MB-SHIRT-WBURGER-HGREY-XL,MONSTERBURGER - XL / Heather Grey,Shirts,MONSTERBASS,40.0,2,20.0,2,20.00,0,ACTIVE
1796,00269,"B-Vibe - 2"" / Purple Shad",Soft Swimbaits,Euro Tackle,40.0,10,4.0,5,4.00,0,ACTIVE
1797,MB-SHIRT-MHEAD-BLK-S,Snagglefish Tee - S,Shirts,MONSTERBASS,40.0,2,20.0,2,20.00,0,ACTIVE
1798,Dstroyer-misc,Missile Bait Baby Dstroyer & Dstroyer,Craws & Creatures,Missile Baits,40.0,8,5.0,8,5.00,0,ARCHIVED
1799,3091993_11483,Largie Smalls - Charcoal Heather / L,Hoodies & Outerwear,MONSTERBASS.,40.0,1,40.0,1,40.00,9997,ACTIVE
1800,MB-SHIRT-DRC-GREY-S,Epic Eric's Dr. Crankenstein - S,Shirts,MONSTERBASS,40.0,2,20.0,2,20.00,8,ACTIVE
1801,3091993_11485,Largie Smalls - Charcoal Heather / 2XL,Hoodies & Outerwear,MONSTERBASS.,40.0,1,40.0,1,40.00,9998,ACTIVE
1802,6373292_13894,MONSTER/BASS Hoodie - Military Green / M,Hoodies & Outerwear,MONSTERBASS.,40.0,1,40.0,1,40.00,9998,ACTIVE
1803,3091993_13420,Largie Smalls - Carbon Grey / 3XL,Hoodies & Outerwear,MONSTERBASS.,40.0,1,40.0,1,40.00,9998,ACTIVE
1804,3091993_11486,Largie Smalls - Maroon / S,Hoodies & Outerwear,MONSTERBASS.,40.0,1,40.0,1,40.00,9998,ACTIVE
1805,GRUBZ25-364PK8,GrubZ - Slam Shady,Grubs,Z-Man Fishing Products,40.0,10,4.0,7,4.00,0,ARCHIVED
1806,6064336_4014,Fishing is Life - White / XL,Shirts,MONSTERBASS.,40.0,2,20.0,2,20.00,9997,ACTIVE
1807,3091993_10778,Largie Smalls - White / 2XL,Hoodies & Outerwear,MONSTERBASS.,40.0,1,40.0,1,40.00,9999,ACTIVE
1808,3091993_10785,Largie Smalls - Carbon Grey / M,Hoodies & Outerwear,MONSTERBASS.,40.0,1,40.0,1,40.00,9998,ACTIVE
1809,3091993_11482,Largie Smalls - Charcoal Heather / M,Hoodies & Outerwear,MONSTERBASS.,40.0,1,40.0,1,40.00,9998,ACTIVE
1810,6373292_11487,MONSTER/BASS Hoodie - Maroon / M,Hoodies & Outerwear,MONSTERBASS.,40.0,1,40.0,1,40.00,9998,ACTIVE
1811,4645155_5611,Fishing is Life Hoodie - Sport Grey / M,Hoodies & Outerwear,MONSTERBASS.,40.0,1,40.0,1,40.00,9998,ACTIVE
1812,misc-sticker,misc stickers,Stickers,MONSTERBASS,40.0,20,2.0,1,2.00,0,ARCHIVED
1813,9005355_5530,Retro Logo Hoodie - Black / S,Hoodies & Outerwear,MONSTERBASS,40.0,1,40.0,1,40.00,9998,ACTIVE
1814,6373292_10784,MONSTER/BASS Hoodie - Carbon Grey / S,Hoodies & Outerwear,MONSTERBASS.,40.0,1,40.0,1,40.00,9998,ACTIVE
1815,6373292_11489,MONSTER/BASS Hoodie - Maroon / XL,Hoodies & Outerwear,MONSTERBASS.,40.0,1,40.0,1,40.00,9998,ACTIVE
1816,3091993_10776,Largie Smalls - White / L,Hoodies & Outerwear,MONSTERBASS.,40.0,1,40.0,1,40.00,9999,ACTIVE
1817,6373292_11482,MONSTER/BASS Hoodie - Charcoal Heather / M,Hoodies & Outerwear,MONSTERBASS.,40.0,1,40.0,1,40.00,9998,ACTIVE
1818,6064336_8923,Fishing is Life - Black Heather / S,Shirts,MONSTERBASS.,40.0,2,20.0,2,20.00,9997,ACTIVE
1819,8919990_4019,Largie Smalls - Black / XL,Shirts,MONSTERBASS.,40.0,2,20.0,2,20.00,9997,ACTIVE
1820,3091993_10780,Largie Smalls - Black / M,Hoodies & Outerwear,MONSTERBASS.,40.0,1,40.0,1,40.00,9998,ACTIVE
1821,6618872_6951,MONSTERBASS Logo Tee - Athletic Heather / XL,Shirts,MONSTERBASS.,40.0,2,20.0,2,20.00,9997,ACTIVE
1822,6373292_10786,MONSTER/BASS Hoodie - Carbon Grey / L,Hoodies & Outerwear,MONSTERBASS.,40.0,1,40.0,1,40.00,9998,ACTIVE
1823,2526641_15590,Monsterboro - Bone / XL,Hoodies & Outerwear,MONSTERBASS.,40.0,1,40.0,1,40.00,9997,ACTIVE
1824,2526641_15635,Monsterboro - White / XL,Hoodies & Outerwear,MONSTERBASS.,40.0,1,40.0,1,40.00,9998,ACTIVE
1825,4645155_12989,Fishing is Life Hoodie - Military Green / S,Hoodies & Outerwear,MONSTERBASS.,40.0,1,40.0,1,40.00,9998,ACTIVE
1826,6373292_10779,MONSTER/BASS Hoodie - Black / S,Hoodies & Outerwear,MONSTERBASS.,40.0,1,40.0,1,40.00,9997,ACTIVE
1827,6373292_11488,MONSTER/BASS Hoodie - Maroon / L,Hoodies & Outerwear,MONSTERBASS.,40.0,1,40.0,1,40.00,9998,ACTIVE
1828,6581192_4617,Monsterboro Flat Bill Hat - Grey,,,40.0,2,20.0,2,,,
1829,8919990_8443,Largie Smalls - Army / XL,Shirts,MONSTERBASS.,40.0,2,20.0,2,20.00,9997,ACTIVE
1830,9005355_5522,Retro Logo Hoodie - White / S,Hoodies & Outerwear,MONSTERBASS,40.0,1,40.0,1,40.00,9998,ACTIVE
1831,4645155_5531,Fishing is Life Hoodie - Black / M,Hoodies & Outerwear,MONSTERBASS.,40.0,1,40.0,1,40.00,9998,ACTIVE
1832,4645155_5530,Fishing is Life Hoodie - Black / S,Hoodies & Outerwear,MONSTERBASS.,40.0,1,40.0,1,40.00,9998,ACTIVE
1833,8919990_6950,Largie Smalls - Athletic Heather / L,Shirts,MONSTERBASS.,40.0,2,20.0,2,20.00,9997,ACTIVE
1834,1546710_6951,MONSTER/BASS Tee - Athletic Heather / XL,Shirts,MONSTERBASS.,40.0,2,20.0,2,20.00,9997,ACTIVE
1835,6618872_4099,MONSTERBASS Logo Tee - Light Blue / XL,Shirts,MONSTERBASS.,40.0,2,20.0,2,20.00,9997,ACTIVE
1836,7251646_10786,"Red, White & MONSTERBASS - Carbon Grey / L",Hoodies & Outerwear,MONSTERBASS.,40.0,1,40.0,1,40.00,9998,ACTIVE
1837,sticker-life,Fishing Is Life Sticker,Stickers,MONSTERBASS,40.0,20,2.0,17,2.00,0,ARCHIVED
1838,4645155_5612,Fishing is Life Hoodie - Sport Grey / L,Hoodies & Outerwear,MONSTERBASS.,40.0,1,40.0,1,40.00,9998,ACTIVE
1839,9005355_5613,Retro Logo Hoodie - Sport Grey / XL,Hoodies & Outerwear,MONSTERBASS,40.0,1,40.0,1,40.00,9998,ACTIVE
1840,4645155_10808,Fishing is Life Hoodie - Dark Heather / L,Hoodies & Outerwear,MONSTERBASS.,40.0,1,40.0,1,40.00,9998,ACTIVE
1841,2526641_15589,Monsterboro - Bone / L,Hoodies & Outerwear,MONSTERBASS.,40.0,1,40.0,1,40.00,9997,ACTIVE
1842,3091993_11488,Largie Smalls - Maroon / L,Hoodies & Outerwear,MONSTERBASS.,40.0,1,40.0,1,40.00,9998,ACTIVE
1843,4645155_10807,Fishing is Life Hoodie - Dark Heather / M,Hoodies & Outerwear,MONSTERBASS.,40.0,1,40.0,1,40.00,9998,ACTIVE
1844,6618872_4014,MONSTERBASS Logo Tee - White / XL,Shirts,MONSTERBASS.,40.0,2,20.0,2,20.00,9997,ACTIVE
1845,gift-3700,Subscription Gift Cards - Free Vault 3700,InternalUseOnly,MONSTERBASS,40.0,24,1.67,23,0.00,-137,DRAFT
1846,FD00354,Jig Flare with Dropper Chain & White LED - White,Hooks,Fish Daddy Outdoors,40.0,5,8.0,1,8.00,43,ACTIVE
1847,ALIST-TRUBID,Topwater Fishing Lure Combo Pack - Trump + Biden,Topwater Plopper,Line Cutterz,40.0,2,20.0,2,20.00,0,ACTIVE
1848,8919990_6951,Largie Smalls - Athletic Heather / XL,Shirts,MONSTERBASS.,40.0,2,20.0,2,20.00,9997,ACTIVE
1849,DFR2000-RTL,Defender Spinning Reel (retail packaging) - 2000,Spinning Reel,Favorite Fishing,39.99,1,39.99,1,49.99,1632,ACTIVE
1850,sku-51515487584572,"NIGHTMARE XTREME Crossbow Bolts Carbon Half Moon Nocks 6Pcs 20"" - 20""",Bolts,Killz Products,39.99,1,39.99,1,39.99,8,ACTIVE
1851,MB-SHIRT-CLASSIC-SM-GREY,Classic Logo Tee - S / Grey,Apparel,MONSTERBASS,39.98,3,13.33,3,9.99,0,ARCHIVED
1852,ENT-AME-USE,Entrenching Tool - AMES / USED,Entrenching Tool,Forest City Supply,39.98,2,19.99,1,19.99,1,ACTIVE
1853,H15SDR906,Hunter 1.5 Squarebill - Gill Burst,Squarebill,GRANDEBASS,39.96,4,9.99,3,9.99,22,ACTIVE
1854,810103812239,Tungsten Meister Nail Weights - 1/16 oz (4 pack),Tungsten,1st Contact Tungsten,39.92,8,4.99,8,4.99,77,ACTIVE
1855,TRD4-238PK6,"Big TRD - 4"" / PB&J",Worms,Z-Man Fishing Products,39.92,8,4.99,6,5.49,0,DRAFT
1856,PFJHW110-01PK3,Z-Man Power Finesse Shroomz Weedless Jig Head 3pk - 1/10oz / Green Pumpkin,Jig Heads,Z-Man Fishing Products,39.9,10,3.99,6,4.59,0,DRAFT
1857,PSBTS07-OSD,Bagley Twinspin - Olive Shad,Buzzbaits,Bagley,39.8,4,9.95,4,9.95,0,ACTIVE
1858,810067072595,The Shocker - Dyin' Shad,Crankbaits,Raptor Lures,39.0,3,13.0,3,13.00,0,ARCHIVED
1859,platinum-0424-NE,April 2024 - Platinum NE,Subscription Box,MONSTERBASS,39.0,1,39.0,1,39.00,0,DRAFT
1860,gold-0424,April 2024 - Gold,Subscription Box,MONSTERBASS,39.0,1,39.0,1,39.00,0,DRAFT
1861,platinum-0424-W,April 2024 - Platinum W,Subscription Box,MONSTERBASS,39.0,1,39.0,1,39.00,0,DRAFT
1862,multi-0724,July 2024 - Multi Species,Subscription Box,MONSTERBASS,39.0,1,39.0,1,39.00,0,ARCHIVED
1863,mb-subscription-PROSTAFF-1,Pro Staff Subscription: monthly,Subscription Box,MONSTERBASS,39.0,1,39.0,1,39.00,0,DRAFT
1864,multi-0824,August 2024 - Multi Species,Subscription Box,MONSTERBASS,39.0,1,39.0,1,39.00,0,DRAFT
1865,multi-0825-old,Multi-Species Mayhem Box,Tackle Bundle,MONSTERBASS,39.0,1,39.0,1,39.00,0,ARCHIVED
1866,platinum-0824-new,Trophy Pond Box,Tackle Bundle,,39.0,1,39.0,1,,,
1867,BC-100-1000-FBM,Reaction Tackle Braided Fishing Line - Blue Camo - 100lb / 1000yds,Braid,Reaction Tackle,38.98,1,38.98,1,38.98,125,ARCHIVED
1868,LL-JM-501,Livingston Jerk Master - misc skus,,Livingston Lures,38.97,3,12.99,3,12.99,0,DRAFT
1869,LL-9,JerkMaster 121 - Black Back Chrome Shad,Jerkbaits,Livingston Lures,38.97,3,12.99,3,12.99,0,DRAFT
1870,lp-4,4 lb. Club License Plate Frame,Accessories,MONSTERBASS,38.96,4,9.74,4,9.99,85,ACTIVE
1871,CB-8,Create A Bait - Squarebanger Blank,Crankbaits,MONSTERBASS,38.96,7,5.57,4,5.99,228,ACTIVE
1872,KE-MINDIP,K&E Plastic Minnow Dipper,Accessories,K&E Tackle,38.76,87,0.45,6,0.39,0,ARCHIVED
1873,425KMSPLT-06,Kamikaze Swimon Split Tail - 4.25 / Chartreuse/White Swirl,Craws & Creatures,Big Bite Baits,38.61,9,4.29,7,4.29,368,DRAFT
1874,425KMSPLT-03,Kamikaze Swimon Split Tail - 4.25 / GP  Flamethrower,Craws & Creatures,Big Bite Baits,38.61,9,4.29,6,4.29,374,DRAFT
1875,20-01-01,Xcite Baits Crappie Grub,Panfish Baits,Xcite Baits,38.5,11,3.5,8,3.50,0,ARCHIVED
1876,MISC-XZBW,"Blitz Worm 11""",Worms,XZone,38.5,7,5.5,5,5.50,0,ARCHIVED
1877,MISC-XZTCS,"True Center Stick 5""",Baits,XZone,38.5,7,5.5,7,5.50,0,ARCHIVED
1878,mb-subscription-1223-gold,December 2023 - Gold Series,Subscription Box,MONSTERBASS,38.0,1,38.0,1,38.00,-1,ARCHIVED
1879,platinum-0224,February 2024 - Platinum Series,Subscription Box,MONSTERBASS,38.0,1,38.0,1,39.00,0,DRAFT
1880,810067070898,Eagle Glider - Yellow Head,Topwater,Raptor Lures,38.0,2,19.0,2,19.00,0,ARCHIVED
1881,810067071000,Eagle Glider - Green Perch,Topwater,Raptor Lures,38.0,2,19.0,2,19.00,0,ARCHIVED
1882,7144145_5433,MONSTER/BASS Crew Neck Sweatshirt - White / 5XL,Hoodies & Outerwear,MONSTERBASS.,38.0,1,38.0,1,38.00,9998,ACTIVE
1883,ALSBDW-WAK-7-1,Mustad Arm Lock Double Willow Spinnerbait - Wakasagi,Spinnerbaits,Mustad,37.96,4,9.49,4,5.49,0,ACTIVE
1884,9260654_15239,Men’s slides - Black / 8.5,,,36.99,1,36.99,1,,,
1885,SPC-RUB-COMPLETE,Complete Rub Pack,BBQ Rubs & Seasonings,Chuds BBQ,36.99,1,36.99,1,44.99,468,ACTIVE
1886,8002673_15244,MONSTERBASS Slides - Black / 12.5,Accessories,MONSTERBASS.,36.99,1,36.99,1,36.99,9998,ACTIVE
1887,LC-6160-2,Slabasaurus Rex - Cotton Candy,Panfish Baits,LUNKERCANDY,36.97,4,9.24,4,8.99,0,ARCHIVED
1888,BB-WL-PW,Whiplash - Pearl White,Jerkbaits,Brown Bait Co.,36.95,7,5.28,6,4.99,0,ARCHIVED
1889,MB-TTDRC-316-3,Tungsten Drop Shot Weights - Casting / 3/16 oz - 3 pack,Tungsten,MONSTERBASS,36.6,13,2.82,9,3.00,0,ACTIVE
1890,RCHM34-154,Hail Mary Lipless Crank - Phantom Bream,Lipless Crankbait,Luck-E-Strike,36.0,6,6.0,6,6.00,0,ARCHIVED
1891,GRND3-GPR,"Grenade 2.75"" - Green Pumpkin Red",Baits,"ThunderHawk, Inc",36.0,6,6.0,6,6.00,0,ARCHIVED
1892,LL-SD8-SR,Sugar Daddy 8 - Sugar Rush,Crankbaits,LUNKERCANDY,36.0,6,6.0,3,6.00,0,ARCHIVED
1893,HCKVDSDJR-684,KVD Sexy Dawg Jr. - Clearwater Minnow,Walking Baits,Strike King,36.0,4,9.0,3,9.00,157,ACTIVE
1894,7144145_5519,MONSTER/BASS Crew Neck Sweatshirt - Sport Grey / 3XL,Hoodies & Outerwear,MONSTERBASS.,36.0,1,36.0,1,36.00,9998,ACTIVE
1895,BB-DEF-CR,Defender Squarebill - Craw,Squarebill,Bruiser Baits,35.96,4,8.99,4,8.99,0,ARCHIVED
1896,CT5-7-16,Squarebill Crankbait - 5-7' Diver / Sexy Shad,Squarebill,Ark Fishing,35.96,4,8.99,3,8.99,0,ACTIVE
1897,BB-DEF-SS,Defender Squarebill - Sexy Shad,Squarebill,Bruiser Baits,35.96,4,8.99,3,8.99,0,ARCHIVED
1898,TP70-29,Ark Topwater Popper - Natural Shad,Popper,Ark Fishing,35.96,4,8.99,4,8.99,0,ACTIVE
1899,TS115-Misc,Ark Topwater Slider - Misc Color,Topwater,Ark Fishing,35.96,4,8.99,4,8.99,0,ARCHIVED
1900,ASDRB1269,Smithwick Suspending Rogue - Gold Rogue,Jerkbaits,Smithwick,35.96,4,8.99,2,8.99,0,ARCHIVED
1901,SBFW14-06,Z-Man Sling Bladez Double Willow Spinnerbait - 1/4oz / Bluegill,Spinnerbaits,Z-Man Fishing Products,35.96,4,8.99,4,8.99,0,ACTIVE
1902,SBFT14-04,Z-Man Sling Bladez Power Finesse Indiana/Colorado & Double Willow Spinnerbait - Indiana & Colorado Blades / 1/4oz / Sexy Shad,Spinnerbaits,Z-Man Fishing Products,35.96,4,8.99,4,8.99,0,ARCHIVED
1903,810103811812,Tungsten Flipping Weights - Green Pumpkin / 3/4 oz - 2pk,Tungsten,1st Contact Tungsten,35.96,4,8.99,3,8.99,195,ACTIVE
1904,MINNOBI-SPG-21-01-23,Minnobi 3.3 - Smoke Purple Gold,,Xcite Baits,35.94,6,5.99,6,5.99,0,ARCHIVED
1905,MJFO34-CALV,Ike's Flip Out Jig - 3/4 oz. - California Love,Jig Heads,Missile Baits,35.94,6,5.99,5,5.99,0,ACTIVE
1906,MJFO34-BWGL,Ike's Flip Out Jig - 3/4 oz. - Brewgill,Jig Heads,Missile Baits,35.94,6,5.99,4,5.99,0,ACTIVE
1907,810103811928,Tungsten Worm Weights - Black / 3/16 oz - 4pk,Tungsten,1st Contact Tungsten,35.94,6,5.99,5,5.99,102,ACTIVE
1908,STRK375-84PK6,"Streakz 3.75"" - 3.75 / Pearl",Soft Swimbaits,Z-Man Fishing Products,35.92,8,4.49,5,5.49,0,DRAFT
1909,810103812208,Tungsten Nail Weights - 1/16 oz,Tungsten,1st Contact Tungsten,35.55,9,3.95,8,3.95,349,ACTIVE
1910,HCR-02PK3,Z-Man Hella CrawZ - Black Blue,Craws & Creatures,Z-Man Fishing Products,35.0,7,5.0,6,5.00,0,ACTIVE
1911,IMRLLC03,Impact Reactor Lipless - Shock Yellow,Lipless Crankbait,Lunkerhunt,35.0,5,7.0,4,7.00,0,ARCHIVED
1912,HCBPM-503,Bitsy Pond Minnow CB - Blue Chartreuse,Crankbaits,Strike King,35.0,7,5.0,7,5.00,0,DRAFT
1913,FJ4112,Rattl'N Flyer Spoon - Emerald Shiner,Blade Baits & Spoons,Lindy,35.0,7,5.0,7,5.00,0,ARCHIVED
1914,HCR-359PK3,Z-Man Hella CrawZ - Hot Craw,Craws & Creatures,Z-Man Fishing Products,35.0,7,5.0,6,5.00,0,ACTIVE
1915,FISH-Cards,MONSTERBASS Fish Identifier Cards,Accessories,TTI,35.0,7,5.0,7,5.00,0,ARCHIVED
1916,7144145_5427,MONSTER/BASS Crew Neck Sweatshirt - White / M,Hoodies & Outerwear,MONSTERBASS.,35.0,1,35.0,1,35.00,9998,ACTIVE
1917,SL-16,Slimmer Swimmer - Houdini,Soft Swimbaits,Bruiser Baits,35.0,7,5.0,6,5.00,314,ACTIVE
1918,TTIC-349PK8,TRD TicklerZ - Hot Snakes,Craws & Creatures,Z-Man Fishing Products,35.0,7,5.0,7,5.00,0,ARCHIVED
1919,7144145_5517,MONSTER/BASS Crew Neck Sweatshirt - Sport Grey / XL,Hoodies & Outerwear,MONSTERBASS.,35.0,1,35.0,1,35.00,9997,ACTIVE
1920,donation-35,"Join the $10,000 Challenge to Support Our Veterans - $35",,,35.0,1,35.0,1,,,
1921,MIHB-misc,Unknown Products - unknown bait 3,,MONSTERBASS,35.0,7,5.0,7,5.00,0,DRAFT
1922,7144145_5515,MONSTER/BASS Crew Neck Sweatshirt - Sport Grey / M,Hoodies & Outerwear,MONSTERBASS.,35.0,1,35.0,1,35.00,9998,ACTIVE
1923,PK-65-1000-FBM,Reaction Tackle Braided Fishing Line - Pink - 65lb / 1000yds,Braid,Reaction Tackle,34.98,1,34.98,1,34.98,28,ARCHIVED
1924,PK-30-1000-FBM,Reaction Tackle Braided Fishing Line - Pink - 30lb / 1000yds,Braid,Reaction Tackle,34.98,1,34.98,1,34.98,0,ARCHIVED
1925,CT3-5-07,Squarebill Crankbait - 3-5' Diver / Red Craw,Squarebill,Ark Fishing,34.97,4,8.74,4,8.99,42,ACTIVE
1926,1608-222,Airtail Stick - June Bug,Worms,GRANDEBASS,34.95,5,6.99,5,6.99,290,ACTIVE
1927,1688-606,Megatail Rattlesnake - Morning Dawn,Worms,GRANDEBASS,34.95,5,6.99,4,6.99,0,ACTIVE
1928,1670-270,Rattlesnake'O - Black Blue Flk,Worms,GRANDEBASS,34.95,5,6.99,3,6.99,106,ACTIVE
1929,1670-201,Rattlesnake'O - Chartreuse Pepper,Worms,GRANDEBASS,34.95,5,6.99,4,6.99,363,ACTIVE
1930,1660-210,Crush Craw - Watermelon Red Flake,Craws & Creatures,GRANDEBASS,34.95,5,6.99,3,6.99,222,ACTIVE
1931,1676-610,Baby Rattlesnake - Ballistic Bluegill,Worms,GRANDEBASS,34.95,5,6.99,3,6.99,672,ACTIVE
1932,BLACK-PLR,"Pro Aluminum Series 8"" Inch Pliers - Black",Fishing Tools,Beyond Braid,34.95,1,34.95,1,34.95,284,ARCHIVED
1933,810103812215,Tungsten Nail Weights - 7/64 oz,Tungsten,1st Contact Tungsten,34.32,8,4.29,5,4.29,460,ACTIVE
1934,GP-PROTECT-12,Guaranteed Shipping Protection - Level 12,Protection,MONSTERBASS,34.3,1,34.3,1,34.30,-1,ACTIVE
1935,NOCHO-808,Ned Ocho - Black Blue Swirl,Worms,Strike King,33.84,6,5.64,6,5.99,0,ARCHIVED
1936,NOCHO-108,Ned Ocho - Blue Craw,Worms,Strike King,33.84,6,5.64,5,5.99,0,ARCHIVED
1937,MB-PDS-BLK-2X,MONSTERBASS Shorts - Black / 2X,Hoodies & Outerwear,MONSTERBASS,33.74,2,16.87,2,19.95,0,ARCHIVED
1938,SRF214,"Stanley Ribbit 3.5"" - Black/Blue",Topwater,Hale Lures / Stanley,33.0,6,5.5,5,5.50,0,ARCHIVED
1939,YG139,Yum Grub,Grubs,YUM Baits,33.0,11,3.0,4,3.00,0,ARCHIVED
1940,ZSC-MISC,Snake Charmer - Misc. Colors,Craws & Creatures,Zee Baits,33.0,9,3.67,7,3.00,89,ACTIVE
1941,LURE-848927077176,Walking Boss II Magnum - Blue Pearl / Shad Sound,Topwater,Livingston Lures,32.99,1,32.99,1,32.99,128,ACTIVE
1942,LL-3,FlatMaster - Chartreuse Splatter Shad,Crankbaits,Livingston Lures,32.97,3,10.99,3,12.99,0,DRAFT
1943,LL-2,DiveMaster Jr. - Black Back Chrome Shad,Crankbaits,Livingston Lures,32.97,3,10.99,3,10.99,0,DRAFT
1944,810103812345,Tungsten Flipping Weights - Green Pumpkin / 1 oz - 2pk,Tungsten,1st Contact Tungsten,32.97,3,10.99,3,10.99,54,ACTIVE
1945,50020MIAMI,"Braided Fishing Line - 300 Yards, Pro Grade Performance for Saltwater & Freshwater- Beyond Braid - Miami Vibe - 500 Yards / 20LB",Braid,Beyond Braid,32.95,1,32.95,1,32.95,800,ACTIVE
1946,50030MIAMI,"Braided Fishing Line - 300 Yards, Pro Grade Performance for Saltwater & Freshwater- Beyond Braid - Miami Vibe - 500 Yards / 30LB",Braid,Beyond Braid,32.95,1,32.95,1,32.95,673,ACTIVE
1947,50080OR8,Optic Orange 8X- Ultra Performance 8 Strand - 500 Yards / 80lb,Braid,Beyond Braid,32.95,1,32.95,1,32.95,100,ACTIVE
1948,CHFJ-1/4-BLK/BLU,Castaic RC Hammer Football Jig - 1/4oz / Black Blue,Jigs,Castaic,32.94,6,5.49,2,5.49,0,DRAFT
1949,XTRP06,XCalibur Popper,Popper,XCalibur,32.0,4,8.0,2,8.00,27,ARCHIVED
1950,PBUG01,Popping Bug - Frog,Topwater,Lunkerhunt,32.0,4,8.0,4,8.00,0,ARCHIVED
1951,MB-STICKER-SNAGGLEFISH,Snagglefish,Stickers,,32.0,16,2.0,14,,,
1952,FD-TEE-SS-BL-M,Bass Dad Tee (M) - M,Apparel,MONSTERBASS,32.0,2,16.0,2,12.00,0,ARCHIVED
1953,MLF-219,NedFry,Finesse baits,6th Sense Fishing,32.0,8,4.0,7,4.00,0,ARCHIVED
1954,DBL-PB-WETD,Paddleback - Wet Dream,Panfish Baits,Different Breed Lure,32.0,8,4.0,5,4.00,0,ARCHIVED
1955,GRUBZ25-246PK8,GrubZ - Copper Penny,Grubs,Z-Man Fishing Products,32.0,8,4.0,7,4.00,0,ARCHIVED
1956,ACDC-TEE-SS-DH-L,MONSTER / BASS (Large Only) - L,Shirts,MONSTERBASS,31.98,2,15.99,2,15.99,0,DRAFT
1957,110BSH,Gunfish 115 Topwater Walker - Bone Shad,Topwater,Lucky Craft,31.98,2,15.99,2,15.99,0,ARCHIVED
1958,CB-5,Create A Bait - Flatline Blank,Crankbaits,MONSTERBASS,31.98,6,5.33,4,5.99,204,ACTIVE
1959,GSQ-1,Fresh Garlic Dill Pickle Spears - QUART,Pickles,Jersey Pickles,31.98,2,15.99,2,15.99,9236,ARCHIVED
1960,T20574,Rebel Poppin Minnow - Blue Candy,Topwater,Rebel,31.96,4,7.99,2,7.99,0,ARCHIVED
1961,RT-FCC-15-350-FBM,Reaction Tackle Fluorocarbon Coated Fishing Line - Clear / 15LB (350 yards),Fluorocarbon,Reaction Tackle,31.96,2,15.98,2,15.98,12,ARCHIVED
1962,GUIDEPROTECTION-8,Guide Package Protection - $15.68,Shipping Protection,Guide,31.36,2,15.68,2,15.68,-2,ARCHIVED
1963,BMLARDXLMG,Liz-ARD XL - Memphis Green,Craws & Creatures,Bassmooch,30.18,6,5.03,4,5.59,179,ACTIVE
1964,FSHADZ4-54PK8,Finesse ShadZ - Shiner,Finesse baits,Z-Man Fishing Products,30.0,6,5.0,6,5.00,0,DRAFT
1965,32272,Hot Shot Minnow - Minnow Magic,Soft Swimbaits,X Zone Lures,30.0,6,5.0,4,5.99,0,ACTIVE
1966,GOGKCCAL,Googan Krackin' Craw - 4'' 7pk - California Craw,Craws & Creatures,,30.0,6,5.0,6,,,
1967,GOGKC3OKE,Googan Krackin' Craw - 3'' 10pk - Okeechobee Craw,Craws & Creatures,,30.0,6,5.0,4,,,
1968,GOGLL4JUN,Googan Squad Lunker Log - JuneBug,Worms,Googan Baits,30.0,6,5.0,6,5.00,0,DRAFT
1969,MB-WSHIRT-CLASSIC-GREY-S,Women’s Classic Logo Tee - S,Apparel,MONSTERBASS,30.0,2,15.0,2,10.00,0,ARCHIVED
1970,SE3018-03PK3,Swimbait Eye Jigheads - 1/8oz / Glow,Jig Heads,Z-Man Fishing Products,30.0,6,5.0,6,5.00,0,ARCHIVED
1971,HYLSMWP2.75BKS,Minwaow - Black Shiner,Soft Swimbaits,A Band of Anglers,30.0,4,7.5,4,7.50,0,ARCHIVED
1972,SW-111,"5"" Stick Worm - Light Green Pumpkin Blue Tip",Worms,Bruiser Baits,30.0,6,5.0,5,5.00,0,DRAFT
1973,MB-WSHIRT-CLASSIC-GREY-XL,Women’s Classic Logo Tee - XL,Apparel,MONSTERBASS,30.0,3,10.0,3,10.00,0,ARCHIVED
1974,BH-UVLONG-SILVER-4XL,Basshik UV Sunshirt - 4X,UV Protection,Basshik,30.0,3,10.0,2,10.00,0,ARCHIVED
1975,BH-UVLONG-SILVER-XL,Basshik UV Sunshirt - XL,UV Protection,Basshik,30.0,3,10.0,3,10.00,-3,ARCHIVED
1976,BH-UVLONG-SILVER-S,Basshik UV Sunshirt - S,UV Protection,Basshik,30.0,3,10.0,3,10.00,0,ARCHIVED
1977,BSTICK-325PK6,Bang Stickz - MudBug,Baits,Z-Man Fishing Products,30.0,6,5.0,5,5.00,0,ARCHIVED
1978,MB-HOODIE-RETRO-GREY-XL,Retro Logo Hoodie (L-XL) - XL / Grey,Hoodies & Outerwear,MONSTERBASS,30.0,1,30.0,1,30.00,0,ARCHIVED
1979,MLF-356,Hardcore Shad - Hot Tiger,Crankbaits,Yo-Zuri,30.0,3,10.0,1,10.00,0,ACTIVE
1980,MB-TSDSW-316-2,Tungsten Skinny Drop Shot Weights - Wedge / 3/16 oz - 2 pack,Tungsten,MONSTERBASS,30.0,5,6.0,2,4.59,838,ARCHIVED
1981,sku-39368295415869,Kastking Zephyr - XCR Ultra Ceramic,Fishing Reel Accessories,Spool Hi-Speed Bearings,30.0,1,30.0,1,30.00,17734,ACTIVE
1982,sku-46811737129268,Jerky Variety Pack: The Sweet 16 Bundle,Beef Jerky,Ranch Hand Provisions,29.99,1,29.99,1,29.99,0,ARCHIVED
1983,ENT-GER-USE,Entrenching Tool - GERBER / USED,Entrenching Tool,Forest City Supply,29.99,1,29.99,1,29.99,35,ACTIVE
1984,BEYOND-NET,Beyond Braid Floating Fishing Net with Handle,Fishing Tools,Beyond Braid,29.99,1,29.99,1,29.99,2107,ARCHIVED
1985,H15SDR903,Hunter 1.5 Squarebill - Sexy Shad,Squarebill,GRANDEBASS,29.97,3,9.99,3,9.99,11,ACTIVE
1986,H15SDR901,Hunter 1.5 Squarebill - Blue Chartreuse,Squarebill,GRANDEBASS,29.97,3,9.99,2,9.99,0,ACTIVE
1987,H15SDR907,Hunter 1.5 Squarebill - Craw Blaze,Squarebill,GRANDEBASS,29.97,3,9.99,2,9.99,9,ACTIVE
1988,H15SDR910,Hunter 1.5 Squarebill - Pumkpin Pie,Squarebill,GRANDEBASS,29.97,3,9.99,2,9.99,11,ACTIVE
1989,MINNOBI-DMO-21-01-28,Minnobi 3.3 - Dark Melon Orange,,Xcite Baits,29.95,5,5.99,5,5.99,0,ARCHIVED
1990,MJFO34-BRU,Ike's Flip Out Jig - 3/4 oz. - Bruiser,Jig Heads,Missile Baits,29.95,5,5.99,2,5.99,0,ACTIVE
1991,MJFO34-SBG,Ike's Flip Out Jig - 3/4 oz. - Super Bug,Jig Heads,Missile Baits,29.95,5,5.99,4,5.99,0,ACTIVE
1992,SWMCRW4-304,Vicious Fishing Candy Craw - Black & Blue,Craws & Creatures,Vicious Fishing,29.95,5,5.99,5,5.99,95,ACTIVE
1993,SWMCRW4-314,Vicious Fishing Candy Craw - Green Pumpkin,Craws & Creatures,Vicious Fishing,29.95,5,5.99,5,5.99,135,ACTIVE
1994,TRD4-320PK6,"Big TRD - 4"" / The Deal",Worms,Z-Man Fishing Products,29.94,6,4.99,5,5.49,0,DRAFT
1995,MB-FLAG-GREY-S,Made In America Tee (Small) - S,Apparel,MONSTERBASS,29.85,3,9.95,3,9.95,0,ARCHIVED
1996,SB05-TSO,Sunny B Crankbait - Tennessee Shad\Orange Belly,Crankbaits,Bagley,29.85,3,9.95,2,9.95,0,DRAFT
1997,PSBTS07-BCSD,Bagley Twinspin - Blue Chartreuse Shad,Buzzbaits,Bagley,29.85,3,9.95,3,9.95,0,ACTIVE
1998,BB1-CRCW,Balsa B - Crusty Crawdad,Squarebill,Bagley,29.85,3,9.95,3,9.95,0,ARCHIVED
1999,BYHKK1227,One Knocker - 1/2oz / Yellow Perch,Lipless Crankbait,Booyah,29.5,4,7.38,4,7.00,0,ARCHIVED
2000,gold-0824,August 2024 - Gold,Subscription Box,MONSTERBASS,29.0,1,29.0,1,29.00,0,ARCHIVED
2001,gold-0924,Sept 2024 - Gold,Subscription Box,MONSTERBASS,29.0,1,29.0,1,29.00,0,ARCHIVED
2002,MB-PDSP-BLK-M,MONSTERBASS Sweatpants - Black / M,Hoodies & Outerwear,MONSTERBASS,29.0,1,29.0,1,29.00,-1,ARCHIVED
2003,MB-PDSP-BLK-S,MONSTERBASS Sweatpants - Black / S,Hoodies & Outerwear,MONSTERBASS,29.0,1,29.0,1,29.00,0,ARCHIVED
2004,AC1005,"Hinged Grate - 18.5"" Pit Barrel Cooker",BBQ Accessories,Pit Barrel Cooker,28.99,1,28.99,1,28.99,604,ACTIVE
2005,LHP BS 402,Swim Bento - Ghost,Soft Swimbaits,Lunkerhunt,28.0,4,7.0,3,5.89,0,ARCHIVED
2006,39121NP-BR-2/0-6U,2/0 Offset Worm Hooks,Hooks,Mustad,28.0,8,3.5,7,3.50,0,ARCHIVED
2007,IMPOP05,Impact Crush - Lily Pad,Topwater,Lunkerhunt,28.0,4,7.0,4,7.00,0,ARCHIVED
2008,STICKER-SKEL,Wavy Days Sticker,Stickers,MONSTERBASS,28.0,14,2.0,10,2.00,0,ARCHIVED
2009,gold-0525,REPLACEMENT - GOLD - MAY 2025,,MONSTERBASS,28.0,17,1.65,17,0.00,0,DRAFT
2010,BSCH-BB-2022-7WE,6 pcs Busch Light Fishing Bobbers - Premium Fishing Tackle,Fishing Floats & Bobbers,Southern Bell Brands,27.99,1,27.99,1,34.99,600,ACTIVE
2011,ALSBDW-BO-7-1,Mustad Arm Lock Double Willow Spinnerbait - Black & Orange,Spinnerbaits,Mustad,27.98,4,7.0,4,5.49,-1,ACTIVE
2012,Misc-SKRES,Misc Strike King Red Eye Shad,,Strike King,27.96,4,6.99,4,6.99,0,DRAFT
2013,1670-550,Rattlesnake'O,Worms,GRANDEBASS,27.96,4,6.99,3,6.99,0,ACTIVE
2014,1250-520,"NEW: Kickback Shad 3.75"" - Goby",Soft Swimbaits,GRANDEBASS,27.96,4,6.99,4,6.99,389,ACTIVE
2015,MISC-BBBR,Scentsation Ramtail 35 - Misc Colors,Craws & Creatures,Big Bite Baits,27.96,4,6.99,2,6.99,404,ACTIVE
2016,YAM-7GL-05-925,Yamamoto Kut Tail Worm - Green Pumpkin Red Flake,Worms,Gary Yamamoto,27.96,4,6.99,4,6.99,0,ACTIVE
2017,YAM-136-07-417,Cowboy - Blue W/Large Black Flakes,Craws & Creatures,Gary Yamamoto,27.96,4,6.99,3,6.99,54,ACTIVE
2018,30050BLCK8,8 Strand Braided Fishing Line Series - Super Sleek & Smooth Braided Fishing Line - High Performance Fishing Line For Saltwater & Freshwater - 300 Yards / 50lb / Blackout - No Fade,Braid,Beyond Braid,27.95,1,27.95,1,27.95,389,ACTIVE
2019,30040BLCK8,8 Strand Braided Fishing Line Series - Super Sleek & Smooth Braided Fishing Line - High Performance Fishing Line For Saltwater & Freshwater - 300 Yards / 40lb / Blackout - No Fade,Braid,Beyond Braid,27.95,1,27.95,1,27.95,409,ACTIVE
2020,30015BU8,"Braided Fishing Line - 300 Yards, Pro Grade Performance for Saltwater & Freshwater- Beyond Braid - Bahama Blue 8X / 15LB",Braid,Beyond Braid,27.95,1,27.95,1,25.95,256,ACTIVE
2021,11519-15-TR,Tracer Crappie Tube,Panfish Baits,Mizmo Baits,27.5,11,2.5,9,2.50,57,ACTIVE
2022,GP-PROTECT-11,Guaranteed Shipping Protection - Level 11,Protection,MONSTERBASS,27.44,1,27.44,1,27.44,-1,ACTIVE
2023,BG2SM219-15,Swimmin' Minnow,Panfish Baits,Bobby Garland,27.0,6,4.5,6,4.50,0,ARCHIVED
2024,XB-5-COP-GRN,XB-5 Crankbait - Copper Green Shad,Crankbaits,Xcite Baits,27.0,3,9.0,3,9.00,0,ARCHIVED
2025,860ZS 2-MB,Light Wire Blue Aberdeen,Hooks,TTI,27.0,9,3.0,6,3.00,421,ACTIVE
2026,3WM-02,Warmouth - SS Shad,Soft Swimbaits,Big Bite Baits,27.0,6,4.5,6,4.50,0,DRAFT
2027,MLF-352,Hardcore Crank SR 65F Squarebill - Natural Bluegill,Crankbaits,Yo-Zuri,27.0,3,9.0,3,9.00,0,ACTIVE
2028,CB-1,Create A Bait - Slick Stick 99 Blank,Crankbaits,MONSTERBASS,26.98,5,5.4,4,5.99,319,ACTIVE
2029,LC-6161-5,Captain Slayhab - Delta Craw,Panfish Baits,LUNKERCANDY,26.97,3,8.99,3,8.99,0,DRAFT
2030,LL-SD6-DC,Sugar Daddy 6 - Delta Craw,Crankbaits,LUNKERCANDY,26.97,3,8.99,3,8.99,0,ARCHIVED
2031,CT5-7-11,Squarebill Crankbait - 5-7' Diver / Silver Shad,Squarebill,Ark Fishing,26.97,3,8.99,3,8.99,38,ACTIVE
2032,CT5-7-14,Squarebill Crankbait - 5-7' Diver / Mystic Gizzard,Squarebill,Ark Fishing,26.97,3,8.99,3,8.99,45,ACTIVE
2033,CT5-7-17,Squarebill Crankbait - 5-7' Diver / Ghost Sexy Shad,Squarebill,Ark Fishing,26.97,3,8.99,2,8.99,44,ACTIVE
2034,SBFT14-05,Z-Man Sling Bladez Power Finesse Indiana/Colorado & Double Willow Spinnerbait - Indiana & Colorado Blades / 1/4oz / Mouserat,Spinnerbaits,Z-Man Fishing Products,26.97,3,8.99,3,8.99,0,ARCHIVED
2035,SBFT38-05,Z-Man Sling Bladez Power Finesse Indiana/Colorado & Double Willow Spinnerbait - Indiana & Colorado Blades / 3/8oz / Mouserat,Spinnerbaits,Z-Man Fishing Products,26.97,3,8.99,3,8.99,0,ARCHIVED
2036,CT5-7-15,Squarebill Crankbait - 5-7' Diver / AU Pro Blue,Squarebill,Ark Fishing,26.97,3,8.99,2,8.99,43,ACTIVE
2037,B8-HH,Heavy Hitt'R,Topwater Plopper,B8 Lab,26.97,3,8.99,3,8.99,0,ARCHIVED
2038,PTCR-6,Crusher DT-6,,,26.97,3,8.99,3,,,
2039,PTCR-4-buttercraw,Head Banger DT-4 - Butter Craw,Crankbaits,Brand X,26.97,3,8.99,3,8.99,0,ARCHIVED
2040,PTCR-6-splattershad,Head Banger DT-6 - Splatter Shad,Crankbaits,Brand X,26.97,3,8.99,3,9.99,0,ACTIVE
2041,PTCR-8-perch,Head Banger DT-8 - Perch,Crankbaits,Brand X,26.97,3,8.99,2,8.99,0,ARCHIVED
2042,STRK375-57PK6,"Streakz 3.75"" - 3.75 / Smoky Shad",Soft Swimbaits,Z-Man Fishing Products,26.94,6,4.49,6,5.49,0,DRAFT
2043,ESH-HATBLACK,ESH Black Hat,Apparel,Outdoor Hunting Lab,26.88,1,26.88,1,24.95,6,ACTIVE
2044,S6-23,Seeker 6 v2.0 - Crawlicious,Crankbaits,MONSTERBASS,26.57,3,8.86,3,8.00,-3,ACTIVE
2045,LC-6160-4p,Slabasaurus Rex - 4 Pack,Tackle Bundle,LUNKERCANDY,26.0,1,26.0,1,26.00,0,ARCHIVED
2046,810067072557,The Shocker - Crackle Belly Frog,Crankbaits,Raptor Lures,26.0,2,13.0,2,13.00,0,ARCHIVED
2047,810067072571,The Shocker - Firetiger,Crankbaits,Raptor Lures,26.0,2,13.0,2,13.00,0,ARCHIVED
2048,LL-16,Primetyme CB 1.5 - True Bream,Crankbaits,,25.98,2,12.99,2,,,
2049,LL-11,JerkMaster 121 - Gold Digger,Jerkbaits,Livingston Lures,25.98,2,12.99,2,12.99,0,DRAFT
2050,LL-SM-736,LIvingston School Master - misc skus,,Livingston Lures,25.98,2,12.99,2,12.99,0,DRAFT
2051,LL-15,Primetyme CB 1.5 - Spring Craw,Crankbaits,Livingston Lures,25.98,2,12.99,2,12.99,0,ARCHIVED
2052,LS6-46PK8,Long ShotZ - Green Pumpkin,Baits,Z-Man Fishing Products,25.96,4,6.49,3,6.49,0,ARCHIVED
2053,GOGBBBLU,Googan Bandito Bug - 4'' 7pk - Blue Baby,Craws & Creatures,Googan Baits,25.59,5,5.12,3,5.59,0,ARCHIVED
2054,GP-PROTECT-6,Guaranteed Shipping Protection - Level 6,Protection,MONSTERBASS,25.48,2,12.74,2,12.74,-2,ACTIVE
2055,PB4-12,Phat Boy Squarebill - Bone,Crankbaits,VEXAN®,25.47,3,8.49,3,9.99,188,ACTIVE
2056,GOGKC3BLU,Googan Krackin' Craw - 3'' 10pk - Blue Baby,Craws & Creatures,,25.0,5,5.0,3,,,
2057,MB-TSDSC-18-4,Tungsten Skinny Drop Shot Weights - Casting / 1/8 oz - 4 pack,Tungsten,MONSTERBASS,25.0,5,5.0,2,5.00,0,ACTIVE
2058,TS35-316PK6,Z-Man Trick ShotZ - Green Pumpkin Goby,Finesse baits,Z-Man Fishing Products,25.0,5,5.0,3,5.00,0,ARCHIVED
2059,GOGLL5FLM,Googan Squad Lunker Log - Flamin Hot,Worms,Googan Baits,25.0,5,5.0,5,5.00,0,DRAFT
2060,SE3038-02PK3,Swimbait Eye Jigheads - 3/8oz / Pearl,Jig Heads,,25.0,5,5.0,4,,,
2061,MB-UVLSH-BONE-XS,Mossy Oak Sunshirt (XS only) - XS,Hoodies & Outerwear,MONSTERBASS,25.0,1,25.0,1,25.00,0,ARCHIVED
2062,9663102_8929,Thicc-fil-A - Black Heather / 4XL,Shirts,MONSTERBASS.,25.0,1,25.0,1,25.00,9998,ACTIVE
2063,9663102_12878,Thicc-fil-A - Black Heather / 5XL,Shirts,MONSTERBASS.,25.0,1,25.0,1,25.00,9998,ACTIVE
2064,sku-45224695038090,Hot Box,Hot Sauce,Origin Trade Goods,25.0,1,25.0,1,25.00,0,ACTIVE
2065,CT5-7-06,Squarebill Crankbait - 5-7' Diver / Shiner,Squarebill,Ark Fishing,24.99,3,8.33,3,8.99,36,ACTIVE
2066,SHC-1/2G,Sweet Horseradish Pickle Chips - 1/2 GALLON,Pickles,Jersey Pickles,24.99,1,24.99,1,24.99,2105,ARCHIVED
2067,KSW12G-1,Whole Kosher Dill Pickles - 1/2 GALLON,Pickles,Jersey Pickles,24.99,1,24.99,1,24.99,490,ARCHIVED
2068,Jigbox - Suitcase SS,Jig Boxes with Foam Insert - Suitcase - Single Sided,Tackle Bags & Boxes,VEXAN®,24.99,1,24.99,1,24.99,0,ARCHIVED
2069,NH24036152-0,Nukem Double Up Bag - XL,Blind Bag,Nukem Hunting,24.99,1,24.99,1,24.99,768,ACTIVE
2070,LURE-848927094951,"Head Hunter 8"" - Black Perch / Perch Sound",Crankbaits,Livingston Lures,24.99,1,24.99,1,19.99,290,ACTIVE
2071,FCA-10-500-FBM,Reaction Tackle Braided Fishing Line - Fire Camo - NEW - 10lb / 500yds,Braid,Reaction Tackle,24.98,1,24.98,1,24.98,9,ARCHIVED
2072,KIDS-PAINT,Create a Bait Paint Set,Accessories,MONSTERBASS,24.95,5,4.99,3,4.99,0,ARCHIVED
2073,30030USA,"Braided Fishing Line - 300 Yards, Pro Grade Performance for Saltwater & Freshwater- Beyond Braid - Patriot - Red White Blue / 30LB",Braid,Beyond Braid,24.95,1,24.95,1,24.95,666,ACTIVE
2074,sku-51979511693628,**NEW** Xtreme Detachable Heater Body Suit Carrying Straps,Clothing,Killz Products,24.95,1,24.95,1,24.95,222,ACTIVE
2075,112LN-BK-OP,Richardson 112LN Ice Grey w/ Orange MONSTERBASS patch - Black w/ Orange,Hats,MONSTERBASS,24.95,1,24.95,1,25.00,21,ACTIVE
2076,112OPCO-RT-OP,Richardson 112PCO Realtree w/ Orange MONSTERBASS patch - Realtree w/ Orange,Hats,MONSTERBASS,24.95,1,24.95,1,25.00,21,ACTIVE
2077,30060BC,"Braided Fishing Line - 300 Yards, Pro Grade Performance for Saltwater & Freshwater- Beyond Braid - Blue Wave / 60LB",Braid,Beyond Braid,24.95,1,24.95,1,24.95,127,ACTIVE
2078,BMLARDXLTM,Liz-ARD XL - The Meeting,Craws & Creatures,Bassmooch,24.59,5,4.92,3,5.59,164,ACTIVE
2079,BBJ32-04,Big Bite Jig - 1/32 oz / Pink/Black Eye,Jig Heads,Big Bite Baits,24.5,7,3.5,7,3.50,63,ACTIVE
2080,GMIN-28PK6,Z-Man MinnowZ - Smelt,Soft Swimbaits,Z-Man Fishing Products,24.0,6,4.0,5,4.00,0,ACTIVE
2081,DBL-MS-MMLK,Magic Shad - Monkeymilk,Panfish Baits,Different Breed Lure,24.0,6,4.0,5,4.00,0,ARCHIVED
2082,SKNDA-DMNDTIP,Skandia Diamond Tip Tungsten Jig,Panfish Baits,K&E Tackle,24.0,8,3.0,6,3.00,109,ACTIVE
2083,4601054_12875,Monsterfish - Navy / 4XL,Shirts,MONSTERBASS.,24.0,1,24.0,1,24.00,9998,ACTIVE
2084,CB-EL38-05,Chatterbait Elite - 3/8oz / Bluegill,Bladed Jigs,Z-Man Fishing Products,24.0,3,8.0,3,8.00,0,ARCHIVED
2085,BH-SHIRT-BLACK-M,Basshik Logo - Black / M,Apparel,Basshik,24.0,2,12.0,2,12.00,-1,ARCHIVED
2086,BH-SHIRT-RED-S,Basshik Logo - Red / S,Apparel,Basshik,24.0,2,12.0,1,12.00,0,ARCHIVED
2087,XLFS14-15XL,Trilene XL Smooth Casting Filler Spool,Fishing Line,Berkley,24.0,3,8.0,3,8.00,33,ACTIVE
2088,6618872_12876,MONSTERBASS Logo Tee - Athletic Heather / 5XL,Shirts,MONSTERBASS.,24.0,1,24.0,1,24.00,9998,ACTIVE
2089,1546710_12872,MONSTER/BASS Tee - White / 5XL,Shirts,MONSTERBASS.,24.0,1,24.0,1,24.00,9998,ACTIVE
2090,1546710_12878,MONSTER/BASS Tee - Black Heather / 5XL,Shirts,MONSTERBASS.,24.0,1,24.0,1,24.00,9998,ACTIVE
2091,Sticker-ruler,Ruler Sticker,Stickers,MONSTERBASS,24.0,12,2.0,7,2.00,0,ARCHIVED
2092,sticker-dead1,The Deadliest Catch,Stickers,MONSTERBASS,24.0,12,2.0,8,2.00,404,ACTIVE
2093,8919990_12871,Largie Smalls - Black / 5XL,Shirts,MONSTERBASS.,24.0,1,24.0,1,24.00,9998,ACTIVE
2094,127-3,"Chicago Sauce, Chicago Fire Sauce, & Chicago Fry Sauce - 3 bottles (1 of each flavor)",Hot Sauce,Big Fork Brands,23.99,1,23.99,1,23.99,28,ACTIVE
2095,MB-SHIRT-CLASSIC-S-HDGREY,Classic Logo Tee - S / Heather Gray/White,Apparel,MONSTERBASS,23.98,2,11.99,2,9.99,-1,ARCHIVED
2096,LC-12-100-FBM,Reaction Tackle Lead Core Metered Trolling Braided Line - 12lb / 100yds / Lead Core,Braid,Reaction Tackle,23.98,1,23.98,1,23.98,234,ARCHIVED
2097,T2000S,Rebel Poppin Minnow - Bone,Topwater,Rebel,23.97,3,7.99,3,7.99,0,ARCHIVED
2098,T20562,Rebel Poppin Minnow - Chrome Silver,Topwater,Rebel,23.97,3,7.99,3,7.99,0,ARCHIVED
2099,MINNOBI-MX-21-01-26,Minnobi 3.3 - Mango X,,Xcite Baits,23.96,4,5.99,4,5.99,0,ARCHIVED
2100,SBTJZC-1/4,Spro Bucktail Jig - 1/4 / Zucchini,Bucktail Jig,SPRO,23.96,4,5.99,4,5.99,0,ACTIVE
2101,1704-500,Tungsten Shakey Jig Head - 5/0,Jig Heads,GRANDEBASS,23.96,4,5.99,3,5.99,174,ACTIVE
2102,TS5-351,"5"" Pro Stick - Green Pumpkin Red Flake",Worms,Vicious Fishing,23.96,4,5.99,4,5.99,108,ACTIVE
2103,TS5-302,"5"" Pro Stick - Watermelon Seed Red",Worms,Vicious Fishing,23.96,4,5.99,2,5.99,0,ACTIVE
2104,TS5-307,"5"" Pro Stick - Chartreuse Pepper",Worms,Vicious Fishing,23.96,4,5.99,2,5.99,7,ACTIVE
2105,810103812222,Tungsten Nail Weights - 3/32 oz,Tungsten,1st Contact Tungsten,23.94,6,3.99,4,3.99,292,ACTIVE
2106,810103812147,Tungsten Drop Shot Weights - Skinny - 1/2 oz,Tungsten,1st Contact Tungsten,23.85,3,7.95,1,7.95,32,ACTIVE
2107,RO4-807,"Rodent 4"" - Green Pumpkin Purple Swirl",Craws & Creatures,Strike King,23.8,4,5.95,4,5.95,0,ARCHIVED
2108,LL-31,Livingston Lures Walk N Pop 77 - Money Clown,Topwater,Livingston Lures,23.78,2,11.89,2,12.99,-1,DRAFT
2109,GUIDEPROTECTION-6,Guide Package Protection - $7.84,Shipping Protection,Guide,23.52,3,7.84,3,7.84,-3,ARCHIVED
2110,44FINSWIM-07,"Finesse Swimmer - 4.4"" / Baby Bream",Soft Swimbaits,Big Bite Baits,23.46,4,5.87,4,5.99,0,ARCHIVED
2111,MBQ45-WRC,Quiver 4.5 Watermelon Red Core,Worms,Missile Baits,23.45,5,4.69,3,4.69,19,ACTIVE
2112,3001-45-M-3X,M Nation Tee - 3X,Apparel,MONSTERBASS,23.0,1,23.0,1,23.00,0,ARCHIVED
2113,4601054_8928,Monsterfish - Black Heather / 3XL,Shirts,MONSTERBASS.,23.0,1,23.0,1,23.00,9998,ACTIVE
2114,1546710_8466,MONSTER/BASS Tee - Dark Grey Heather / 4XL,Shirts,MONSTERBASS.,23.0,1,23.0,1,23.00,9998,ACTIVE
2115,1546710_6954,MONSTER/BASS Tee - Athletic Heather / 4XL,Shirts,MONSTERBASS.,23.0,1,23.0,1,23.00,9998,ACTIVE
2116,6064336_6954,Fishing is Life - Athletic Heather / 4XL,Shirts,MONSTERBASS.,23.0,1,23.0,1,23.00,9998,ACTIVE
2117,8919990_15793,Largie Smalls - Maroon / 4XL,Shirts,MONSTERBASS.,23.0,1,23.0,1,23.00,9998,ACTIVE
2118,6064336_8446,Fishing is Life - Army / 4XL,Shirts,MONSTERBASS.,23.0,1,23.0,1,23.00,9998,ACTIVE
2119,8097285_19408,Retro Logo Tee - White / 2XL,Shirts,MONSTERBASS.,23.0,1,23.0,1,23.00,9998,ACTIVE
2120,FINSTK2.75-304,"2.75"" Ned Candy - Black & Blue",Soft Swimbaits,Vicious Fishing,22.96,4,5.74,4,4.99,0,ACTIVE
2121,30020MC,Moss Camo 300-2000 Yard Spools - 300 Yards / 20lb,Braid,Beyond Braid,22.95,1,22.95,1,24.95,987,ACTIVE
2122,DS-2TT-FT,Twin Tail,Panfish Baits,Dockside Custom Baits,22.5,5,4.5,4,4.50,0,ARCHIVED
2123,640265231179,Waxy Jr. - Hot Pink,Panfish Baits,Widow Maker Lures,22.5,9,2.5,9,2.50,0,ARCHIVED
2124,JJ-GP,Jerky J - Green Pumpkin,Soft Swimbaits,Castaic,22.47,3,7.49,3,7.49,0,ARCHIVED
2125,BMBB-AC,Brawler Bug 3.5 - Alabama Craw,Craws & Creatures,Bassmooch,22.36,4,5.59,4,5.59,0,ACTIVE
2126,BMLARDRLTM,Liz-ARD RL - The Meeting,Craws & Creatures,Bassmooch,22.36,4,5.59,4,5.59,79,ACTIVE
2127,BW8-108,KVD Bull Worm - Blue Craw,Worms,Strike King,22.0,4,5.5,4,5.50,0,DRAFT
2128,GT425-370PK3,Billy Goat - Fire Craw,Craws & Creatures,Z-Man Fishing Products,22.0,4,5.5,4,5.50,0,ARCHIVED
2129,4601054_8499,Monsterfish - Heather Midnight Navy / 2XL,Shirts,MONSTERBASS.,22.0,1,22.0,1,22.00,9998,ACTIVE
2130,4601054_4109,Monsterfish - Maroon / XL,Shirts,MONSTERBASS.,22.0,1,22.0,1,22.00,9998,ACTIVE
2131,MB-SHIRT-RR-BLKH-3X,River Rat Tee - 3X,Shirts,MONSTERBASS,22.0,2,11.0,2,22.00,-2,ACTIVE
2132,4601054_8927,Monsterfish - Black Heather / 2XL,Shirts,MONSTERBASS.,22.0,1,22.0,1,22.00,9998,ACTIVE
2133,4601054_4115,Monsterfish - Navy / 2XL,Shirts,MONSTERBASS.,22.0,1,22.0,1,22.00,9998,ACTIVE
2134,4601054_4063,Monsterfish - Cardinal / L,Shirts,MONSTERBASS.,22.0,1,22.0,1,22.00,9998,ACTIVE
2135,4601054_8497,Monsterfish - Heather Midnight Navy / L,Shirts,MONSTERBASS.,22.0,1,22.0,1,22.00,9998,ACTIVE
2136,4601054_8496,Monsterfish - Heather Midnight Navy / M,Shirts,MONSTERBASS.,22.0,1,22.0,1,22.00,9998,ACTIVE
2137,CTHMP510,Cane Thumper - Pearl,Soft Swimbaits,Big Bite Baits,22.0,4,5.5,4,5.50,0,ARCHIVED
2138,8919990_15792,Largie Smalls - Maroon / 3XL,Shirts,MONSTERBASS.,22.0,1,22.0,1,22.00,9998,ACTIVE
2139,4601054_8495,Monsterfish - Heather Midnight Navy / S,Shirts,MONSTERBASS.,22.0,1,22.0,1,22.00,9998,ACTIVE
2140,8919990_6953,Largie Smalls - Athletic Heather / 3XL,Shirts,MONSTERBASS.,22.0,1,22.0,1,22.00,9998,ACTIVE
2141,4601054_4032,Monsterfish - Asphalt / M,Shirts,MONSTERBASS.,22.0,1,22.0,1,22.00,9998,ACTIVE
2142,8097285_19400,Retro Logo Tee - Black / L,Shirts,MONSTERBASS.,22.0,1,22.0,1,22.00,9998,ACTIVE
2143,6064336_6953,Fishing is Life - Athletic Heather / 3XL,Shirts,MONSTERBASS.,22.0,1,22.0,1,22.00,9998,ACTIVE
2144,4601054_4064,Monsterfish - Cardinal / XL,Shirts,MONSTERBASS.,22.0,1,22.0,1,22.00,9998,ACTIVE
2145,9663102_4012,Thicc-fil-A - White / M,Shirts,MONSTERBASS.,22.0,1,22.0,1,22.00,9998,ACTIVE
2146,1546710_5294,MONSTER/BASS Tee - White / 3XL,Shirts,MONSTERBASS.,22.0,1,22.0,1,22.00,9998,ACTIVE
2147,4601054_9569,Monsterfish - Heather Midnight Navy / XS,Shirts,MONSTERBASS.,22.0,1,22.0,1,22.00,9998,ACTIVE
2148,4601054_4019,Monsterfish - Black / XL,Shirts,MONSTERBASS.,22.0,1,22.0,1,22.00,9998,ACTIVE
2149,8097285_19395,Retro Logo Tee - Navy / S,Shirts,MONSTERBASS.,22.0,1,22.0,1,22.00,9998,ACTIVE
2150,9663102_8925,Thicc-fil-A - Black Heather / L,Shirts,MONSTERBASS.,22.0,1,22.0,1,22.00,9998,ACTIVE
2151,9663102_8926,Thicc-fil-A - Black Heather / XL,Shirts,MONSTERBASS.,22.0,1,22.0,1,22.00,9998,ACTIVE
2152,8097285_19402,Retro Logo Tee - White / L,Shirts,MONSTERBASS.,22.0,1,22.0,1,22.00,9998,ACTIVE
2153,8097285_19394,Retro Logo Tee - Black / S,Shirts,MONSTERBASS.,22.0,1,22.0,1,22.00,9998,ACTIVE
2154,STICKER-RISE,MONSTERBASS Rise and Glide Sticker,Stickers,MONSTERBASS,22.0,11,2.0,7,2.00,577,ACTIVE
2155,8097285_19403,Retro Logo Tee - Black / XL,Shirts,MONSTERBASS.,22.0,1,22.0,1,22.00,9998,ACTIVE
2156,8097285_19401,Retro Logo Tee - Navy / L,Shirts,MONSTERBASS.,22.0,1,22.0,1,22.00,9998,ACTIVE
2157,9663102_4014,Thicc-fil-A - White / XL,Shirts,MONSTERBASS.,22.0,1,22.0,1,22.00,9998,ACTIVE
2158,4601054_8498,Monsterfish - Heather Midnight Navy / XL,Shirts,MONSTERBASS.,22.0,1,22.0,1,22.00,9998,ACTIVE
2159,8097285_19397,Retro Logo Tee - Black / M,Shirts,MONSTERBASS.,22.0,1,22.0,1,22.00,9998,ACTIVE
2160,8919990_8493,Largie Smalls - Heather Forest / 3XL,Shirts,MONSTERBASS.,22.0,1,22.0,1,22.00,9998,ACTIVE
2161,6618872_5294,MONSTERBASS Logo Tee - White / 3XL,Shirts,MONSTERBASS.,22.0,1,22.0,1,22.00,9998,ACTIVE
2162,PP006,Pistol Pete - Gizzard Shad,Swimbaits,G-Ratt Baits,21.99,1,21.99,1,21.99,79,ACTIVE
2163,PP016,Pistol Pete - Guida's Citrus Shad,Swimbaits,G-Ratt Baits,21.99,1,21.99,1,21.99,162,ACTIVE
2164,LL-19,Pro Ripper - Threadfin Shad,Lipless Crankbait,Livingston Lures,21.98,2,10.99,2,10.99,0,DRAFT
2165,CB-2,Create A Bait - Little Banger Blank,Crankbaits,MONSTERBASS,21.98,4,5.5,3,5.99,319,ACTIVE
2166,HERC5-263,"Herculez Swimbait 5"" - Opening Night",Soft Swimbaits,Z-Man Fishing Products,21.98,2,10.99,1,10.99,0,ARCHIVED
2167,R1-5KUE-WIC2-FBM,Reaction Tackle Braided Fishing Line - Hi-Vis Orange - 10lb / 500yds / Hi-Vis Orange,Braid,Reaction Tackle,21.98,1,21.98,1,21.98,119,ARCHIVED
2168,UH-4MDL-SO5E-FBM,Reaction Tackle Braided Fishing Line - Hi-Vis Orange - 30lb / 500yds,Braid,Reaction Tackle,21.98,1,21.98,1,21.98,58,ARCHIVED
2169,treble4red,Crystal Reaper Treble Hooks (6pk) - #4 / Red Crystal,Hooks,VEXAN®,21.97,3,7.32,2,7.99,183,ACTIVE
2170,GOGBBSUM,Googan Bandito Bug - 4'' 7pk - Summer Craw,Craws & Creatures,Googan Baits,21.77,4,5.44,4,5.59,0,ARCHIVED
2171,MB-PDSP-BLK-XL,MONSTERBASS Sweatpants - Black / XL,Hoodies & Outerwear,MONSTERBASS,21.42,1,21.42,1,29.00,0,ARCHIVED
2172,MB-TSDSC-14-3,Tungsten Skinny Drop Shot Weights - Casting / 1/4 oz - 3 pack,Tungsten,MONSTERBASS,21.0,3,7.0,3,7.00,0,ACTIVE
2173,LGSTK219,Glow Streak - Red Craw,Crankbaits,Lindy,21.0,3,7.0,2,7.00,0,ARCHIVED
2174,MB-SHIRT-WBURGER-HGREY-2X,MONSTERBURGER - 2X / Heather Grey,Shirts,MONSTERBASS,21.0,1,21.0,1,21.00,0,ACTIVE
2175,BMIN01,"Bait Shifter 3.5"" Minnow Kit - Watermelon Red",Soft Swimbaits,,21.0,3,7.0,3,,,
2176,8919990_8927,Largie Smalls - Black Heather / 2XL,Shirts,MONSTERBASS.,21.0,1,21.0,1,21.00,9998,ACTIVE
2177,1546710_10364,MONSTER/BASS Tee - Heather Dust / 2XL,Shirts,MONSTERBASS.,21.0,1,21.0,1,21.00,9998,ACTIVE
2178,8919990_4115,Largie Smalls - Navy / 2XL,Shirts,MONSTERBASS.,21.0,1,21.0,1,21.00,9998,ACTIVE
2179,8919990_4050,Largie Smalls - Brown / 2XL,Shirts,MONSTERBASS.,21.0,1,21.0,1,21.00,9998,ACTIVE
2180,8919990_4035,Largie Smalls - Asphalt / 2XL,Shirts,MONSTERBASS.,21.0,1,21.0,1,21.00,9998,ACTIVE
2181,FB-039-265,The Golden Child - Frog 8cm / 25 gm,Topwater,Fat Bastard Frog Company,21.0,7,3.0,5,3.00,0,ARCHIVED
2182,1828099_4015,Bucket Time Tee - 2XL,Shirts,MONSTERBASS.,21.0,1,21.0,1,21.00,9998,ACTIVE
2183,LURE-848927071860,"Head Hunter 6"" - Natural Perch / Perch Sound",Crankbaits,Livingston Lures,20.99,1,20.99,1,13.99,298,ACTIVE
2184,848927014119,Primetyme CB 1.5 - Melon Shad,Crankbaits,Livingston Lures,20.99,1,20.99,1,20.99,0,ARCHIVED
2185,1608-270,"5.25"" Airtail Stick - Black Blue Flake",Worms,GRANDEBASS,20.97,3,6.99,3,6.99,106,ACTIVE
2186,1608-204,Airtail Stick - Baby Bass,Worms,GRANDEBASS,20.97,3,6.99,3,6.99,318,ACTIVE
2187,1608-540,Airtail Stick - Magic Grass,Worms,GRANDEBASS,20.97,3,6.99,3,6.99,198,ACTIVE
2188,810103811959,Tungsten Worm Weights - Black / 1/2 oz - 2pk,Tungsten,1st Contact Tungsten,20.97,3,6.99,1,6.99,0,ACTIVE
2189,1670-610,Rattlesnake'O - Ballistic Bluegill,Worms,GRANDEBASS,20.97,3,6.99,2,6.99,218,ACTIVE
2190,1670-260,Rattlesnake'O - Red Bug,Worms,GRANDEBASS,20.97,3,6.99,2,6.99,168,ACTIVE
2191,1676-201,Baby Rattlesnake - Chartreuse  Pepper,Worms,GRANDEBASS,20.97,3,6.99,1,6.99,0,ACTIVE
2192,1250-000,"NEW: Kickback Shad 3.75"" - Black",Soft Swimbaits,GRANDEBASS,20.97,3,6.99,2,6.99,407,ACTIVE
2193,1660-880,Crush Craw - Magic Craw,Craws & Creatures,GRANDEBASS,20.97,3,6.99,2,6.99,267,ACTIVE
2194,1677-590,Rattlesnake - Trophy Hunter,Worms,GRANDEBASS,20.97,3,6.99,1,6.99,245,ACTIVE
2195,LL-30,Livingston Lures Walk N Pop 77 - Gold Digger,Topwater,Livingston Lures,20.78,2,10.39,2,12.99,-1,DRAFT
2196,GP-PROTECT-9,Guaranteed Shipping Protection - Level 9,Protection,MONSTERBASS,20.58,1,20.58,1,20.58,-1,ACTIVE
2197,SE3038-03PK3,Swimbait Eye Jigheads - 3/8oz / Glow,Jig Heads,Z-Man Fishing Products,20.0,4,5.0,4,5.00,0,ARCHIVED
2198,12131,True Center Stick - Watermelon Candy,Worms,X Zone Lures,20.0,4,5.0,2,5.00,0,DRAFT
2199,32309,Hot Shot Minnow - Hot Shot Minnow,Soft Swimbaits,X Zone Lures,20.0,4,5.0,3,5.99,0,ACTIVE
2200,BH-SHIRT-DEEP-S,Grenade Logo - Grey / S,Apparel,Basshik,20.0,1,20.0,1,12.00,0,ARCHIVED
2201,GOGBBBAB,Googan Bandito Bug - 4'' 7pk - Bama Bug,Craws & Creatures,Googan Baits,20.0,4,5.0,3,5.59,0,ARCHIVED
2202,GOGKCGPU,Googan Krackin' Craw - 4'' 7pk - Green Pumpkin Purple,Craws & Creatures,,20.0,4,5.0,4,,,
2203,00162,Y-Fry - Super Glow,Panfish Baits,Euro Tackle,20.0,5,4.0,5,4.00,0,ARCHIVED
2204,ACDC-256-3X,MONSTER / BASS - 3X,Shirts,MONSTERBASS,20.0,1,20.0,1,20.00,0,ACTIVE
2205,00167,Shrimp-X - Black,Panfish Baits,Euro Tackle,20.0,5,4.0,5,4.00,0,ARCHIVED
2206,00171,Eurogrub - Black,Panfish Baits,Euro Tackle,20.0,5,4.0,4,4.00,0,ARCHIVED
2207,CATPOP-PB,Mach Popper - Pro Blue,Topwater,Catch Outdoors,20.0,2,10.0,2,10.00,0,ARCHIVED
2208,38105NP-BN-4/0-5U,Mustad Ultrapoint Ultra Lock Soft Plastic Hook,Hooks,Mustad,20.0,4,5.0,4,5.00,0,ARCHIVED
2209,CMP-Misc,Mach Popper - Misc Colors,Topwater,Catch Outdoors,20.0,2,10.0,2,10.00,0,ARCHIVED
2210,MB-SHIRT-ENJOY-BLK-XS,Enjoy Monsterbass - XS / Black,Apparel,MONSTERBASS,20.0,1,20.0,1,20.00,0,ARCHIVED
2211,MB-SHIRT-ENJOY-GREEN-XS,Enjoy Monsterbass - XS / Green,Apparel,MONSTERBASS,20.0,1,20.0,1,20.00,0,ARCHIVED
2212,3001-06-CL-S,Iconic Logo Tee - S,Shirts,MONSTERBASS,20.0,1,20.0,1,20.00,0,ARCHIVED
2213,1546710_8462,MONSTER/BASS Tee - Dark Grey Heather / L,Shirts,MONSTERBASS.,20.0,1,20.0,1,20.00,9997,ACTIVE
2214,BH-UVLONG-SILVER-3XL,Basshik UV Sunshirt - 3X,UV Protection,Basshik,20.0,2,10.0,2,10.00,0,ARCHIVED
2215,MB-SHIRT-ENJOY-GREEN-XL,Enjoy Monsterbass - XL / Green,Apparel,MONSTERBASS,20.0,1,20.0,1,20.00,0,ARCHIVED
2216,1546710_4013,MONSTER/BASS Tee - White / L,Shirts,MONSTERBASS.,20.0,1,20.0,1,20.00,9997,ACTIVE
2217,8919990_4107,Largie Smalls - Maroon / M,Shirts,MONSTERBASS.,20.0,1,20.0,1,20.00,9998,ACTIVE
2218,6618872_4012,MONSTERBASS Logo Tee - White / M,Shirts,MONSTERBASS.,20.0,1,20.0,1,20.00,9998,ACTIVE
2219,1546710_4014,MONSTER/BASS Tee - White / XL,Shirts,MONSTERBASS.,20.0,1,20.0,1,20.00,9997,ACTIVE
2220,1546710_8460,MONSTER/BASS Tee - Dark Grey Heather / S,Shirts,MONSTERBASS.,20.0,1,20.0,1,20.00,9998,ACTIVE
2221,8919990_8925,Largie Smalls - Black Heather / L,Shirts,MONSTERBASS.,20.0,1,20.0,1,20.00,9998,ACTIVE
2222,8919990_4013,Largie Smalls - White / L,Shirts,MONSTERBASS.,20.0,1,20.0,1,20.00,9998,ACTIVE
2223,1546710_9575,MONSTER/BASS Tee - Black Heather / XS,Shirts,MONSTERBASS.,20.0,1,20.0,1,20.00,9998,ACTIVE
2224,6064336_9575,Fishing is Life - Black Heather / XS,Shirts,MONSTERBASS.,20.0,1,20.0,1,20.00,9998,ACTIVE
2225,1546710_4012,MONSTER/BASS Tee - White / M,Shirts,MONSTERBASS.,20.0,1,20.0,1,20.00,9998,ACTIVE
2226,donation-5,Donation to Support Veteran Families - $5,Unclassified,MONSTERBASS,20.0,4,5.0,4,5.00,-4,ACTIVE
2227,WSS608-1/2-BG-1,Skatter Shad Bladed Jig - 1/2oz,Bladed Jigs,Mustad,20.0,4,5.0,4,5.00,0,ARCHIVED
2228,6618872_4096,MONSTERBASS Logo Tee - Light Blue / S,Shirts,MONSTERBASS.,20.0,1,20.0,1,20.00,9998,ACTIVE
2229,STICKER-TRAP,Trap Sticker,Stickers,MONSTERBASS,20.0,10,2.0,7,2.00,685,ACTIVE
2230,6064336_4012,Fishing is Life - White / M,Shirts,MONSTERBASS.,20.0,1,20.0,1,20.00,9998,ACTIVE
2231,6064336_6949,Fishing is Life - Athletic Heather / M,Shirts,MONSTERBASS.,20.0,1,20.0,1,20.00,9997,ACTIVE
2232,6064336_8924,Fishing is Life - Black Heather / M,Shirts,MONSTERBASS.,20.0,1,20.0,1,20.00,9998,ACTIVE
2233,6618872_4097,MONSTERBASS Logo Tee - Light Blue / M,Shirts,MONSTERBASS.,20.0,1,20.0,1,20.00,9998,ACTIVE
2234,HFP-1,VooDoo Pop 80 - Beast,Popper,Hendrix Fishing,20.0,2,10.0,2,9.99,0,ARCHIVED
2235,HFP-2,VooDoo Pop 80 - G Frog,Popper,Hendrix Fishing,20.0,2,10.0,2,9.99,0,ARCHIVED
2236,HFP-3,VooDoo Pop 80 - Goldie,Popper,Hendrix Fishing,20.0,2,10.0,2,9.99,0,ARCHIVED
2237,HFP-4,VooDoo Pop 80 - Pearl Shad,Popper,Hendrix Fishing,20.0,2,10.0,2,9.99,0,ARCHIVED
2238,8919990_4108,Largie Smalls - Maroon / L,Shirts,MONSTERBASS.,20.0,1,20.0,1,20.00,9998,ACTIVE
2239,1546710_6948,MONSTER/BASS Tee - Athletic Heather / S,Shirts,MONSTERBASS.,20.0,1,20.0,1,20.00,9998,ACTIVE
2240,sticker-chunk,Chunk Chasers,Stickers,MONSTERBASS,20.0,10,2.0,9,2.00,829,ACTIVE
2241,1828099_9526,Bucket Time Tee - XS,Shirts,MONSTERBASS.,20.0,1,20.0,1,20.00,9998,ACTIVE
2242,6064336_6951,Fishing is Life - Athletic Heather / XL,Shirts,MONSTERBASS.,20.0,1,20.0,1,20.00,9998,ACTIVE
2243,8919990_4016,Largie Smalls - Black / S,Shirts,MONSTERBASS.,20.0,1,20.0,1,20.00,9998,ACTIVE
2244,8919990_8497,Largie Smalls - Heather Midnight Navy / L,Shirts,MONSTERBASS.,20.0,1,20.0,1,20.00,9998,ACTIVE
2245,6618872_4098,MONSTERBASS Logo Tee - Light Blue / L,Shirts,MONSTERBASS.,20.0,1,20.0,1,20.00,9998,ACTIVE
2246,1546710_9564,MONSTER/BASS Tee - Dark Grey Heather / XS,Shirts,MONSTERBASS.,20.0,1,20.0,1,20.00,9998,ACTIVE
2247,1546710_8923,MONSTER/BASS Tee - Black Heather / S,Shirts,MONSTERBASS.,20.0,1,20.0,1,20.00,9998,ACTIVE
2248,silver-0525-old,The Precision Power Bundle,Tackle Bundle,MONSTERBASS,20.0,1,20.0,1,20.00,-1,ACTIVE
2249,6064336_6948,Fishing is Life - Athletic Heather / S,Shirts,MONSTERBASS.,20.0,1,20.0,1,20.00,9998,ACTIVE
2250,P-JUICECLASSIC,Classic Kosher Dill Juice - Classic Kosher Dill,Pickles,Jersey Pickles,19.99,1,19.99,1,19.99,49416,ACTIVE
2251,KF-FREAK-CBLUE,KCL Freak 1.5 - Chartreuse Blue,Squarebill,Kingfisher Custom Lures,19.98,2,9.99,1,8.00,0,ACTIVE
2252,1105-001,5mm Glass Rattles,Accessories,,19.96,4,4.99,1,,,
2253,DOB-EFJ38-110-1,Extreme Football Jig – Root Beer/Green Pumpkin Craw,Jigs,Dobyn’s,19.96,4,4.99,3,4.99,0,ARCHIVED
2254,N58314,Little Spanky - Copperfield,Panfish Baits,Ned Bait,19.95,5,3.99,5,3.99,0,ARCHIVED
2255,3558490_16918,Snap case for Samsung® - Samsung Galaxy S10,,,19.95,1,19.95,1,,,
2256,9958064_17720,Tough Case for iPhone® - iPhone 15 Pro Max,,,19.95,1,19.95,1,,,
2257,3558490_16936,Snap case for Samsung® - Samsung Galaxy S21 Plus,,,19.95,1,19.95,1,,,
2258,9958064_17716,Tough Case for iPhone® - iPhone 15 Plus,,,19.95,1,19.95,1,,,
2259,SB05-RB,Sunny B Crankbait - Root Beer,Crankbaits,Bagley,19.9,2,9.95,2,9.95,0,DRAFT
2260,PSBTS07-FSB,Bagley Twinspin - Faded Schoolbus,Buzzbaits,Bagley,19.9,2,9.95,2,9.95,-1,ACTIVE
2261,ShallowSB-misc,Shallow Sunny B Misc,Crankbaits,,19.9,2,9.95,2,,,
2262,PSBTS07-RSD,Bagley Twinspin - Realistic Shad,Buzzbaits,Bagley,19.9,2,9.95,1,9.95,0,ACTIVE
2263,TSPIN-misc,Bagley Twinspin - Misc Colors,Buzzbaits,Bagley,19.9,2,9.95,2,9.95,10,ACTIVE
2264,KDC12G-1,Kosher Dill Pickle Chips - 1/2 GALLON,Pickles,Jersey Pickles,19.49,1,19.49,1,24.99,756,ARCHIVED
2265,LS6-357PK8,Long ShotZ - GobyBryant,Baits,Z-Man Fishing Products,19.47,3,6.49,3,6.49,0,ARCHIVED
2266,14tpbj10,Tungsten Propellor Jig - 1/4oz,Jig Heads,1st Contact Tungsten,19.47,3,6.49,2,6.49,124,ACTIVE
2267,810067070867,Eagle Glider - Black Perch,Topwater,Raptor Lures,19.0,1,19.0,1,19.00,0,ARCHIVED
2268,sku-48025951633716,Duck Jerky Stick (Maple-Flavored) - 10,Beef Jerky,Ranch Hand Provisions,18.99,1,18.99,1,18.99,3,ACTIVE
2269,SHEAR-BLACK,"Beyond Fishing 6.5"" Pro Shears - Premium Braid Cutting Scissors - Black",Fishing Tools,Beyond Braid,18.99,1,18.99,1,18.99,5073,ACTIVE
2270,AC1024,Heavy Duty Stainless Steel Tongs with Bottle Opener,BBQ Accessories,Pit Barrel Cooker,18.99,1,18.99,1,18.99,1262,ACTIVE
2271,AC1015L10,"Stainless Steel 10"" Hanging Skewers (4-Pack)",BBQ Accessories,Pit Barrel Cooker,18.99,1,18.99,1,18.99,7051,ACTIVE
2272,LURE-848927078869,Interceptor - Natural Perch / Perch Sound,Crankbaits,Livingston Lures,18.99,1,18.99,1,18.99,95,ACTIVE
2273,GUIDEPROTECTION-9,Guide Package Protection - $18.62,Shipping Protection,Guide,18.62,1,18.62,1,18.62,-1,ARCHIVED
2274,GP-PROTECT-8,Guaranteed Shipping Protection - Level 8,Protection,MONSTERBASS,18.62,1,18.62,1,18.62,-1,ACTIVE
2275,2CTHMP01,Crappie Thumper - Alewife,Panfish Baits,Big Bite Baits,18.0,6,3.0,5,3.00,0,ARCHIVED
2276,Samshot8,Samatishot,Finesse baits,Samatis Baits,18.0,6,3.0,6,3.00,0,DRAFT
2277,YPAB04,Yappa Bug,Craws & Creatures,Lunkerhunt,18.0,2,9.0,2,9.00,0,ARCHIVED
2278,MB-STICKER-5,MB sticker,Stickers,MONSTERBASS,18.0,9,2.0,7,2.00,0,ARCHIVED
2279,LL-23,School Master - Brown Craw,Lipless Crankbait,Livingston Lures,17.99,1,17.99,1,17.99,0,DRAFT
2280,LL-21,School Master - Blue Back Chrome Shad,Lipless Crankbait,Livingston Lures,17.99,1,17.99,1,17.99,0,DRAFT
2281,1402-3,SPICY STEAK SAUCE - 3 Pack (7oz Flasks),BBQ Sauce,Rufus Teague,17.99,1,17.99,1,17.99,984,ACTIVE
2282,XTRSBCB01,Tournament Series Squarebill Crankbait - Blue Gill,Squarebill,XCalibur,17.98,2,8.99,2,8.99,0,ARCHIVED
2283,XTRSBCB07,Tournament Series Squarebill Crankbait - Silver Blue,Squarebill,XCalibur,17.98,2,8.99,2,8.99,0,ARCHIVED
2284,Rogue-misc,Smithwick Suspending Rogue - Random Colors,Jerkbaits,Smithwick,17.98,2,8.99,2,8.99,0,ARCHIVED
2285,ASDRB12196,Smithwick Suspending Rogue - Threadfin Shad,Jerkbaits,Smithwick,17.98,2,8.99,2,8.99,0,ARCHIVED
2286,CT3-5-15,Squarebill Crankbait - 3-5' Diver / AU Pro Blue,Squarebill,Ark Fishing,17.98,2,8.99,2,8.99,45,ACTIVE
2287,CT3-5-16,Squarebill Crankbait - 3-5' Diver / Sexy Shad,Squarebill,Ark Fishing,17.98,2,8.99,2,8.99,41,ACTIVE
2288,CT5-7-19,Squarebill Crankbait - 5-7' Diver / Pumpkin,Squarebill,Ark Fishing,17.98,2,8.99,2,8.99,7,ACTIVE
2289,SBFT38-04,Z-Man Sling Bladez Power Finesse Indiana Colorado Spinnerbait - Indiana & Colorado Blades / 3/8oz / Sexy Shad,Spinnerbaits,Z-Man Fishing Products,17.98,2,8.99,2,8.99,0,ARCHIVED
2290,CT3-5-03,Squarebill Crankbait - 3-5' Diver / Blueback Herring,Squarebill,Ark Fishing,17.98,2,8.99,2,8.99,43,ACTIVE
2291,CT3-5-09,Squarebill Crankbait - 3-5' Diver / Chart/Pearl,Squarebill,Ark Fishing,17.98,2,8.99,2,8.99,38,ACTIVE
2292,PT-BB1,Buzzbait - PRODUCT TESTING - 1,Buzzbaits,Brand X,17.98,2,8.99,2,8.99,-1,ARCHIVED
2293,PTCR-4,Crusher DT-4,,,17.98,2,8.99,2,,,
2294,PT-PF1,2026 Popping Frog - Product Testing - White,Frogs,Brand X,17.98,2,8.99,2,8.99,0,ARCHIVED
2295,PT-PF3,2026 Popping Frog - Product Testing - Green,Frogs,Brand X,17.98,2,8.99,1,8.99,0,ARCHIVED
2296,PTCR-6-mountaindo,Head Banger DT-6 - Mountain Do,Crankbaits,Brand X,17.98,2,8.99,2,9.99,0,ACTIVE
2297,PTCR-6-a&w,Head Banger DT-6 - A&W,Crankbaits,Brand X,17.98,2,8.99,2,9.99,0,ACTIVE
2298,PTCR-10-gizzard,Head Banger DT-12 - Gizzard Shad,Crankbaits,Brand X,17.98,2,8.99,2,8.99,94,ARCHIVED
2299,THD-19-003,"HD Mega-Mite 8"" - Watermelon Red",Craws & Creatures,Tackle HD,17.98,2,8.99,2,8.99,0,ARCHIVED
2300,PKC-25-300-FBM,Reaction Tackle Braided Fishing Line - Pink Camo - NEW - 25lb / 300yds,Braid,Reaction Tackle,17.98,1,17.98,1,17.98,12,ARCHIVED
2301,PTCR-8-goldenshiner,Head Banger DT-8 - Golden Shiner,Crankbaits,Brand X,17.98,2,8.99,1,8.99,0,ARCHIVED
2302,PTCR-10-summercrappie,Head Banger DT-12 - Summer Crappie,Crankbaits,Brand X,17.98,2,8.99,2,8.99,0,ARCHIVED
2303,NRD-30-300-FBM,Reaction Tackle Braided Fishing Line - NO FADE Red - 30lb / 300yds / NO FADE Red,Braid,Reaction Tackle,17.98,1,17.98,1,17.98,149,ARCHIVED
2304,NRD-20-300-FBM,Reaction Tackle Braided Fishing Line - NO FADE Red - 20lb / 300yds / NO FADE Red,Braid,Reaction Tackle,17.98,1,17.98,1,17.98,196,ARCHIVED
2305,BC-10-300-FBM,Reaction Tackle Braided Fishing Line - Blue Camo - 10lb / 300yds,Braid,Reaction Tackle,17.98,1,17.98,1,17.98,457,ARCHIVED
2306,US-4XGN-30-150-FBM,Reaction Tackle BRAIDED IN THE USA Fishing Line- 4X- NEW - X4 GREEN / 30LB / 150 yards,Braid,Reaction Tackle,17.98,1,17.98,1,17.98,13,ARCHIVED
2307,44FINSWIM-01,"Finesse Swimmer - 4.4"" / Pearl/Clear Belly",Soft Swimbaits,Big Bite Baits,17.97,3,5.99,3,5.99,0,ARCHIVED
2308,PSJBR516,Pacemaker Jig Series - Pulse Swim Jig - 5/16oz / Black/Red,Jigs,V&M Baits,17.97,3,5.99,3,5.99,0,DRAFT
2309,44FINSWIM-03,"Finesse Swimmer - 4.4"" / Pro Blue/Red Flake",Soft Swimbaits,Big Bite Baits,17.97,3,5.99,3,5.99,0,ARCHIVED
2310,MJFO34-BMC,Ike's Flip Out Jig - 3/4 oz. - Bamer Craw,Jig Heads,Missile Baits,17.97,3,5.99,2,5.99,0,ACTIVE
2311,810103812468,Tungsten Propellor Jig - 1/16 oz 2 pieces,Jig Heads,1st Contact Tungsten,17.97,3,5.99,3,5.99,0,ACTIVE
2312,TS5-557,"5"" Pro Stick - Green Pumpkin w/ Chartreuse  Tip",Worms,Vicious Fishing,17.97,3,5.99,3,5.99,0,ACTIVE
2313,TS5-304,"5"" Pro Stick - Black Blue",Worms,Vicious Fishing,17.97,3,5.99,2,5.99,0,ACTIVE
2314,RZR-BAB-055,Swim Jig - Baby Bass,Swim Jigs,Razor Custom Tackle,17.97,3,5.99,3,5.99,0,ARCHIVED
2315,TS5-316,"5"" Pro Stick - Junebug",Worms,Vicious Fishing,17.97,3,5.99,2,5.99,0,ACTIVE
2316,810103811935,Tungsten Worm Weights - Black / 1/4 oz - 3pk,Tungsten,1st Contact Tungsten,17.97,3,5.99,2,5.99,79,ACTIVE
2317,sku-39312956129341,Kastking Zephyr - SS Ceramic,Fishing Reel Accessories,Spool Hi-Speed Bearings,17.95,1,17.95,1,17.95,17928,ACTIVE
2318,RO4-805,"Rodent 4"" - Blue Craw Red Flake",Craws & Creatures,Strike King,17.85,3,5.95,3,5.95,0,ARCHIVED
2319,1.5TUBES-11025,Panfish Tube - Chartreuse Blue Glitter,Panfish Baits,Mizmo Baits,17.5,7,2.5,5,2.50,0,ARCHIVED
2320,425KMSPLT-02,Kamikaze Swimon Split Tail - 4.25 / Flamethrower,Craws & Creatures,Big Bite Baits,17.16,4,4.29,4,4.29,376,DRAFT
2321,425KMSPLT-01,Kamikaze Swimon Split Tail - 4.25 / Pearl,Craws & Creatures,Big Bite Baits,17.16,4,4.29,4,4.29,371,DRAFT
2322,425KMSPLT-05,Kamikaze Swimon Split Tail - 4.25 / Glow  Silver,Craws & Creatures,Big Bite Baits,17.16,4,4.29,4,4.29,177,DRAFT
2323,MB-RS-GPM,The Flutter Worm - Green Pumpkin Secret Sauce,,,17.07,3,5.69,3,,,
2324,MB-RS-BG,The Flutter Worm - Buttercup,,,17.07,3,5.69,3,,,
2325,MB-RS-WCP,The Flutter Worm - Watermelon Chartreuse Love,,,17.07,3,5.69,3,,,
2326,B8-roccit-perch,B8LAB Roccit Shad - Power Perch,Jerkbaits,B8 Lab,17.0,2,8.5,2,8.95,0,ARCHIVED
2327,B8-roccit-threadfin,B8LAB Roccit Shad - Thread Fin,Jerkbaits,B8 Lab,17.0,2,8.5,2,8.95,0,ARCHIVED
2328,AC1015L15,"Stainless Steel 15"" Hanging Skewers (2-Pack)",BBQ Accessories,Pit Barrel Cooker,16.99,1,16.99,1,16.99,11044,ACTIVE
2329,BMLARDRLTM$,Liz-ARD RL - Tennessee Money,Craws & Creatures,Bassmooch,16.77,3,5.59,3,5.59,62,ACTIVE
2330,BW8-85,KVD Bull Worm - Red Bug,Worms,Strike King,16.5,3,5.5,3,5.50,0,DRAFT
2331,CTHMP505,Cane Thumper - Green Pumpkin Blue Swirl,Soft Swimbaits,Big Bite Baits,16.5,3,5.5,3,5.50,0,ARCHIVED
2332,PFRRDWH114,Snap-On Floats,Terminal Tackle,Eagle Claw Fishing Tackle,16.5,11,1.5,4,1.50,8,ACTIVE
2333,MB-PDS-BLK-L,MONSTERBASS Shorts - Black / L,Hoodies & Outerwear,MONSTERBASS,16.22,1,16.22,1,19.95,-1,ARCHIVED
2334,MRCSP-57,Mr. Crappie Shadpole - Smokey Shad,Panfish Baits,Strike King,16.0,4,4.0,4,4.00,0,ARCHIVED
2335,LTFB608,Tungsten Fat Boy - Chartreuse Lime,Panfish Baits,Lindy,16.0,8,2.0,3,2.00,301,ACTIVE
2336,BGMG3SS249-10,Slab Slay'R - Electric Chicken Glo,Panfish Baits,Bobby Garland,16.0,4,4.0,4,4.00,0,ARCHIVED
2337,MB-WSHIRT-RETRO-2XL,Women’s Retro Logo Tee - 2X / Grey,Apparel,MONSTERBASS,16.0,1,16.0,1,16.00,0,ARCHIVED
2338,MB-WSHIRT-CLASSIC-GREY-2XL,Women’s Classic Logo Tee - 2X,Apparel,MONSTERBASS,16.0,1,16.0,1,10.00,0,ARCHIVED
2339,PBUG03,Popping Bug - Ghost,Topwater,Lunkerhunt,16.0,2,8.0,2,8.00,0,ARCHIVED
2340,PBUG06,Popping Bug - Texas Toad,Topwater,Lunkerhunt,16.0,2,8.0,2,8.00,0,ARCHIVED
2341,785249532627,Cast Cray Crap Slap Minner - Red Spec,Panfish Baits,Cast Cray Outdoors,16.0,4,4.0,3,4.00,0,ARCHIVED
2342,PBUG05,Popping Bug - Charcoal,Topwater,Lunkerhunt,16.0,2,8.0,2,8.00,0,ARCHIVED
2343,00164,Eurogrub Jr. - Super Glow,Panfish Baits,Euro Tackle,16.0,4,4.0,4,4.00,0,ARCHIVED
2344,H-Black,Hellgrammite - Black,Panfish Baits,Euro Tackle,16.0,4,4.0,3,4.00,0,ACTIVE
2345,TSC-Q,Texas Sweet Chilli Pickle Chips - QUART,Pickles,Jersey Pickles,15.99,1,15.99,1,15.99,9718,ARCHIVED
2346,KDCQ-1,Kosher Dill Pickle Chips - QUART,Pickles,Jersey Pickles,15.99,1,15.99,1,15.99,787,ARCHIVED
2347,BBQ-1,Sweet Bread & Butter Pickle Chips - QUART,Pickles,Jersey Pickles,15.99,1,15.99,1,15.99,0,ARCHIVED
2348,LURE-848927012870,"Monster Mike - Walking Boss II Jr.4"" - Black Back Chrome Shad",Walking Baits,Livingston Lures,15.99,1,15.99,1,15.99,32,ACTIVE
2349,LURE-848927064183,Walking Boss II - Blue Gizzard Shad,Walking Baits,Livingston Lures,15.99,1,15.99,1,15.99,257,ACTIVE
2350,AC1014C,Corn Hanger - Single,BBQ Accessories,Pit Barrel Cooker,15.99,1,15.99,1,15.99,188,ACTIVE
2351,LURE-848927091943,Walking Boss Inshore - Bone Cracker,Topwater,Livingston Lures,15.99,1,15.99,1,15.99,46,ACTIVE
2352,810103811942,Tungsten Worm Weights - Black / 3/8 oz - 3pk,Tungsten,1st Contact Tungsten,15.98,2,7.99,2,7.99,0,ACTIVE
2353,MB-BAITBAG-TPU,New MONSTERBASS Bait Bags,Tackle Bags & Boxes,MONSTERBASS,15.98,2,7.99,2,7.99,454,ACTIVE
2354,TP-120,Emerge Survival Toilet Paper - One Pack (x120 Total),Emergency Supplies,Emerge Survival,15.95,1,15.95,1,15.95,475,ACTIVE
2355,GP-PROTECT-7,Guaranteed Shipping Protection - Level 7,Protection,MONSTERBASS,15.68,1,15.68,1,15.68,-1,ACTIVE
2356,XTRFSCB04,Flat Sided Crankbait - Fire Tiger,Crankbaits,XCalibur,15.58,2,7.79,2,8.99,0,ARCHIVED
2357,BB-NED-EBRBF,Ned's a Bad Man - Electric Blue with Red and Silver Flake,Worms,Backlash Baits,15.54,6,2.59,5,2.59,0,ARCHIVED
2358,083054,Horny Toad - Watermelon Red,Topwater,Zoom,15.48,3,5.16,3,4.99,0,ARCHIVED
2359,PB8-3,Phat Boy MD - Fat Bass,Crankbaits,VEXAN®,15.48,2,7.74,2,9.99,605,ACTIVE
2360,PB8-8,Phat Boy MD - Sherry’s Shad,Crankbaits,VEXAN®,15.48,2,7.74,2,9.99,460,ACTIVE
2361,PB8-5,Phat Boy MD - Shelby’s Shad,Crankbaits,VEXAN®,15.48,2,7.74,2,9.99,666,ACTIVE
2362,GOGKC3BAB,Googan Krackin' Craw - 3'' 10pk - Bama Bug,Craws & Creatures,,15.0,3,5.0,3,,,
2363,FSHADZ4-84PK8,Finesse ShadZ - Pearl,Finesse baits,Z-Man Fishing Products,15.0,3,5.0,2,5.00,0,DRAFT
2364,TS35-346PK6,Z-Man Trick ShotZ - White Lightening,Finesse baits,Z-Man Fishing Products,15.0,3,5.0,2,5.00,0,ARCHIVED
2365,TS35-54PK6,Z-Man Trick ShotZ - Shiner,Finesse baits,Z-Man Fishing Products,15.0,3,5.0,3,5.00,0,ARCHIVED
2366,SL-18,Slimmer Swimmer - Knockout,Soft Swimbaits,Bruiser Baits,15.0,3,5.0,3,5.00,0,ACTIVE
2367,MB-WSHIRT-RETRO-XL,Women’s Retro Logo Tee (XL) - XL / Grey,Apparel,MONSTERBASS,15.0,1,15.0,1,15.00,0,ARCHIVED
2368,SSB12-257,Swinging Sugar Buzzbait - Smokey Shad / 1/2 oz,Buzzbaits,Strike King,15.0,2,7.5,2,7.50,0,ARCHIVED
2369,GOGRNBLF,Googan Rattlin' Ned - Misc Colors,Worms,Googan Baits,15.0,3,5.0,2,5.00,0,ARCHIVED
2370,CB-4,Create A Bait - Vicious Trapper Blank,Crankbaits,MONSTERBASS,15.0,3,5.0,3,5.99,910,ACTIVE
2371,LURE-848927062257,School Master - Real Shad,Crankbaits,Livingston Lures,14.99,1,14.99,1,14.99,88,ACTIVE
2372,LURE-848927096863,Bull Nose - Natural Perch,Crankbaits,Livingston Lures,14.99,1,14.99,1,14.99,110,ACTIVE
2373,Lure-848927009290,Pro Ripper Magnum - Chaos / Cisco Sound,Lipless Crankbait,Livingston Lures,14.99,1,14.99,1,14.99,214,ACTIVE
2374,LURE-848927074113,Walleye Jerkbait 136 - Flamingo / Minnow Sound,Jerkbaits,Livingston Lures,14.99,1,14.99,1,14.99,183,ACTIVE
2375,CFLD25 Crystal 100% Fluoro,Vicious Crystal Clear 100% Japanese Fluorocarbon - 25 Lb Test - 500,Fluorocarbon,Vicious Fishing,14.99,1,14.99,1,14.99,18,ACTIVE
2376,CFLD8 Crystal 100% Fluoro,Vicious Crystal Clear 100% Japanese Fluorocarbon - 8 Lb Test - 500,Fluorocarbon,Vicious Fishing,14.99,1,14.99,1,14.99,15,ACTIVE
2377,JJ-WR,Jerky J - Watermelon Red,Soft Swimbaits,Castaic,14.98,2,7.49,2,7.49,0,ARCHIVED
2378,JJ-WP,Jerky J - Watermelon Pepper,Soft Swimbaits,Castaic,14.98,2,7.49,2,7.49,0,ARCHIVED
2379,7J-51GM-S1CM-FBM,Reaction Tackle Braided Fishing Line - Gray - 10lb / 300yds,Braid,Reaction Tackle,14.98,1,14.98,1,14.98,29,ARCHIVED
2380,BGBSSW388-15,Baby Shad Swim'R,Baits,Bobby Garland,14.97,3,4.99,2,4.99,0,ARCHIVED
2381,sku-33016044421181,Bearing Retainer Spring Clip,Fishing Reel Accessories,Spool Hi-Speed Bearings,14.95,5,2.99,2,2.99,15299,ACTIVE
2382,MBQ65-GPF,Quiver 6.5,Worms,Missile Baits,14.07,3,4.69,3,4.69,0,ARCHIVED
2383,MBNB325-OGPC,Ned Bomb Orange Green Pumpkin Core,Worms,Missile Baits,14.07,3,4.69,3,4.69,0,ARCHIVED
2384,LTFB803,Tungsten Fat Boy - Chartreuse / Glow,Panfish Baits,Lindy,14.0,7,2.0,2,2.00,0,ARCHIVED
2385,BBJ18-04,Big Bite Jig - 1/8 oz / Pink/Black Eye,Jig Heads,Big Bite Baits,14.0,4,3.5,4,3.50,0,ACTIVE
2386,IMRLLC01,Impact Reactor Lipless - Turbo,Lipless Crankbait,Lunkerhunt,14.0,2,7.0,1,7.00,0,ARCHIVED
2387,MB-RAGNAR-PB,Ragnar - old packaging - Pro Blue,Walking Baits,MONSTERBASS,14.0,2,7.0,2,10.00,0,ARCHIVED
2388,sticker-vibes,Keep the Good Vibes Sticker,Stickers,MONSTERBASS,14.0,7,2.0,6,2.00,2393,ACTIVE
2389,sticker-dead,Steal Your Face Sticker,Stickers,MONSTERBASS,14.0,7,2.0,5,2.00,79,ACTIVE
2390,ICBM120/10,River2Sea ICBM Glide Bait - Orange Crush,Swimbaits,River2Sea,13.99,1,13.99,1,7.99,0,ARCHIVED
2391,P106DD-LS,Provoke 106DD - Live Shad,Jerkbaits,6th Sense Fishing,13.99,1,13.99,1,13.99,0,ACTIVE
2392,1608-209,Airtail Stick - Green  Pumpkin,Worms,GRANDEBASS,13.98,2,6.99,2,6.99,18,ACTIVE
2393,GLHC-MISC,Hammer Craw - Misc. Colors,Craws & Creatures,Gene Larew,13.98,2,6.99,2,6.99,0,ARCHIVED
2394,810103812277,Tungsten Drop Shot Weights - Skinny - 5/8 oz,Tungsten,1st Contact Tungsten,13.98,2,6.99,1,6.99,151,ACTIVE
2395,810103812192,Tungsten Drop Shot Weights - Teardrop - 1/2 oz - 2pk,Tungsten,1st Contact Tungsten,13.98,2,6.99,2,6.99,61,ACTIVE
2396,1660-113,Crush Craw - PB&J,Craws & Creatures,GRANDEBASS,13.98,2,6.99,2,6.99,140,ACTIVE
2397,YAM-7GL-05-194,Yamamoto Kut Tail Worm - Watermelon Pepper,Worms,Gary Yamamoto,13.98,2,6.99,2,6.99,0,ACTIVE
2398,1660-270,Crush Craw - Black Blue Flake,Craws & Creatures,GRANDEBASS,13.98,2,6.99,2,6.99,212,ACTIVE
2399,YAM-136-07-996,Cowboy - Bruised Shin,Craws & Creatures,Gary Yamamoto,13.98,2,6.99,2,6.99,0,ACTIVE
2400,1660-206,Crush Craw - Green Pumpkin Magic,Craws & Creatures,GRANDEBASS,13.98,2,6.99,1,6.99,165,ACTIVE
2401,YAM-136-07-955,Cowboy - Watermelon Black w/Red Flake/Lite Watermelon Red w/Black Flk,Craws & Creatures,Gary Yamamoto,13.98,2,6.99,2,6.99,68,ACTIVE
2402,1620-270,Airtail Rattler - Black Blue Flk,Worms,GRANDEBASS,13.98,2,6.99,2,6.99,425,ACTIVE
2403,1677-209,Rattlesnake - Green Pumpkin,Worms,GRANDEBASS,13.98,2,6.99,1,6.99,81,ACTIVE
2404,1688-260,Megatail Rattlesnake - Red Bug,Worms,GRANDEBASS,13.98,2,6.99,2,6.99,296,ACTIVE
2405,1688-590,Megatail Rattlesnake - Trophy Hunter,Worms,GRANDEBASS,13.98,2,6.99,2,6.99,308,ACTIVE
2406,1677-610,Ballistic Bluegill - Ballistic Bluegill,Worms,GRANDEBASS,13.98,2,6.99,1,6.99,627,ACTIVE
2407,BC8-10-150-FBM,Reaction Tackle X8 Braided Fishing Line - Blue Camo 8 Strand - 10lb / 150yds / Blue Camouflage,Braid,Reaction Tackle,13.98,1,13.98,1,13.98,92,ARCHIVED
2408,RT-FCC-10-350-FBM,Reaction Tackle Fluorocarbon Coated Fishing Line - Clear / 10LB (350 yards),Fluorocarbon,Reaction Tackle,13.98,1,13.98,1,13.98,22,ARCHIVED
2409,1630-610,Airtail Wiggler - Ballistic Bluegill,Worms,GRANDEBASS,13.98,2,6.99,2,6.99,426,ACTIVE
2410,1630-260,Airtail Wiggler - Red Bug,Worms,GRANDEBASS,13.98,2,6.99,1,6.99,301,ACTIVE
2411,1200-590,Shad Trixx - Trophy Hunter,Soft Swimbaits,GRANDEBASS,13.98,2,6.99,1,6.99,520,ACTIVE
2412,1200-215,Shad Trixx - Houdini,Soft Swimbaits,GRANDEBASS,13.98,2,6.99,1,6.99,326,ACTIVE
2413,BMLARDXLGD,Liz-ARD XL - Goldman Duster,Craws & Creatures,Bassmooch,13.41,3,4.47,2,5.59,188,ACTIVE
2414,784196803712,Ghillie grub - GP Purple,Grubs,3 Brothers Baits,13.18,2,6.59,2,6.59,0,ACTIVE
2415,MB-TWW-34-2,Tungsten Worm/Bullet Weights - 3/4oz - 2 pack,Weights,MONSTERBASS,13.0,2,6.5,2,6.50,0,DRAFT
2416,LL-WNP-465,Livingston Walk N Pop- misc skus,,Livingston Lures,12.99,1,12.99,1,12.99,0,DRAFT
2417,LL-29,Livingston Lures Walk N Pop 77 - Goby,Topwater,Livingston Lures,12.99,1,12.99,1,12.99,0,DRAFT
2418,LL-10,JerkMaster 121 - Brown Hitch,Jerkbaits,Livingston Lures,12.99,1,12.99,1,12.99,0,DRAFT
2419,LURE-848927026037,Stick Master 127 - Chartreuse Shad,Jerkbaits,Livingston Lures,12.99,1,12.99,1,12.99,464,ACTIVE
2420,LURE-848927007050,Pro Sizzle Jr - Black Back Chrome Shad,Walking Baits,Livingston Lures,12.99,1,12.99,1,12.99,465,ACTIVE
2421,33962901-gold,Mounchain 3/16 Hunting View Archery Peep Sight Shot Compound Composite Bow Aluminum 10mm (0.39in) Diameter Hunting Accessories - Gold,Hunting Knife,KBS Knives Store,12.99,1,12.99,1,12.99,0,ARCHIVED
2422,LURE-848927022978,Pro Wake - Red White and True,Crankbaits,Livingston Lures,12.99,1,12.99,1,12.99,75,ACTIVE
2423,43124,"Rally Shad - 3.75"" - Perch",Soft Swimbaits,XZone,12.98,2,6.49,2,6.99,0,DRAFT
2424,grayghost4,Gray Ghost Classic Streamer Flies - Set of 4- Hook Size 4,Trout Wet Flies,The Fly Fishing Place,12.95,1,12.95,1,12.95,19,ACTIVE
2425,425KMSPLT-04,Kamikaze Swimon Split Tail - 4.25 / Smoky Gold,Craws & Creatures,Big Bite Baits,12.87,3,4.29,3,4.29,27,DRAFT
2426,FCQ-1,Firecracker: Mild Hot Pickle Chips - QUART,Pickles,Jersey Pickles,12.79,1,12.79,1,15.99,3285,ARCHIVED
2427,45SSMASH-04,Smallie Smasher - Smoke Purple Flake,Worms,Big Bite Baits,12.0,3,4.0,3,4.00,0,ACTIVE
2428,45SSMASH-02,Smallie Smasher - Chick Magnet,Worms,Big Bite Baits,12.0,3,4.0,3,4.00,0,ACTIVE
2429,00249,Shrimp-X - Gold,Panfish Baits,Euro Tackle,12.0,3,4.0,3,4.00,0,ARCHIVED
2430,MONSTERS-344-3X,MONSTERS Tee - 3X,Apparel,MONSTERBASS,12.0,1,12.0,1,7.50,0,ARCHIVED
2431,00243,Eurogrub Jr. - Gold,Panfish Baits,Euro Tackle,12.0,3,4.0,3,4.00,0,ARCHIVED
2432,RDCRW-HD-01,Real Deal HD Craw - Black Brown,Craws & Creatures,Big Bite Baits,12.0,2,6.0,2,5.00,0,ARCHIVED
2433,00190,Shrimp-X - Red,Panfish Baits,Euro Tackle,12.0,3,4.0,3,4.00,0,ARCHIVED
2434,BR-TJIG-5MM,Ice Jig,Jig Heads,Bass Reaper Bait Co.,12.0,4,3.0,4,3.00,127,ACTIVE
2435,SKNDA-MOONJIG,K & E Tackle Skandia Moon Jig,Jig Heads,K&E Tackle,12.0,4,3.0,3,3.00,140,ACTIVE
2436,BH-SHIRT-DEEP-L,Basshik Logo - Grey / L,Apparel,Basshik,12.0,1,12.0,1,12.00,-1,ARCHIVED
2437,STICKER-RIVER,River Rat Sticker,Stickers,MONSTERBASS,12.0,12,1.0,10,1.00,0,ARCHIVED
2438,H-Brown,Hellgrammite - Brown,Panfish Baits,Euro Tackle,12.0,3,4.0,3,4.00,32,ACTIVE
2439,CC-35BNB-904,Bourbon & Brown Sugar Beef Jerky - 3.5 Ounce,Beef Jerky,Cane Creek Jerky,12.0,1,12.0,1,12.00,20,ACTIVE
2440,PSJTEQ716,Tequila Skipping Jig - 7/16oz,Jigs,V&M Baits,11.98,2,5.99,2,5.99,0,DRAFT
2441,FINSTK2.75-784,"2.75"" Ned Candy - Black Neon Swirl",Soft Swimbaits,Vicious Fishing,11.98,2,5.99,2,4.99,0,ACTIVE
2442,BJ46,Flipping Jig - Firecracker,Flipping Jigs,BO's Jigs,11.98,2,5.99,2,2.99,0,ARCHIVED
2443,N58432,Little Spanky - Green Pumpkin TX Red,Panfish Baits,Ned Bait,11.98,3,3.99,3,3.99,0,ARCHIVED
2444,810103812116,Tungsten Drop Shot Weights - Skinny - 3/16 oz,Tungsten,1st Contact Tungsten,11.98,2,5.99,2,5.99,140,ACTIVE
2445,FCA-8-150-FBM,Reaction Tackle Braided Fishing Line - Fire Camo - NEW - 8lb / 150yds,Braid,Reaction Tackle,11.98,1,11.98,1,11.98,0,ARCHIVED
2446,THD-350-028,"Tackle HD Swimmer 3.5""",Soft Swimbaits,Tackle HD,11.98,2,5.99,2,5.99,96,ACTIVE
2447,LSC-003,Rattlin' LIL-Super Cisco - Chrome Perch,Crankbaits,VEXAN®,11.98,2,5.99,2,7.99,570,ACTIVE
2448,LVGN-15-150-FBM,Reaction Tackle Braided Fishing Line - NO FADE Low-Vis Green - 15lb / 150yds / Low-Vis Green,Braid,Reaction Tackle,11.98,1,11.98,1,11.98,118,ARCHIVED
2449,PX49Z-MB-3/0-3PK,ProX Nano Offset Worm Hook - 3/0,Hooks,Daiichi,11.97,3,3.99,3,3.99,0,ARCHIVED
2450,PX36Z-MB-4/0-3,ProX Nano Offset Worm Hook - 4/0,Hooks,Daiichi,11.97,3,3.99,3,3.99,0,ARCHIVED
2451,RO3-805,"Strike King Rodent 3"" - Blue Craw Red Flake / 3""",Craws & Creatures,Strike King,11.9,2,5.95,2,5.95,0,ARCHIVED
2452,RO4-259,"Rodent 4"" - Swampwater Blue",Craws & Creatures,Strike King,11.9,2,5.95,2,5.95,0,ARCHIVED
2453,RO3-50,"Strike King Rodent 3"" - Okeechobee Craw / 3""",Craws & Creatures,Strike King,11.9,2,5.95,1,5.95,0,ARCHIVED
2454,RO3-808,"Strike King Rodent 3"" - Black Blue Swirl / 3""",Craws & Creatures,Strike King,11.9,2,5.95,2,5.95,0,ARCHIVED
2455,BW10-805,"KVD Bull Worm 10"" - Blue Craw Red Flake",Finesse baits,Strike King,11.58,2,5.79,2,5.79,0,ARCHIVED
2456,BMBB-BB,Brawler Bug 3.5 - Bottom Blue,Craws & Creatures,Bassmooch,11.18,2,5.59,2,5.59,110,ACTIVE
2457,BMBB-BLKB,Brawler Bug 3.5 - Black and Blue,Craws & Creatures,Bassmooch,11.18,2,5.59,2,5.59,153,ACTIVE
2458,BMLARDRLGD,Liz-ARD RL - Goldman Duster,Craws & Creatures,Bassmooch,11.18,2,5.59,2,5.59,102,ACTIVE
2459,BMBWC-RFM,Baby Swiss Chunk - Red Flake Magic,Craws & Creatures,Bassmooch,11.18,2,5.59,2,5.59,33,ACTIVE
2460,KVDSF4.5-108,KVD Supa Fry - Blue Craw,Finesse baits,Strike King,11.0,2,5.5,1,5.50,0,DRAFT
2461,SRF204,"Stanley Ribbit 3.5"" - Watermelon Red Pearl",Topwater,Hale Lures / Stanley,11.0,2,5.5,1,5.50,0,ARCHIVED
2462,FBFIN5-270,KVD Fat Baby Finesse Worm - Bold Bluegill,Finesse baits,Strike King,11.0,2,5.5,2,5.50,0,DRAFT
2463,MB-SHIRT-RAG-HCEM-3X,Rise n' Glide - 3X,Shirts,MONSTERBASS,11.0,1,11.0,1,22.00,-1,ACTIVE
2464,HERC5-54,"Herculez Swimbait 5"" - Shiner",Soft Swimbaits,Z-Man Fishing Products,10.99,1,10.99,1,10.99,0,ARCHIVED
2465,29120973-yellow,12Pcs/lot Hunting Arrow Archery Crossbow Bolt Hunting Shooting Arrow Steel Bow Target Tree Tactical Military Accessories 16cm - Yellow,Hunting Knife,KBS Knives Store,10.99,1,10.99,1,10.99,0,ARCHIVED
2466,CHFJ-1/4-WTR,Castaic RC Hammer Football Jig - 1/4oz / Watermelon,Jigs,Castaic,10.98,2,5.49,2,5.49,0,DRAFT
2467,misc-hawg,"Muscle Back Hawg Hunter - 6"" / Misc Colors",Baits,XZone,10.98,2,5.49,2,5.49,0,ARCHIVED
2468,810103812260,Tungsten Meister Nail Weights - 3/32 oz (3 pack),Tungsten,1st Contact Tungsten,10.98,2,5.49,2,5.49,214,ACTIVE
2469,RCC-BBG,RC Craw - Black Blue Glitter,Craws & Creatures,V&M Baits,10.77,3,3.59,3,3.59,0,DRAFT
2470,RCC-WR,RC Craw - Watermelon Red,Craws & Creatures,V&M Baits,10.77,3,3.59,3,3.59,0,DRAFT
2471,GOGSSGPP,Googan Slim Shake Worm - 6.5'' 9p - Green Pumpkin Pearl,Worms,Googan Baits,10.0,2,5.0,2,5.00,0,DRAFT
2472,LC-6160-4,Slabasaurus Rex - Firetiger,Panfish Baits,LUNKERCANDY,10.0,1,10.0,1,8.99,0,ARCHIVED
2473,Misc-SGTS,Misc Sergeant Lipless Crankbait,,"ThunderHawk, Inc",10.0,1,10.0,1,10.00,0,DRAFT
2474,32120,Hot Shot Minnow - Bass Candy,Soft Swimbaits,X Zone Lures,10.0,2,5.0,1,5.99,0,ACTIVE
2475,2MNR-17,Crappie Minnr - Electric Chicken Glow,Panfish Baits,Big Bite Baits,10.0,5,2.0,5,2.00,0,DRAFT
2476,TS35-01PK6,Z-Man Trick ShotZ - Black,Finesse baits,Z-Man Fishing Products,10.0,2,5.0,1,5.00,0,ARCHIVED
2477,shipping,Subscription Shipping,Shipping Material,MONSTERBASS,10.0,2,5.0,2,5.00,-2,DRAFT
2478,12137,True Center Stick - Watermelon Pearl  Laminate,Worms,X Zone Lures,10.0,2,5.0,2,5.00,0,DRAFT
2479,SLMNDR6,Descend Salamander - Sunrise,Craws & Creatures,Lunkerhunt,10.0,2,5.0,2,5.00,0,DRAFT
2480,A10SB-RDC,A10 Square Bill - Red Craw,Squarebill,"ThunderHawk, Inc",10.0,1,10.0,1,10.00,0,ARCHIVED
2481,FC02,Pre-Rigged Finesse Craw - Watermelon Seed,Soft Swimbaits,Lunkerhunt,10.0,2,5.0,1,5.00,0,ARCHIVED
2482,TEAM-06-3X,Team MONSTERBASS - 3X,Apparel,MONSTERBASS,10.0,1,10.0,1,10.00,0,ARCHIVED
2483,GOGTHBLU,Googan Trench Hawg - 6'' 7pk - Blue Baby,Craws & Creatures,Googan Baits,10.0,2,5.0,2,5.00,0,DRAFT
2484,misc-soft,Miscellaneous Soft Plastics,Soft Swimbaits,MONSTERBASS,10.0,2,5.0,1,5.00,0,ARCHIVED
2485,PB-12,Unknown Products - Vexan Phat Boy,,MONSTERBASS,10.0,2,5.0,2,5.00,7,DRAFT
2486,CB-6,Create A Bait - Seeker 6 Blank,Crankbaits,MONSTERBASS,10.0,2,5.0,2,5.99,150,ACTIVE
2487,SN-BCLV-EB,Bacon Lovers Seasoning,BBQ Rubs & Seasonings,Flavor God,10.0,1,10.0,1,10.00,1128,ACTIVE
2488,BEET02,Battle Beetle - Cobalt,Craws & Creatures,Lunkerhunt,9.99,1,9.99,1,9.99,0,ARCHIVED
2489,PB4-5,Phat Boy Squarebill - Shelby’s Shad,Crankbaits,VEXAN®,9.99,1,9.99,1,9.99,168,ACTIVE
2490,SF-DW-GH,Snek Frog - Double Kunai / Ghost,Frogs,American Snakehead Customs LLC,9.99,1,9.99,1,9.99,57,ACTIVE
2491,TRD4-109PK6,"Big TRD - 4"" / Coppertreuse",Worms,Z-Man Fishing Products,9.98,2,4.99,2,5.49,0,DRAFT
2492,810103811669,Tungsten Flipping Weights - Black / 1/8 oz -4pk,Tungsten,1st Contact Tungsten,9.98,2,4.99,1,4.99,134,ACTIVE
2493,810103811911,Tungsten Worm Weights - Black / 1/8 oz - 4pk,Tungsten,1st Contact Tungsten,9.98,2,4.99,2,4.99,0,ACTIVE
2494,H8-YH2G-UEGA-FBM,Reaction Tackle Braided Fishing Line - Moss Green - 10lb / 150yds,Braid,Reaction Tackle,9.98,1,9.98,1,9.98,45,ARCHIVED
2495,PSBTS07-IS,Bagley Twinspin - Injured Shad,Buzzbaits,Bagley,9.95,1,9.95,1,9.95,0,ACTIVE
2496,810103812109,Tungsten Drop Shot Weights - Skinny - 1/8 oz,Tungsten,1st Contact Tungsten,9.9,2,4.95,2,4.95,0,ACTIVE
2497,810103812154,Tungsten Drop Shot Weights - Teardrop - 1/8 oz - 4pk,Tungsten,1st Contact Tungsten,9.9,2,4.95,2,4.95,0,ACTIVE
2498,XB-5-CHRT-BLU,XB-5 Crankbait - Chartreuse Blue Back,Crankbaits,Xcite Baits,9.0,1,9.0,1,9.00,0,ARCHIVED
2499,SBI-MISC,Z-Man SlingbladeZ Spinnerbait - Misc Indiana Blade,Spinnerbaits,Z-Man Fishing Products,9.0,1,9.0,1,9.00,0,ARCHIVED
2500,SBW-MISC,Z-Man SlingbladeZ Spinnerbait - Misc Willow Blade,Spinnerbaits,Z-Man Fishing Products,9.0,1,9.0,1,9.00,0,ARCHIVED
2501,TCRAW4-242PK6,Turbo CrawZ - Dark Melon Red,Craws & Creatures,Z-Man Fishing Products,9.0,2,4.5,2,4.50,0,ARCHIVED
2502,10-20-GGS-10005D,Googan Squad Clickbait - Sunrise Craw,Bladed Jigs,Googan Baits,8.99,1,8.99,1,3.99,0,ARCHIVED
2503,10-20-GGS-10005B,Googan Squad Clickbait - White/Chartreuse,Bladed Jigs,Googan Baits,8.99,1,8.99,1,3.99,0,ARCHIVED
2504,10-20-GGS-10005E,Googan Squad Clickbait - White,Bladed Jigs,Googan Baits,8.99,1,8.99,1,3.99,0,ARCHIVED
2505,BH-6159-9,HB-75 - Bass,Jerkbaits,Basshik,8.99,1,8.99,1,8.99,0,DRAFT
2506,LC-6161-6,Captain Slayhab - Shocker,Panfish Baits,LUNKERCANDY,8.99,1,8.99,1,8.99,0,DRAFT
2507,VF-CRANK3-SEXY,SC-70 Crankbait - Sexy Shad,Crankbaits,Vicious Fishing,8.99,1,8.99,1,8.99,-1,ACTIVE
2508,SBFW14-02,Z-Man Sling Bladez Double Willow Spinnerbait - 1/4oz / Chartreuse,Spinnerbaits,Z-Man Fishing Products,8.99,1,8.99,1,8.99,0,ACTIVE
2509,SBFW14-04,Z-Man Sling Bladez Double Willow Spinnerbait - 1/4oz / Sexy Shad,Spinnerbaits,Z-Man Fishing Products,8.99,1,8.99,1,8.99,0,ACTIVE
2510,SBFT38-01,Z-Man Sling Bladez Power Finesse Indiana Colorado Spinnerbait - Indiana & Colorado Blades / 3/8oz / Blue Herring,Spinnerbaits,Z-Man Fishing Products,8.99,1,8.99,1,8.99,0,ARCHIVED
2511,ASDRB12282,Smithwick Suspending Rogue - Lady,Jerkbaits,Smithwick,8.99,1,8.99,1,8.99,0,ARCHIVED
2512,CT5-7-09,Squarebill Crankbait - 5-7' Diver / Chart/Pearl,Squarebill,Ark Fishing,8.99,1,8.99,1,8.99,52,ACTIVE
2513,PT-BB3,Buzzbait - PRODUCT TESTING - 3,Buzzbaits,Brand X,8.99,1,8.99,1,8.99,0,ARCHIVED
2514,PTCR-10-ghostproblue,Head Banger DT-12 - Ghost Pro Blue,Crankbaits,Brand X,8.99,1,8.99,1,8.99,0,ARCHIVED
2515,PTJB-1,Ripper 100 Medium Diving Jerkbait - Pearl Sunrise,Jerkbaits,Brand X,8.99,1,8.99,1,8.99,0,ARCHIVED
2516,PTCR-10-ghostshad,Head Banger DT-12 - Ghost Shad,Crankbaits,Brand X,8.99,1,8.99,1,8.99,0,ARCHIVED
2517,B8-roccit-bshiner,B8LAB Roccit Shad - Blue Shiner,Jerkbaits,B8 Lab,8.95,1,8.95,1,8.95,0,ARCHIVED
2518,MLF-240,Warpig - Rubbertail,Lipless Crankbait,Berkley,8.59,1,8.59,1,8.59,0,ACTIVE
2519,CFLO10 Crystal 100% Fluoro,Vicious Crystal Clear 100% Japanese Fluorocarbon - 10 Lb Test - 200,Fluorocarbon,Vicious Fishing,8.49,1,8.49,1,8.49,11,ACTIVE
2520,CFLO18 Crystal 100% Fluoro,Vicious Crystal Clear 100% Japanese Fluorocarbon - 18 Lb Test - 200,Fluorocarbon,Vicious Fishing,8.49,1,8.49,1,8.49,48,ACTIVE
2521,CFLO20 Crystal 100% Fluoro,Vicious Crystal Clear 100% Japanese Fluorocarbon - 20 Lb Test - 200,Fluorocarbon,Vicious Fishing,8.49,1,8.49,1,8.49,138,ACTIVE
2522,CFLO6 Crystal 100% Fluoro,Vicious Crystal Clear 100% Japanese Fluorocarbon - 6 Lb Test - 200,Fluorocarbon,Vicious Fishing,8.49,1,8.49,1,8.49,0,ARCHIVED
2523,sku-48025924174132,Buffalo Bob's Jerky Stick (mild) - 1,Beef Jerky,Ranch Hand Provisions,8.4,4,2.1,1,2.10,43,ACTIVE
2524,GMIN-27BPK6,Z-Man MinnowZ - Blue Glimmer,Soft Swimbaits,Z-Man Fishing Products,8.0,2,4.0,1,4.00,0,ACTIVE
2525,LL-SD8-SB,Sugar Daddy 8 - Splatterback,Crankbaits,LUNKERCANDY,8.0,1,8.0,1,6.00,0,ARCHIVED
2526,LL-SD6-CBB,Sugar Daddy 6 - Chartreuse Black Back,Crankbaits,LUNKERCANDY,8.0,1,8.0,1,8.99,0,ARCHIVED
2527,LL-SD8-BS,Sugar Daddy 8 - Blue Black Splatterback,Crankbaits,LUNKERCANDY,8.0,1,8.0,1,6.00,0,ARCHIVED
2528,XTRP02,Popper - Frog,Topwater,XCalibur,8.0,1,8.0,1,8.00,0,ARCHIVED
2529,BGMG3SS248-10,Slab Slay'R - Twilight,Panfish Baits,Bobby Garland,8.0,2,4.0,2,4.00,0,ARCHIVED
2530,00236,Eurogrub - Purple,Panfish Baits,Euro Tackle,8.0,2,4.0,2,4.00,0,ARCHIVED
2531,XTRP07,Popper - Tree Frog,Topwater,XCalibur,8.0,1,8.0,1,8.00,0,ARCHIVED
2532,BYTR2917,Toad Runner Jr. - Bone,Topwater,Booyah,8.0,1,8.0,1,8.00,0,ARCHIVED
2533,A-Bluegill,Anisoptera - Bluegill Pro,Panfish Baits,Euro Tackle,8.0,2,4.0,1,4.00,0,ARCHIVED
2534,T20573,Rebel Poppin Minnow - Moon Spot,Topwater,Rebel,7.99,1,7.99,1,7.99,0,ARCHIVED
2535,810103812086,Tungsten Worm Weights - Natural / 3/8 oz - 3pk,Tungsten,1st Contact Tungsten,7.99,1,7.99,1,7.99,297,ACTIVE
2536,treble6whitepk,Crystal Reaper Treble Hooks (6pk) - #6 / White Crystal,Hooks,VEXAN®,7.99,1,7.99,1,7.99,0,ACTIVE
2537,treble8red,Crystal Reaper Treble Hooks (6pk) - #8 / Red Crystal,Hooks,VEXAN®,7.99,1,7.99,1,7.99,16,ACTIVE
2538,20292804,Fall Away Ultra Arrow Rest Fastener Black Clip Clamps Archery Compound Bow Part Archery Accessories,Knives,KBS Knives Store,7.99,1,7.99,1,7.99,0,ARCHIVED
2539,PB12-7,Phat Boy DD - Golden Shiner,Crankbaits,VEXAN®,7.99,1,7.99,1,9.99,148,ACTIVE
2540,PB12-3,Phat Boy DD - Fat Bass,Crankbaits,VEXAN®,7.99,1,7.99,1,9.99,153,ACTIVE
2541,PB12-13,Phat Boy DD - Colbys Bass Candy,Crankbaits,VEXAN®,7.99,1,7.99,1,9.99,138,ACTIVE
2542,PB12-8,Phat Boy DD - Sherry’s Shad,Crankbaits,VEXAN®,7.99,1,7.99,1,9.99,60,ACTIVE
2543,PB8-14,Phat Boy MD - Gold Ghost,Crankbaits,VEXAN®,7.99,1,7.99,1,9.99,771,ACTIVE
2544,PB8-13,Phat Boy MD - Colbys Bass Candy,Crankbaits,VEXAN®,7.99,1,7.99,1,9.99,557,ACTIVE
2545,PB8-2,Phat Boy MD - Lemon Meringue,Crankbaits,VEXAN®,7.99,1,7.99,1,9.99,609,ACTIVE
2546,PB4-14,Phat Boy Squarebill - Gold Ghost,Crankbaits,VEXAN®,7.99,1,7.99,1,9.99,153,ACTIVE
2547,PB4-10,Phat Boy Squarebill - Killer Crawdad,Crankbaits,VEXAN®,7.99,1,7.99,1,9.99,154,ACTIVE
2548,810103812185,Tungsten Drop Shot Weights - Teardrop - 3/8 oz - 3pk,Tungsten,1st Contact Tungsten,7.95,1,7.95,1,7.95,0,ACTIVE
2549,810103812130,Tungsten Drop Shot Weights - Skinny - 3/8 oz,Tungsten,1st Contact Tungsten,7.95,1,7.95,1,7.95,36,ACTIVE
2550,BMLARDXLTM$,Liz-ARD XL - Tennessee Money,Craws & Creatures,Bassmooch,7.82,2,3.91,1,5.59,207,ACTIVE
2551,HYLSMWP2.75GLM,Minwaow - Glass Minnow,Soft Swimbaits,A Band of Anglers,7.5,1,7.5,1,7.50,0,ARCHIVED
2552,JJ-JB,Jerky J - Junebug,Soft Swimbaits,Castaic,7.49,1,7.49,1,7.49,0,ARCHIVED
2553,PB8-10,Phat Boy MD - Killer Crawdad,Crankbaits,VEXAN®,7.49,1,7.49,1,9.99,400,ACTIVE
2554,PF-MAG,Panfish Magnets,Baits,TTI,7.4,2,3.7,2,3.40,0,ARCHIVED
2555,RCC-OC,RC Craw - Okeechobee Craw,Craws & Creatures,V&M Baits,7.18,2,3.59,2,3.59,0,DRAFT
2556,MB-TSDSW-14-3,Tungsten Skinny Drop Shot Weights - Wedge / 1/4 oz - 3 pack,Tungsten,MONSTERBASS,7.0,1,7.0,1,7.00,0,ACTIVE
2557,BGBS390-18,Baby Shad,Panfish Baits,Bobby Garland,7.0,2,3.5,2,3.50,0,DRAFT
2558,BR-MMNOW-2548,Micro Minnow - Red,Panfish Baits,Bass Reaper Bait Co.,7.0,2,3.5,2,3.50,0,ARCHIVED
2559,LLJ-ASST,Looter Lure Ice Fishing Jig,Panfish Baits,Looter Lure,7.0,1,7.0,1,5.00,0,ARCHIVED
2560,BBJ18-01,Big Bite Jig - 1/8 oz / White/Black Eye,Jig Heads,Big Bite Baits,7.0,2,3.5,2,3.50,0,ACTIVE
2561,MFSHD-300400,Mini Fluke Shad,Panfish Baits,HR Baits,7.0,2,3.5,1,3.50,0,ARCHIVED
2562,BMIN06,"Bait Shifter 3.5"" Minnow Kit - Misc",Soft Swimbaits,Lunkerhunt,7.0,1,7.0,1,7.00,0,ARCHIVED
2563,LH-FROG-MISC,LUNKERHUNT FROG MISC,Frogs,Lunkerhunt,7.0,1,7.0,1,7.00,0,ARCHIVED
2564,12-598,Red Eye Shad - Chartreuse,Lipless Crankbait,Strike King,6.99,1,6.99,1,6.99,0,ACTIVE
2565,12-586,Red Eye Shad - Sexy Blueback Herring,Lipless Crankbait,Strike King,6.99,1,6.99,1,6.99,0,ACTIVE
2566,SCTRAMT-24,Scentsation Ramtail 35 - Saphire Blue,Craws & Creatures,Big Bite Baits,6.99,1,6.99,1,6.99,0,ACTIVE
2567,1608-010,"5.25"" Airtail Stick - Shad Spawn",Worms,GRANDEBASS,6.99,1,6.99,1,6.99,282,ACTIVE
2568,YAM-134-06-979,4'' Zako Houdini - 6 PACK,Soft Swimbaits,Gary Yamamoto,6.99,1,6.99,1,6.99,0,ARCHIVED
2569,SCTRAMT-20,Scentsation Ramtail 35 - Alabama Craw,Craws & Creatures,Big Bite Baits,6.99,1,6.99,1,6.99,0,ACTIVE
2570,810103812253,Tungsten Meister Nail Weights - 3/16 oz (2 pack),Tungsten,1st Contact Tungsten,6.99,1,6.99,1,6.99,57,ACTIVE
2571,810103811805,Tungsten Flipping Weights - Green Pumpkin / 1/2 oz - 2pk,Tungsten,1st Contact Tungsten,6.99,1,6.99,1,6.99,46,ACTIVE
2572,1620-201,Airtail Rattler - Chartreuse Pepper,Worms,GRANDEBASS,6.99,1,6.99,1,6.99,521,ACTIVE
2573,1660-110,Crush Craw - Spicy Craw,Craws & Creatures,GRANDEBASS,6.99,1,6.99,1,6.99,106,ACTIVE
2574,810103811829,Tungsten Flipping Weights - Green Pumpkin / 1 oz - 1pk,Tungsten,1st Contact Tungsten,6.99,1,6.99,1,6.99,86,ACTIVE
2575,1660-550,Crush Craw - Ssabednarg,Craws & Creatures,GRANDEBASS,6.99,1,6.99,1,6.99,344,ACTIVE
2576,1630-590,Airtail Wiggler - Trophy Hunter,Worms,GRANDEBASS,6.99,1,6.99,1,6.99,338,ACTIVE
2577,1688-210,Megatail Rattlesnake - Watermelon Red Flake,Worms,GRANDEBASS,6.99,1,6.99,1,6.99,363,ACTIVE
2578,1620-260,Airtail Rattler - Red Bug,Worms,GRANDEBASS,6.99,1,6.99,1,6.99,540,ACTIVE
2579,1688-209,Megatail Rattlesnake - Green Pumpkin,Worms,GRANDEBASS,6.99,1,6.99,1,6.99,488,ACTIVE
2580,1620-209,Airtail Rattler - Green Pumpkin,Worms,GRANDEBASS,6.99,1,6.99,1,6.99,177,ACTIVE
2581,1676-550,Baby Rattlesnake - Ssabednarg,Worms,GRANDEBASS,6.99,1,6.99,1,6.99,282,ACTIVE
2582,1200-209,Shad Trixx - Green Pumpkin,Soft Swimbaits,GRANDEBASS,6.99,1,6.99,1,6.99,400,ACTIVE
2583,SBFT38-06,Z-Man Sling Bladez Power Finesse Indiana/Colorado & Double Willow Spinnerbait - Indiana & Colorado Blades / 3/8oz / Bluegill,Spinnerbaits,Z-Man Fishing Products,6.74,1,6.74,1,8.99,0,ARCHIVED
2584,XTRFSCB03,Flat Sided Crankbait - Perch,Crankbaits,XCalibur,6.59,1,6.59,1,8.99,0,ARCHIVED
2585,784196805082,Ghillie grub - Green Pumpkin,Grubs,3 Brothers Baits,6.59,1,6.59,1,6.59,0,ACTIVE
2586,784196806553,Ghillie grub - Black Blue,Grubs,3 Brothers Baits,6.59,1,6.59,1,6.59,0,ACTIVE
2587,725414386389,Ghillie grub - Kiwi Skin,Grubs,3 Brothers Baits,6.59,1,6.59,1,6.59,0,ACTIVE
2588,43309,"Rally Shad - 3.75"" - 309",Soft Swimbaits,XZone,6.49,1,6.49,1,6.99,34,DRAFT
2589,43280,"Rally Shad - 3.75"" - Smelt",Soft Swimbaits,XZone,6.49,1,6.49,1,6.99,20,DRAFT
2590,43272,"Rally Shad - 3.75"" - Minnow Magic",Soft Swimbaits,XZone,6.49,1,6.49,1,6.99,0,DRAFT
2591,POPRT-07,Poppa Pete Replacement Tails - RED,Accessories,G-Ratt Baits,6.35,1,6.35,1,6.35,148,ACTIVE
2592,Zee-SBT4-100,"Snake Charmer - 4'"" / Black",Craws & Creatures,Zee Baits,6.0,1,6.0,1,6.00,0,ACTIVE
2593,Zee-SBT4-105,"Snake Charmer - 4'"" / Chartreuse",Craws & Creatures,Zee Baits,6.0,1,6.0,1,6.00,0,ACTIVE
2594,Zee-SBT4-115,"Snake Charmer - 4'"" / Pearl",Craws & Creatures,Zee Baits,6.0,1,6.0,1,6.00,-1,ACTIVE
2595,Zee-SBT4-121,"Snake Charmer - 4'"" / White",Craws & Creatures,Zee Baits,6.0,1,6.0,1,6.00,0,ACTIVE
2596,Zee-SBT4-304,"Snake Charmer - 4'"" / Black Blue Flake",Craws & Creatures,Zee Baits,6.0,1,6.0,1,6.00,0,ACTIVE
2597,Zee-SBT4-114,"Snake Charmer - 4'"" / Orange",Craws & Creatures,Zee Baits,6.0,1,6.0,1,6.00,0,ACTIVE
2598,BZ2-CHSP,Widow Maker Ballzy - Chartreuse Sparkle,Panfish Baits,Widow Maker Lures,6.0,3,2.0,3,2.00,0,DRAFT
2599,QT-HHJ-12BLUGRP,Queen Tungsten Hammerhead Jig - 1/2oz / Blue Grape,Jigs,Queen Tackle,6.0,1,6.0,1,6.00,0,ARCHIVED
2600,MB-STICKER-BITEME-STORE,Bite Me,Stickers,MONSTERBASS,6.0,3,2.0,2,2.00,0,ARCHIVED
2601,PSJBR716,Pacemaker Jig Series - Pulse Swim Jig - 7/16oz / Black/Red,Jigs,V&M Baits,5.99,1,5.99,1,5.99,0,DRAFT
2602,MJFO34-DPKL,Ike's Flip Out Jig - 3/4 oz. - Dill Pickle,Jig Heads,Missile Baits,5.99,1,5.99,1,5.99,0,ACTIVE
2603,UDLMRTS04GBKS,Rota Shad - Green Back - Silver Tails,Panfish Baits,A Band of Anglers,5.99,1,5.99,1,5.99,0,ARCHIVED
2604,UDLMRTS04FTGG,Rota Shad - Firetiger - Gold Tails,Panfish Baits,A Band of Anglers,5.99,1,5.99,1,5.99,0,ARCHIVED
2605,10317,"Muscle Back Finesse Craw 4"" - Peanut Butter and Jelly",Craws & Creatures,X Zone Lures,5.99,1,5.99,1,5.99,0,ARCHIVED
2606,SBTJMB-3/8,Spro Bucktail Jig - 3/8 / Magic Bus,Bucktail Jig,SPRO,5.99,1,5.99,1,5.99,0,ACTIVE
2607,SBTJCRS-3/8,Spro Bucktail Jig - 3/8 / Chrome Silver,Bucktail Jig,SPRO,5.99,1,5.99,1,5.99,0,ACTIVE
2608,SBTJRW-1/2,Spro Bucktail Jig - 1/2 / Red White,Bucktail Jig,SPRO,5.99,1,5.99,1,5.99,0,ACTIVE
2609,810103811775,Tungsten Flipping Weights - Green Pumpkin / 3/16 oz - 4pk,Tungsten,1st Contact Tungsten,5.99,1,5.99,1,5.99,66,ACTIVE
2610,TS5- 314,"5"" Pro Stick - Green Pumpkin",Worms,,5.99,1,5.99,1,,,
2611,TS5- 302,"5"" Pro Stick - Watermelon Seed Red",Worms,,5.99,1,5.99,1,,,
2612,TS5- 307,"5"" Pro Stick - Chartreuse Pepper",Worms,,5.99,1,5.99,1,,,
2613,TS5- 340,"5"" Pro Stick - Pearl Silver Flake",Worms,,5.99,1,5.99,1,,,
2614,TS5- 316,"5"" Pro Stick - Junebug",Worms,,5.99,1,5.99,1,,,
2615,TS5- 557,"5"" Pro Stick - Green Pumpkin w/ Chartreuse  Tip",Worms,,5.99,1,5.99,1,,,
2616,TS5- 304,"5"" Pro Stick - Black Blue",Worms,,5.99,1,5.99,1,,,
2617,TS5- 351,"5"" Pro Stick - Green Pumpkin Red Flake",Worms,,5.99,1,5.99,1,,,
2618,810103812178,Tungsten Drop Shot Weights - Teardrop - 1/4 oz - 3pk,Tungsten,1st Contact Tungsten,5.99,1,5.99,1,5.99,0,ACTIVE
2619,TS5-340,"5"" Pro Stick - Pearl Silver Flake",Worms,Vicious Fishing,5.99,1,5.99,1,5.99,0,ACTIVE
2620,MX003,Mixer - GREEN PUMPKIN / BLUE FLAKE,Craws & Creatures,G-Ratt Baits,5.99,1,5.99,1,5.99,0,ACTIVE
2621,MX006,Mixer - GREEN PUMPKIN / RED FLAKE,Craws & Creatures,G-Ratt Baits,5.99,1,5.99,1,5.99,66,ACTIVE
2622,MX004,Mixer - PEARL WHITE,Craws & Creatures,G-Ratt Baits,5.99,1,5.99,1,5.99,151,ACTIVE
2623,MX001,Mixer - TRD BROWN/BLACK FLAKE,Craws & Creatures,G-Ratt Baits,5.99,1,5.99,1,5.99,125,ACTIVE
2624,810103811683,Tungsten Flipping Weights - Black / 1/4 oz - 3pk,Tungsten,1st Contact Tungsten,5.99,1,5.99,1,5.99,0,ACTIVE
2625,LSC-005,Rattlin' LIL-Super Cisco - Diesel,Crankbaits,VEXAN®,5.99,1,5.99,1,7.99,719,ACTIVE
2626,RO4-229,"Rodent 4"" - Roadkill",Craws & Creatures,Strike King,5.95,1,5.95,1,5.95,0,ARCHIVED
2627,RW5-13,Rattlin' Wasp Trolling & Crankbait lures - #5 / Golden Goose,Crankbaits,VEXAN®,5.62,1,5.62,1,7.99,53,ACTIVE
2628,RW5-6,Rattlin' Wasp Trolling & Crankbait lures - #5 / Yellow Jacket,Crankbaits,VEXAN®,5.62,1,5.62,1,7.99,41,ACTIVE
2629,RW5-18,Rattlin' Wasp Trolling & Crankbait lures - #5 / Perch Goblin,Crankbaits,VEXAN®,5.62,1,5.62,1,7.99,71,ACTIVE
2630,BMBSW-M,Shooter Worm - Merthiolate,Worms,Bassmooch,5.59,1,5.59,1,5.59,0,ARCHIVED
2631,BMSC-AC,Shooter Craw - Alabama Craw,Craws & Creatures,Bassmooch,5.59,1,5.59,1,5.59,0,ARCHIVED
2632,BMBSW-PM,Shooter Worm - Plum Magic,Worms,Bassmooch,5.59,1,5.59,1,5.59,0,ARCHIVED
2633,BMBMB-PM,BM Bug - Plum Magic,Craws & Creatures,Bassmooch,5.59,1,5.59,1,5.59,0,ARCHIVED
2634,BMBWC-TG,Baby Swiss Chunk - Tilapia Gold,Craws & Creatures,Bassmooch,5.59,1,5.59,1,5.59,0,ACTIVE
2635,BMLARDRLGL,Liz-ARD RL - Green Lizzer,Craws & Creatures,Bassmooch,5.59,1,5.59,1,5.59,82,ACTIVE
2636,BMBWC-BB,Baby Swiss Chunk - Black and Blue,Craws & Creatures,Bassmooch,5.59,1,5.59,1,5.59,0,ACTIVE
2637,GL6TTW96-10,Gene Larew Tattletail Worm - Watermelon Pepper,Worms,Gene Larew,5.5,1,5.5,1,5.50,0,DRAFT
2638,CHFJ-1/2-ORG/CRW,Castaic RC Hammer Football Jig - 1/2oz / Orange Craw,Jigs,Castaic,5.49,1,5.49,1,5.49,0,DRAFT
2639,CEPF14-02,Z-Man CrossEyeZ Power Finesse Jig 1/4 oz - Green Pumpkin,Jigs,Z-Man Fishing Products,5.49,1,5.49,1,5.49,0,ACTIVE
2640,CEPF14-01,Z-Man CrossEyeZ Power Finesse Jig 1/4 oz - Black Blue,Jigs,Z-Man Fishing Products,5.49,1,5.49,1,5.49,0,ACTIVE
2641,RW4-10,Rattlin' Wasp Trolling & Crankbait lures - #4 / Firetiger,Crankbaits,VEXAN®,5.24,1,5.24,1,7.49,340,ACTIVE
2642,RW4-11,Rattlin' Wasp Trolling & Crankbait lures - #4 / Coot Clown,Crankbaits,VEXAN®,5.24,1,5.24,1,7.49,181,ACTIVE
2643,BB-NED-DGRBF,Ned's a Bad Man - Dark Green with Red and Blue Flake,Worms,Backlash Baits,5.18,2,2.59,2,2.59,0,ARCHIVED
2644,GOGSS8NTC,Googan Slim Shake Worm - 8'' 7pk - Night Club,Worms,Googan Baits,5.0,1,5.0,1,5.00,0,DRAFT
2645,DSGP8,Drop Shad - Green Pumpkin,Soft Swimbaits,V&M Baits,5.0,1,5.0,1,5.00,0,DRAFT
2646,WF-SOCK-TUNA,There's Tuna On Your Socks,Hoodies & Outerwear,MONSTERBASS,5.0,1,5.0,1,5.00,0,DRAFT
2647,PPOPPER45-BONE,Panfish Popper 45,Popper,Raptor Lures,5.0,1,5.0,1,5.00,0,ARCHIVED
2648,HCR-46PK3,Z-Man Hella CrawZ - Green Pumpkin,Craws & Creatures,Z-Man Fishing Products,5.0,1,5.0,1,5.00,0,ACTIVE
2649,10405,Punisher,Craws & Creatures,XZone,5.0,1,5.0,1,5.00,0,DRAFT
2650,SSJR-20,Super Swimmer Jr. - Moonlight,Soft Swimbaits,Bruiser Baits,5.0,1,5.0,1,5.00,0,ARCHIVED
2651,32372,Hot Shot Minnow - War Mouth,Soft Swimbaits,X Zone Lures,5.0,1,5.0,1,5.99,0,ACTIVE
2652,STKA-JIGMIN,Sitka Jigging Minnow,Fishing Baits & Lures,K&E Tackle,5.0,1,5.0,1,5.00,198,ACTIVE
2653,DOB-SFJ38-106-1,HT Skrt FB Jig - Midnight Blue / 3/8oz,Jigs,Gary Yamamoto,5.0,1,5.0,1,5.00,0,ARCHIVED
2654,DOB-SFJ38-107-1,HT Skrt FB Jig - Midnight Purple / 3/8oz,Jigs,Gary Yamamoto,5.0,1,5.0,1,5.00,0,ARCHIVED
2655,SW-TS,Slim Wild - Texas Smoke,Worms,V&M Baits,4.99,1,4.99,1,4.99,0,ARCHIVED
2656,misc-grunt,Thunderhawk Grunt Jig - Misc Colors,Jigs,"ThunderHawk, Inc",4.99,1,4.99,1,4.99,0,ARCHIVED
2657,sku-52490618339488,(3 Pack) Thank God For Hunting Bracelet,,KLUK Custom Calls,4.99,1,4.99,1,4.99,304,ARCHIVED
2658,VF-TOAD-762-4,Best Toad Ever - Green Pumpkin/Opaque Chartreuse Laminate,Frogs,Vicious Fishing,4.49,1,4.49,1,2.99,0,ACTIVE
2659,VF-TOAD-743-4,Best Toad Ever - Green Pumpkin/Pearl Laminate,Frogs,Vicious Fishing,4.49,1,4.49,1,2.99,0,ACTIVE
2660,sku-48025814466868,Alligator Jerky (Cajun Style) - 1,Beef Jerky,Ranch Hand Provisions,4.2,2,2.1,1,2.10,46,ACTIVE
2661,STICKER-CO,Sunscape Sticker,Stickers,MONSTERBASS,4.0,2,2.0,2,2.00,0,DRAFT
2662,GC116MP,Pro Built Crappie Jighead - Purple,Panfish Baits,Luck-E-Strike,4.0,1,4.0,1,4.00,327,ACTIVE
2663,BZ2-W,Widow Maker Ballzy - White,Panfish Baits,Widow Maker Lures,4.0,2,2.0,2,2.00,0,DRAFT
2664,SHAKEY-38-1,Sabertooth Shakey Head Hooks - 3/8 oz / Black,Jigs,MONSTERBASS,4.0,1,4.0,1,4.00,-1,ARCHIVED
2665,MB-TTDRW-12-2,Tungsten Drop Shot Weights - Wedge / 1/2 oz - 2 pack,Tungsten,MONSTERBASS,4.0,1,4.0,1,5.00,-1,ACTIVE
2666,GC116SCY,Pro Built Crappie Jighead - Chartreuse,Panfish Baits,Luck-E-Strike,4.0,1,4.0,1,4.00,114,ACTIVE
2667,640265229862,Tungsten Glow Series Scud Missile - Pink Crackerized,Terminal Tackle,Widow Maker Lures,4.0,2,2.0,2,2.00,0,ARCHIVED
2668,FA-DarkRage,Fat Asassin - Dark Rage,Panfish Baits,Euro Tackle,4.0,1,4.0,1,4.00,11,DRAFT
2669,FA-GreenPumpkin,Fat Asassin - Green Pumpkin,Panfish Baits,Euro Tackle,4.0,1,4.0,1,4.00,11,DRAFT
2670,A-Brown,Anisoptera - Brown,Panfish Baits,Euro Tackle,4.0,1,4.0,1,4.00,0,ARCHIVED
2671,PX36Z-MB-3/0-3,ProX Nano Offset Worm Hook - 3/0,Hooks,,3.99,1,3.99,1,,,
2672,N58008,Little Spanky - Watermelon Red,Panfish Baits,Ned Bait,3.99,1,3.99,1,3.99,0,ARCHIVED
2673,PINTL-300100,Pintail,Panfish Baits,HR Baits,3.5,1,3.5,1,3.50,0,ARCHIVED
2674,BLKB2-1003-009,Marabou Road Runner - 1/8 oz / Red/White,Panfish Baits,Blakemore,3.5,1,3.5,1,3.50,0,ARCHIVED
2675,TTIC-343PK8,TRD TicklerZ - Drew's Craw,Craws & Creatures,Z-Man Fishing Products,3.29,1,3.29,1,5.00,0,ARCHIVED
2676,MB-NEDEWG-GRAPE-18,Sabertooth EWG Ned Heads - 1/8oz / Grape,Jigs,MONSTERBASS,3.29,1,3.29,1,3.29,-1,ARCHIVED
2677,CB-2PK-AST,Panfish Flies,Panfish Baits,Best,3.0,1,3.0,1,3.00,0,ARCHIVED
2678,CRLISLE-FLTS,Carlisle Slotted Floats,Terminal Tackle,K&E Tackle,3.0,1,3.0,1,3.00,138,ACTIVE
2679,BB-NED-BPBF,Ned's a Bad Man - Brown with Purple and Blue Flake,Worms,Backlash Baits,2.59,1,2.59,1,2.59,0,ARCHIVED
2680,MB-CRAW-TH,PB Craw - Trophy Killer,Craws & Creatures,MONSTERBASS,2.1,1,2.1,1,5.99,-1,ACTIVE
2681,LUNKERHUNT-STICKER22,LUNKERHUNT Sticker,Stickers,Lunkerhunt,2.0,1,2.0,1,2.00,0,ARCHIVED
2682,TMB-MB,MONSTERBASS E-Z Panfish Float,Accessories,UNCLASSIFIED,1.99,1,1.99,1,1.99,99,ACTIVE
2683,MB-REPLACEMENT-SHIPPING,OFFICE USE ONLY- DO NOT SHIP (Shipping Issue),,MONSTERBASS,0.0,263,0.0,263,0.00,7904,ACTIVE
2684,MB-REPLACEMENT-DAMAGED,OFFICE USE ONLY- DO NOT SHIP (Damaged Item),,MONSTERBASS,0.0,89,0.0,89,0.00,9531,ACTIVE
2685,MB-REPLACEMENT-ORDER,OFFICE USE ONLY- DO NOT SHIP (Missing Item),,MONSTERBASS,0.0,228,0.0,228,0.00,8685,ACTIVE
2686,MB-REPLACEMENT-WRONG,OFFICE USE ONLY- DO NOT SHIP  (Wrong Item),,MONSTERBASS,0.0,121,0.0,121,0.00,9594,ACTIVE
2687,mb-gift-psw-6,Platinum Series PSW: 6 month gift,Gift Box,MONSTERBASS,0.0,3,0.0,3,200.00,0,ARCHIVED
2688,mb-gift-national-12,Gold Series: 12 month gift,Gift Box,MONSTERBASS,0.0,8,0.0,8,24.00,1000,DRAFT
2689,ID-retail,RETAIL ORDER - DO NOT BREAK INNER CASE COUNTS,,MONSTERBASS,0.0,25,0.0,25,0.00,-30,ACTIVE
2690,platinum-0925-old,Remaining Subscription Inventory - Platinum Bass / September 2025,,MONSTERBASS,0.0,31,0.0,14,40.00,12,ACTIVE
2691,platinum-1025-old,Remaining Subscription Inventory - Platinum Bass / October 2025,,MONSTERBASS,0.0,6,0.0,6,40.00,0,ACTIVE
2692,VKA-20R-JP23001-BK,"Journey Aluminum Paddle (90.5"") - 230cm",Kayak Accessories,Vibe Kayaks,0.0,1,0.0,1,59.99,293,ACTIVE
2693,platinum-1125-old,Remaining Subscription Inventory - Platinum Bass / November 2025,,MONSTERBASS,0.0,11,0.0,10,40.00,0,ACTIVE
2694,kids-0625-old,Remaining Subscription Inventory - Kids / June 2025,,MONSTERBASS,0.0,4,0.0,4,25.00,7,ACTIVE
2695,kids-0325-old,Remaining Subscription Inventory - Kids / March 2025,,MONSTERBASS,0.0,4,0.0,4,25.00,9,ACTIVE
2696,multi-1125-old,Remaining Subscription Inventory - Platinum Multi / November 2025,,MONSTERBASS,0.0,13,0.0,10,40.00,0,ACTIVE
2697,platinum-1225-old,Remaining Subscription Inventory - Platinum Bass / December 2025,,MONSTERBASS,0.0,1,0.0,1,40.00,371,ACTIVE
