,Distribution account,Transaction date,Transaction type,Num,Name,Memo/Description,Split account,Amount,Balance
OLD Outlet Bait Checking (9167),,,,,,,,,
,Beginning Balance,,,,,,,,0
Total for OLD Outlet Bait Checking (9167),,,,,,,,,
Outdoor INC Checking (1203),,,,,,,,,
,Beginning Balance,,,,,,,,151391.31
,Outdoor INC Checking (1203),01/01/2024,Check,0632,Maximus Outdoors,,Maximus Outdoors Loan,-16000,135391.31
,Outdoor INC Checking (1203),01/01/2024,Check,0668,Maximus Outdoors,,Maximus Outdoors Loan,-10000,125391.31
,Outdoor INC Checking (1203),01/01/2024,Bill Payment (Check),0676,B8Lab,Voided,Accounts Payable (A/P),0,125391.31
,Outdoor INC Checking (1203),01/01/2024,Bill Payment (Check),0684,David Vance McCullough,,Accounts Payable (A/P),-1000,124391.31
,Outdoor INC Checking (1203),01/01/2024,Check,0690,Sarah Bennage Morton,11/11/2023 – 11/30/2023,Sarah Bennage,-140,124251.31
,Outdoor INC Checking (1203),01/01/2024,Bill Payment (Check),0692,Paul Glass,,Accounts Payable (A/P),-625,123626.31
,Outdoor INC Checking (1203),01/01/2024,Bill Payment (Check),ACH,Eagle Warehouse & Distribution Center Inc,,Accounts Payable (A/P),-2436,121190.31
,Outdoor INC Checking (1203),01/01/2024,Bill Payment (Check),ACH,Eagle Warehouse & Distribution Center Inc,,Accounts Payable (A/P),-2657.43,118532.88
,Outdoor INC Checking (1203),01/01/2024,Expense,,Rochelle Johansen Mitchell,,Visa0270,-7752.62,110780.26000000001
,Outdoor INC Checking (1203),02/01/2024,Check,0633,Maximus Outdoors,,Maximus Outdoors Loan,-16000,94780.26000000001
,Outdoor INC Checking (1203),02/01/2024,Check,0669,Maximus Outdoors,,Maximus Outdoors Loan,-10000,84780.26000000001
,Outdoor INC Checking (1203),03/01/2024,Check,0634,Maximus Outdoors,,Maximus Outdoors Loan,-16000,68780.26000000001
,Outdoor INC Checking (1203),04/01/2024,Check,0635,Maximus Outdoors,,Maximus Outdoors Loan,-16000,52780.26000000001
Total for Outdoor INC Checking (1203),,,,,,,,-98611.05,
Outdoor INC Savings (7944),,,,,,,,,
,Beginning Balance,,,,,,,,25746.04
Total for Outdoor INC Savings (7944),,,,,,,,,
Outdoor LLC Checking (0860),,,,,,,,,
,Beginning Balance,,,,,,,,0
Total for Outdoor LLC Checking (0860),,,,,,,,,
Outdoor LLC Savings (8971),,,,,,,,,
,Beginning Balance,,,,,,,,0
Total for Outdoor LLC Savings (8971),,,,,,,,,
Outdoor Playground Checking (0860) (deleted),,,,,,,,,
,Beginning Balance,,,,,,,,0
Total for Outdoor Playground Checking (0860) (deleted),,,,,,,,,
Outdoor Playground Checking (6370) (deleted),,,,,,,,,
,Beginning Balance,,,,,,,,0
Total for Outdoor Playground Checking (6370) (deleted),,,,,,,,,
Outlet Bait Checking (7065),,,,,,,,,
,Beginning Balance,,,,,,,,22262.7
Total for Outlet Bait Checking (7065),,,,,,,,,
PayPal Bank,,,,,,,,,
,Beginning Balance,,,,,,,,0
Total for PayPal Bank,,,,,,,,,
QuickBooks Checking Account,,,,,,,,,
,QuickBooks Checking Account,01/25/2024,Bill Payment (Check),1,Shenzhen YSLC Technology Co,,Accounts Payable (A/P),-4241.18,-4241.18
Total for QuickBooks Checking Account,,,,,,,,-4241.18,
Accounts Receivable (A/R),,,,,,,,,
,Beginning Balance,,,,,,,,-1700
Total for Accounts Receivable (A/R),,,,,,,,,
Allowance for Doubtful Account,,,,,,,,,
,Beginning Balance,,,,,,,,0
Total for Allowance for Doubtful Account,,,,,,,,,
Deposit-Purchase Order,,,,,,,,,
,Beginning Balance,,,,,,,,24156.94
,Deposit-Purchase Order,01/30/2024,Bill,1936,Recertop Tech Co Limited,,Accounts Payable (A/P),-9462,14694.939999999999
,Deposit-Purchase Order,06/05/2024,Bill,2003,Major League Fishing,,Accounts Payable (A/P),-843.25,13851.689999999999
,Deposit-Purchase Order,06/13/2024,Bill,2009,Bruiser Baits,,Accounts Payable (A/P),-1536.25,12315.439999999999
,Deposit-Purchase Order,07/21/2025,Bill,2075,Leichi China something,,Accounts Payable (A/P),1850,14165.439999999999
Total for Deposit-Purchase Order,,,,,,,,-9991.5,
Inventory Asset,,,,,,,,,
,Beginning Balance,,,,,,,,519719.61
,Inventory Asset,01/01/2024,Inventory Starting Value,START,,TUF50T500 - Opening inventory and value,Opening Balance Equity,0,519719.61
,Inventory Asset,01/01/2024,Inventory Starting Value,START,,TUF50T502 - Opening inventory and value,Opening Balance Equity,0,519719.61
,Inventory Asset,01/01/2024,Inventory Starting Value,START,,SF-DW-GG-LE - Opening inventory and value,Opening Balance Equity,0,519719.61
,Inventory Asset,01/01/2024,Inventory Starting Value,START,,LB-TSC - Opening inventory and value,Opening Balance Equity,0,519719.61
,Inventory Asset,01/08/2024,Bill,1905,Weihai Runten Industrial Limited,Dirty Dancer - Bone   TOPWATER  UPC 675162131789,Accounts Payable (A/P),190,519909.61
,Inventory Asset,01/08/2024,Bill,1905,Weihai Runten Industrial Limited,Dirty Dancer - Silver Shiner   TOPWATER  UPC 675162131796,Accounts Payable (A/P),190,520099.61
,Inventory Asset,01/08/2024,Bill,1905,Weihai Runten Industrial Limited,Dirty Dancer - Sexy Shad  TOPWATER  UPC 675162131802,Accounts Payable (A/P),190,520289.61
,Inventory Asset,01/08/2024,Bill,1905,Weihai Runten Industrial Limited,Dirty Dancer - Baby Bass   TOPWATER  UPC 675162131819,Accounts Payable (A/P),190,520479.61
,Inventory Asset,01/08/2024,Bill,1905,Weihai Runten Industrial Limited,Dirty Dancer - Golden Child   TOPWATER  UPC 675162131826,Accounts Payable (A/P),190,520669.61
,Inventory Asset,01/08/2024,Bill,1952,Coastal Sports Distributors LLC,Custom Speed Stick 7'2-1 Crankbait Rod 1 Casting Rod,Accounts Payable (A/P),560,521229.61
,Inventory Asset,01/08/2024,Bill,1952,Coastal Sports Distributors LLC,Custom Speed Stick 7' -1 Magnum Bass Rod 1 Casting Rod,Accounts Payable (A/P),336,521565.61
,Inventory Asset,01/08/2024,Bill,1952,Coastal Sports Distributors LLC,Custom Speed Stick 7'-1 Worm Rod 1 Casting Rod,Accounts Payable (A/P),252,521817.61
,Inventory Asset,01/08/2024,Bill,1952,Coastal Sports Distributors LLC,Custom Lite 7' Med Fast Casting Rod HM85 All Purpose,Accounts Payable (A/P),560,522377.61
,Inventory Asset,01/08/2024,Bill,1952,Coastal Sports Distributors LLC,Custom Lite 6'10'' Med Light Xtra Fast Spinning Rod HM85 Drop Shot Special,Accounts Payable (A/P),600,522977.61
,Inventory Asset,01/08/2024,Bill,1952,Coastal Sports Distributors LLC,Custom Lite 7' Med Hvy Fast Casting Rod HM85 Magnum Bass,Accounts Payable (A/P),600,523577.61
,Inventory Asset,01/09/2024,Bill,1946,Livingston Lures,Dive Master 8 - AYU  UPC 848927061199,Accounts Payable (A/P),372,523949.61
,Inventory Asset,01/09/2024,Bill,1946,Livingston Lures,FlatMaster - Citrus Sparkle  UPC 848927030546,Accounts Payable (A/P),423,524372.61
,Inventory Asset,01/09/2024,Bill,1946,Livingston Lures,FlatMaster - Orange Crackle  UPC 848927029427,Accounts Payable (A/P),654,525026.61
,Inventory Asset,01/09/2024,Bill,1946,Livingston Lures,FlatMaster - Tennessee Shad  UPC 848927030089,Accounts Payable (A/P),312,525338.61
,Inventory Asset,01/09/2024,Bill,1946,Livingston Lures,FlatMaster - Chartreuse Splatter Shad  UPC 848927029120,Accounts Payable (A/P),783,526121.61
,Inventory Asset,01/09/2024,Bill,1946,Livingston Lures,Howeller DMC Sq - Chartreuse Sunrise Shad  UPC 848927013136,Accounts Payable (A/P),246,526367.61
,Inventory Asset,01/09/2024,Bill,1946,Livingston Lures,JerkMaster 121 - Black Back Chrome Shad  UPC 848927015055,Accounts Payable (A/P),735,527102.61
,Inventory Asset,01/09/2024,Bill,1946,Livingston Lures,JerkMaster 121 - Brown Hitch  UPC 848927015628,Accounts Payable (A/P),87,527189.61
,Inventory Asset,01/09/2024,Bill,1946,Livingston Lures,DiveMaster Jr. - Black Back Chrome Shad  UPC 848927002055,Accounts Payable (A/P),1650,528839.61
,Inventory Asset,01/09/2024,Bill,1946,Livingston Lures,Howeller DMC Plus  UPC 848927010500,Accounts Payable (A/P),426,529265.61
,Inventory Asset,01/09/2024,Bill,1946,Livingston Lures,JerkMaster 121 - Gold Digger  UPC 848927015734,Accounts Payable (A/P),597,529862.61
,Inventory Asset,01/09/2024,Bill,1946,Livingston Lures,Pro Ripper - Threadfin Shad  UPC 848927001232,Accounts Payable (A/P),222,530084.61
,Inventory Asset,01/09/2024,Bill,1946,Livingston Lures,School Master - Black Back Chrome Shad  UPC 848927025054,Accounts Payable (A/P),270,530354.61
,Inventory Asset,01/09/2024,Bill,1946,Livingston Lures,Walk N Pop 77 - Money Clown  UPC 848927016649,Accounts Payable (A/P),426,530780.61
,Inventory Asset,01/09/2024,Bill,1946,Livingston Lures,Primetyme CB1.5 - Chartreuse Splatter Shad  UPC 848927039129,Accounts Payable (A/P),291,531071.61
,Inventory Asset,01/09/2024,Bill,1946,Livingston Lures,Primetyme CB1.5 - Spring Craw  UPC 848927011507,Accounts Payable (A/P),468,531539.61
,Inventory Asset,01/09/2024,Bill,1946,Livingston Lures,Primetyme CB1.5 - True Bream  UPC 848927011354,Accounts Payable (A/P),267,531806.61
,Inventory Asset,01/09/2024,Bill,1946,Livingston Lures,Primetyme CB1.5 - XXX Shad  UPC 848927011330,Accounts Payable (A/P),495,532301.61
,Inventory Asset,01/09/2024,Bill,1946,Livingston Lures,Pro Ripper - Blue Pearl  UPC 848927001171,Accounts Payable (A/P),351,532652.61
,Inventory Asset,01/09/2024,Bill,1946,Livingston Lures,School Master - Blue Back Chrome Shad  UPC 848927025078,Accounts Payable (A/P),282,532934.61
,Inventory Asset,01/09/2024,Bill,1946,Livingston Lures,School Master - Bone Cracker  UPC 848927025948,Accounts Payable (A/P),435,533369.61
,Inventory Asset,01/09/2024,Bill,1946,Livingston Lures,School Master - Brown Craw  UPC 848927062424,Accounts Payable (A/P),372,533741.61
,Inventory Asset,01/09/2024,Bill,1946,Livingston Lures,School Master - Gold shad  UPC 848927025726,Accounts Payable (A/P),294,534035.61
,Inventory Asset,01/09/2024,Bill,1946,Livingston Lures,School Master - Mad Dog  UPC 848927025160,Accounts Payable (A/P),381,534416.61
,Inventory Asset,01/09/2024,Bill,1946,Livingston Lures,School Master - Purple C Shad  UPC 848927025221,Accounts Payable (A/P),246,534662.61
,Inventory Asset,01/09/2024,Bill,1946,Livingston Lures,Primetyme CB 2.0 - River Bream Gill  UPC 848927012092,Accounts Payable (A/P),276,534938.61
,Inventory Asset,01/09/2024,Bill,1946,Livingston Lures,Jerkmaster 121 - Pro Green  UPC 848927015260,Accounts Payable (A/P),216,535154.61
,Inventory Asset,01/09/2024,Bill,1946,Livingston Lures,Walk N Pop 77 - Brown Hitch  UPC 848927016625,Accounts Payable (A/P),324,535478.61
,Inventory Asset,01/09/2024,Bill,1946,Livingston Lures,Walk N Pop 77 - Goby  UPC 848927016984,Accounts Payable (A/P),546,536024.61
,Inventory Asset,01/09/2024,Bill,1946,Livingston Lures,Walk N Pop 77 - Gold Digger  UPC 848927016731,Accounts Payable (A/P),423,536447.61
,Inventory Asset,01/09/2024,Bill,1946,Livingston Lures,Walk N Pop 77 - Red Rum  UPC 848927016854,Accounts Payable (A/P),306,536753.61
,Inventory Asset,01/09/2024,Bill,1946,Livingston Lures,Walking Boss - Brown Hitch  UPC 848927017622,Accounts Payable (A/P),363,537116.61
,Inventory Asset,01/09/2024,Bill,1946,Livingston Lures,Walking Boss II - MagJuvenile Pike  UPC 848927077886,Accounts Payable (A/P),282,537398.61
,Inventory Asset,01/09/2024,Bill,1946,Livingston Lures,Walking Boss II - Money Gill  UPC 848927018360,Accounts Payable (A/P),393,537791.61
,Inventory Asset,01/09/2024,Bill,1946,Livingston Lures,Walking Boss (Team Series) - Bone Shad  UPC 848927017240,Accounts Payable (A/P),408,538199.61
,Inventory Asset,01/09/2024,Bill,1950,ATS Printing,Stars & Stripes - Heather Grey,Accounts Payable (A/P),360,538559.61
,Inventory Asset,01/09/2024,Bill,1950,ATS Printing,Stars & Stripes - Navy,Accounts Payable (A/P),450,539009.61
,Inventory Asset,01/09/2024,Bill,1950,ATS Printing,Stars & Stripes - Camo,Accounts Payable (A/P),358.75,539368.36
,Inventory Asset,01/24/2024,Bill,1939,Weihai Runten Industrial Limited,SquareBanger - Creamsicle  UPC 810103811324,Accounts Payable (A/P),2730,542098.36
,Inventory Asset,01/24/2024,Bill,1939,Weihai Runten Industrial Limited,SquareBanger - Magic Shad  UPC 810103811331,Accounts Payable (A/P),2730,544828.36
,Inventory Asset,01/24/2024,Bill,1939,Weihai Runten Industrial Limited,SquareBanger- Candy Apple Craw  UPC 810103811348,Accounts Payable (A/P),163.8,544992.16
,Inventory Asset,01/24/2024,Bill,1939,Weihai Runten Industrial Limited,SquareBanger- Blue Craw   UPC 810103811355,Accounts Payable (A/P),163.8,545155.9600000001
,Inventory Asset,01/24/2024,Bill,1939,Weihai Runten Industrial Limited,SquareBanger- Crawlicious   UPC 810103811362,Accounts Payable (A/P),163.8,545319.7600000001
,Inventory Asset,01/24/2024,Bill,1939,Weihai Runten Industrial Limited,SquareBanger - Citrus Shad   UPC 810103811379,Accounts Payable (A/P),163.8,545483.5600000002
,Inventory Asset,01/24/2024,Bill,1939,Weihai Runten Industrial Limited,SquareBanger - Ghost Shad  UPC 810103811386,Accounts Payable (A/P),163.8,545647.3600000002
,Inventory Asset,01/24/2024,Bill,1939,Weihai Runten Industrial Limited,SquareBanger- Bluegill  UPC 810103811393,Accounts Payable (A/P),163.8,545811.1600000003
,Inventory Asset,01/24/2024,Bill,1939,Weihai Runten Industrial Limited,SquareBanger - Sexy Cracks   UPC 810103811409,Accounts Payable (A/P),163.8,545974.9600000003
,Inventory Asset,01/24/2024,Bill,1939,Weihai Runten Industrial Limited,SquareBanger - Chartreuse Black Back   UPC 810103811416,Accounts Payable (A/P),163.8,546138.7600000004
,Inventory Asset,01/24/2024,Bill,1966,"Heyuan Boyue Color Printing Co.,Ltd",Limited Edition MONSTER/BASS Sticker,Accounts Payable (A/P),254,546392.7600000004
,Inventory Asset,01/24/2024,Bill,1966,"Heyuan Boyue Color Printing Co.,Ltd",M Sticker,Accounts Payable (A/P),254,546646.7600000004
,Inventory Asset,01/24/2024,Bill,1966,"Heyuan Boyue Color Printing Co.,Ltd",MB Snagglefish Stickers,Accounts Payable (A/P),290.4,546937.1600000004
,Inventory Asset,01/24/2024,Bill,1903,Weihai Runten Industrial Limited,Mad Max - Feeder Gill TOPWATER UPC 810103810136,Accounts Payable (A/P),216,547153.1600000004
,Inventory Asset,01/24/2024,Bill,1903,Weihai Runten Industrial Limited,Mad Max - Midnight Run TOPWATER UPC 810103810112,Accounts Payable (A/P),216,547369.1600000004
,Inventory Asset,01/24/2024,Bill,1903,Weihai Runten Industrial Limited,Mad Max - Green Sexy TOPWATER UPC 810103810105,Accounts Payable (A/P),216,547585.1600000004
,Inventory Asset,01/24/2024,Bill,1903,Weihai Runten Industrial Limited,Mad Max - Sexy Cracks TOPWATER UPC 810103810099,Accounts Payable (A/P),216,547801.1600000004
,Inventory Asset,01/24/2024,Bill,1903,Weihai Runten Industrial Limited,Mad Max - Bone TOPWATER UPC 810103810082,Accounts Payable (A/P),216,548017.1600000004
,Inventory Asset,01/24/2024,Bill,1903,Weihai Runten Industrial Limited,Mad Max - Chrome TOPWATER UPC 810103810761,Accounts Payable (A/P),216,548233.1600000004
,Inventory Asset,01/24/2024,Bill,1903,Weihai Runten Industrial Limited,Mad Max - Money Gill TOPWATER UPC 810103810129,Accounts Payable (A/P),216,548449.1600000004
,Inventory Asset,01/24/2024,Bill,1903,Weihai Runten Industrial Limited,Mad Max - Blue Chrome TOPWATER UPC810103810778,Accounts Payable (A/P),216,548665.1600000004
,Inventory Asset,01/24/2024,Bill,1906,Weihai Runten Industrial Limited,Slick Stick 99 Suspending - Bluegill  JERKBAIT  UPC 810103810785,Accounts Payable (A/P),235.2,548900.3600000003
,Inventory Asset,01/24/2024,Bill,1906,Weihai Runten Industrial Limited,Slick Stick 99 Suspending - Oneida Perch  JERKBAIT  UPC 810103810792,Accounts Payable (A/P),235.2,549135.5600000003
,Inventory Asset,01/24/2024,Bill,1906,Weihai Runten Industrial Limited,Slick Stick 99 Suspending - Wakasagi   JERKBAIT  UPC 810103810808,Accounts Payable (A/P),235.2,549370.7600000002
,Inventory Asset,01/24/2024,Bill,1906,Weihai Runten Industrial Limited,Slick Stick 99 Suspending - Purple Haze  JERKBAIT  UPC 810103810815,Accounts Payable (A/P),235.2,549605.9600000002
,Inventory Asset,01/24/2024,Bill,1906,Weihai Runten Industrial Limited,Slick Stick 99 Suspending - Ghost Shad   JERKBAIT  UPC 810103810822,Accounts Payable (A/P),235.2,549841.1600000001
,Inventory Asset,01/24/2024,Bill,1906,Weihai Runten Industrial Limited,Slick Stick 99 Suspending - Ghost Pro Blue   JERKBAIT  UPC 810103810853,Accounts Payable (A/P),235.2,550076.3600000001
,Inventory Asset,01/24/2024,Bill,1906,Weihai Runten Industrial Limited,Slick Stick 99 Suspending - Jade Shad   JERKBAIT  UPC 810103810839,Accounts Payable (A/P),235.2,550311.56
,Inventory Asset,01/24/2024,Bill,1906,Weihai Runten Industrial Limited,Slick Stick 99 Suspending – Orange JuliusJERKBAIT UPC 810103810846,Accounts Payable (A/P),235.2,550546.76
,Inventory Asset,01/24/2024,Bill,1920,Weihai Runten Industrial Limited,Ragnar - Sleepover  Topwater  UPC 810103810945,Accounts Payable (A/P),228,550774.76
,Inventory Asset,01/24/2024,Bill,1920,Weihai Runten Industrial Limited,Ragnar - Bone   Topwater  UPC 810103810952,Accounts Payable (A/P),228,551002.76
,Inventory Asset,01/24/2024,Bill,1920,Weihai Runten Industrial Limited,Ragnar - Cylon   Topwater  UPC 810103810969,Accounts Payable (A/P),228,551230.76
,Inventory Asset,01/24/2024,Bill,1920,Weihai Runten Industrial Limited,Ragnar - Ghost Sexy   Topwater   UPC 810103810976,Accounts Payable (A/P),228,551458.76
,Inventory Asset,01/24/2024,Bill,1920,Weihai Runten Industrial Limited,Ragnar - Silver Shiner   Topwater  UPC 810103810983,Accounts Payable (A/P),228,551686.76
,Inventory Asset,01/24/2024,Bill,1920,Weihai Runten Industrial Limited,Ragnar - Chrome   Topwater  UPC 810103810990,Accounts Payable (A/P),228,551914.76
,Inventory Asset,01/24/2024,Bill,1920,Weihai Runten Industrial Limited,Ragnar - Ghost Shad   Topwater   UPC 810103811119,Accounts Payable (A/P),228,552142.76
,Inventory Asset,01/24/2024,Bill,1920,Weihai Runten Industrial Limited,Ragnar – Purple Haze Topwater UPC810103811003,Accounts Payable (A/P),228,552370.76
,Inventory Asset,01/24/2024,Bill,1920,Weihai Runten Industrial Limited,Ragnar – Orange Julius TopwaterUPC: 810103811126,Accounts Payable (A/P),228,552598.76
,Inventory Asset,01/24/2024,Bill,1921,Weihai Runten Industrial Limited,Incision Lipless Crankbait Blue Chrome   Lipless Crankbait UPC 810103810143,Accounts Payable (A/P),216,552814.76
,Inventory Asset,01/24/2024,Bill,1921,Weihai Runten Industrial Limited,Incision Lipless Crankbait Green Gill   Lipless Crankbait   UPC 810103810150,Accounts Payable (A/P),216,553030.76
,Inventory Asset,01/24/2024,Bill,1921,Weihai Runten Industrial Limited,Incision Lipless Crankbait Craw Monster   Lipless Crankbait  UPC 810103810167,Accounts Payable (A/P),216,553246.76
,Inventory Asset,01/24/2024,Bill,1921,Weihai Runten Industrial Limited,Incision Lipless Crankbait Crawlicious    Lipless Crankbait   UPC 810103810174,Accounts Payable (A/P),216,553462.76
,Inventory Asset,01/24/2024,Bill,1921,Weihai Runten Industrial Limited,Incision Lipless Crankbait Ghost Blue   Lipless Crankbait   UPC 810103810181,Accounts Payable (A/P),216,553678.76
,Inventory Asset,01/24/2024,Bill,1921,Weihai Runten Industrial Limited,Incision Lipless Crankbait Ghost Shad   Lipless Crankbait   UPC 810103810198,Accounts Payable (A/P),216,553894.76
,Inventory Asset,01/24/2024,Bill,1943,Weihai Runten Industrial Limited,Patriot - CrackedUPC 810103810648,Accounts Payable (A/P),235.2,554129.96
,Inventory Asset,01/24/2024,Bill,1943,Weihai Runten Industrial Limited,Patriot - Ghost BlueUPC 810103810655,Accounts Payable (A/P),235.2,554365.1599999999
,Inventory Asset,01/24/2024,Bill,1943,Weihai Runten Industrial Limited,Patriot - Ghost ShadUPC 810103810662,Accounts Payable (A/P),235.2,554600.3599999999
,Inventory Asset,01/24/2024,Bill,1943,Weihai Runten Industrial Limited,Patriot - Blue ChartreuseUPC 810103810679,Accounts Payable (A/P),235.2,554835.5599999998
,Inventory Asset,01/24/2024,Bill,1943,Weihai Runten Industrial Limited,Patriot - Black MambaUPC 810103810686,Accounts Payable (A/P),235.2,555070.7599999998
,Inventory Asset,01/24/2024,Bill,1943,Weihai Runten Industrial Limited,Patriot - BoneUPC 810103810693,Accounts Payable (A/P),235.2,555305.9599999997
,Inventory Asset,01/24/2024,Bill,1943,Weihai Runten Industrial Limited,Patriot - CreamsicleUPC 810103810716,Accounts Payable (A/P),235.2,555541.1599999997
,Inventory Asset,01/24/2024,Bill,1943,Weihai Runten Industrial Limited,Patriot - Gold DustUPC 810103810709,Accounts Payable (A/P),235.2,555776.3599999996
,Inventory Asset,01/26/2024,Bill,1951,A.N.E Wholesale,13 Fishing - Source K 4000  Reel,Accounts Payable (A/P),2565,558341.3599999996
,Inventory Asset,01/30/2024,Bill,1916,Weihai Runten Industrial Limited,Blade Burner - Colorado Blade - Oneida Perch  CRANKBAIT UPC 810103811058,Accounts Payable (A/P),363,558704.3599999996
,Inventory Asset,01/30/2024,Bill,1916,Weihai Runten Industrial Limited,Blade Burner - Colorado Blade - Sexy Cracks    CRANKBAIT   UPC 810103811065,Accounts Payable (A/P),363,559067.3599999996
,Inventory Asset,01/30/2024,Bill,1916,Weihai Runten Industrial Limited,Blade Burner - Colorado Blade - Chartreuse/White    CRANKBAIT   UPC 810103811072,Accounts Payable (A/P),363,559430.3599999996
,Inventory Asset,01/30/2024,Bill,1916,Weihai Runten Industrial Limited,Blade Burner - Colorado Blade - Morning Dawn   CRANKBAIT   UPC 810103811089,Accounts Payable (A/P),363,559793.3599999996
,Inventory Asset,01/30/2024,Bill,1916,Weihai Runten Industrial Limited,Blade Burner - Colorado Blade - Grape Ape    CRANKBAIT   UPC 810103811096,Accounts Payable (A/P),6050,565843.3599999996
,Inventory Asset,01/30/2024,Bill,1916,Weihai Runten Industrial Limited,Blade Burner - Colorado Blade - White/White   CRANKBAIT   UPC 810103811102,Accounts Payable (A/P),363,566206.3599999996
,Inventory Asset,01/30/2024,Bill,1942,Weihai Runten Industrial Limited,Seeker 8 - Blue Chrome   UPC 810103811447,Accounts Payable (A/P),163.8,566370.1599999997
,Inventory Asset,01/30/2024,Bill,1942,Weihai Runten Industrial Limited,Seeker 8 - Bluegill  UPC 810103811454,Accounts Payable (A/P),163.8,566533.9599999997
,Inventory Asset,01/30/2024,Bill,1942,Weihai Runten Industrial Limited,Seeker 8 - Blue Sexy   UPC 810103811461,Accounts Payable (A/P),163.8,566697.7599999998
,Inventory Asset,01/30/2024,Bill,1942,Weihai Runten Industrial Limited,Seeker 8 - Cracked   UPC 810103811478,Accounts Payable (A/P),163.8,566861.5599999998
,Inventory Asset,01/30/2024,Bill,1942,Weihai Runten Industrial Limited,Seeker 8 - Candy Apple Craw  UPC 810103811485,Accounts Payable (A/P),163.8,567025.3599999999
,Inventory Asset,01/30/2024,Bill,1942,Weihai Runten Industrial Limited,Seeker 8 - Blue Craw  UPC 810103811492,Accounts Payable (A/P),163.8,567189.1599999999
,Inventory Asset,01/30/2024,Bill,1942,Weihai Runten Industrial Limited,Seeker 8 - Ghost Shad  UPC 810103811508,Accounts Payable (A/P),163.8,567352.96
,Inventory Asset,01/30/2024,Bill,1942,Weihai Runten Industrial Limited,Seeker 8 - Snacks  UPC 810103811515,Accounts Payable (A/P),163.8,567516.76
,Inventory Asset,01/30/2024,Bill,1942,Weihai Runten Industrial Limited,Seeker 8 - Orange Julius  UPC 810103811430,Accounts Payable (A/P),163.8,567680.56
,Inventory Asset,01/30/2024,Bill,1942,Weihai Runten Industrial Limited,Seeker 8 - Crawlicious PACKAGINGUPC 810103811423,Accounts Payable (A/P),36,567716.56
,Inventory Asset,01/30/2024,Bill,1942,Weihai Runten Industrial Limited,Seeker 8 - Charteuse Black Back PACKAGINGUPC 810103811522,Accounts Payable (A/P),36,567752.56
,Inventory Asset,01/30/2024,Bill,1942,Weihai Runten Industrial Limited,Seeker 8 - Green Sexy PACKAGINGUPC 810103811539,Accounts Payable (A/P),36,567788.56
,Inventory Asset,01/30/2024,Bill,1942,Weihai Runten Industrial Limited,Seeker 8 - Threadfin ShadPACKAGING UPC 810103811546,Accounts Payable (A/P),36,567824.56
,Inventory Asset,01/30/2024,Bill,1942,Weihai Runten Industrial Limited,Seeker 8 - Bone PACKAGINGUPC 810103811553,Accounts Payable (A/P),36,567860.56
,Inventory Asset,01/30/2024,Bill,1942,Weihai Runten Industrial Limited,Seeker 8 - Blackout PACKAGINGUPC 810103811560,Accounts Payable (A/P),36,567896.56
,Inventory Asset,01/30/2024,Bill,1941,Weihai Runten Industrial Limited,Seeker 12 - Creeper Reaper  UPC 810103811232,Accounts Payable (A/P),163.8,568060.3600000001
,Inventory Asset,01/30/2024,Bill,1941,Weihai Runten Industrial Limited,Seeker 12 - Chartreuse Blue Back  UPC 810103811249,Accounts Payable (A/P),163.8,568224.1600000001
,Inventory Asset,01/30/2024,Bill,1941,Weihai Runten Industrial Limited,Seeker 12 - Chrome Threadfin  UPC 810103811256,Accounts Payable (A/P),163.8,568387.9600000002
,Inventory Asset,01/30/2024,Bill,1941,Weihai Runten Industrial Limited,Seeker 12 - Jade Shad  UPC 810103811263,Accounts Payable (A/P),163.8,568551.7600000002
,Inventory Asset,01/30/2024,Bill,1941,Weihai Runten Industrial Limited,Seeker 12 - Oneida Perch   UPC 810103811270,Accounts Payable (A/P),163.8,568715.5600000003
,Inventory Asset,01/30/2024,Bill,1941,Weihai Runten Industrial Limited,Seeker 12 - Citrus Shad  UPC 810103811287,Accounts Payable (A/P),163.8,568879.3600000003
,Inventory Asset,01/30/2024,Bill,1941,Weihai Runten Industrial Limited,Seeker 12 - Candy Apple Craw   UPC 810103811294,Accounts Payable (A/P),163.8,569043.1600000004
,Inventory Asset,01/30/2024,Bill,1941,Weihai Runten Industrial Limited,Seeker 12 - Orange Julius  UPC 810103811300,Accounts Payable (A/P),163.8,569206.9600000004
,Inventory Asset,01/30/2024,Bill,1940,Weihai Runten Industrial Limited,Seeker 6 - Blue Chrome  UPC 810103811133,Accounts Payable (A/P),163.8,569370.7600000005
,Inventory Asset,01/30/2024,Bill,1940,Weihai Runten Industrial Limited,Seeker 6 - Bluegill  UPC 810103811140,Accounts Payable (A/P),163.8,569534.5600000005
,Inventory Asset,01/30/2024,Bill,1940,Weihai Runten Industrial Limited,Seeker 6 - Blue Sexy  UPC 810103811157,Accounts Payable (A/P),163.8,569698.3600000006
,Inventory Asset,01/30/2024,Bill,1940,Weihai Runten Industrial Limited,Seeker 6 - Cracked  UPC 810103811164,Accounts Payable (A/P),163.8,569862.1600000006
,Inventory Asset,01/30/2024,Bill,1940,Weihai Runten Industrial Limited,Seeker 6 - Candy Apple Craw  UPC 810103811171,Accounts Payable (A/P),163.8,570025.9600000007
,Inventory Asset,01/30/2024,Bill,1940,Weihai Runten Industrial Limited,Seeker 6 - Blue Craw  UPC 810103811188,Accounts Payable (A/P),163.8,570189.7600000007
,Inventory Asset,01/30/2024,Bill,1940,Weihai Runten Industrial Limited,Seeker 6 - Ghost Shad  UPC 810103811195,Accounts Payable (A/P),163.8,570353.5600000008
,Inventory Asset,01/30/2024,Bill,1940,Weihai Runten Industrial Limited,Seeker 6 - Snacks  UPC 810103811201,Accounts Payable (A/P),163.8,570517.3600000008
,Inventory Asset,01/30/2024,Bill,1940,Weihai Runten Industrial Limited,Seeker 6 - Orange Julius  UPC 810103811218,Accounts Payable (A/P),163.8,570681.1600000008
,Inventory Asset,01/30/2024,Bill,1940,Weihai Runten Industrial Limited,Seeker 6 - Crawlicious  UPC 810103811317,Accounts Payable (A/P),163.8,570844.9600000009
,Inventory Asset,01/30/2024,Bill,1936,Recertop Tech Co Limited,60mm Lipless - Sparky,Accounts Payable (A/P),2880,573724.9600000009
,Inventory Asset,01/30/2024,Bill,1936,Recertop Tech Co Limited,60mm Lipless - Sexiest Shad,Accounts Payable (A/P),1440,575164.9600000009
,Inventory Asset,01/30/2024,Bill,1936,Recertop Tech Co Limited,60mm Lipless - Zudweg Craw,Accounts Payable (A/P),2880,578044.9600000009
,Inventory Asset,01/30/2024,Bill,1936,Recertop Tech Co Limited,60mm Lipless - Perchinator,Accounts Payable (A/P),1440,579484.9600000009
,Inventory Asset,01/30/2024,Bill,1955,Packaging Corporation of America,Blue Box,Accounts Payable (A/P),4481.58,583966.5400000009
,Inventory Asset,02/01/2024,Inventory Starting Value,START,,BAG-12x10x2 - Opening inventory and value,Opening Balance Equity,0,583966.5400000009
,Inventory Asset,02/01/2024,Inventory Starting Value,START,,LB-C - Opening inventory and value,Opening Balance Equity,0,583966.5400000009
,Inventory Asset,02/01/2024,Inventory Starting Value,START,,LB-FT - Opening inventory and value,Opening Balance Equity,0,583966.5400000009
,Inventory Asset,02/01/2024,Inventory Starting Value,START,,LB-CB - Opening inventory and value,Opening Balance Equity,0,583966.5400000009
,Inventory Asset,02/16/2024,Bill,1967,Pradco Outdoors Brands,Smithwick Suspending Rogue-TIGER ROAN Jerkbait  UPC 49575001159,Accounts Payable (A/P),232.2,584198.7400000008
,Inventory Asset,02/16/2024,Bill,1967,Pradco Outdoors Brands,Smithwick Suspending Rogue-AVOCADO SHAD Jerkbait  UPC 49575004501,Accounts Payable (A/P),275.4,584474.1400000008
,Inventory Asset,02/16/2024,Bill,1967,Pradco Outdoors Brands,Smithwick Suspending Rogue-PURPLE DARTER Jerkbait  UPC 49575004532,Accounts Payable (A/P),1166.4,585640.5400000009
,Inventory Asset,02/16/2024,Bill,1967,Pradco Outdoors Brands,Smithwick Suspending Rogue-LADY  Jerkbait UPC 49575006826,Accounts Payable (A/P),1117.8,586758.3400000009
,Inventory Asset,02/16/2024,Bill,1967,Pradco Outdoors Brands,Smithwick Suspending Rogue-LEMON LIME CRSH  Jerkbait  UPC 49575006833,Accounts Payable (A/P),140.4,586898.7400000009
,Inventory Asset,02/16/2024,Bill,1967,Pradco Outdoors Brands,Smithwick Suspending Rogue-JUICE  Jerkbait  UPC 49575006840,Accounts Payable (A/P),739.8,587638.540000001
,Inventory Asset,02/16/2024,Bill,1967,Pradco Outdoors Brands,Smithwick Suspending Rogue-LACY TIGER  Jerkbait  UPC 49575007519,Accounts Payable (A/P),59.4,587697.940000001
,Inventory Asset,02/16/2024,Bill,1967,Pradco Outdoors Brands,Smithwick Suspending Rogue-LERCH  Jerkbait  UPC 49575007540,Accounts Payable (A/P),64.8,587762.740000001
,Inventory Asset,02/16/2024,Bill,1967,Pradco Outdoors Brands,Smithwick Suspending Rogue-CHR/BLUE BACK  Jerkbait  UPC 49575001210,Accounts Payable (A/P),124.2,587886.940000001
,Inventory Asset,02/20/2024,Bill,1961,"Shenzhen Chengxing Packing & Material Co., Ltd.",13x15x2 Polymailer,Accounts Payable (A/P),6243,594129.940000001
,Inventory Asset,03/01/2024,Inventory Starting Value,START,,1620-510 - Opening inventory and value,Opening Balance Equity,0,594129.940000001
,Inventory Asset,03/01/2024,Inventory Starting Value,START,,1677-610 - Opening inventory and value,Opening Balance Equity,0,594129.940000001
,Inventory Asset,03/01/2024,Inventory Starting Value,START,,1608-550 - Opening inventory and value,Opening Balance Equity,0,594129.940000001
,Inventory Asset,03/01/2024,Inventory Starting Value,START,,PBJ-MISC - Opening inventory and value,Opening Balance Equity,0,594129.940000001
,Inventory Asset,03/01/2024,Inventory Starting Value,START,,SS-MISC - Opening inventory and value,Opening Balance Equity,0,594129.940000001
,Inventory Asset,03/04/2024,Bill,1964,V&M,5/16 oz. Black/Red Skipping Jig,Accounts Payable (A/P),1062.5,595192.440000001
,Inventory Asset,03/04/2024,Bill,1964,V&M,7/16 oz. Black/Red Skipping Jig,Accounts Payable (A/P),732.5,595924.940000001
,Inventory Asset,03/04/2024,Bill,1964,V&M,5/16 oz. Tequila Skipping Jig,Accounts Payable (A/P),937.5,596862.440000001
,Inventory Asset,03/04/2024,Bill,1964,V&M,7/16 oz. Tequila Skipping Jig,Accounts Payable (A/P),1267.5,598129.940000001
,Inventory Asset,03/04/2024,Bill,1964,V&M,3/8 oz. Threadfin Shad Swim Jig,Accounts Payable (A/P),750,598879.940000001
,Inventory Asset,03/04/2024,Bill,1964,V&M,3/8 oz. Threadfin Shad Swim Jig,Accounts Payable (A/P),375,599254.940000001
,Inventory Asset,03/07/2024,Bill,1978,VRX Fishing Products,"4"" Muscle Back Craw, Perch",Accounts Payable (A/P),432,599686.940000001
,Inventory Asset,03/07/2024,Bill,1978,VRX Fishing Products,"4"" Muscle Back Craw, Houdini",Accounts Payable (A/P),233,599919.940000001
,Inventory Asset,03/07/2024,Bill,1978,VRX Fishing Products,"3.25"" Muscle Back Finesse Craw, Sprayed Grass",Accounts Payable (A/P),486,600405.940000001
,Inventory Asset,03/07/2024,Bill,1978,VRX Fishing Products,"3.25"" Muscle Back Finesse Craw, Pearl",Accounts Payable (A/P),346,600751.940000001
,Inventory Asset,03/07/2024,Bill,1978,VRX Fishing Products,"3.5"" Punisher Punch Craw, Green Pumpkin Purple Green",Accounts Payable (A/P),523,601274.940000001
,Inventory Asset,03/07/2024,Bill,1978,VRX Fishing Products,"3.5"" Punisher Punch Craw, Black Blue Lam",Accounts Payable (A/P),10,601284.940000001
,Inventory Asset,03/07/2024,Bill,1978,VRX Fishing Products,"4"" Adrenaline Bug, Green Pumpkin Purple Green",Accounts Payable (A/P),155,601439.940000001
,Inventory Asset,03/07/2024,Bill,1978,VRX Fishing Products,"4"" Adrenaline Bug, California 420",Accounts Payable (A/P),433,601872.940000001
,Inventory Asset,03/07/2024,Bill,1978,VRX Fishing Products,"4"" Adrenaline Bug, Black Blue Lam",Accounts Payable (A/P),129,602001.940000001
,Inventory Asset,03/07/2024,Bill,1978,VRX Fishing Products,"4"" Adrenaline Bug, Black Red Flake",Accounts Payable (A/P),27,602028.940000001
,Inventory Asset,03/07/2024,Bill,1978,VRX Fishing Products,"3.5"" Adrenaline Bug Jr, Border Craw",Accounts Payable (A/P),355,602383.940000001
,Inventory Asset,03/07/2024,Bill,1978,VRX Fishing Products,"3.5"" Adrenaline Bug Jr, Purple Shadow",Accounts Payable (A/P),426,602809.940000001
,Inventory Asset,03/25/2024,Bill,1973,O Mustad & Sons,Mustad Arm Lock Double Willow Spinnerbait  COLOR: Wakasagi,Accounts Payable (A/P),979.2,603789.140000001
,Inventory Asset,03/25/2024,Bill,1973,O Mustad & Sons,Mustad Arm Lock Double Willow Spinnerbait  COLOR: Ayu,Accounts Payable (A/P),973.76,604762.900000001
,Inventory Asset,03/25/2024,Bill,1973,O Mustad & Sons,Mustad Arm Lock Double Willow Spinnerbait   COLOR: Chartreuse & White,Accounts Payable (A/P),489.6,605252.5000000009
,Inventory Asset,03/25/2024,Bill,1973,O Mustad & Sons,Mustad Arm Lock Double Willow Spinnerbait  COLOR: Orange & Gold,Accounts Payable (A/P),979.2,606231.7000000009
,Inventory Asset,03/25/2024,Bill,1973,O Mustad & Sons,Mustad Arm Lock Double Willow Spinnerbait  COLOR: Lime & Chartreuse,Accounts Payable (A/P),979.2,607210.9000000008
,Inventory Asset,03/25/2024,Bill,1973,O Mustad & Sons,Mustad Arm Lock Double Willow Spinnerbait  COLOR: Black & Orange,Accounts Payable (A/P),979.2,608190.1000000008
,Inventory Asset,03/25/2024,Bill,1969,Trophy Technologies,Castaic Atlas Spinnerbait 3/8oz Chartreuse White Gold Blade,Accounts Payable (A/P),3400,611590.1000000008
,Inventory Asset,03/25/2024,Bill,1969,Trophy Technologies,Castaic RC Hammer Football Jig 1/4oz Watermelon,Accounts Payable (A/P),980.05,612570.1500000008
,Inventory Asset,03/25/2024,Bill,1969,Trophy Technologies,Castaic RC Hammer Football Jig 1/2oz Orange Craw,Accounts Payable (A/P),680,613250.1500000008
,Inventory Asset,03/25/2024,Bill,1969,Trophy Technologies,Castaic RC Hammer Football Jig 1/4oz Black Blue,Accounts Payable (A/P),489.6,613739.7500000008
,Inventory Asset,03/27/2024,Bill,1976,GSM Outdoors,"6.5"" Airtail WigglerColor: Green PumpkinAdd ScentQty per bag: 10  UPC: 876716002221",Accounts Payable (A/P),770,614509.7500000008
,Inventory Asset,03/27/2024,Bill,1976,GSM Outdoors,"6.5"" Airtail WigglerColor: June BugAdd ScentQty per bag: 10   UPC: 876716002450",Accounts Payable (A/P),770,615279.7500000008
,Inventory Asset,03/27/2024,Bill,1976,GSM Outdoors,"6.5"" Airtail WigglerColor: Watermelon Red FlakeAdd ScentQty per bag: 10   UPC: 876716002245",Accounts Payable (A/P),770,616049.7500000008
,Inventory Asset,03/27/2024,Bill,1976,GSM Outdoors,"6.5"" Airtail WigglerColor: Black Blue FlakeAdd ScentQty per bag: 10   UPC: 876716003389",Accounts Payable (A/P),770,616819.7500000008
,Inventory Asset,03/27/2024,Bill,1976,GSM Outdoors,"6.5"" Airtail WigglerColor: Red BugAdd ScentQty per bag: 10  UPC: 876716002276",Accounts Payable (A/P),770,617589.7500000008
,Inventory Asset,03/27/2024,Bill,1976,GSM Outdoors,"6.5"" Airtail WigglerColor: Trophy HunterAdd ScentQty per bag: 10  UPC: 876716002238",Accounts Payable (A/P),770,618359.7500000008
,Inventory Asset,03/27/2024,Bill,1976,GSM Outdoors,"6.5"" Airtail WigglerColor: SsabednargAdd ScentQty per bag: 10  UPC: 876716003372",Accounts Payable (A/P),770,619129.7500000008
,Inventory Asset,03/27/2024,Bill,1976,GSM Outdoors,"6.5"" Airtail WigglerColor: Ballistic BluegillAdd ScentQty per bag: 10  UPC: 876716003396",Accounts Payable (A/P),770,619899.7500000008
,Inventory Asset,03/29/2024,Bill,1990,Pradco Outdoors Brands,"Yum 4.5"" Christie Critter Green Pumpkin    Creatures & Craws",Accounts Payable (A/P),2250,622149.7500000008
,Inventory Asset,04/01/2024,Bill,Coastal Sports,Maximus Outdoors,"Ocho 7"" - Watermelon",Accounts Payable (A/P),578,622727.7500000008
,Inventory Asset,04/01/2024,Bill,Coastal Sports,Maximus Outdoors,"Ocho 7"" - Green Pumpkin",Accounts Payable (A/P),777,623504.7500000008
,Inventory Asset,04/01/2024,Bill,Coastal Sports,Maximus Outdoors,"Ocho 7"" - Blue Craw",Accounts Payable (A/P),2195,625699.7500000008
,Inventory Asset,04/01/2024,Bill,Coastal Sports,Maximus Outdoors,"Ocho 7"" - Tequila",Accounts Payable (A/P),2379,628078.7500000008
,Inventory Asset,04/01/2024,Inventory Starting Value,START,,ARB1235 - Opening inventory and value,Opening Balance Equity,0,628078.7500000008
,Inventory Asset,04/01/2024,Inventory Starting Value,START,,SW-WR - Opening inventory and value,Opening Balance Equity,0,628078.7500000008
,Inventory Asset,04/01/2024,Inventory Starting Value,START,,SW-GP - Opening inventory and value,Opening Balance Equity,0,628078.7500000008
,Inventory Asset,04/01/2024,Inventory Starting Value,START,,SW-TS - Opening inventory and value,Opening Balance Equity,0,628078.7500000008
,Inventory Asset,04/01/2024,Inventory Starting Value,START,,HCRAWZ-MISC - Opening inventory and value,Opening Balance Equity,0,628078.7500000008
,Inventory Asset,04/01/2024,Inventory Starting Value,START,,MLF-GF-C - Opening inventory and value,Opening Balance Equity,0,628078.7500000008
,Inventory Asset,04/01/2024,Inventory Starting Value,START,,MLF-GF-W - Opening inventory and value,Opening Balance Equity,0,628078.7500000008
,Inventory Asset,04/01/2024,Inventory Starting Value,START,,MLF-EWW - Opening inventory and value,Opening Balance Equity,0,628078.7500000008
,Inventory Asset,04/01/2024,Inventory Starting Value,START,,MLF-900 - Opening inventory and value,Opening Balance Equity,0,628078.7500000008
,Inventory Asset,04/01/2024,Inventory Starting Value,START,,MLF-901 - Opening inventory and value,Opening Balance Equity,0,628078.7500000008
,Inventory Asset,04/01/2024,Inventory Starting Value,START,,MLF-902 - Opening inventory and value,Opening Balance Equity,0,628078.7500000008
,Inventory Asset,04/11/2024,Bill,1983,GSM Outdoors,"5.25"" Airtail Shaky Stick, Color: Green Pumpkin, Add Scent Qty per bag: 8  UPC 876716005819",Accounts Payable (A/P),1004.64,629083.3900000008
,Inventory Asset,04/11/2024,Bill,1983,GSM Outdoors,"5.25"" Airtail Shaky Stick, Color: Trophy Hunter, Add Scent Qty per bag: 8  UPC 876716005840",Accounts Payable (A/P),1004.64,630088.0300000008
,Inventory Asset,04/11/2024,Bill,1983,GSM Outdoors,"5.25"" Airtail Shaky Stick, Color: Black Blue Flk, Add Scent Qty per bag: 8  UPC 876716005833",Accounts Payable (A/P),1004.64,631092.6700000009
,Inventory Asset,04/11/2024,Bill,1983,GSM Outdoors,"5.25"" Airtail Shaky Stick, Color: Watermelon Red Flk, Add Scent Qty per bag: 8  UPC 876716005857",Accounts Payable (A/P),1004.64,632097.3100000009
,Inventory Asset,04/11/2024,Bill,1983,GSM Outdoors,"5.25"" Airtail Shaky Stick, Color: June Bug, Add Scent Qty per bag: 8  UPC 876716005826",Accounts Payable (A/P),1004.64,633101.9500000009
,Inventory Asset,04/11/2024,Bill,1983,GSM Outdoors,"5.25"" Airtail Shaky Stick, Color: Magic Grass, Add Scent Qty per bag: 8  UPC 876716005956",Accounts Payable (A/P),1004.64,634106.5900000009
,Inventory Asset,04/11/2024,Bill,1983,GSM Outdoors,"5.25"" Airtail Shaky Stick, Color: Baby Bass, Add Scent Qty per bag: 8  UPC 876716005918",Accounts Payable (A/P),1004.64,635111.2300000009
,Inventory Asset,04/11/2024,Bill,1983,GSM Outdoors,"5.25"" Airtail Shaky Stick, Color: Shad Spawn, Add Scent Qty per bag: 8  UPC 876716005888",Accounts Payable (A/P),1004.64,636115.8700000009
,Inventory Asset,04/11/2024,Bill,1983,GSM Outdoors,"5.25"" Airtail Stick, Color: Ssabednarg, Add Scent, Qty per bag: 8UPC 876716006427",Accounts Payable (A/P),4830,640945.8700000009
,Inventory Asset,04/17/2024,Bill,1989,Pradco Outdoors Brands,SMK Susp Rogue-Threadfin Shad   Jerkbait   UPC 49575004525  UPC 49575006802,Accounts Payable (A/P),117,641062.8700000009
,Inventory Asset,04/17/2024,Bill,1989,Pradco Outdoors Brands,SMK Susp Rogue-Golden Shiner   Jerkbait   UPC 49575006802,Accounts Payable (A/P),1366.2,642429.0700000009
,Inventory Asset,04/17/2024,Bill,1989,Pradco Outdoors Brands,Smithwick Suspending Rogue-LEMON LIME CRSH  Jerkbait  UPC 49575006833,Accounts Payable (A/P),646.2,643075.2700000008
,Inventory Asset,04/17/2024,Bill,1989,Pradco Outdoors Brands,SMK Susp Rogue-Gold Rogue   Jerkbait   UPC 49575006802,Accounts Payable (A/P),181.8,643257.0700000009
,Inventory Asset,04/17/2024,Bill,1989,Pradco Outdoors Brands,SMK Susp Rogue-ClownUPC 049575412351,Accounts Payable (A/P),1866.6,645123.6700000009
,Inventory Asset,04/18/2024,Bill,1982,GSM Outdoors,"3.75"" Baby Rattlesnake, Color: Trophy Hunter, Add Salt & Scent Qty per bag: 10  UPC 876716000494",Accounts Payable (A/P),555,645678.6700000009
,Inventory Asset,04/18/2024,Bill,1982,GSM Outdoors,"3.75"" Baby Rattlesnake, Color: Watermelon Red Flk, Add Salt & Scent, Qty per bag: 10  UPC 876716000470",Accounts Payable (A/P),555,646233.6700000009
,Inventory Asset,04/18/2024,Bill,1982,GSM Outdoors,"3.75"" Baby Rattlesnake, Color: Green Pumpkin, Add Salt & Scent Qty per bag: 10 UPC 876716002122",Accounts Payable (A/P),555,646788.6700000009
,Inventory Asset,04/18/2024,Bill,1982,GSM Outdoors,"3.75"" Baby Rattlesnake, Color: Ssabednarg, Add Salt & ScentQty per bag: 10 UPC 876716000449",Accounts Payable (A/P),555,647343.6700000009
,Inventory Asset,04/18/2024,Bill,1982,GSM Outdoors,"3.75"" Baby Rattlesnake, Color: Blue Flk, Add Salt & Scent Qty per bag: 10  UPC 876716000456",Accounts Payable (A/P),555,647898.6700000009
,Inventory Asset,04/18/2024,Bill,1982,GSM Outdoors,"3.75"" Baby Rattlesnake, Color: Chartreuse Pepper, Add Salt & Scent Qty per bag: 10  UPC 876716000500",Accounts Payable (A/P),555,648453.6700000009
,Inventory Asset,04/18/2024,Bill,1982,GSM Outdoors,"3.75"" Baby Rattlesnake, Color: June Bug, Add Salt & Scent Qty per bag: 10  UPC 876716000524",Accounts Payable (A/P),555,649008.6700000009
,Inventory Asset,04/18/2024,Bill,1982,GSM Outdoors,"3.75"" Baby Rattlesnake, Color: Ballistic Bluegill, Add Salt & Scent Qty per bag: 10  UPC 876716003679",Accounts Payable (A/P),555,649563.6700000009
,Inventory Asset,04/18/2024,Bill,1981,GSM Outdoors,"4.75"" Rattlesnake, Color: Trophy Hunter, Add Salt & Scent, Qty per bag: 8 UPC 876716000197",Accounts Payable (A/P),887.5,650451.1700000009
,Inventory Asset,04/18/2024,Bill,1981,GSM Outdoors,"4.75"" Rattlesnake, Color: Green Pumpkin, Add Salt & Scent, Qty per bag: 8  UPC 876716000173",Accounts Payable (A/P),887.5,651338.6700000009
,Inventory Asset,04/18/2024,Bill,1981,GSM Outdoors,"4.75"" Rattlesnake, Color: Black Blue Flk, Add Salt & Scent, Qty per bag: 8  UPC 876716000401",Accounts Payable (A/P),887.5,652226.1700000009
,Inventory Asset,04/18/2024,Bill,1981,GSM Outdoors,"4.75"" Rattlesnake, Color: Ssabednarg, Add Salt & Scent, Qty per bag: 8  UPC 876716000159",Accounts Payable (A/P),887.5,653113.6700000009
,Inventory Asset,04/18/2024,Bill,1981,GSM Outdoors,"4.75"" Rattlesnake, Color: Watermelon Red Flk, Add Salt & Scent, Qty per bag: 8 UPC 876716000142",Accounts Payable (A/P),887.5,654001.1700000009
,Inventory Asset,04/18/2024,Bill,1981,GSM Outdoors,"4.75"" Rattlesnake, Color: Blue Flk, Add Salt & Scent, Qty per bag: 8  UPC 876716000166",Accounts Payable (A/P),887.5,654888.6700000009
,Inventory Asset,04/18/2024,Bill,1981,GSM Outdoors,"4.75"" Rattlesnake, Color: June Bug, Add Salt & Scent, Qty per bag: 8  UPC 876716000272",Accounts Payable (A/P),887.5,655776.1700000009
,Inventory Asset,04/18/2024,Bill,1981,GSM Outdoors,"4.75"" Rattlesnake, Color: Ballistic Bluegill, Add Salt & Scent, Qty per bag: 8 UPC 876716003648",Accounts Payable (A/P),887.5,656663.6700000009
,Inventory Asset,04/23/2024,Bill,1984,GSM Outdoors,"5"" Rattlesnake'o, Color: Trophy Hunter Add Salt & Scent, Qty per bag: 8  UPC 876716000739",Accounts Payable (A/P),954.72,657618.3900000008
,Inventory Asset,04/23/2024,Bill,1984,GSM Outdoors,"5"" Rattlesnake'o, Color: Black Blue Flk, Add Salt & Scent Qty per bag: 8  UPC 876716000760",Accounts Payable (A/P),954.72,658573.1100000008
,Inventory Asset,04/23/2024,Bill,1984,GSM Outdoors,"5"" Rattlesnake'o, Color: Green Pumpkin, Add Salt & Scent Qty per bag: 8  UPC 876716000685",Accounts Payable (A/P),954.72,659527.8300000008
,Inventory Asset,04/23/2024,Bill,1984,GSM Outdoors,"5"" Rattlesnake'o, Color: Watermelon Red Flk, Add Salt & Scent Qty per bag: 8 UPC 876716000678",Accounts Payable (A/P),954.72,660482.5500000007
,Inventory Asset,04/23/2024,Bill,1984,GSM Outdoors,"5"" Rattlesnake'o, Color: Ballistic Bluegill, Add Salt & Scent Qty per bag: 8 UPC 876716002184",Accounts Payable (A/P),954.72,661437.2700000007
,Inventory Asset,04/23/2024,Bill,1984,GSM Outdoors,"5"" Rattlesnake'o, Color: June Bug, Add Salt & Scent Qty per bag: 8  UPC 876716000692",Accounts Payable (A/P),954.72,662391.9900000007
,Inventory Asset,04/23/2024,Bill,1984,GSM Outdoors,"5"" Rattlesnake'o, Color: Chartreuse Pepper, Add Salt & Scent Qty per bag: 8  UPC 876716002160",Accounts Payable (A/P),954.72,663346.7100000007
,Inventory Asset,04/23/2024,Bill,1984,GSM Outdoors,"5"" Rattlesnake'o, Color: Red Bug, Add Salt & Scent Qty per bag:   UPC 876716000715",Accounts Payable (A/P),954.72,664301.4300000006
,Inventory Asset,04/23/2024,Bill,1995,Northland Tackle,Pro Sunny B Twinspin  COLOR Bone Belly Gill,Accounts Payable (A/P),890,665191.4300000006
,Inventory Asset,04/23/2024,Bill,1995,Northland Tackle,Pro Sunny B Twinspin  COLOR  Blue Chartreuse Shad,Accounts Payable (A/P),930,666121.4300000006
,Inventory Asset,04/23/2024,Bill,1995,Northland Tackle,Pro Sunny B Twinspin COLOR Citrus Shad,Accounts Payable (A/P),0,666121.4300000006
,Inventory Asset,04/23/2024,Bill,1995,Northland Tackle,Pro Sunny B Twinspin  COLOR  Faded Schoolbus,Accounts Payable (A/P),930,667051.4300000006
,Inventory Asset,04/23/2024,Bill,1995,Northland Tackle,Pro Sunny B Twinspin  COLOR Injured Shad,Accounts Payable (A/P),870,667921.4300000006
,Inventory Asset,04/23/2024,Bill,1995,Northland Tackle,Pro Sunny B Twinspin   COLOR Olive Shad,Accounts Payable (A/P),440,668361.4300000006
,Inventory Asset,04/23/2024,Bill,1995,Northland Tackle,Pro Sunny B Twinspin  COLOR Purple Gill,Accounts Payable (A/P),440,668801.4300000006
,Inventory Asset,04/23/2024,Bill,1995,Northland Tackle,Pro Sunny B Twinspin COLOR Realistic Shad,Accounts Payable (A/P),680,669481.4300000006
,Inventory Asset,04/23/2024,Bill,1995,Northland Tackle,Balsa B Color: Crusty Crawdad,Accounts Payable (A/P),2410,671891.4300000006
,Inventory Asset,04/23/2024,Bill,1995,Northland Tackle,Balsa B  Color: Hot Claw Crawdad,Accounts Payable (A/P),1050,672941.4300000006
,Inventory Asset,04/24/2024,Bill,1980,GSM Outdoors,"5"" Airtail Rattler, Color: Trophy Hunter, Add Scent Qty per bag: 8  UPC 876716002931",Accounts Payable (A/P),1104.48,674045.9100000006
,Inventory Asset,04/24/2024,Bill,1980,GSM Outdoors,"5"" Airtail Rattler, Color: Green Pumpkin, Add Scent Qty per bag: 8  UPC 876716002870",Accounts Payable (A/P),1104.48,675150.3900000006
,Inventory Asset,04/24/2024,Bill,1980,GSM Outdoors,"5"" Airtail Rattler, Color: Black Blue Flk, Add Scent Qty per bag: 8  UPC 876716002979",Accounts Payable (A/P),1104.48,676254.8700000006
,Inventory Asset,04/24/2024,Bill,1980,GSM Outdoors,"5"" Airtail Rattler, Color: Red Bug, Add Scent Qty per bag: 8  UPC 876716002993",Accounts Payable (A/P),1104.48,677359.3500000006
,Inventory Asset,04/24/2024,Bill,1980,GSM Outdoors,"5"" Airtail Rattler, Color: Watermelon Red Flk, Add Scent Qty per bag: 8  UPC 876716002887",Accounts Payable (A/P),1104.48,678463.8300000005
,Inventory Asset,04/24/2024,Bill,1980,GSM Outdoors,"5"" Airtail Rattler, Color: Blue Flk, Add Scent Qty per bag: 8  UPC 876716002917",Accounts Payable (A/P),1104.48,679568.3100000005
,Inventory Asset,04/24/2024,Bill,1980,GSM Outdoors,"5"" Airtail Rattler, Color: Ballistic Bluegill, Add Scent Qty per bag: 8  UPC 876716003600",Accounts Payable (A/P),1104.48,680672.7900000005
,Inventory Asset,04/24/2024,Bill,1980,GSM Outdoors,"5"" Airtail Rattler, Color: Chartreuse Pepper, Add Scent Qty per bag: 8  UPC 876716002894",Accounts Payable (A/P),1104.48,681777.2700000005
,Inventory Asset,04/24/2024,Bill,1980,GSM Outdoors,"5"" Airtail Rattler, Color: Summer Craw, Add Scent, Qty per bag: 8UPC 876716002924",Accounts Payable (A/P),5233.89,687011.1600000005
,Inventory Asset,04/26/2024,Bill,1951,A.N.E Wholesale,13 Fishing - Source K 4000  Reel,Accounts Payable (A/P),2565,689576.1600000005
,Inventory Asset,04/26/2024,Bill,1966,"Heyuan Boyue Color Printing Co.,Ltd",Limited Edition MONSTER/BASS Sticker,Accounts Payable (A/P),254,689830.1600000005
,Inventory Asset,04/26/2024,Bill,1966,"Heyuan Boyue Color Printing Co.,Ltd",M Sticker,Accounts Payable (A/P),254,690084.1600000005
,Inventory Asset,04/26/2024,Bill,1966,"Heyuan Boyue Color Printing Co.,Ltd",MB Snagglefish Stickers,Accounts Payable (A/P),290.4,690374.5600000005
,Inventory Asset,04/29/2024,Bill,1985,GSM Outdoors,"4"" Crush Craw, Color: Green Pumpkin, Add Scent, Qty per bag: 7  UPC 876716001101",Accounts Payable (A/P),1024.55,691399.1100000006
,Inventory Asset,04/29/2024,Bill,1985,GSM Outdoors,"4"" Crush Craw, Color: Watermelon Red Flk, Add Scent, Qty per bag: 7  UPC 876716004447",Accounts Payable (A/P),1102.05,692501.1600000006
,Inventory Asset,04/29/2024,Bill,1985,GSM Outdoors,"4"" Crush Craw, Color: Green Pumpkin Magic, Add Scent, Qty per bag: 7  UPC 876716001118",Accounts Payable (A/P),993.55,693494.7100000007
,Inventory Asset,04/29/2024,Bill,1985,GSM Outdoors,"4"" Crush Craw, Color: Black Blue Flk, Add Scent, Qty per bag: 7  UPC 876716001989",Accounts Payable (A/P),1060.2,694554.9100000006
,Inventory Asset,04/29/2024,Bill,1985,GSM Outdoors,"4"" Crush Craw, Color: PB & J, Add Scent, Qty per bag: 7  UPC 876716004515",Accounts Payable (A/P),1060.2,695615.1100000006
,Inventory Asset,04/29/2024,Bill,1985,GSM Outdoors,"4"" Crush Craw, Color: Spicy Craw, Add Scent, Qty per bag: 7  UPC 876716004485",Accounts Payable (A/P),1016.8,696631.9100000006
,Inventory Asset,04/29/2024,Bill,1985,GSM Outdoors,"4"" Crush Craw, Color: Magic Craw Swirl, Add Scent, Qty per bag: 7  UPC 876716001132",Accounts Payable (A/P),1029.2,697661.1100000006
,Inventory Asset,04/29/2024,Bill,1985,GSM Outdoors,"4"" Crush Craw, Color: Ssabednarg, Add Scent, Qty per bag: 7  UPC 876716004461",Accounts Payable (A/P),1024.55,698685.6600000006
,Inventory Asset,05/01/2024,Bill,1999,V&M,RC Craw   COLOR Black Blue Glitter,Accounts Payable (A/P),676.5,699362.1600000006
,Inventory Asset,05/01/2024,Bill,1999,V&M,RC Craw   COLOR Green Pumpkin,Accounts Payable (A/P),535.5,699897.6600000006
,Inventory Asset,05/01/2024,Bill,1999,V&M,RC Craw   COLOR Watermelon Red,Accounts Payable (A/P),817.5,700715.1600000006
,Inventory Asset,05/01/2024,Bill,1999,V&M,RC Craw  COLOR Gleason's Candy,Accounts Payable (A/P),677.25,701392.4100000006
,Inventory Asset,05/01/2024,Bill,1999,V&M,RC Craw   COLOR Okeechobee Craw,Accounts Payable (A/P),762.75,702155.1600000006
,Inventory Asset,05/01/2024,Bill,2001,"Z-Man Fishing Products, Inc.",HellaCrawZMisc Colors,Accounts Payable (A/P),1260,703415.1600000006
,Inventory Asset,05/01/2024,Inventory Starting Value,START,,LB - Opening inventory and value,Opening Balance Equity,0,703415.1600000006
,Inventory Asset,05/01/2024,Inventory Starting Value,START,,1105-01 - Opening inventory and value,Opening Balance Equity,0,703415.1600000006
,Inventory Asset,05/01/2024,Inventory Starting Value,START,,PL00S - Opening inventory and value,Opening Balance Equity,0,703415.1600000006
,Inventory Asset,05/14/2024,Bill,1974,B8Lab,Limited Edition Papa Chomp: Glow Bone w/ Chartreuse Head & Silver Flake  TOP WATER,Accounts Payable (A/P),6960,710375.1600000006
,Inventory Asset,05/21/2024,Bill,1996,GSM Outdoors,"8"" Megatail Rattlesnake, Color: Trophy Hunter, Qty per bag: 8 UPC 876716001781",Accounts Payable (A/P),943.75,711318.9100000006
,Inventory Asset,05/21/2024,Bill,1996,GSM Outdoors,"8"" Megatail Rattlesnake, Color: Blue Flk, Qty per bag: 8   UPC 876716001729",Accounts Payable (A/P),943.75,712262.6600000006
,Inventory Asset,05/21/2024,Bill,1996,GSM Outdoors,"8"" Megatail Rattlesnake, Color: Green Pumpkin, Qty per bag: 8  UPC 876716001712",Accounts Payable (A/P),943.75,713206.4100000006
,Inventory Asset,05/21/2024,Bill,1996,GSM Outdoors,"8"" Megatail Rattlesnake, Color: Watermelon Red Flk, Qty per bag: 8  UPC 876716001668",Accounts Payable (A/P),943.75,714150.1600000006
,Inventory Asset,05/21/2024,Bill,1996,GSM Outdoors,"8"" Megatail Rattlesnake, Color: June Bug, Qty per bag: 8  UPC 876716001675",Accounts Payable (A/P),943.75,715093.9100000006
,Inventory Asset,05/21/2024,Bill,1996,GSM Outdoors,"8"" Megatail Rattlesnake, Color: Black Blue Flk, Qty per bag: 8   UPC 876716001705",Accounts Payable (A/P),943.75,716037.6600000006
,Inventory Asset,05/21/2024,Bill,1996,GSM Outdoors,"8"" Megatail Rattlesnake, Color: Red Bug Qty per bag: 8  UPC 876716001743",Accounts Payable (A/P),943.75,716981.4100000006
,Inventory Asset,05/21/2024,Bill,1996,GSM Outdoors,"8"" Megatail Rattlesnake, Color: Morning Dawn, Qty per bag: 8 UPC 876716006410",Accounts Payable (A/P),4530,721511.4100000006
,Inventory Asset,05/21/2024,Bill,1996,GSM Outdoors,"8"" Megatail Rattlesnake, Color: Watermelon Seed, Qty per bag: 8   UPC 876716001699",Accounts Payable (A/P),943.75,722455.1600000006
,Inventory Asset,05/21/2024,Bill,1996,GSM Outdoors,"4.25"" Shad Trixx, Color: Houdini, Qty per bag: 8  UPC 876716003563",Accounts Payable (A/P),725,723180.1600000006
,Inventory Asset,05/21/2024,Bill,1996,GSM Outdoors,"4.25"" Shad Trixx, Color: Sexy Magic, Qty per bag: 8  UPC 876716004836",Accounts Payable (A/P),725,723905.1600000006
,Inventory Asset,05/21/2024,Bill,1996,GSM Outdoors,"4.25"" Shad Trixx, Color: Electric Shad, Qty per bag: 8  UPC 876716004867",Accounts Payable (A/P),725,724630.1600000006
,Inventory Asset,05/21/2024,Bill,1996,GSM Outdoors,"4.25"" Shad Trixx, Color: Trophy Hunter, Qty per bag: 8  UPC 876716004775",Accounts Payable (A/P),725,725355.1600000006
,Inventory Asset,05/21/2024,Bill,1996,GSM Outdoors,"4.25"" Shad Trixx, Color: June Bug, Qty per bag: 8  UPC 876716004843",Accounts Payable (A/P),725,726080.1600000006
,Inventory Asset,05/21/2024,Bill,1996,GSM Outdoors,"4.25"" Shad Trixx, Color: Green Pumpkin, Qty per bag: 8  UPC 876716004874",Accounts Payable (A/P),725,726805.1600000006
,Inventory Asset,05/21/2024,Bill,1996,GSM Outdoors,"4.25"" Shad Trixx, Color: Green Pumpkin Gill, Qty per bag: 8   UPC 876716004881",Accounts Payable (A/P),725,727530.1600000006
,Inventory Asset,05/21/2024,Bill,1996,GSM Outdoors,"4.25"" Shad Trixx, Color: Chartreuse Silver, Qty per bag: 8  UPC 876716004706",Accounts Payable (A/P),725,728255.1600000006
,Inventory Asset,05/21/2024,Bill,1986,GSM Outdoors,"4.5"" Fatso Pig, Color: Ballistic Gill, Add Salt & Scent Qty per bag: 8  UPC 876716005932",Accounts Payable (A/P),887.5,729142.6600000006
,Inventory Asset,05/21/2024,Bill,1986,GSM Outdoors,"4.5"" Fatso Pig, Color: Shad Spawn Add Salt & Scent Qty per bag: 8  UPC 876716006014",Accounts Payable (A/P),2130,731272.6600000006
,Inventory Asset,05/21/2024,Bill,1986,GSM Outdoors,"4.5"" Fatso Pig, Color: Baby Bass, Add Salt & Scent Qty per bag: 8  UPC 876716005987",Accounts Payable (A/P),887.5,732160.1600000006
,Inventory Asset,05/21/2024,Bill,1986,GSM Outdoors,"4.5"" Fatso Pig, Color: Spicy Craw, Add Salt & Scent Qty per bag: 8  UPC 876716006007",Accounts Payable (A/P),887.5,733047.6600000006
,Inventory Asset,05/21/2024,Bill,1986,GSM Outdoors,"4.5"" Fatso Pig, Color: Green Pumpkin, Add Salt & Scent Qty per bag: 8  UPC 876716005963",Accounts Payable (A/P),887.5,733935.1600000006
,Inventory Asset,05/21/2024,Bill,1986,GSM Outdoors,"4.5"" Fatso Pig, Color: June Bug, Add Salt & Scent Qty per bag: 8 UPC 876716005994",Accounts Payable (A/P),2130,736065.1600000006
,Inventory Asset,05/21/2024,Bill,1986,GSM Outdoors,"4.5"" Fatso Pig, Color: Watermelon Red Flk Add Salt & Scent, Qty per bag: 8  UPC 876716005680",Accounts Payable (A/P),887.5,736952.6600000006
,Inventory Asset,05/21/2024,Bill,1986,GSM Outdoors,"4.5"" Fatso Pig, Color: Chartreuse Pepper, Add Salt & Scent Qty per bag: 8  UPC 876716005970",Accounts Payable (A/P),887.5,737840.1600000006
,Inventory Asset,05/21/2024,Bill,,Pradco Outdoors Brands,Rebel Poppin Minnow CCOLOR Bone  UPC 20554013431,Accounts Payable (A/P),5031,742871.1600000006
,Inventory Asset,05/21/2024,Bill,,Pradco Outdoors Brands,Rebel Poppin Minnow   COLOR Chrome Silver   UPC 20554071967,Accounts Payable (A/P),607.5,743478.6600000006
,Inventory Asset,05/21/2024,Bill,,Pradco Outdoors Brands,Rebel Poppin Minnow    COLOR Moon Spot   UPC 20554072520,Accounts Payable (A/P),328.5,743807.1600000006
,Inventory Asset,05/21/2024,Bill,,Pradco Outdoors Brands,Rebel Poppin Minnow    COLOR Blue Candy  UPC 20554072537,Accounts Payable (A/P),117,743924.1600000006
,Inventory Asset,05/21/2024,Bill,1993,GSM Outdoors,"2.75"" Ned Candy in Watermelon Red  UPC 8 53514 000895",Accounts Payable (A/P),550,744474.1600000006
,Inventory Asset,05/21/2024,Bill,1993,GSM Outdoors,"2.75"" Ned Candy in Green Pumpkin   UPC 8 53514 000901",Accounts Payable (A/P),550,745024.1600000006
,Inventory Asset,05/21/2024,Bill,1993,GSM Outdoors,"2.75"" Ned Candy in Black & Blue   UPC 8 53514 000918",Accounts Payable (A/P),550,745574.1600000006
,Inventory Asset,05/21/2024,Bill,1993,GSM Outdoors,"2.75"" Ned Candy in Green Pumpkin Red  UPC 8 53514 000925",Accounts Payable (A/P),550,746124.1600000006
,Inventory Asset,05/21/2024,Bill,1993,GSM Outdoors,"2.75"" Ned Candy in Crawdaddy   UPC 8 53514 000932",Accounts Payable (A/P),550,746674.1600000006
,Inventory Asset,05/21/2024,Bill,1993,GSM Outdoors,"2.75"" Ned Candy in Orange Craw Swirl   UPC 8 53514 000949",Accounts Payable (A/P),550,747224.1600000006
,Inventory Asset,05/21/2024,Bill,1993,GSM Outdoors,"2.75"" Ned Candy in PB&J   UPC 8 53514 000956",Accounts Payable (A/P),550,747774.1600000006
,Inventory Asset,05/21/2024,Bill,1993,GSM Outdoors,"2.75"" Ned Candy in Black Neon    UPC 8 53514 000963",Accounts Payable (A/P),550,748324.1600000006
,Inventory Asset,05/22/2024,Bill,1965,"American Snakehead Customs, LLC",Double WIllow Snek Frog - Black N Blue TOPWATER,Accounts Payable (A/P),225,748549.1600000006
,Inventory Asset,05/22/2024,Bill,1965,"American Snakehead Customs, LLC",Double WIllow Snek Frog - Fire TOPWATER,Accounts Payable (A/P),225,748774.1600000006
,Inventory Asset,05/22/2024,Bill,1965,"American Snakehead Customs, LLC",Double WIllow Snek Frog - Ghost TOPWATER,Accounts Payable (A/P),225,748999.1600000006
,Inventory Asset,05/22/2024,Bill,1965,"American Snakehead Customs, LLC",Double WIllow Snek Frog - Glow TOPWATER,Accounts Payable (A/P),225,749224.1600000006
,Inventory Asset,05/22/2024,Bill,1965,"American Snakehead Customs, LLC",Double WIllow Snek Frog - Rainbow TOPWATER,Accounts Payable (A/P),225,749449.1600000006
,Inventory Asset,05/22/2024,Bill,1965,"American Snakehead Customs, LLC",Double WIllow Snek Frog - The Patriot TOPWATER,Accounts Payable (A/P),225,749674.1600000006
,Inventory Asset,05/22/2024,Bill,1965,"American Snakehead Customs, LLC",Double WIllow Snek Frog - The Treuth TOPWATER,Accounts Payable (A/P),225,749899.1600000006
,Inventory Asset,05/22/2024,Bill,1965,"American Snakehead Customs, LLC","Limited Edition Double Willow Snek Frog: Glow + Green, Orange & Gold flake on the belly & side",Accounts Payable (A/P),7650,757549.1600000006
,Inventory Asset,06/05/2024,Bill,2003,Major League Fishing,6th Sense Crush 100X - Color: 4k Shad,Accounts Payable (A/P),506.25,758055.4100000006
,Inventory Asset,06/05/2024,Bill,2003,Major League Fishing,"6th Sense Ned Fry 4.6"" - Color: Black n Blue Flake",Accounts Payable (A/P),67,758122.4100000006
,Inventory Asset,06/05/2024,Bill,2003,Major League Fishing,6th Sense Hyperjerk - Color: Shad Burst,Accounts Payable (A/P),55,758177.4100000006
,Inventory Asset,06/05/2024,Bill,2003,Major League Fishing,6th Sense Quake Thud - Color: Clayton's Shiner,Accounts Payable (A/P),215,758392.4100000006
,Inventory Asset,06/05/2024,Bill,2014,A.N.E Wholesale,Quantum Pulse ReelFishing Reel,Accounts Payable (A/P),1400,759792.4100000006
,Inventory Asset,06/13/2024,Bill,2009,Bruiser Baits,Crazy Craw- Color Dark G/P Party,Accounts Payable (A/P),495,760287.4100000006
,Inventory Asset,06/13/2024,Bill,2009,Bruiser Baits,"5"" Stick Worm - Color Light G/P Blue Tip",Accounts Payable (A/P),192.5,760479.9100000006
,Inventory Asset,06/13/2024,Bill,2009,Bruiser Baits,Slimmer Swimmer - Color  Houdini,Accounts Payable (A/P),550,761029.9100000006
,Inventory Asset,06/13/2024,Bill,2009,Bruiser Baits,Slimmer Swimmer - Color Knockout,Accounts Payable (A/P),550,761579.9100000006
,Inventory Asset,06/13/2024,Bill,2009,Bruiser Baits,Slimmer Swimmer - Color Knockout,Accounts Payable (A/P),935,762514.9100000006
,Inventory Asset,06/17/2024,Bill,1956,O Mustad & Sons,Ultimate Frog - Tan/Brown,Accounts Payable (A/P),6367.44,768882.3500000006
,Inventory Asset,06/17/2024,Bill,1956,O Mustad & Sons,Ultimate Frog - Green/Yellow,Accounts Payable (A/P),6367.44,775249.7900000005
,Inventory Asset,06/20/2024,Bill,1988,"Qingdao Mango Outdoors Co., Ltd.",Donkey Snacks  Top Water Color: White    UPC 810103811577,Accounts Payable (A/P),1027.2,776276.9900000005
,Inventory Asset,06/20/2024,Bill,1988,"Qingdao Mango Outdoors Co., Ltd.",Donkey Snacks  Top Water Color: Green   UPC 810103811584,Accounts Payable (A/P),1027.2,777304.1900000004
,Inventory Asset,06/20/2024,Bill,1988,"Qingdao Mango Outdoors Co., Ltd.",Donkey Snacks  Topwater  Color:Brown   UPC 810103811591,Accounts Payable (A/P),1027.2,778331.3900000004
,Inventory Asset,06/20/2024,Bill,1988,"Qingdao Mango Outdoors Co., Ltd.",Donkey Snacks   Topwater  Color: Black   UPC 810103811607,Accounts Payable (A/P),1027.2,779358.5900000003
,Inventory Asset,06/20/2024,Bill,2006,Pradco Outdoors Brands,NRM DP BABY N-PEARL,Accounts Payable (A/P),349.6,779708.1900000003
,Inventory Asset,06/20/2024,Bill,2006,Pradco Outdoors Brands,NRM MAD N-CHART/BLACK,Accounts Payable (A/P),2758,782466.1900000003
,Inventory Asset,06/20/2024,Bill,2006,Pradco Outdoors Brands,NRM MAD N-LAVENDER SHAD,Accounts Payable (A/P),724.5,783190.6900000003
,Inventory Asset,06/20/2024,Bill,2006,Pradco Outdoors Brands,NRM SPEED N-EVOO,Accounts Payable (A/P),545.3,783735.9900000003
,Inventory Asset,06/20/2024,Bill,2006,Pradco Outdoors Brands,NRM SPEED N-OLIVE/BLUE,Accounts Payable (A/P),739.1,784475.0900000003
,Inventory Asset,06/20/2024,Bill,2006,Pradco Outdoors Brands,NRM SPEED N JR-HOLY SHAD,Accounts Payable (A/P),216.6,784691.6900000003
,Inventory Asset,06/20/2024,Bill,2006,Pradco Outdoors Brands,NRM SPEED N JR-CHILI BOWL,Accounts Payable (A/P),1941.8,786633.4900000003
,Inventory Asset,06/20/2024,Bill,2015,A.N.E Wholesale,Baby D Stroyer: Candy Bomb  Craws & Creatures,Accounts Payable (A/P),1295,787928.4900000003
,Inventory Asset,06/20/2024,Bill,2015,A.N.E Wholesale,Baby D Stroyer: Candy Grass   Craws & Creatures,Accounts Payable (A/P),698.6,788627.0900000003
,Inventory Asset,06/20/2024,Bill,2015,A.N.E Wholesale,Baby D Stroyer: Shrapnel   Craws & Creatures,Accounts Payable (A/P),859.6,789486.6900000003
,Inventory Asset,06/20/2024,Bill,2015,A.N.E Wholesale,D Stroyer: Bruiser   Craws & Creatures,Accounts Payable (A/P),845.6,790332.2900000003
,Inventory Asset,06/20/2024,Bill,2015,A.N.E Wholesale,D Stroyer: California Love   Craws & Creatures,Accounts Payable (A/P),806.4,791138.6900000003
,Inventory Asset,06/20/2024,Bill,2015,A.N.E Wholesale,D Stroyer: Candy Bomb   Craws & Creatures,Accounts Payable (A/P),806.4,791945.0900000003
,Inventory Asset,06/20/2024,Bill,2015,A.N.E Wholesale,D Stroyer: Candy Grass   Craws & Creatures,Accounts Payable (A/P),548.8,792493.8900000004
,Inventory Asset,06/20/2024,Bill,2016,A.N.E Wholesale,Ike's Flip Out Jig : 3/4 oz. - Bamer Craw,Accounts Payable (A/P),828.8,793322.6900000004
,Inventory Asset,06/20/2024,Bill,2016,A.N.E Wholesale,Ike's Flip Out Jig: 3/4 oz. - Bruiser,Accounts Payable (A/P),554.4,793877.0900000004
,Inventory Asset,06/20/2024,Bill,2016,A.N.E Wholesale,Ike's Flip Out Jig: 3/4 oz. - Brewgill,Accounts Payable (A/P),205.8,794082.8900000005
,Inventory Asset,06/20/2024,Bill,2016,A.N.E Wholesale,Ike's Flip Out Jig: 3/4 oz. - California Love,Accounts Payable (A/P),891.8,794974.6900000005
,Inventory Asset,06/20/2024,Bill,2016,A.N.E Wholesale,Ike's Flip Out Jig: 3/4 oz. - Candy Grass,Accounts Payable (A/P),8.4,794983.0900000005
,Inventory Asset,06/20/2024,Bill,2016,A.N.E Wholesale,Ike's Flip Out Jig: 3/4 oz. - Dill Pickle,Accounts Payable (A/P),257.6,795240.6900000005
,Inventory Asset,06/20/2024,Bill,2016,A.N.E Wholesale,Ike's Flip Out Jig: 3/4 oz. - Green Pumpkin,Accounts Payable (A/P),296.8,795537.4900000006
,Inventory Asset,06/20/2024,Bill,2016,A.N.E Wholesale,Ike's Flip Out Jig: 3/4 oz. - Super Bug,Accounts Payable (A/P),173.6,795711.0900000005
,Inventory Asset,06/20/2024,Bill,2016,A.N.E Wholesale,Ike's Head Banger Jig: 1 oz. - Bamer Craw,Accounts Payable (A/P),163.8,795874.8900000006
,Inventory Asset,06/20/2024,Bill,2016,A.N.E Wholesale,Ike's Head Banger Jig: 1 oz. - Brown Purple Passion,Accounts Payable (A/P),646.8,796521.6900000006
,Inventory Asset,06/20/2024,Bill,2016,A.N.E Wholesale,Ike's Head Banger Jig: 1 oz. - Candy Grass,Accounts Payable (A/P),494.2,797015.8900000006
,Inventory Asset,06/20/2024,Bill,2016,A.N.E Wholesale,Ike's Head Banger Jig: 1 oz. - Green Pumpkin,Accounts Payable (A/P),196,797211.8900000006
,Inventory Asset,06/20/2024,Bill,2016,A.N.E Wholesale,Ike's Head Banger Jig: 1 oz. - PB&J,Accounts Payable (A/P),281.4,797493.2900000006
,Inventory Asset,06/25/2024,Bill,2000,V&M,Slim Wild Color: Watermelon Red,Accounts Payable (A/P),0,797493.2900000006
,Inventory Asset,06/25/2024,Bill,2000,V&M,Slim Wild Color: Green Pumpkin,Accounts Payable (A/P),1500,798993.2900000006
,Inventory Asset,06/25/2024,Bill,2000,V&M,Slim WildColor: Texas Smoke,Accounts Payable (A/P),0,798993.2900000006
,Inventory Asset,06/25/2024,Bill,2000,V&M,Slab Shad,Accounts Payable (A/P),275,799268.2900000006
,Inventory Asset,06/25/2024,Bill,2000,V&M,Pro Built Jigs,Accounts Payable (A/P),275,799543.2900000006
,Inventory Asset,06/26/2024,Bill,2018,Northland Tackle,Shallow Sunny B,Accounts Payable (A/P),285,799828.2900000006
,Inventory Asset,06/26/2024,Bill,2018,Northland Tackle,Shallow Sunny B,Accounts Payable (A/P),765,800593.2900000006
,Inventory Asset,06/26/2024,Bill,2018,Northland Tackle,Shallow Sunny B,Accounts Payable (A/P),930,801523.2900000006
,Inventory Asset,06/26/2024,Bill,2018,Northland Tackle,Shallow Sunny B,Accounts Payable (A/P),890,802413.2900000006
,Inventory Asset,06/26/2024,Bill,2018,Northland Tackle,Shallow Sunny B,Accounts Payable (A/P),212.5,802625.7900000006
,Inventory Asset,06/26/2024,Bill,2018,Northland Tackle,Shallow Sunny B,Accounts Payable (A/P),900,803525.7900000006
,Inventory Asset,06/26/2024,Bill,2018,Northland Tackle,Shallow Sunny B,Accounts Payable (A/P),817.5,804343.2900000006
,Inventory Asset,06/26/2024,Bill,2018,Northland Tackle,Shallow Sunny B,Accounts Payable (A/P),950,805293.2900000006
,Inventory Asset,06/26/2024,Bill,2018,Northland Tackle,Shallow Sunny B,Accounts Payable (A/P),250,805543.2900000006
,Inventory Asset,06/26/2024,Bill,2018,Northland Tackle,Shallow Sunny B,Accounts Payable (A/P),680,806223.2900000006
,Inventory Asset,06/26/2024,Bill,2018,Northland Tackle,Shallow Sunny B,Accounts Payable (A/P),75,806298.2900000006
,Inventory Asset,06/26/2024,Bill,2018,Northland Tackle,Shallow Sunny B,Accounts Payable (A/P),670,806968.2900000006
,Inventory Asset,06/26/2024,Bill,2018,Northland Tackle,Shallow Sunny B,Accounts Payable (A/P),355,807323.2900000006
,Inventory Asset,06/26/2024,Bill,2018,Northland Tackle,Shallow Sunny B,Accounts Payable (A/P),750,808073.2900000006
,Inventory Asset,07/01/2024,Inventory Starting Value,START,,STICKER-FBASS - Opening inventory and value,Opening Balance Equity,0,808073.2900000006
,Inventory Asset,07/08/2024,Bill,2002,Major League Fishing,Greenfish Tackle Hammerhead Buzzbait - Color: Chartreuse,Accounts Payable (A/P),3500,811573.2900000006
,Inventory Asset,07/08/2024,Bill,2002,Major League Fishing,Greenfish Tackle Hammerhead Buzzbait - Color: White,Accounts Payable (A/P),3500,815073.2900000006
,Inventory Asset,07/08/2024,Bill,2023,Hendrix Fishing Company,Hendrix Fishing Voodoo Frog - Limited Edition Color,Accounts Payable (A/P),4120,819193.2900000006
,Inventory Asset,07/18/2024,Bill,1994,Bo’s Jigs,Swim Jig: Firecracker,Accounts Payable (A/P),1450,820643.2900000006
,Inventory Asset,07/18/2024,Bill,1994,Bo’s Jigs,Flipping Jig: PB&J,Accounts Payable (A/P),1450,822093.2900000006
,Inventory Asset,07/18/2024,Bill,1994,Bo’s Jigs,Flipping Jig: Chartreuse Root Beer,Accounts Payable (A/P),1450,823543.2900000006
,Inventory Asset,07/18/2024,Bill,1994,Bo’s Jigs,Flipping Jig: Josh's Craw,Accounts Payable (A/P),1450,824993.2900000006
,Inventory Asset,07/18/2024,Bill,2021,"Heyuan Boyue Color Printing Co.,Ltd",Patriotic Bass,Accounts Payable (A/P),630,825623.2900000006
,Inventory Asset,07/18/2024,Bill,2019,Bassmooch,Slim Solo COLOR: Black & Blue,Accounts Payable (A/P),1512.5,827135.7900000006
,Inventory Asset,07/18/2024,Bill,2019,Bassmooch,Slim Solo COLOR:Green Pumpkin,Accounts Payable (A/P),1512.5,828648.2900000006
,Inventory Asset,07/18/2024,Bill,2019,Bassmooch,Slim Solo COLOR: Watermelon Red,Accounts Payable (A/P),1512.5,830160.7900000006
,Inventory Asset,07/18/2024,Bill,2019,Bassmooch,Slim Solo COLOR: Matt's Money,Accounts Payable (A/P),1512.5,831673.2900000006
,Inventory Asset,07/24/2024,Bill,2024,Pradco Outdoors Brands,Bobby Garland: BABY SHAD SWIMR-MUD DAUBER,Accounts Payable (A/P),123,831796.2900000006
,Inventory Asset,07/24/2024,Bill,2024,Pradco Outdoors Brands,Bomber FLAT A-GREEN PRL SHAD,Accounts Payable (A/P),921.15,832717.4400000006
,Inventory Asset,07/24/2024,Bill,2024,Pradco Outdoors Brands,Bomber FLAT A-MAD CRAW,Accounts Payable (A/P),921.15,833638.5900000007
,Inventory Asset,07/24/2024,Bill,2024,Pradco Outdoors Brands,Bomber FLAT A-MUDDY CRAW,Accounts Payable (A/P),921.15,834559.7400000007
,Inventory Asset,07/24/2024,Bill,2024,Pradco Outdoors Brands,Bomber FLAT A-ROCK CRAW,Accounts Payable (A/P),921.15,835480.8900000007
,Inventory Asset,07/24/2024,Bill,2024,Pradco Outdoors Brands,Bomber FLAT A-BONES,Accounts Payable (A/P),921.15,836402.0400000007
,Inventory Asset,07/24/2024,Bill,2024,Pradco Outdoors Brands,Gene Larew HAMMER CRAW-BLACK BLUE,Accounts Payable (A/P),412.8,836814.8400000008
,Inventory Asset,07/24/2024,Bill,2024,Pradco Outdoors Brands,Gene Larew HAMMER CRAW-BAMA BUG,Accounts Payable (A/P),249.6,837064.4400000008
,Inventory Asset,07/24/2024,Bill,2024,Pradco Outdoors Brands,Gene Larew HAMMER CRAW-SOONER RUN,Accounts Payable (A/P),201.6,837266.0400000007
,Inventory Asset,07/24/2024,Bill,2024,Pradco Outdoors Brands,Gene Larew HAMMER CRAW-GRN PMPKN BLUE,Accounts Payable (A/P),398.4,837664.4400000008
,Inventory Asset,07/24/2024,Bill,2024,Pradco Outdoors Brands,Gene Larew HAMMER CRAW-BONE WHT SLVR,Accounts Payable (A/P),129.6,837794.0400000007
,Inventory Asset,07/24/2024,Bill,2024,Pradco Outdoors Brands,Gene Larew HAMMER CRAW-MINNESOTA FLASH,Accounts Payable (A/P),48,837842.0400000007
,Inventory Asset,07/24/2024,Bill,2024,Pradco Outdoors Brands,Gene Larew HAMMER CRAW-GREEN PUMPKIN,Accounts Payable (A/P),403.2,838245.2400000007
,Inventory Asset,08/01/2024,Inventory Starting Value,START,,INV100S.SC3 - Opening inventory and value,Opening Balance Equity,0,838245.2400000007
,Inventory Asset,08/01/2024,Inventory Starting Value,START,,SMX101HPT.BX2 - Opening inventory and value,Opening Balance Equity,0,838245.2400000007
,Inventory Asset,08/01/2024,Inventory Starting Value,START,,SMX30XPT.BX3 - Opening inventory and value,Opening Balance Equity,0,838245.2400000007
,Inventory Asset,08/01/2024,Inventory Starting Value,START,,MBCF35-DBLO - Opening inventory and value,Opening Balance Equity,0,838245.2400000007
,Inventory Asset,08/01/2024,Inventory Starting Value,START,,MBMDC-BLKN - Opening inventory and value,Opening Balance Equity,0,838245.2400000007
,Inventory Asset,08/01/2024,Inventory Starting Value,START,,MBNB325-OGPC - Opening inventory and value,Opening Balance Equity,0,838245.2400000007
,Inventory Asset,08/01/2024,Inventory Starting Value,START,,MBQ45-WRC - Opening inventory and value,Opening Balance Equity,0,838245.2400000007
,Inventory Asset,08/01/2024,Inventory Starting Value,START,,MBQ65-GPF - Opening inventory and value,Opening Balance Equity,0,838245.2400000007
,Inventory Asset,08/01/2024,Inventory Starting Value,START,,BHOG4-310PK5 - Opening inventory and value,Opening Balance Equity,0,838245.2400000007
,Inventory Asset,08/01/2024,Inventory Starting Value,START,,LS6-46PK8 - Opening inventory and value,Opening Balance Equity,0,838245.2400000007
,Inventory Asset,08/01/2024,Inventory Starting Value,START,,SBFT38-01 - Opening inventory and value,Opening Balance Equity,0,838245.2400000007
,Inventory Asset,08/01/2024,Inventory Starting Value,START,,SBFT38-06 - Opening inventory and value,Opening Balance Equity,0,838245.2400000007
,Inventory Asset,08/01/2024,Inventory Starting Value,START,,SBFW14-05 - Opening inventory and value,Opening Balance Equity,0,838245.2400000007
,Inventory Asset,08/01/2024,Inventory Starting Value,START,,BHOG4-324PK5 - Opening inventory and value,Opening Balance Equity,0,838245.2400000007
,Inventory Asset,08/01/2024,Inventory Starting Value,START,,SSINK-343PK6 - Opening inventory and value,Opening Balance Equity,0,838245.2400000007
,Inventory Asset,08/01/2024,Inventory Starting Value,START,,SSINK-92PK6 - Opening inventory and value,Opening Balance Equity,0,838245.2400000007
,Inventory Asset,08/01/2024,Inventory Starting Value,START,,SBFT14-04 - Opening inventory and value,Opening Balance Equity,0,838245.2400000007
,Inventory Asset,08/01/2024,Inventory Starting Value,START,,SBFW14-06 - Opening inventory and value,Opening Balance Equity,0,838245.2400000007
,Inventory Asset,08/01/2024,Inventory Starting Value,START,,SBFW38-01 - Opening inventory and value,Opening Balance Equity,0,838245.2400000007
,Inventory Asset,08/01/2024,Inventory Starting Value,START,,GRUBZ25-246PK8 - Opening inventory and value,Opening Balance Equity,0,838245.2400000007
,Inventory Asset,08/01/2024,Inventory Starting Value,START,,LS6-345PK8 - Opening inventory and value,Opening Balance Equity,0,838245.2400000007
,Inventory Asset,08/01/2024,Inventory Starting Value,START,,SBFT14-05 - Opening inventory and value,Opening Balance Equity,0,838245.2400000007
,Inventory Asset,08/01/2024,Inventory Starting Value,START,,SBFT38-05 - Opening inventory and value,Opening Balance Equity,0,838245.2400000007
,Inventory Asset,08/01/2024,Inventory Starting Value,START,,SBFW14-01 - Opening inventory and value,Opening Balance Equity,0,838245.2400000007
,Inventory Asset,08/01/2024,Inventory Starting Value,START,,SBFW14-02 - Opening inventory and value,Opening Balance Equity,0,838245.2400000007
,Inventory Asset,08/01/2024,Inventory Starting Value,START,,SBFW14-04 - Opening inventory and value,Opening Balance Equity,0,838245.2400000007
,Inventory Asset,08/01/2024,Inventory Starting Value,START,,SBFT38-04 - Opening inventory and value,Opening Balance Equity,0,838245.2400000007
,Inventory Asset,08/01/2024,Inventory Qty Adjust,bulkImport-20240801,,Batch-import products & services,Cost of Goods Sold,,838245.2400000007
,Inventory Asset,08/01/2024,Inventory Qty Adjust,bulkImport-20240801,,Batch-import products & services,Cost of Goods Sold,,838245.2400000007
,Inventory Asset,08/01/2024,Inventory Qty Adjust,bulkImport-20240801,,Batch-import products & services,Cost of Goods Sold,,838245.2400000007
,Inventory Asset,08/01/2024,Inventory Qty Adjust,bulkImport-20240801,,Batch-import products & services,Cost of Goods Sold,,838245.2400000007
,Inventory Asset,08/01/2024,Inventory Qty Adjust,bulkImport-20240801,,Batch-import products & services,Cost of Goods Sold,,838245.2400000007
,Inventory Asset,08/01/2024,Inventory Qty Adjust,bulkImport-20240801,,Batch-import products & services,Cost of Goods Sold,,838245.2400000007
,Inventory Asset,08/01/2024,Inventory Qty Adjust,bulkImport-20240801,,Batch-import products & services,Cost of Goods Sold,-1917.05,836328.1900000006
,Inventory Asset,08/01/2024,Inventory Qty Adjust,bulkImport-20240801,,Batch-import products & services,Cost of Goods Sold,-1917.05,834411.1400000006
,Inventory Asset,08/01/2024,Inventory Qty Adjust,bulkImport-20240801,,Batch-import products & services,Cost of Goods Sold,-205.8,834205.3400000005
,Inventory Asset,08/01/2024,Inventory Qty Adjust,bulkImport-20240801,,Batch-import products & services,Cost of Goods Sold,-1917.05,832288.2900000005
,Inventory Asset,08/01/2024,Inventory Qty Adjust,bulkImport-20240801,,Batch-import products & services,Cost of Goods Sold,-1917.05,830371.2400000005
,Inventory Asset,08/01/2024,Inventory Qty Adjust,bulkImport-20240801,,Batch-import products & services,Cost of Goods Sold,-1917.05,828454.1900000004
,Inventory Asset,08/01/2024,Inventory Starting Value,START,,BHOG4-18PK5 - Opening inventory and value,Opening Balance Equity,0,828454.1900000004
,Inventory Asset,08/01/2024,Inventory Starting Value,START,,GRUBZ25-364PK8 - Opening inventory and value,Opening Balance Equity,0,828454.1900000004
,Inventory Asset,08/01/2024,Inventory Starting Value,START,,LS6-357PK8 - Opening inventory and value,Opening Balance Equity,0,828454.1900000004
,Inventory Asset,08/01/2024,Inventory Starting Value,START,,BSTICK-325PK6 - Opening inventory and value,Opening Balance Equity,0,828454.1900000004
,Inventory Asset,08/01/2024,Inventory Starting Value,START,,LS6-28PK8 - Opening inventory and value,Opening Balance Equity,0,828454.1900000004
,Inventory Asset,08/08/2024,Bill,2017,Packaging Corporation of America,Blue Box,Accounts Payable (A/P),5296.26,833750.4500000004
,Inventory Asset,08/08/2024,Bill,2026,Coastal Sports Distributors LLC,Spro Bucktail Jig Magic Bus 3/8oz,Accounts Payable (A/P),600,834350.4500000004
,Inventory Asset,08/08/2024,Bill,2026,Coastal Sports Distributors LLC,Spro Bucktail Jig Red White 1/2oz,Accounts Payable (A/P),408,834758.4500000004
,Inventory Asset,08/08/2024,Bill,2026,Coastal Sports Distributors LLC,Spro Bucktail Jig Chrome Silver 1/4oz,Accounts Payable (A/P),408,835166.4500000004
,Inventory Asset,08/08/2024,Bill,2026,Coastal Sports Distributors LLC,Spro Bucktail Jig Yellow 1/2oz,Accounts Payable (A/P),199.5,835365.9500000004
,Inventory Asset,08/08/2024,Bill,2026,Coastal Sports Distributors LLC,Spro Bucktail Jig Zucchini 1/4 Oz,Accounts Payable (A/P),325.5,835691.4500000004
,Inventory Asset,08/08/2024,Bill,2026,Coastal Sports Distributors LLC,Spro Bucktail Jig Chrome Silver 3/8oz,Accounts Payable (A/P),280.5,835971.9500000004
,Inventory Asset,08/08/2024,Bill,2026,Coastal Sports Distributors LLC,Spro Bucktail Jig Yellow 1/4oz,Accounts Payable (A/P),600,836571.9500000004
,Inventory Asset,08/08/2024,Bill,2026,Coastal Sports Distributors LLC,Spro Bucktail Jig Red White 1/4oz,Accounts Payable (A/P),600,837171.9500000004
,Inventory Asset,08/08/2024,Bill,2026,Coastal Sports Distributors LLC,Spro Bucktail Jig Mullet 1/4oz,Accounts Payable (A/P),600,837771.9500000004
,Inventory Asset,08/08/2024,Bill,2026,Coastal Sports Distributors LLC,Spro Bucktail Jig Mullet 1/2oz,Accounts Payable (A/P),600,838371.9500000004
,Inventory Asset,08/08/2024,Bill,2026,Coastal Sports Distributors LLC,Spro Bucktail Jig Chrome Chartreuse 1/4oz,Accounts Payable (A/P),600,838971.9500000004
,Inventory Asset,08/08/2024,Bill,2026,Coastal Sports Distributors LLC,Spro Bucktail Jig Magic Bus 1/2 Oz,Accounts Payable (A/P),570,839541.9500000004
,Inventory Asset,08/08/2024,Bill,2011,"Yangzhou SourcePro Outdoors Co.,LTD.",Glass Rattles - 5mm - 10packTerminal TackleUPC 876716002986,Accounts Payable (A/P),2416,841957.9500000004
,Inventory Asset,08/21/2024,Bill,2029,Coastal Sports Distributors LLC,Invade 100 Rh Baitcast Reel 4+1 Fishing ReelUPC 32784639053,Accounts Payable (A/P),198,842155.9500000004
,Inventory Asset,08/21/2024,Bill,2029,Coastal Sports Distributors LLC,Smoke X 100 Hpt LH Baitcast Reel 8+1  Fishing ReelUPC 32784640554,Accounts Payable (A/P),198,842353.9500000004
,Inventory Asset,08/21/2024,Bill,2029,Coastal Sports Distributors LLC,Smoke X Pt 30 Sz Spinning Reel 8+1   Fishing ReelUPC 32784640615,Accounts Payable (A/P),570,842923.9500000004
,Inventory Asset,09/01/2024,Inventory Starting Value,START,,1670-550 - Opening inventory and value,Opening Balance Equity,0,842923.9500000004
,Inventory Asset,09/01/2024,Inventory Qty Adjust,bulkImport-20240901,,Batch-import products & services,Cost of Goods Sold,,842923.9500000004
,Inventory Asset,09/01/2024,Inventory Qty Adjust,bulkImport-20240901,,Batch-import products & services,Cost of Goods Sold,,842923.9500000004
,Inventory Asset,09/01/2024,Inventory Qty Adjust,bulkImport-20240901,,Batch-import products & services,Cost of Goods Sold,,842923.9500000004
,Inventory Asset,09/01/2024,Inventory Qty Adjust,bulkImport-20240901,,Batch-import products & services,Cost of Goods Sold,,842923.9500000004
,Inventory Asset,09/01/2024,Inventory Qty Adjust,bulkImport-20240901,,Batch-import products & services,Cost of Goods Sold,,842923.9500000004
,Inventory Asset,09/01/2024,Inventory Qty Adjust,bulkImport-20240901,,Batch-import products & services,Cost of Goods Sold,,842923.9500000004
,Inventory Asset,09/01/2024,Inventory Qty Adjust,bulkImport-20240901,,Batch-import products & services,Cost of Goods Sold,,842923.9500000004
,Inventory Asset,09/01/2024,Inventory Qty Adjust,bulkImport-20240901,,Batch-import products & services,Cost of Goods Sold,-1270,841653.9500000004
,Inventory Asset,09/01/2024,Inventory Qty Adjust,bulkImport-20240901,,Batch-import products & services,Cost of Goods Sold,-5233.89,836420.0600000004
,Inventory Asset,09/01/2024,Inventory Qty Adjust,bulkImport-20240901,,Batch-import products & services,Cost of Goods Sold,-1.68,836418.3800000004
,Inventory Asset,09/01/2024,Inventory Qty Adjust,bulkImport-20240901,,Batch-import products & services,Cost of Goods Sold,-1.75,836416.6300000004
,Inventory Asset,09/01/2024,Inventory Qty Adjust,bulkImport-20240901,,Batch-import products & services,Cost of Goods Sold,-1.68,836414.9500000003
,Inventory Asset,09/01/2024,Inventory Qty Adjust,bulkImport-20240901,,Batch-import products & services,Cost of Goods Sold,-1270,835144.9500000003
,Inventory Asset,09/01/2024,Inventory Qty Adjust,bulkImport-20240901,,Batch-import products & services,Cost of Goods Sold,-1.25,835143.7000000003
,Inventory Asset,09/01/2024,Inventory Qty Adjust,bulkImport-20240901,,Batch-import products & services,Cost of Goods Sold,-770,834373.7000000003
,Inventory Asset,09/01/2024,Inventory Qty Adjust,bulkImport-20240901,,Batch-import products & services,Cost of Goods Sold,-887.5,833486.2000000003
,Inventory Asset,09/01/2024,Inventory Qty Adjust,bulkImport-20240901,,Batch-import products & services,Cost of Goods Sold,-1104.48,832381.7200000003
,Inventory Asset,09/01/2024,Inventory Qty Adjust,bulkImport-20240901,,Batch-import products & services,Cost of Goods Sold,-887.5,831494.2200000003
,Inventory Asset,09/01/2024,Inventory Qty Adjust,bulkImport-20240901,,Batch-import products & services,Cost of Goods Sold,-770,830724.2200000003
,Inventory Asset,09/01/2024,Inventory Qty Adjust,bulkImport-20240901,,Batch-import products & services,Cost of Goods Sold,-555,830169.2200000003
,Inventory Asset,09/01/2024,Inventory Starting Value,START,,STICKER-FIRE - Opening inventory and value,Opening Balance Equity,0,830169.2200000003
,Inventory Asset,09/01/2024,Inventory Starting Value,START,,STICKER-RETRO - Opening inventory and value,Opening Balance Equity,0,830169.2200000003
,Inventory Asset,09/01/2024,Inventory Starting Value,START,,STICKER-BK - Opening inventory and value,Opening Balance Equity,0,830169.2200000003
,Inventory Asset,09/04/2024,Bill,2030,A.N.E Wholesale,Craw Father El Diablo,Accounts Payable (A/P),1140.48,831309.7000000003
,Inventory Asset,09/04/2024,Bill,2030,A.N.E Wholesale,Mini D Chunk Black Neon,Accounts Payable (A/P),1267.2,832576.9000000003
,Inventory Asset,09/04/2024,Bill,2030,A.N.E Wholesale,Ned Bomb Orange Green Pumpkin Core,Accounts Payable (A/P),760.32,833337.2200000002
,Inventory Asset,09/04/2024,Bill,2030,A.N.E Wholesale,Quiver 4.5 Watermelon Red Core,Accounts Payable (A/P),760.32,834097.5400000002
,Inventory Asset,09/04/2024,Bill,2030,A.N.E Wholesale,Quiver 6.5 Green Pumpkin Flash,Accounts Payable (A/P),950.4,835047.9400000002
,Inventory Asset,09/07/2024,Inventory Starting Value,START,,MBV-3700 - Opening inventory and value,Opening Balance Equity,0,835047.9400000002
,Inventory Asset,09/07/2024,Inventory Starting Value,START,,BBL-CS - Opening inventory and value,Opening Balance Equity,0,835047.9400000002
,Inventory Asset,09/07/2024,Inventory Starting Value,START,,BBL-CS - Opening inventory and value,Opening Balance Equity,0,835047.9400000002
,Inventory Asset,09/07/2024,Inventory Starting Value,START,,MBV-3600 - Opening inventory and value,Opening Balance Equity,0,835047.9400000002
,Inventory Asset,09/07/2024,Inventory Starting Value,START,,BBL-WS - Opening inventory and value,Opening Balance Equity,0,835047.9400000002
,Inventory Asset,09/07/2024,Inventory Starting Value,START,,BBL-SS - Opening inventory and value,Opening Balance Equity,0,835047.9400000002
,Inventory Asset,09/07/2024,Inventory Starting Value,START,,BBL-BS - Opening inventory and value,Opening Balance Equity,0,835047.9400000002
,Inventory Asset,09/07/2024,Inventory Starting Value,START,,BBL-GB - Opening inventory and value,Opening Balance Equity,0,835047.9400000002
,Inventory Asset,09/11/2024,Inventory Starting Value,START,,17111 - Opening inventory and value,Opening Balance Equity,0,835047.9400000002
,Inventory Asset,09/11/2024,Inventory Starting Value,START,,10705 - Opening inventory and value,Opening Balance Equity,0,835047.9400000002
,Inventory Asset,09/11/2024,Inventory Starting Value,START,,17319 - Opening inventory and value,Opening Balance Equity,0,835047.9400000002
,Inventory Asset,09/11/2024,Inventory Starting Value,START,,17323 - Opening inventory and value,Opening Balance Equity,0,835047.9400000002
,Inventory Asset,09/11/2024,Inventory Starting Value,START,,17324 - Opening inventory and value,Opening Balance Equity,0,835047.9400000002
,Inventory Asset,09/11/2024,Inventory Starting Value,START,,17912 - Opening inventory and value,Opening Balance Equity,0,835047.9400000002
,Inventory Asset,09/11/2024,Inventory Starting Value,START,,10920 - Opening inventory and value,Opening Balance Equity,0,835047.9400000002
,Inventory Asset,09/11/2024,Inventory Starting Value,START,,17977 - Opening inventory and value,Opening Balance Equity,0,835047.9400000002
,Inventory Asset,09/11/2024,Inventory Starting Value,START,,10317 - Opening inventory and value,Opening Balance Equity,0,835047.9400000002
,Inventory Asset,09/11/2024,Inventory Starting Value,START,,10977 - Opening inventory and value,Opening Balance Equity,0,835047.9400000002
,Inventory Asset,09/11/2024,Inventory Starting Value,START,,10124 - Opening inventory and value,Opening Balance Equity,0,835047.9400000002
,Inventory Asset,09/11/2024,Inventory Starting Value,START,,10405 - Opening inventory and value,Opening Balance Equity,0,835047.9400000002
,Inventory Asset,09/11/2024,Inventory Starting Value,START,,10911 - Opening inventory and value,Opening Balance Equity,0,835047.9400000002
,Inventory Asset,09/16/2024,Bill,2012,"Yangzhou SourcePro Outdoors Co.,LTD.",Tungsten Weedless Wacky Jig Head w/ 2/0 Hook - 3/16oz. - Black  UPC 810103811645,Accounts Payable (A/P),3080,838127.9400000002
,Inventory Asset,09/16/2024,Bill,2012,"Yangzhou SourcePro Outdoors Co.,LTD.",Tungsten Weedless Wacky Jig Head w/ 2/0 Hook - 3/16oz. - Green Pumpkin  UPC 810103811652,Accounts Payable (A/P),3080,841207.9400000002
,Inventory Asset,09/16/2024,Bill,2031,"Z-Man Fishing Products, Inc.","BOAR HOGZ 4"" BLACK/BLUE 5PK",Accounts Payable (A/P),399,841606.9400000002
,Inventory Asset,09/16/2024,Bill,2031,"Z-Man Fishing Products, Inc.","BOAR HOGZ 4"" WATERMELON 5PK",Accounts Payable (A/P),226.5,841833.4400000002
,Inventory Asset,09/16/2024,Bill,2031,"Z-Man Fishing Products, Inc.","BOAR HOGZ 4"" WTRMLN RED 5PK",Accounts Payable (A/P),103.5,841936.9400000002
,Inventory Asset,09/16/2024,Bill,2031,"Z-Man Fishing Products, Inc.","BOAR HOGZ 4"" CAL CRAW 5PK",Accounts Payable (A/P),495,842431.9400000002
,Inventory Asset,09/16/2024,Bill,2031,"Z-Man Fishing Products, Inc.","BOAR HOGZ 4"" CANADA CRAW 5PK",Accounts Payable (A/P),109.5,842541.4400000002
,Inventory Asset,09/16/2024,Bill,2031,"Z-Man Fishing Products, Inc.","BOAR HOGZ 4"" MOLTING CRAW 5PK",Accounts Payable (A/P),132,842673.4400000002
,Inventory Asset,09/16/2024,Bill,2031,"Z-Man Fishing Products, Inc.","BOAR HOGZ 4"" JUNEBUG 5PK",Accounts Payable (A/P),194.25,842867.6900000002
,Inventory Asset,09/16/2024,Bill,2031,"Z-Man Fishing Products, Inc.","Item: 4” Boar Hogz, 5 Pack  Color: Green Pumpkin",Accounts Payable (A/P),288.65,843156.3400000002
,Inventory Asset,09/16/2024,Bill,2031,"Z-Man Fishing Products, Inc.","BANG STICKZ 5.75"" MUDBUG 6PK",Accounts Payable (A/P),285,843441.3400000002
,Inventory Asset,09/16/2024,Bill,2031,"Z-Man Fishing Products, Inc.","GRUBZ 2.5"" COPPER PENNY 8 PACK",Accounts Payable (A/P),114,843555.3400000002
,Inventory Asset,09/16/2024,Bill,2031,"Z-Man Fishing Products, Inc.","GRUBZ 2.5"" SLAM SHADY 8PK",Accounts Payable (A/P),115.5,843670.8400000002
,Inventory Asset,09/16/2024,Bill,2031,"Z-Man Fishing Products, Inc.","LONG SHOTZ 6"" SMELT 8PK",Accounts Payable (A/P),162,843832.8400000002
,Inventory Asset,09/16/2024,Bill,2031,"Z-Man Fishing Products, Inc.","LONG SHOTZ 6"" TWILIGHT 8PK",Accounts Payable (A/P),163,843995.8400000002
,Inventory Asset,09/16/2024,Bill,2031,"Z-Man Fishing Products, Inc.","LONG SHOTZ 6"" GOBYBRYANT 8PK",Accounts Payable (A/P),124,844119.8400000002
,Inventory Asset,09/16/2024,Bill,2031,"Z-Man Fishing Products, Inc.","LONG SHOTZ 6"" GRN PMKN 8PK",Accounts Payable (A/P),800,844919.8400000002
,Inventory Asset,09/16/2024,Bill,2031,"Z-Man Fishing Products, Inc.","ZINKERZ 5"" SMELT 6PK",Accounts Payable (A/P),93,845012.8400000002
,Inventory Asset,09/16/2024,Bill,2031,"Z-Man Fishing Products, Inc.","ZINKERZ 5"" DREW'S CRAW 6PK",Accounts Payable (A/P),120.75,845133.5900000002
,Inventory Asset,09/16/2024,Bill,2031,"Z-Man Fishing Products, Inc.","ZINKERZ 5"" WATERMELONCANDY 6PK",Accounts Payable (A/P),102.75,845236.3400000002
,Inventory Asset,09/24/2024,Bill,2037,VRX Fishing Products,"4"" Muscle Back Craw, Perch",Accounts Payable (A/P),38.25,845274.5900000002
,Inventory Asset,09/24/2024,Bill,2037,VRX Fishing Products,"4"" Muscle Back Craw, Peanut Butter and Jelly",Accounts Payable (A/P),92.65,845367.2400000002
,Inventory Asset,09/24/2024,Bill,2037,VRX Fishing Products,"4"" Muscle Back Craw, Houdini",Accounts Payable (A/P),1.7,845368.9400000002
,Inventory Asset,09/24/2024,Bill,2037,VRX Fishing Products,"4"" Muscle Back Craw, Red Bug",Accounts Payable (A/P),76.5,845445.4400000002
,Inventory Asset,09/24/2024,Bill,2037,VRX Fishing Products,"4"" Muscle Back Craw, Black Red Flake",Accounts Payable (A/P),135.15,845580.5900000002
,Inventory Asset,09/24/2024,Bill,2037,VRX Fishing Products,"4"" Muscle Back Craw, Junebug",Accounts Payable (A/P),223.55,845804.1400000002
,Inventory Asset,09/24/2024,Bill,2037,VRX Fishing Products,"4"" Muscle Back Craw, Purple Shadow",Accounts Payable (A/P),507.45,846311.5900000002
,Inventory Asset,10/01/2024,Bill,2033,GSM Outdoors,"5"" Rattlesnake'O, COLOR: Ssabednarg, QTY per bag: 8Worms",Accounts Payable (A/P),4369.68,850681.2700000003
,Inventory Asset,10/01/2024,Inventory Starting Value,START,,sticker-bf - Opening inventory and value,Opening Balance Equity,0,850681.2700000003
,Inventory Asset,10/01/2024,Inventory Starting Value,START,,STICKER-KC - Opening inventory and value,Opening Balance Equity,0,850681.2700000003
,Inventory Asset,10/01/2024,Inventory Starting Value,START,,STICKER-RB - Opening inventory and value,Opening Balance Equity,0,850681.2700000003
,Inventory Asset,10/01/2024,Inventory Starting Value,START,,CB-1 - Opening inventory and value,Opening Balance Equity,0,850681.2700000003
,Inventory Asset,10/01/2024,Inventory Starting Value,START,,CB-2 - Opening inventory and value,Opening Balance Equity,0,850681.2700000003
,Inventory Asset,10/01/2024,Inventory Starting Value,START,,CB-3 - Opening inventory and value,Opening Balance Equity,0,850681.2700000003
,Inventory Asset,10/01/2024,Inventory Starting Value,START,,CB-4 - Opening inventory and value,Opening Balance Equity,0,850681.2700000003
,Inventory Asset,10/01/2024,Inventory Starting Value,START,,ZL180G-2 - Opening inventory and value,Opening Balance Equity,0,850681.2700000003
,Inventory Asset,10/01/2024,Inventory Starting Value,START,,PLS30F - Opening inventory and value,Opening Balance Equity,0,850681.2700000003
,Inventory Asset,10/01/2024,Inventory Starting Value,START,,29124 - Opening inventory and value,Opening Balance Equity,0,850681.2700000003
,Inventory Asset,10/01/2024,Inventory Starting Value,START,,29271 - Opening inventory and value,Opening Balance Equity,0,850681.2700000003
,Inventory Asset,10/01/2024,Inventory Starting Value,START,,29840 - Opening inventory and value,Opening Balance Equity,0,850681.2700000003
,Inventory Asset,10/01/2024,Inventory Starting Value,START,,29374 - Opening inventory and value,Opening Balance Equity,0,850681.2700000003
,Inventory Asset,10/01/2024,Inventory Starting Value,START,,29375 - Opening inventory and value,Opening Balance Equity,0,850681.2700000003
,Inventory Asset,10/01/2024,Inventory Starting Value,START,,29901 - Opening inventory and value,Opening Balance Equity,0,850681.2700000003
,Inventory Asset,10/01/2024,Inventory Starting Value,START,,PX-DSH - Opening inventory and value,Opening Balance Equity,0,850681.2700000003
,Inventory Asset,10/01/2024,Inventory Starting Value,START,,STICKER-SKEL - Opening inventory and value,Opening Balance Equity,0,850681.2700000003
,Inventory Asset,10/01/2024,Inventory Starting Value,START,,STICKER-RDF - Opening inventory and value,Opening Balance Equity,0,850681.2700000003
,Inventory Asset,10/01/2024,Inventory Starting Value,START,,STICKER-WTF - Opening inventory and value,Opening Balance Equity,0,850681.2700000003
,Inventory Asset,10/01/2024,Inventory Starting Value,START,,STICKER-BF - Opening inventory and value,Opening Balance Equity,0,850681.2700000003
,Inventory Asset,10/01/2024,Inventory Starting Value,START,,STICKER-KC - Opening inventory and value,Opening Balance Equity,0,850681.2700000003
,Inventory Asset,10/01/2024,Inventory Starting Value,START,,STICKER-RF - Opening inventory and value,Opening Balance Equity,0,850681.2700000003
,Inventory Asset,10/01/2024,Inventory Starting Value,START,,KIDS-PAINT - Opening inventory and value,Opening Balance Equity,0,850681.2700000003
,Inventory Asset,10/01/2024,Inventory Starting Value,START,,12300 - Opening inventory and value,Opening Balance Equity,0,850681.2700000003
,Inventory Asset,10/02/2024,Inventory Starting Value,START,,12705 - Opening inventory and value,Opening Balance Equity,0,850681.2700000003
,Inventory Asset,10/02/2024,Inventory Starting Value,START,,13309 - Opening inventory and value,Opening Balance Equity,0,850681.2700000003
,Inventory Asset,10/02/2024,Inventory Qty Adjust,bulkImport-20241002,,Batch-import products & services,Cost of Goods Sold,,850681.2700000003
,Inventory Asset,10/02/2024,Inventory Qty Adjust,bulkImport-20241002,,Batch-import products & services,Cost of Goods Sold,,850681.2700000003
,Inventory Asset,10/02/2024,Inventory Qty Adjust,bulkImport-20241002,,Batch-import products & services,Cost of Goods Sold,,850681.2700000003
,Inventory Asset,10/02/2024,Inventory Qty Adjust,bulkImport-20241002,,Batch-import products & services,Cost of Goods Sold,,850681.2700000003
,Inventory Asset,10/02/2024,Inventory Qty Adjust,bulkImport-20241002,,Batch-import products & services,Cost of Goods Sold,-1,850680.2700000003
,Inventory Asset,10/02/2024,Inventory Qty Adjust,bulkImport-20241002,,Batch-import products & services,Cost of Goods Sold,-1,850679.2700000003
,Inventory Asset,10/02/2024,Inventory Qty Adjust,bulkImport-20241002,,Batch-import products & services,Cost of Goods Sold,-1,850678.2700000003
,Inventory Asset,10/02/2024,Inventory Qty Adjust,bulkImport-20241002,,Batch-import products & services,Cost of Goods Sold,-1,850677.2700000003
,Inventory Asset,10/02/2024,Inventory Starting Value,START,,13131 - Opening inventory and value,Opening Balance Equity,0,850677.2700000003
,Inventory Asset,10/02/2024,Inventory Starting Value,START,,13819 - Opening inventory and value,Opening Balance Equity,0,850677.2700000003
,Inventory Asset,10/02/2024,Inventory Starting Value,START,,26315 - Opening inventory and value,Opening Balance Equity,0,850677.2700000003
,Inventory Asset,10/02/2024,Inventory Starting Value,START,,26901 - Opening inventory and value,Opening Balance Equity,0,850677.2700000003
,Inventory Asset,10/02/2024,Inventory Starting Value,START,,13914 - Opening inventory and value,Opening Balance Equity,0,850677.2700000003
,Inventory Asset,10/02/2024,Inventory Starting Value,START,,26131 - Opening inventory and value,Opening Balance Equity,0,850677.2700000003
,Inventory Asset,10/02/2024,Inventory Starting Value,START,,26309 - Opening inventory and value,Opening Balance Equity,0,850677.2700000003
,Inventory Asset,10/03/2024,Inventory Starting Value,START,,12321 - Opening inventory and value,Opening Balance Equity,0,850677.2700000003
,Inventory Asset,10/03/2024,Inventory Starting Value,START,,12700 - Opening inventory and value,Opening Balance Equity,0,850677.2700000003
,Inventory Asset,10/09/2024,Bill,2035,GSM Outdoors,"4.75"" RattlesnakeColor: Trophy HunterQty per bag: 8",Accounts Payable (A/P),1029.5,851706.7700000003
,Inventory Asset,10/09/2024,Bill,2035,GSM Outdoors,"4.75"" RattlesnakeColor: Watermelon Red FlakeQty per bag: 8",Accounts Payable (A/P),1029.5,852736.2700000003
,Inventory Asset,10/09/2024,Bill,2035,GSM Outdoors,"5"" Airtail RattlerColor: Summer CrawQty per bag: 8",Accounts Payable (A/P),1283.25,854019.5200000003
,Inventory Asset,10/09/2024,Bill,2035,GSM Outdoors,"5"" Airtail RattlerColor: Trophy HunterQty per bag: 8",Accounts Payable (A/P),1283.25,855302.7700000003
,Inventory Asset,10/09/2024,Bill,2035,GSM Outdoors,"6.5"" Airtail WigglerColor: Black Blue FlakeQty per bag: 10",Accounts Payable (A/P),924,856226.7700000003
,Inventory Asset,10/09/2024,Bill,2035,GSM Outdoors,"6.5"" Airtail WigglerColor: Green PumpkinQty per bag: 10",Accounts Payable (A/P),924,857150.7700000003
,Inventory Asset,10/09/2024,Bill,2035,GSM Outdoors,"3.75"" Baby RattlesnakeColor: Trophy HunterQty per bag: 10",Accounts Payable (A/P),666,857816.7700000003
,Inventory Asset,10/10/2024,Bill,2032,"Z-Man Fishing Products, Inc.",SLINGBLADEZ PF IC 1/4OZ SEXY S,Accounts Payable (A/P),277.5,858094.2700000003
,Inventory Asset,10/10/2024,Bill,2032,"Z-Man Fishing Products, Inc.",SLINGBLADEZ PF IC 1/4OZ MOUSER,Accounts Payable (A/P),155,858249.2700000003
,Inventory Asset,10/10/2024,Bill,2032,"Z-Man Fishing Products, Inc.",SLINGBLADEZ PF IC 3/8OZ BLU HE,Accounts Payable (A/P),308.75,858558.0200000003
,Inventory Asset,10/10/2024,Bill,2032,"Z-Man Fishing Products, Inc.",SLINGBLADEZ PF IC 3/8OZ SEXY S,Accounts Payable (A/P),446.25,859004.2700000003
,Inventory Asset,10/10/2024,Bill,2032,"Z-Man Fishing Products, Inc.",SLINGBLADEZ PF IC 3/8OZ MOUSER,Accounts Payable (A/P),176.25,859180.5200000003
,Inventory Asset,10/10/2024,Bill,2032,"Z-Man Fishing Products, Inc.",SLINGBLADEZ PF IC 3/8OZ BLUEGI,Accounts Payable (A/P),127.5,859308.0200000003
,Inventory Asset,10/10/2024,Bill,2032,"Z-Man Fishing Products, Inc.",SLINGBLADEZ PF WW 1/4OZ BLU HE,Accounts Payable (A/P),153.75,859461.7700000003
,Inventory Asset,10/10/2024,Bill,2032,"Z-Man Fishing Products, Inc.",SLINGBLADEZ PF WW 1/4OZ CHART,Accounts Payable (A/P),180,859641.7700000003
,Inventory Asset,10/10/2024,Bill,2032,"Z-Man Fishing Products, Inc.",SLINGBLADEZ PF WW 1/4OZ SEXY S,Accounts Payable (A/P),247.5,859889.2700000003
,Inventory Asset,10/10/2024,Bill,2032,"Z-Man Fishing Products, Inc.",SLINGBLADEZ PF WW 1/4OZ MOUSER,Accounts Payable (A/P),172.5,860061.7700000003
,Inventory Asset,10/10/2024,Bill,2032,"Z-Man Fishing Products, Inc.",SLINGBLADEZ PF WW 1/4OZ BLUEGI,Accounts Payable (A/P),336.25,860398.0200000003
,Inventory Asset,10/10/2024,Bill,2032,"Z-Man Fishing Products, Inc.",SLINGBLADEZ PF WW 3/8OZ BLU HE,Accounts Payable (A/P),387.5,860785.5200000003
,Inventory Asset,10/10/2024,Inventory Starting Value,START,,12320 - Opening inventory and value,Opening Balance Equity,0,860785.5200000003
,Inventory Asset,10/11/2024,Inventory Qty Adjust,bulkImport-20241011,,Batch-import products & services,Cost of Goods Sold,,860785.5200000003
,Inventory Asset,10/11/2024,Inventory Qty Adjust,bulkImport-20241011,,Batch-import products & services,Cost of Goods Sold,-1,860784.5200000003
,Inventory Asset,10/15/2024,Inventory Starting Value,START,,CBJH12-17 - Opening inventory and value,Opening Balance Equity,0,860784.5200000003
,Inventory Asset,10/15/2024,Inventory Starting Value,START,,MFSJ532-02 - Opening inventory and value,Opening Balance Equity,0,860784.5200000003
,Inventory Asset,10/15/2024,Inventory Starting Value,START,,OG332-05PK4 - Opening inventory and value,Opening Balance Equity,0,860784.5200000003
,Inventory Asset,10/15/2024,Inventory Starting Value,START,,GR45-296PK4 - Opening inventory and value,Opening Balance Equity,0,860784.5200000003
,Inventory Asset,10/15/2024,Inventory Starting Value,START,,GR45-46PK4 - Opening inventory and value,Opening Balance Equity,0,860784.5200000003
,Inventory Asset,10/15/2024,Inventory Starting Value,START,,CBJH12-18 - Opening inventory and value,Opening Balance Equity,0,860784.5200000003
,Inventory Asset,10/15/2024,Inventory Starting Value,START,,CBJH38-17 - Opening inventory and value,Opening Balance Equity,0,860784.5200000003
,Inventory Asset,10/15/2024,Inventory Starting Value,START,,GR45-310PK4 - Opening inventory and value,Opening Balance Equity,0,860784.5200000003
,Inventory Asset,10/15/2024,Inventory Starting Value,START,,GR45-377PK4 - Opening inventory and value,Opening Balance Equity,0,860784.5200000003
,Inventory Asset,10/15/2024,Inventory Starting Value,START,,GR45-42PK4 - Opening inventory and value,Opening Balance Equity,0,860784.5200000003
,Inventory Asset,10/15/2024,Inventory Starting Value,START,,CBJH38-18 - Opening inventory and value,Opening Balance Equity,0,860784.5200000003
,Inventory Asset,10/15/2024,Inventory Starting Value,START,,CBSB12-05 - Opening inventory and value,Opening Balance Equity,0,860784.5200000003
,Inventory Asset,10/15/2024,Inventory Starting Value,START,,CBSB12-06 - Opening inventory and value,Opening Balance Equity,0,860784.5200000003
,Inventory Asset,10/15/2024,Inventory Starting Value,START,,MFSJ14-05 - Opening inventory and value,Opening Balance Equity,0,860784.5200000003
,Inventory Asset,10/15/2024,Inventory Starting Value,START,,SLIM3-28PK6 - Opening inventory and value,Opening Balance Equity,0,860784.5200000003
,Inventory Asset,10/15/2024,Inventory Starting Value,START,,CBSB38-05 - Opening inventory and value,Opening Balance Equity,0,860784.5200000003
,Inventory Asset,10/15/2024,Inventory Starting Value,START,,CBSB38-07 - Opening inventory and value,Opening Balance Equity,0,860784.5200000003
,Inventory Asset,10/15/2024,Inventory Starting Value,START,,MFSJ316-01 - Opening inventory and value,Opening Balance Equity,0,860784.5200000003
,Inventory Asset,10/15/2024,Inventory Starting Value,START,,MFSJ316-02 - Opening inventory and value,Opening Balance Equity,0,860784.5200000003
,Inventory Asset,10/15/2024,Inventory Starting Value,START,,MFSJ316-05 - Opening inventory and value,Opening Balance Equity,0,860784.5200000003
,Inventory Asset,10/15/2024,Inventory Starting Value,START,,SLIM3-84PK6 - Opening inventory and value,Opening Balance Equity,0,860784.5200000003
,Inventory Asset,10/15/2024,Inventory Starting Value,START,,MFSJ316-04 - Opening inventory and value,Opening Balance Equity,0,860784.5200000003
,Inventory Asset,10/15/2024,Inventory Starting Value,START,,OG116-05PK4 - Opening inventory and value,Opening Balance Equity,0,860784.5200000003
,Inventory Asset,10/15/2024,Inventory Starting Value,START,,SLIM3-320PK6 - Opening inventory and value,Opening Balance Equity,0,860784.5200000003
,Inventory Asset,10/15/2024,Inventory Starting Value,START,,MFSJ532-01 - Opening inventory and value,Opening Balance Equity,0,860784.5200000003
,Inventory Asset,10/15/2024,Inventory Starting Value,START,,MFSJ532-04 - Opening inventory and value,Opening Balance Equity,0,860784.5200000003
,Inventory Asset,10/15/2024,Inventory Starting Value,START,,MFSJ532-05 - Opening inventory and value,Opening Balance Equity,0,860784.5200000003
,Inventory Asset,10/15/2024,Inventory Starting Value,START,,OG132-05PK4 - Opening inventory and value,Opening Balance Equity,0,860784.5200000003
,Inventory Asset,10/15/2024,Inventory Starting Value,START,,GR45-02PK4 - Opening inventory and value,Opening Balance Equity,0,860784.5200000003
,Inventory Asset,10/15/2024,Inventory Starting Value,START,,GR45-378PK4 - Opening inventory and value,Opening Balance Equity,0,860784.5200000003
,Inventory Asset,10/15/2024,Inventory Starting Value,START,,TTIC-267PK8 - Opening inventory and value,Opening Balance Equity,0,860784.5200000003
,Inventory Asset,10/15/2024,Inventory Starting Value,START,,SLIM3-18PK6 - Opening inventory and value,Opening Balance Equity,0,860784.5200000003
,Inventory Asset,10/15/2024,Inventory Starting Value,START,,TTIC-310PK8 - Opening inventory and value,Opening Balance Equity,0,860784.5200000003
,Inventory Asset,10/15/2024,Inventory Starting Value,START,,SLIM3-259PK6 - Opening inventory and value,Opening Balance Equity,0,860784.5200000003
,Inventory Asset,10/15/2024,Inventory Starting Value,START,,TTIC-109PK8 - Opening inventory and value,Opening Balance Equity,0,860784.5200000003
,Inventory Asset,10/15/2024,Inventory Starting Value,START,,TTIC-46PK8 - Opening inventory and value,Opening Balance Equity,0,860784.5200000003
,Inventory Asset,10/15/2024,Inventory Starting Value,START,,TTIC-47PK8 - Opening inventory and value,Opening Balance Equity,0,860784.5200000003
,Inventory Asset,10/21/2024,Bill,2008-27-07-10-22,Weihai Runten Industrial Limited,2008,Accounts Payable (A/P),697.5,861482.0200000003
,Inventory Asset,10/21/2024,Bill,2008-27-07-10-22,Weihai Runten Industrial Limited,2027,Accounts Payable (A/P),1737.5,863219.5200000003
,Inventory Asset,10/21/2024,Bill,2008-27-07-10-22,Weihai Runten Industrial Limited,2007,Accounts Payable (A/P),3270,866489.5200000003
,Inventory Asset,10/21/2024,Bill,2008-27-07-10-22,Weihai Runten Industrial Limited,2010,Accounts Payable (A/P),3396,869885.5200000003
,Inventory Asset,10/21/2024,Bill,2008-27-07-10-22,Weihai Runten Industrial Limited,2022,Accounts Payable (A/P),5514.12,875399.6400000002
,Inventory Asset,10/22/2024,Bill,2047,TTI Blakemore Group,Pro X Drop Shot Hook for .65,Accounts Payable (A/P),1950,877349.6400000002
,Inventory Asset,10/30/2024,Bill,2048,VRX Fishing Products,"4"" Slammer, Perch",Accounts Payable (A/P),378.25,877727.8900000002
,Inventory Asset,10/30/2024,Bill,2048,VRX Fishing Products,"4"" Slammer, Purple Shiner",Accounts Payable (A/P),20.4,877748.2900000003
,Inventory Asset,10/30/2024,Bill,2048,VRX Fishing Products,"4"" Slammer, Blue Gill",Accounts Payable (A/P),395.25,878143.5400000003
,Inventory Asset,10/30/2024,Bill,2048,VRX Fishing Products,"4"" Slammer, Warmouth",Accounts Payable (A/P),379.95,878523.4900000002
,Inventory Asset,10/30/2024,Bill,2048,VRX Fishing Products,"4"" Slammer, Electric Shad",Accounts Payable (A/P),11.05,878534.5400000003
,Inventory Asset,10/30/2024,Bill,2048,VRX Fishing Products,"4"" Slammer, Black",Accounts Payable (A/P),472.6,879007.1400000002
,Inventory Asset,11/01/2024,Bill,2049,"Heyuan Boyue Color Printing Co.,Ltd",Bigfoot Sticker,Accounts Payable (A/P),292,879299.1400000002
,Inventory Asset,11/01/2024,Bill,2049,"Heyuan Boyue Color Printing Co.,Ltd",Keep Cranking Sticker,Accounts Payable (A/P),232,879531.1400000002
,Inventory Asset,11/01/2024,Bill,2049,"Heyuan Boyue Color Printing Co.,Ltd",Robo Fish Sticker,Accounts Payable (A/P),248,879779.1400000002
,Inventory Asset,11/01/2024,Bill,2050,"Heyuan Boyue Color Printing Co.,Ltd",Wavy Days Sticker,Accounts Payable (A/P),292,880071.1400000002
,Inventory Asset,11/01/2024,Bill,2050,"Heyuan Boyue Color Printing Co.,Ltd",I'd Rather Be Fishing Sticker,Accounts Payable (A/P),232,880303.1400000002
,Inventory Asset,11/01/2024,Bill,2050,"Heyuan Boyue Color Printing Co.,Ltd",Where's The Fish Sticker,Accounts Payable (A/P),248,880551.1400000002
,Inventory Asset,11/01/2024,Inventory Starting Value,START,,1620-209 - Opening inventory and value,Opening Balance Equity,0,880551.1400000002
,Inventory Asset,11/01/2024,Inventory Starting Value,START,,1630-610 - Opening inventory and value,Opening Balance Equity,0,880551.1400000002
,Inventory Asset,11/01/2024,Inventory Starting Value,START,,1620-210 - Opening inventory and value,Opening Balance Equity,0,880551.1400000002
,Inventory Asset,11/01/2024,Inventory Starting Value,START,,1620-244 - Opening inventory and value,Opening Balance Equity,0,880551.1400000002
,Inventory Asset,11/01/2024,Inventory Starting Value,START,,1676-210 - Opening inventory and value,Opening Balance Equity,0,880551.1400000002
,Inventory Asset,11/01/2024,Inventory Starting Value,START,,1630-590 - Opening inventory and value,Opening Balance Equity,0,880551.1400000002
,Inventory Asset,11/01/2024,Inventory Starting Value,START,,1677-209 - Opening inventory and value,Opening Balance Equity,0,880551.1400000002
,Inventory Asset,11/01/2024,Inventory Starting Value,START,,1630-222 - Opening inventory and value,Opening Balance Equity,0,880551.1400000002
,Inventory Asset,11/01/2024,Inventory Starting Value,START,,1630-210 - Opening inventory and value,Opening Balance Equity,0,880551.1400000002
,Inventory Asset,11/01/2024,Inventory Starting Value,START,,1630-260 - Opening inventory and value,Opening Balance Equity,0,880551.1400000002
,Inventory Asset,11/01/2024,Inventory Starting Value,START,,1670-590 - Opening inventory and value,Opening Balance Equity,0,880551.1400000002
,Inventory Asset,11/01/2024,Inventory Starting Value,START,,1676-550 - Opening inventory and value,Opening Balance Equity,0,880551.1400000002
,Inventory Asset,11/01/2024,Inventory Starting Value,START,,JSPECGC - Opening inventory and value,Opening Balance Equity,0,880551.1400000002
,Inventory Asset,11/01/2024,Inventory Starting Value,START,,1702-001 - Opening inventory and value,Opening Balance Equity,0,880551.1400000002
,Inventory Asset,11/01/2024,Inventory Starting Value,START,,1702-002 - Opening inventory and value,Opening Balance Equity,0,880551.1400000002
,Inventory Asset,11/01/2024,Inventory Starting Value,START,,CTW6-314 - Opening inventory and value,Opening Balance Equity,0,880551.1400000002
,Inventory Asset,11/01/2024,Inventory Starting Value,START,,CTW6-316 - Opening inventory and value,Opening Balance Equity,0,880551.1400000002
,Inventory Asset,11/01/2024,Inventory Starting Value,START,,CTW6-368 - Opening inventory and value,Opening Balance Equity,0,880551.1400000002
,Inventory Asset,11/01/2024,Inventory Starting Value,START,,CTW6-302 - Opening inventory and value,Opening Balance Equity,0,880551.1400000002
,Inventory Asset,11/01/2024,Inventory Starting Value,START,,CTW6-305 - Opening inventory and value,Opening Balance Equity,0,880551.1400000002
,Inventory Asset,11/01/2024,Inventory Starting Value,START,,CTW6-350 - Opening inventory and value,Opening Balance Equity,0,880551.1400000002
,Inventory Asset,11/01/2024,Inventory Starting Value,START,,PT-BB1 - Opening inventory and value,Opening Balance Equity,0,880551.1400000002
,Inventory Asset,11/01/2024,Inventory Starting Value,START,,PT-BB2 - Opening inventory and value,Opening Balance Equity,0,880551.1400000002
,Inventory Asset,11/01/2024,Inventory Starting Value,START,,PT-BB3 - Opening inventory and value,Opening Balance Equity,0,880551.1400000002
,Inventory Asset,11/01/2024,Inventory Starting Value,START,,PT-BB4 - Opening inventory and value,Opening Balance Equity,0,880551.1400000002
,Inventory Asset,11/01/2024,Inventory Starting Value,START,,I62-22 - Opening inventory and value,Opening Balance Equity,0,880551.1400000002
,Inventory Asset,11/01/2024,Inventory Starting Value,START,,I62-35 - Opening inventory and value,Opening Balance Equity,0,880551.1400000002
,Inventory Asset,11/01/2024,Inventory Starting Value,START,,I62-38 - Opening inventory and value,Opening Balance Equity,0,880551.1400000002
,Inventory Asset,11/01/2024,Inventory Starting Value,START,,I62-7 - Opening inventory and value,Opening Balance Equity,0,880551.1400000002
,Inventory Asset,11/01/2024,Inventory Starting Value,START,,I62-70 - Opening inventory and value,Opening Balance Equity,0,880551.1400000002
,Inventory Asset,11/01/2024,Inventory Starting Value,START,,I62-23 - Opening inventory and value,Opening Balance Equity,0,880551.1400000002
,Inventory Asset,11/01/2024,Inventory Starting Value,START,,1704-400 - Opening inventory and value,Opening Balance Equity,0,880551.1400000002
,Inventory Asset,11/01/2024,Inventory Starting Value,START,,I62-54 - Opening inventory and value,Opening Balance Equity,0,880551.1400000002
,Inventory Asset,11/01/2024,Inventory Starting Value,START,,I62-10 - Opening inventory and value,Opening Balance Equity,0,880551.1400000002
,Inventory Asset,11/01/2024,Inventory Starting Value,START,,1704-500 - Opening inventory and value,Opening Balance Equity,0,880551.1400000002
,Inventory Asset,11/07/2024,Bill,2051,"Yiwu Tengyuan Painting Materials Co., Ltd.",Create a Bait Paint Set,Accounts Payable (A/P),100,880651.1400000002
,Inventory Asset,11/11/2024,Bill,,VRX Fishing Products,"5"" True Center Stick, Green Pumpkin Copper",Accounts Payable (A/P),9.35,880660.4900000002
,Inventory Asset,11/11/2024,Bill,,VRX Fishing Products,"5"" True Center Stick, GP Black and Red",Accounts Payable (A/P),5.1,880665.5900000002
,Inventory Asset,11/11/2024,Bill,,VRX Fishing Products,"5"" True Center Stick, Red Bug",Accounts Payable (A/P),171.7,880837.2900000002
,Inventory Asset,11/11/2024,Bill,,VRX Fishing Products,"6"" True Center Stick, Watermelon Black Flake",Accounts Payable (A/P),81.6,880918.8900000001
,Inventory Asset,11/11/2024,Bill,,VRX Fishing Products,"6"" True Center Stick, Watermelon Black Flake",Accounts Payable (A/P),165.75,881084.6400000001
,Inventory Asset,11/11/2024,Bill,,VRX Fishing Products,"6"" True Center Stick, Green Pumpkin Copper Flake",Accounts Payable (A/P),178.5,881263.1400000001
,Inventory Asset,11/11/2024,Bill,,VRX Fishing Products,"6"" True Center Stick, 309",Accounts Payable (A/P),2.55,881265.6900000002
,Inventory Asset,11/11/2024,Bill,,VRX Fishing Products,"6"" True Center Stick, Grasshopper Swirl",Accounts Payable (A/P),78.2,881343.8900000001
,Inventory Asset,11/11/2024,Bill,,VRX Fishing Products,"6"" True Center Stick, Red Bug",Accounts Payable (A/P),210.8,881554.6900000002
,Inventory Asset,11/11/2024,Bill,,VRX Fishing Products,"6"" True Center Stick, Bubble Scum",Accounts Payable (A/P),138.55,881693.2400000002
,Inventory Asset,11/11/2024,Bill,,VRX Fishing Products,"6"" True Center Stick, Black",Accounts Payable (A/P),112.2,881805.4400000002
,Inventory Asset,11/11/2024,Bill,,VRX Fishing Products,"6"" True Center Stick, Bumble Bee",Accounts Payable (A/P),175.95,881981.3900000001
,Inventory Asset,11/11/2024,Bill,,VRX Fishing Products,"11"" Blitz Worm, Watermelon Candy",Accounts Payable (A/P),345.95,882327.3400000001
,Inventory Asset,11/11/2024,Bill,,VRX Fishing Products,"11"" Blitz Worm, 309",Accounts Payable (A/P),367.2,882694.54
,Inventory Asset,11/11/2024,Bill,,VRX Fishing Products,"11"" Blitz Worm, Summer Craw",Accounts Payable (A/P),150.45,882844.99
,Inventory Asset,11/11/2024,Bill,,VRX Fishing Products,"11"" Blitz Worm, Black",Accounts Payable (A/P),436.9,883281.89
,Inventory Asset,11/12/2024,Bill,2008,Weihai Runten Industrial Limited,"The Defender Squarebill Crankbait, Color FiretigerUPC 608011177270",Accounts Payable (A/P),225,883506.89
,Inventory Asset,11/12/2024,Bill,2008,Weihai Runten Industrial Limited,Bruiser BaitsThe BulldawgColor: GillUPC 037203162440,Accounts Payable (A/P),225,883731.89
,Inventory Asset,11/12/2024,Bill,2008,Weihai Runten Industrial Limited,Bruiser BaitsThe BulldawgColor: SexyUPC 037203162426,Accounts Payable (A/P),225,883956.89
,Inventory Asset,11/12/2024,Bill,2044,Coastal Sports Distributors LLC,Quantum Pulse 30 Spinning Reel,Accounts Payable (A/P),375,884331.89
,Inventory Asset,12/01/2024,Inventory Starting Value,START,,DOB-EFJ12-112-1 - Opening inventory and value,Opening Balance Equity,0,884331.89
,Inventory Asset,12/01/2024,Inventory Starting Value,START,,DOB-DBBS38-125 - Opening inventory and value,Opening Balance Equity,0,884331.89
,Inventory Asset,12/01/2024,Inventory Starting Value,START,,DOB-EFJ38-110-1 - Opening inventory and value,Opening Balance Equity,0,884331.89
,Inventory Asset,12/01/2024,Inventory Starting Value,START,,DOB-DBBS38-121 - Opening inventory and value,Opening Balance Equity,0,884331.89
,Inventory Asset,12/01/2024,Inventory Starting Value,START,,DOB-DBBS38-136 - Opening inventory and value,Opening Balance Equity,0,884331.89
,Inventory Asset,12/01/2024,Inventory Starting Value,START,,DOB-DBBS38-138 - Opening inventory and value,Opening Balance Equity,0,884331.89
,Inventory Asset,01/01/2025,Bill,1053,5 Alive Fishing LLC,1053,Accounts Payable (A/P),341.9,884673.79
,Inventory Asset,01/01/2025,Bill,1053,5 Alive Fishing LLC,1053,Accounts Payable (A/P),624,885297.79
,Inventory Asset,01/01/2025,Bill,1053,5 Alive Fishing LLC,1055,Accounts Payable (A/P),460.2,885757.99
,Inventory Asset,01/01/2025,Inventory Starting Value,START,,BBB-YO403 - Opening inventory and value,Opening Balance Equity,0,885757.99
,Inventory Asset,01/01/2025,Inventory Starting Value,START,,BBB-SYO412 - Opening inventory and value,Opening Balance Equity,0,885757.99
,Inventory Asset,01/01/2025,Inventory Starting Value,START,,BBB-STBUZZ38-05 - Opening inventory and value,Opening Balance Equity,0,885757.99
,Inventory Asset,01/01/2025,Inventory Starting Value,START,,BBB-STBUZZ38-08 - Opening inventory and value,Opening Balance Equity,0,885757.99
,Inventory Asset,01/01/2025,Inventory Starting Value,START,,BBB-2CTHMP-10 - Opening inventory and value,Opening Balance Equity,0,885757.99
,Inventory Asset,01/01/2025,Inventory Starting Value,START,,YAM-134-06-979 - Opening inventory and value,Opening Balance Equity,0,885757.99
,Inventory Asset,01/01/2025,Inventory Starting Value,START,,YAM-134JR-08-979 - Opening inventory and value,Opening Balance Equity,0,885757.99
,Inventory Asset,01/01/2025,Inventory Starting Value,START,,BBB-BBOX-116-FG237 - Opening inventory and value,Opening Balance Equity,0,885757.99
,Inventory Asset,01/06/2025,Bill,2061,GSM Outdoors,SPINNERBAIT D-BLADE BEAST 3/8 OZ / B03 SHIMMER SHAD COLORADO/WILLOW,Accounts Payable (A/P),1116,886873.99
,Inventory Asset,01/06/2025,Bill,2061,GSM Outdoors,SPINNERBAIT D-BLADE BEAST 3/8 OZ / B05 WHITE ON WHITE COLORADO/WILLOW,Accounts Payable (A/P),1426.5,888300.49
,Inventory Asset,01/06/2025,Bill,2061,GSM Outdoors,SPINNERBAIT D-BLADE BEAST 3/8 OZ / B08 CHARTREUSE/SHAD N/G COLORADO/WILLOW,Accounts Payable (A/P),1165.5,889465.99
,Inventory Asset,01/06/2025,Bill,2061,GSM Outdoors,SPINNERBAIT D-BLADE BEAST 3/8 OZ / B09 WHITE N/G COLORADO/WILLOW,Accounts Payable (A/P),1480.5,890946.49
,Inventory Asset,01/13/2025,Bill,2054,A.N.E Wholesale,J-Spec Jerkbait,Accounts Payable (A/P),4950,895896.49
,Inventory Asset,01/13/2025,Bill,2039,Weihai Runten Industrial Limited,The Vault - 3700 Waterproof Tackle Box UPC 810103812413,Accounts Payable (A/P),2710,898606.49
,Inventory Asset,01/13/2025,Bill,2034,GSM Outdoors,"5"" Rattlesnake'O, COLOR:  SsabednargPacked in BULK (no bagging)Worms",Accounts Payable (A/P),628,899234.49
,Inventory Asset,01/13/2025,Bill,2042,"Guangdong Boyue Digital Application Technology Co.,Ltd",New Pro Staff Member,Accounts Payable (A/P),292,899526.49
,Inventory Asset,01/13/2025,Bill,2042,"Guangdong Boyue Digital Application Technology Co.,Ltd",Keep Cranking Sticker,Accounts Payable (A/P),292,899818.49
,Inventory Asset,01/13/2025,Bill,2042,"Guangdong Boyue Digital Application Technology Co.,Ltd",Robo Bass Sticker,Accounts Payable (A/P),292,900110.49
,Inventory Asset,01/14/2025,Bill,2045,Weihai Runten Industrial Limited,Create A Bait: Slick Stick 99 Blank,Accounts Payable (A/P),137.5,900247.99
,Inventory Asset,01/14/2025,Bill,2045,Weihai Runten Industrial Limited,Create A Bait: Little Banger Blank,Accounts Payable (A/P),137.5,900385.49
,Inventory Asset,01/14/2025,Bill,2045,Weihai Runten Industrial Limited,Create A Bait: Mad Max blank,Accounts Payable (A/P),137.5,900522.99
,Inventory Asset,01/14/2025,Bill,2045,Weihai Runten Industrial Limited,Create A Bait: Vicious Trapper Blank,Accounts Payable (A/P),137.5,900660.49
,Inventory Asset,01/14/2025,Bill,2038,"Guangdong Boyue Digital Application Technology Co.,Ltd",Firey Bass Sticker,Accounts Payable (A/P),292,900952.49
,Inventory Asset,01/14/2025,Bill,2038,"Guangdong Boyue Digital Application Technology Co.,Ltd",Retro Logo Sticker,Accounts Payable (A/P),232,901184.49
,Inventory Asset,01/14/2025,Bill,2038,"Guangdong Boyue Digital Application Technology Co.,Ltd",Bucket King Sticker,Accounts Payable (A/P),248,901432.49
,Inventory Asset,01/14/2025,Bill,1972,Jinhua Jiafu Trade Co LTD,BaitBag: 12x10x2,Accounts Payable (A/P),5875,907307.49
,Inventory Asset,01/14/2025,Bill,2020,"Jinhua Jiafu Trade Co., Ltd.",BaitBag: 12x10x2,Accounts Payable (A/P),11750,919057.49
,Inventory Asset,01/14/2025,Bill,1979,VRX Fishing Products,"6"" Deception Worm, Bubblegum",Accounts Payable (A/P),18,919075.49
,Inventory Asset,01/14/2025,Bill,1979,VRX Fishing Products,"5"" True Center Stick, Grasshopper Swirl",Accounts Payable (A/P),30,919105.49
,Inventory Asset,01/14/2025,Bill,1979,VRX Fishing Products,"6"" True Center Stick, Black",Accounts Payable (A/P),222,919327.49
,Inventory Asset,01/14/2025,Bill,1979,VRX Fishing Products,"6"" True Center Stick, Watermelon Black Flake",Accounts Payable (A/P),243,919570.49
,Inventory Asset,01/14/2025,Bill,1979,VRX Fishing Products,"6"" True Center Stick, Green Pumpkin Copper Flake",Accounts Payable (A/P),236,919806.49
,Inventory Asset,01/14/2025,Bill,1979,VRX Fishing Products,"6"" True Center Stick, Grasshopper Swirl",Accounts Payable (A/P),122,919928.49
,Inventory Asset,01/14/2025,Bill,1979,VRX Fishing Products,"6"" True Center Stick, Red Bug",Accounts Payable (A/P),331,920259.49
,Inventory Asset,01/14/2025,Bill,1979,VRX Fishing Products,"6"" MB Fat Finesse Worm, Watermelon Black Flake",Accounts Payable (A/P),290,920549.49
,Inventory Asset,01/14/2025,Bill,1979,VRX Fishing Products,"6"" MB Fat Finesse Worm, Black Blue Swirl",Accounts Payable (A/P),152,920701.49
,Inventory Asset,01/14/2025,Bill,2036,VRX Fishing Products,"4"" Adrenaline Bug, Sprayed Grass",Accounts Payable (A/P),192.95,920894.44
,Inventory Asset,01/14/2025,Bill,2036,VRX Fishing Products,"4"" Adrenaline Bug, Green Pumpkin Purple Green",Accounts Payable (A/P),10.2,920904.6399999999
,Inventory Asset,01/14/2025,Bill,2036,VRX Fishing Products,"4"" Adrenaline Bug, Green Pumpkin Blue Flake",Accounts Payable (A/P),158.1,921062.7399999999
,Inventory Asset,01/14/2025,Bill,2036,VRX Fishing Products,"4"" Adrenaline Bug, Border Craw",Accounts Payable (A/P),452.2,921514.9399999998
,Inventory Asset,01/14/2025,Bill,2036,VRX Fishing Products,"4"" Adrenaline Bug, Black Blue Lam",Accounts Payable (A/P),11.9,921526.8399999999
,Inventory Asset,01/14/2025,Bill,2036,VRX Fishing Products,"4"" Adrenaline Bug, Purple Shadow",Accounts Payable (A/P),268.6,921795.4399999998
,Inventory Asset,01/15/2025,Bill,2058,"Yangzhou SourcePro Outdoors Co.,LTD.",4/0 Tungsten Shakey Jig Head  UPC 876716006458,Accounts Payable (A/P),304,922099.4399999998
,Inventory Asset,01/15/2025,Bill,2058,"Yangzhou SourcePro Outdoors Co.,LTD.",5/0 Tungsten Shakey Jig Head  UPC 876716006465,Accounts Payable (A/P),304,922403.4399999998
,Inventory Asset,01/21/2025,Bill,2059,Weihai Runten Industrial Limited,Incision 62 - Candy Apple Craw  UPC 810103812550,Accounts Payable (A/P),462,922865.4399999998
,Inventory Asset,01/21/2025,Bill,2059,Weihai Runten Industrial Limited,Incision 62 - Blue Chrome  UPC 810103812567,Accounts Payable (A/P),462,923327.4399999998
,Inventory Asset,01/21/2025,Bill,2059,Weihai Runten Industrial Limited,Incision 62 - Ghost Shad  UPC 810103812574,Accounts Payable (A/P),462,923789.4399999998
,Inventory Asset,01/21/2025,Bill,2059,Weihai Runten Industrial Limited,Incision 62 - Purple Haze  UPC 810103812581,Accounts Payable (A/P),462,924251.4399999998
,Inventory Asset,01/21/2025,Bill,2059,Weihai Runten Industrial Limited,Incision 62 - Sexy Cracks  UPC 810103812598,Accounts Payable (A/P),462,924713.4399999998
,Inventory Asset,01/21/2025,Bill,2059,Weihai Runten Industrial Limited,Incision 62 - Gold Dust  UPC 810103812604,Accounts Payable (A/P),462,925175.4399999998
,Inventory Asset,01/21/2025,Bill,2059,Weihai Runten Industrial Limited,Incision 62 - Bluegill   UPC 810103812611,Accounts Payable (A/P),462,925637.4399999998
,Inventory Asset,01/21/2025,Bill,2059,Weihai Runten Industrial Limited,Incision 62 - Crawlicious  UPC 810103812628,Accounts Payable (A/P),462,926099.4399999998
,Inventory Asset,01/21/2025,Bill,2040,Weihai Runten Industrial Limited,Death Rattle - Wild Shiner  UPC 675162132465,Accounts Payable (A/P),612,926711.4399999998
,Inventory Asset,01/21/2025,Bill,2040,Weihai Runten Industrial Limited,Death Rattle - Spooky Shad  UPC 675162132472,Accounts Payable (A/P),612,927323.4399999998
,Inventory Asset,01/21/2025,Bill,2040,Weihai Runten Industrial Limited,Death Rattle - Magic Shad  UPC 675162132489,Accounts Payable (A/P),612,927935.4399999998
,Inventory Asset,01/21/2025,Bill,2040,Weihai Runten Industrial Limited,Death Rattle - Chrome Shad   UPC 675162132496,Accounts Payable (A/P),612,928547.4399999998
,Inventory Asset,01/21/2025,Bill,2040,Weihai Runten Industrial Limited,Death Rattle - Blue Shiner   UPC 675162132502,Accounts Payable (A/P),612,929159.4399999998
,Inventory Asset,01/21/2025,Bill,2040,Weihai Runten Industrial Limited,Death Rattle - Gold Black  UPC 675162132519,Accounts Payable (A/P),612,929771.4399999998
,Inventory Asset,01/28/2025,Bill,2064,GSM Outdoors,TOUR TOAD BUZZBAIT 3/8OZ@CHART BLADE/WHT TOAD,Accounts Payable (A/P),1585,931356.4399999998
,Inventory Asset,01/28/2025,Bill,2064,GSM Outdoors,TOUR TOAD BUZZBAIT 3/8OZ@WHT BLD/PRL SHINER TOAD,Accounts Payable (A/P),1117.5,932473.9399999998
,Inventory Asset,01/28/2025,Bill,2064,GSM Outdoors,CRAPPIE THUMPER 2IN@WATERMELON GHOST (10PK),Accounts Payable (A/P),125,932598.9399999998
,Inventory Asset,01/28/2025,Bill,2064,GSM Outdoors,BAIT BOX1/16OZ@FAT GRUB JUNEBUG/CHT (1RIG+(6PK)),Accounts Payable (A/P),125,932723.9399999998
,Inventory Asset,01/28/2025,Bill,2063,GSM Outdoors,4'' ZAKO@HOUDINI - 6 PACK,Accounts Payable (A/P),2607,935330.9399999998
,Inventory Asset,01/28/2025,Bill,2063,GSM Outdoors,"3"" ZAKO@HOUDINI - 8 PACK",Accounts Payable (A/P),500,935830.9399999998
,Inventory Asset,02/01/2025,Inventory Starting Value,START,,XS610MSA - Opening inventory and value,Opening Balance Equity,0,935830.9399999998
,Inventory Asset,02/01/2025,Inventory Starting Value,START,,AH66MS - Opening inventory and value,Opening Balance Equity,0,935830.9399999998
,Inventory Asset,02/01/2025,Inventory Starting Value,START,,AH70MHS - Opening inventory and value,Opening Balance Equity,0,935830.9399999998
,Inventory Asset,02/01/2025,Inventory Starting Value,START,,PT-PF1 - Opening inventory and value,Opening Balance Equity,0,935830.9399999998
,Inventory Asset,02/01/2025,Inventory Starting Value,START,,PT-PF2 - Opening inventory and value,Opening Balance Equity,0,935830.9399999998
,Inventory Asset,02/01/2025,Inventory Starting Value,START,,PT-PF3 - Opening inventory and value,Opening Balance Equity,0,935830.9399999998
,Inventory Asset,02/01/2025,Inventory Starting Value,START,,B8-HH - Opening inventory and value,Opening Balance Equity,0,935830.9399999998
,Inventory Asset,02/01/2025,Inventory Starting Value,START,,STICKER-BFC - Opening inventory and value,Opening Balance Equity,0,935830.9399999998
,Inventory Asset,02/01/2025,Inventory Starting Value,START,,GD6-1 - Opening inventory and value,Opening Balance Equity,0,935830.9399999998
,Inventory Asset,02/01/2025,Inventory Starting Value,START,,GD6-2 - Opening inventory and value,Opening Balance Equity,0,935830.9399999998
,Inventory Asset,02/01/2025,Inventory Starting Value,START,,GD6-3 - Opening inventory and value,Opening Balance Equity,0,935830.9399999998
,Inventory Asset,02/01/2025,Inventory Starting Value,START,,MM - Opening inventory and value,Opening Balance Equity,0,935830.9399999998
,Inventory Asset,02/01/2025,Inventory Starting Value,START,,STICKER-HIPPIE - Opening inventory and value,Opening Balance Equity,0,935830.9399999998
,Inventory Asset,02/01/2025,Inventory Starting Value,START,,OM-STICKER - Opening inventory and value,Opening Balance Equity,0,935830.9399999998
,Inventory Asset,02/06/2025,Bill,2060,GSM Outdoors,EXTREME JIG 3/8 OZ / GAMAKATSU HOOK 5/0 / 1 PACK / RT BROWN/GREEN PUMPKIN,Accounts Payable (A/P),2040,937870.9399999998
,Inventory Asset,02/19/2025,Bill,2053,GSM Outdoors,"5"" Airtail Rattler, Color: Green Pumpkin, Qty per bag: 8 UPC 876716002870",Accounts Payable (A/P),1106.25,938977.1899999998
,Inventory Asset,02/19/2025,Bill,2053,GSM Outdoors,"5"" Airtail Rattler, Color: Watermelon Red Flake, Qty per bag: 8  UPC 876716002887",Accounts Payable (A/P),1106.25,940083.4399999998
,Inventory Asset,02/19/2025,Bill,2053,GSM Outdoors,"5"" Airtail Rattler, Color: Blue Flake, Qty per bag: 8 UPC 876716002917",Accounts Payable (A/P),1106.25,941189.6899999998
,Inventory Asset,02/19/2025,Bill,2053,GSM Outdoors,"6.5"" Airtail Wiggler, Color: Trophy Hunter, Qty per bag: 10  UPC 876716002238",Accounts Payable (A/P),770,941959.6899999998
,Inventory Asset,02/19/2025,Bill,2053,GSM Outdoors,"6.5"" Airtail Wiggler, Color: June Bug, Qty per bag: 10  UPC 876716002450",Accounts Payable (A/P),770,942729.6899999998
,Inventory Asset,02/19/2025,Bill,2053,GSM Outdoors,"6.5"" Airtail Wiggler, Color: Ballistic Bluegill, Qty per bag: 10  UPC 876716003396",Accounts Payable (A/P),770,943499.6899999998
,Inventory Asset,02/19/2025,Bill,2053,GSM Outdoors,"6.5"" Airtail Wiggler, Color: Red Bug, Qty per bag: 10  UPC 876716002276",Accounts Payable (A/P),770,944269.6899999998
,Inventory Asset,02/19/2025,Bill,2053,GSM Outdoors,"6.5"" Airtail Wiggler, Color: Watermelon Red Flake, Qty per bag: 10  UPC 876716002245",Accounts Payable (A/P),770,945039.6899999998
,Inventory Asset,02/19/2025,Bill,2053,GSM Outdoors,"5"" Rattlesnake'O, Color: Trophy Hunter, QTY per bag: 8  UPC 876716000739",Accounts Payable (A/P),765,945804.6899999998
,Inventory Asset,02/19/2025,Bill,2053,GSM Outdoors,"3.75"" Baby Rattlesnake, Color: Ssabednarg, Qty per bag: 10  UPC 876716000449",Accounts Payable (A/P),555,946359.6899999998
,Inventory Asset,02/19/2025,Bill,2053,GSM Outdoors,"3.75"" Baby Rattlesnake, Color: Watermelon Red Flake, Qty per bag: 10  UPC 876716000470",Accounts Payable (A/P),555,946914.6899999998
,Inventory Asset,02/19/2025,Bill,2053,GSM Outdoors,"4.75"" Rattlesnake, Color: Green Pumpkin, Qty per bag: 8  UPC 876716000173",Accounts Payable (A/P),887.5,947802.1899999998
,Inventory Asset,02/25/2025,Bill,2046,"Z-Man Fishing Products, Inc.",CB JACKHAMMER 1/2OZ SPRNG CRAW,Accounts Payable (A/P),2016,949818.1899999998
,Inventory Asset,02/25/2025,Bill,2046,"Z-Man Fishing Products, Inc.",CB JACKHAMMER 1/2OZ BAMA BUG,Accounts Payable (A/P),2016,951834.1899999998
,Inventory Asset,02/25/2025,Bill,2046,"Z-Man Fishing Products, Inc.",CB JACKHAMMER 3/8OZ SPRNG CRAW,Accounts Payable (A/P),5796,957630.1899999998
,Inventory Asset,02/25/2025,Bill,2046,"Z-Man Fishing Products, Inc.",CB JACKHAMMER 3/8OZ BAMA BUG,Accounts Payable (A/P),2772,960402.1899999998
,Inventory Asset,02/25/2025,Bill,2046,"Z-Man Fishing Products, Inc.",STEALTHBLADE 1/2OZ SPOT RMVR,Accounts Payable (A/P),3024,963426.1899999998
,Inventory Asset,02/25/2025,Bill,2046,"Z-Man Fishing Products, Inc.",STEALTHBLADE 1/2OZ BLK/BLUE,Accounts Payable (A/P),504,963930.1899999998
,Inventory Asset,02/25/2025,Bill,2046,"Z-Man Fishing Products, Inc.",STEALTHBLADE 3/8OZ SPOT RMVR,Accounts Payable (A/P),5292,969222.1899999998
,Inventory Asset,02/25/2025,Bill,2046,"Z-Man Fishing Products, Inc.",STEALTHBLADE 3/8OZ GRN PMKN,Accounts Payable (A/P),3780,973002.1899999998
,Inventory Asset,02/25/2025,Bill,2046,"Z-Man Fishing Products, Inc.",MWF SWIM JIG 1/4OZ CTRS SHAD,Accounts Payable (A/P),496.8,973498.9899999999
,Inventory Asset,02/25/2025,Bill,2046,"Z-Man Fishing Products, Inc.",MWF SWIM JIG 3/16OZ PRL GHST,Accounts Payable (A/P),331.2,973830.1899999998
,Inventory Asset,02/25/2025,Bill,2046,"Z-Man Fishing Products, Inc.",MWF SWIM JIG 3/16OZ BLK BLU,Accounts Payable (A/P),662.4,974492.5899999999
,Inventory Asset,02/25/2025,Bill,2046,"Z-Man Fishing Products, Inc.",MWF SWIM JIG 3/16OZ GZRD SHAD,Accounts Payable (A/P),331.2,974823.7899999998
,Inventory Asset,02/25/2025,Bill,2046,"Z-Man Fishing Products, Inc.",MWF SWIM JIG 3/16OZ CTRS SHAD,Accounts Payable (A/P),496.8,975320.5899999999
,Inventory Asset,02/25/2025,Bill,2046,"Z-Man Fishing Products, Inc.",MWF SWIM JIG 5/32OZ PRL GHST,Accounts Payable (A/P),331.2,975651.7899999998
,Inventory Asset,02/25/2025,Bill,2046,"Z-Man Fishing Products, Inc.",MWF SWIM JIG 5/32OZ BLK BLU,Accounts Payable (A/P),621,976272.7899999998
,Inventory Asset,02/25/2025,Bill,2046,"Z-Man Fishing Products, Inc.",MWF SWIM JIG 5/32OZ GZRD SHAD,Accounts Payable (A/P),496.8,976769.5899999999
,Inventory Asset,02/25/2025,Bill,2046,"Z-Man Fishing Products, Inc.",MWF SWIM JIG 5/32OZ CTRS SHAD,Accounts Payable (A/P),0,976769.5899999999
,Inventory Asset,02/25/2025,Bill,2046,"Z-Man Fishing Products, Inc.",OG MUSHROOM JIG 1/16OZ BLUE 4P,Accounts Payable (A/P),1159.2,977928.7899999998
,Inventory Asset,02/25/2025,Bill,2046,"Z-Man Fishing Products, Inc.",OG MUSHROOM JIG 1/32OZ BLUE 4P,Accounts Payable (A/P),1419.1,979347.8899999998
,Inventory Asset,02/25/2025,Bill,2046,"Z-Man Fishing Products, Inc.",OG MUSHROOM JIG 3/32OZ BLUE 4P,Accounts Payable (A/P),1159.2,980507.0899999997
,Inventory Asset,02/25/2025,Bill,2046,"Z-Man Fishing Products, Inc.","GREMLIN 4.5"" BLACK/BLUE 4PK",Accounts Payable (A/P),542.7,981049.7899999997
,Inventory Asset,02/25/2025,Bill,2046,"Z-Man Fishing Products, Inc.","GREMLIN 4.5"" BAMA BUG 4PK",Accounts Payable (A/P),388.8,981438.5899999997
,Inventory Asset,02/25/2025,Bill,2046,"Z-Man Fishing Products, Inc.","GREMLIN 4.5"" CANADA CRAW 4PK",Accounts Payable (A/P),777.6,982216.1899999997
,Inventory Asset,02/25/2025,Bill,2046,"Z-Man Fishing Products, Inc.","GREMLIN 4.5"" GAMECHANGER 4PK",Accounts Payable (A/P),777.6,982993.7899999997
,Inventory Asset,02/25/2025,Bill,2046,"Z-Man Fishing Products, Inc.","GREMLIN 4.5"" PURPLE RAIN 4PK",Accounts Payable (A/P),540,983533.7899999997
,Inventory Asset,02/25/2025,Bill,2046,"Z-Man Fishing Products, Inc.","GREMLIN 4.5"" JUNEBUG 4PK",Accounts Payable (A/P),583.2,984116.9899999996
,Inventory Asset,02/25/2025,Bill,2046,"Z-Man Fishing Products, Inc.","GREMLIN 4.5"" GREEN PUMPKIN 4PK",Accounts Payable (A/P),777.6,984894.5899999996
,Inventory Asset,02/25/2025,Bill,2046,"Z-Man Fishing Products, Inc.","SLIM SWIMZ 3"" WTRMLN RED 6PK",Accounts Payable (A/P),294.4,985188.9899999996
,Inventory Asset,02/25/2025,Bill,2046,"Z-Man Fishing Products, Inc.","SLIM SWIMZ 3"" BAD SHAD 6PK",Accounts Payable (A/P),496.8,985685.7899999997
,Inventory Asset,02/25/2025,Bill,2046,"Z-Man Fishing Products, Inc.","SLIM SWIMZ 3"" SMELT 6PK",Accounts Payable (A/P),496.8,986182.5899999997
,Inventory Asset,02/25/2025,Bill,2046,"Z-Man Fishing Products, Inc.","SLIM SWIMZ 3"" THE DEAL 6PK",Accounts Payable (A/P),993.6,987176.1899999997
,Inventory Asset,02/25/2025,Bill,2046,"Z-Man Fishing Products, Inc.","SLIM SWIMZ 3"" PEARL 6PK",Accounts Payable (A/P),1324.8,988500.9899999998
,Inventory Asset,02/25/2025,Bill,2046,"Z-Man Fishing Products, Inc.","TRD TICKLERZ 2.75"" CPRTRSE 8PK",Accounts Payable (A/P),633.6,989134.5899999997
,Inventory Asset,02/25/2025,Bill,2046,"Z-Man Fishing Products, Inc.","TRD TICKLERZ 2.75"" HOUDINI 8PK",Accounts Payable (A/P),633.6,989768.1899999997
,Inventory Asset,02/25/2025,Bill,2046,"Z-Man Fishing Products, Inc.","TRD TICKLERZ 2.75"" CANCRAW 8PK",Accounts Payable (A/P),805.2,990573.3899999997
,Inventory Asset,02/25/2025,Bill,2046,"Z-Man Fishing Products, Inc.","TRD TICKLERZ 2.75"" GRN PKN 8PK",Accounts Payable (A/P),855.8,991429.1899999997
,Inventory Asset,02/25/2025,Bill,2046,"Z-Man Fishing Products, Inc.","TRD TICKLERZ 2.75"" GP/ORNG 8PK",Accounts Payable (A/P),633.6,992062.7899999997
,Inventory Asset,02/27/2025,Bill,2066,A.N.E Wholesale,Lew's Xfinity Spinning Rod,Accounts Payable (A/P),1500,993562.7899999997
,Inventory Asset,02/27/2025,Bill,2066,A.N.E Wholesale,"Lew's American Hero 6'6"" M Spinning Rod",Accounts Payable (A/P),1020,994582.7899999997
,Inventory Asset,02/27/2025,Bill,2066,A.N.E Wholesale,Lew's American Hero 7' MH Spinning Rod,Accounts Payable (A/P),1160,995742.7899999997
,Inventory Asset,03/01/2025,Inventory Starting Value,START,,GB-11 - Opening inventory and value,Opening Balance Equity,0,995742.7899999997
,Inventory Asset,03/01/2025,Inventory Starting Value,START,,GB-59 - Opening inventory and value,Opening Balance Equity,0,995742.7899999997
,Inventory Asset,03/01/2025,Inventory Starting Value,START,,GB-76 - Opening inventory and value,Opening Balance Equity,0,995742.7899999997
,Inventory Asset,03/01/2025,Inventory Starting Value,START,,GB-10 - Opening inventory and value,Opening Balance Equity,0,995742.7899999997
,Inventory Asset,03/01/2025,Inventory Starting Value,START,,GB-58 - Opening inventory and value,Opening Balance Equity,0,995742.7899999997
,Inventory Asset,03/01/2025,Inventory Starting Value,START,,HFP-1 - Opening inventory and value,Opening Balance Equity,0,995742.7899999997
,Inventory Asset,03/01/2025,Inventory Starting Value,START,,HFP-2 - Opening inventory and value,Opening Balance Equity,0,995742.7899999997
,Inventory Asset,03/01/2025,Inventory Starting Value,START,,GB-14 - Opening inventory and value,Opening Balance Equity,0,995742.7899999997
,Inventory Asset,03/01/2025,Inventory Starting Value,START,,HFP-3 - Opening inventory and value,Opening Balance Equity,0,995742.7899999997
,Inventory Asset,03/01/2025,Inventory Starting Value,START,,HFP-4 - Opening inventory and value,Opening Balance Equity,0,995742.7899999997
,Inventory Asset,03/01/2025,Inventory Starting Value,START,,INDIANA-2 - Opening inventory and value,Opening Balance Equity,0,995742.7899999997
,Inventory Asset,03/01/2025,Inventory Starting Value,START,,INDIANA-1 - Opening inventory and value,Opening Balance Equity,0,995742.7899999997
,Inventory Asset,03/01/2025,Inventory Starting Value,START,,HFP-5 - Opening inventory and value,Opening Balance Equity,0,995742.7899999997
,Inventory Asset,03/01/2025,Inventory Starting Value,START,,INDIANA-10 - Opening inventory and value,Opening Balance Equity,0,995742.7899999997
,Inventory Asset,03/01/2025,Inventory Starting Value,START,,INDIANA-6 - Opening inventory and value,Opening Balance Equity,0,995742.7899999997
,Inventory Asset,03/01/2025,Inventory Starting Value,START,,CB-1 - Opening inventory and value,Opening Balance Equity,0,995742.7899999997
,Inventory Asset,03/01/2025,Inventory Starting Value,START,,CB-2 - Opening inventory and value,Opening Balance Equity,0,995742.7899999997
,Inventory Asset,03/01/2025,Inventory Starting Value,START,,SS38-77 - Opening inventory and value,Opening Balance Equity,0,995742.7899999997
,Inventory Asset,03/01/2025,Inventory Starting Value,START,,CB-3 - Opening inventory and value,Opening Balance Equity,0,995742.7899999997
,Inventory Asset,03/01/2025,Inventory Starting Value,START,,CB-4 - Opening inventory and value,Opening Balance Equity,0,995742.7899999997
,Inventory Asset,03/01/2025,Inventory Starting Value,START,,CB-5 - Opening inventory and value,Opening Balance Equity,0,995742.7899999997
,Inventory Asset,03/01/2025,Inventory Starting Value,START,,CB-8 - Opening inventory and value,Opening Balance Equity,0,995742.7899999997
,Inventory Asset,03/01/2025,Inventory Starting Value,START,,SS38-54 - Opening inventory and value,Opening Balance Equity,0,995742.7899999997
,Inventory Asset,03/01/2025,Inventory Starting Value,START,,SS38-76 - Opening inventory and value,Opening Balance Equity,0,995742.7899999997
,Inventory Asset,03/01/2025,Inventory Starting Value,START,,CB-6 - Opening inventory and value,Opening Balance Equity,0,995742.7899999997
,Inventory Asset,03/01/2025,Inventory Starting Value,START,,CB-7 - Opening inventory and value,Opening Balance Equity,0,995742.7899999997
,Inventory Asset,03/01/2025,Inventory Starting Value,START,,SS38-78 - Opening inventory and value,Opening Balance Equity,0,995742.7899999997
,Inventory Asset,03/01/2025,Inventory Starting Value,START,,BEL-BOJ42012 - Opening inventory and value,Opening Balance Equity,0,995742.7899999997
,Inventory Asset,03/01/2025,Inventory Starting Value,START,,BBB-STBUZZ38-09 - Opening inventory and value,Opening Balance Equity,0,995742.7899999997
,Inventory Asset,03/01/2025,Inventory Starting Value,START,,YAM-7GL-05-925 - Opening inventory and value,Opening Balance Equity,0,995742.7899999997
,Inventory Asset,03/01/2025,Inventory Starting Value,START,,BBB-10B2-11 - Opening inventory and value,Opening Balance Equity,0,995742.7899999997
,Inventory Asset,03/01/2025,Inventory Starting Value,START,,BBB-10B2-13 - Opening inventory and value,Opening Balance Equity,0,995742.7899999997
,Inventory Asset,03/01/2025,Inventory Starting Value,START,,BEL-BOJBM12 - Opening inventory and value,Opening Balance Equity,0,995742.7899999997
,Inventory Asset,03/01/2025,Inventory Starting Value,START,,DOB-EFJ38-110-1 - Opening inventory and value,Opening Balance Equity,0,995742.7899999997
,Inventory Asset,03/01/2025,Inventory Starting Value,START,,BEL-BOJBM38 - Opening inventory and value,Opening Balance Equity,0,995742.7899999997
,Inventory Asset,03/01/2025,Inventory Starting Value,START,,BBB-7B2-13 - Opening inventory and value,Opening Balance Equity,0,995742.7899999997
,Inventory Asset,03/01/2025,Inventory Starting Value,START,,BEL-BOJBOG12 - Opening inventory and value,Opening Balance Equity,0,995742.7899999997
,Inventory Asset,03/01/2025,Inventory Starting Value,START,,BBB-BBOX-116-2CMNR06 - Opening inventory and value,Opening Balance Equity,0,995742.7899999997
,Inventory Asset,03/01/2025,Inventory Starting Value,START,,BEL-BOJBOG38 - Opening inventory and value,Opening Balance Equity,0,995742.7899999997
,Inventory Asset,03/01/2025,Inventory Starting Value,START,,BBB-SKIPTBUZZ38-04 - Opening inventory and value,Opening Balance Equity,0,995742.7899999997
,Inventory Asset,03/01/2025,Inventory Starting Value,START,,YAM-7GL-05-194 - Opening inventory and value,Opening Balance Equity,0,995742.7899999997
,Inventory Asset,03/01/2025,Inventory Starting Value,START,,YAM-7GL-05-297 - Opening inventory and value,Opening Balance Equity,0,995742.7899999997
,Inventory Asset,03/01/2025,Inventory Starting Value,START,,YAM-7GL-05-305 - Opening inventory and value,Opening Balance Equity,0,995742.7899999997
,Inventory Asset,03/01/2025,Inventory Starting Value,START,,BBB-STBUZZ14-08 - Opening inventory and value,Opening Balance Equity,0,995742.7899999997
,Inventory Asset,03/01/2025,Inventory Starting Value,START,,BBB-STBUZZ38-07 - Opening inventory and value,Opening Balance Equity,0,995742.7899999997
,Inventory Asset,03/01/2025,Inventory Starting Value,START,,YAM-7GL-05-301 - Opening inventory and value,Opening Balance Equity,0,995742.7899999997
,Inventory Asset,03/01/2025,Inventory Starting Value,START,,BBB-BBOX-116-MNR04 - Opening inventory and value,Opening Balance Equity,0,995742.7899999997
,Inventory Asset,03/01/2025,Inventory Starting Value,START,,BBB-7B2-18 - Opening inventory and value,Opening Balance Equity,0,995742.7899999997
,Inventory Asset,03/01/2025,Inventory Starting Value,START,,BBB-BBOX-116-BSH03 - Opening inventory and value,Opening Balance Equity,0,995742.7899999997
,Inventory Asset,03/01/2025,Inventory Starting Value,START,,BBB-10B2-02 - Opening inventory and value,Opening Balance Equity,0,995742.7899999997
,Inventory Asset,03/01/2025,Inventory Starting Value,START,,BBB-10B2-18 - Opening inventory and value,Opening Balance Equity,0,995742.7899999997
,Inventory Asset,03/01/2025,Inventory Starting Value,START,,BBB-10B2-14 - Opening inventory and value,Opening Balance Equity,0,995742.7899999997
,Inventory Asset,03/01/2025,Inventory Starting Value,START,,BBB-10B2-17 - Opening inventory and value,Opening Balance Equity,0,995742.7899999997
,Inventory Asset,03/01/2025,Inventory Starting Value,START,,1250-000 - Opening inventory and value,Opening Balance Equity,0,995742.7899999997
,Inventory Asset,03/01/2025,Inventory Starting Value,START,,1250-108 - Opening inventory and value,Opening Balance Equity,0,995742.7899999997
,Inventory Asset,03/01/2025,Inventory Starting Value,START,,1250-100 - Opening inventory and value,Opening Balance Equity,0,995742.7899999997
,Inventory Asset,03/01/2025,Inventory Starting Value,START,,1250-814 - Opening inventory and value,Opening Balance Equity,0,995742.7899999997
,Inventory Asset,03/01/2025,Inventory Starting Value,START,,1250-520 - Opening inventory and value,Opening Balance Equity,0,995742.7899999997
,Inventory Asset,03/01/2025,Inventory Starting Value,START,,1250-504 - Opening inventory and value,Opening Balance Equity,0,995742.7899999997
,Inventory Asset,03/01/2025,Inventory Starting Value,START,,1250-217 - Opening inventory and value,Opening Balance Equity,0,995742.7899999997
,Inventory Asset,03/01/2025,Inventory Starting Value,START,,1250-833 - Opening inventory and value,Opening Balance Equity,0,995742.7899999997
,Inventory Asset,03/24/2025,Bill,2057,Weihai Runten Industrial Limited,2026 Buzzbait - Version 2.3   UPC 8 53514 000970,Accounts Payable (A/P),960,996702.7899999997
,Inventory Asset,03/24/2025,Bill,2057,Weihai Runten Industrial Limited,2026 Buzzbait - Version 2.3   UPC 8 53514 000987,Accounts Payable (A/P),960,997662.7899999997
,Inventory Asset,03/24/2025,Bill,2057,Weihai Runten Industrial Limited,2026 Buzzbait - Version 2.3  UPC 8 53514 000994,Accounts Payable (A/P),960,998622.7899999997
,Inventory Asset,03/24/2025,Bill,2057,Weihai Runten Industrial Limited,2026 Buzzbait - Version 2.3  UPC 8 53514 000789,Accounts Payable (A/P),960,999582.7899999997
,Inventory Asset,04/01/2025,Bill,2079,GSM Outdoors,B2 WORM 10IN@WATERMELON RED MAGIC (8PK),Accounts Payable (A/P),239,999821.7899999997
,Inventory Asset,04/01/2025,Bill,2079,GSM Outdoors,B2 WORM 10IN@BRUISED MELON (8PK),Accounts Payable (A/P),384,1000205.7899999997
,Inventory Asset,04/01/2025,Bill,2079,GSM Outdoors,B2 WORM 10IN@TILAPIA MAGIC (8PK),Accounts Payable (A/P),249,1000454.7899999997
,Inventory Asset,04/01/2025,Bill,2079,GSM Outdoors,B2 WORM 10IN@SCUPPERNONG (8PK),Accounts Payable (A/P),421,1000875.7899999997
,Inventory Asset,04/01/2025,Bill,2079,GSM Outdoors,B2 WORM 10IN@TEQUILA FIRE (8PK),Accounts Payable (A/P),328,1001203.7899999997
,Inventory Asset,04/01/2025,Bill,2079,GSM Outdoors,B2 WORM 10IN@FIRE LIGHTNING (8PK),Accounts Payable (A/P),278,1001481.7899999997
,Inventory Asset,04/01/2025,Bill,2079,GSM Outdoors,B2 WORM-BABY 7IN@TILAPIA MAGIC (12PK),Accounts Payable (A/P),384,1001865.7899999997
,Inventory Asset,04/01/2025,Bill,2079,GSM Outdoors,B2 WORM-BABY 7IN@FIRE LIGHTNING (12PK),Accounts Payable (A/P),305,1002170.7899999997
,Inventory Asset,04/01/2025,Bill,2079,GSM Outdoors,BAIT BOX1/16OZ@CURLY MINNR TENN SHAD (1RIG+(6PK)),Accounts Payable (A/P),100,1002270.7899999997
,Inventory Asset,04/01/2025,Bill,2079,GSM Outdoors,EXT FOOTBALL JIG RT BR GRN PMP W/EWG HK 3/8OZ 1PK,Accounts Payable (A/P),1920,1004190.7899999997
,Inventory Asset,04/01/2025,Inventory Starting Value,START,,TMM-39 - Opening inventory and value,Opening Balance Equity,0,1004190.7899999997
,Inventory Asset,04/01/2025,Inventory Starting Value,START,,TMM-23 - Opening inventory and value,Opening Balance Equity,0,1004190.7899999997
,Inventory Asset,04/01/2025,Inventory Starting Value,START,,TMM-63 - Opening inventory and value,Opening Balance Equity,0,1004190.7899999997
,Inventory Asset,04/01/2025,Inventory Starting Value,START,,TMM-34 - Opening inventory and value,Opening Balance Equity,0,1004190.7899999997
,Inventory Asset,04/01/2025,Inventory Starting Value,START,,FJS-LG - Opening inventory and value,Opening Balance Equity,0,1004190.7899999997
,Inventory Asset,04/01/2025,Inventory Starting Value,START,,TMM-35 - Opening inventory and value,Opening Balance Equity,0,1004190.7899999997
,Inventory Asset,04/01/2025,Inventory Starting Value,START,,TMM-37 - Opening inventory and value,Opening Balance Equity,0,1004190.7899999997
,Inventory Asset,04/01/2025,Inventory Starting Value,START,,TMM-56 - Opening inventory and value,Opening Balance Equity,0,1004190.7899999997
,Inventory Asset,04/01/2025,Inventory Starting Value,START,,FJS-CM - Opening inventory and value,Opening Balance Equity,0,1004190.7899999997
,Inventory Asset,04/01/2025,Inventory Starting Value,START,,TMM-42 - Opening inventory and value,Opening Balance Equity,0,1004190.7899999997
,Inventory Asset,04/01/2025,Inventory Starting Value,START,,FJC-RD - Opening inventory and value,Opening Balance Equity,0,1004190.7899999997
,Inventory Asset,04/01/2025,Inventory Starting Value,START,,FJC-CM - Opening inventory and value,Opening Balance Equity,0,1004190.7899999997
,Inventory Asset,04/01/2025,Inventory Starting Value,START,,FJC-BK - Opening inventory and value,Opening Balance Equity,0,1004190.7899999997
,Inventory Asset,04/01/2025,Inventory Starting Value,START,,FJC-LG - Opening inventory and value,Opening Balance Equity,0,1004190.7899999997
,Inventory Asset,04/01/2025,Inventory Starting Value,START,,FJS-BK - Opening inventory and value,Opening Balance Equity,0,1004190.7899999997
,Inventory Asset,04/01/2025,Inventory Starting Value,START,,FJS-RD - Opening inventory and value,Opening Balance Equity,0,1004190.7899999997
,Inventory Asset,04/01/2025,Inventory Starting Value,START,,BFS-1 - Opening inventory and value,Opening Balance Equity,0,1004190.7899999997
,Inventory Asset,04/01/2025,Inventory Starting Value,START,,BFS-2 - Opening inventory and value,Opening Balance Equity,0,1004190.7899999997
,Inventory Asset,04/01/2025,Inventory Starting Value,START,,PTCR-4 - Opening inventory and value,Opening Balance Equity,0,1004190.7899999997
,Inventory Asset,04/01/2025,Inventory Starting Value,START,,PTCR-6 - Opening inventory and value,Opening Balance Equity,0,1004190.7899999997
,Inventory Asset,04/01/2025,Inventory Starting Value,START,,11317 - Opening inventory and value,Opening Balance Equity,0,1004190.7899999997
,Inventory Asset,04/01/2025,Inventory Starting Value,START,,11910 - Opening inventory and value,Opening Balance Equity,0,1004190.7899999997
,Inventory Asset,04/01/2025,Inventory Starting Value,START,,MLF-351 - Opening inventory and value,Opening Balance Equity,0,1004190.7899999997
,Inventory Asset,04/01/2025,Inventory Starting Value,START,,PTCR-8 - Opening inventory and value,Opening Balance Equity,0,1004190.7899999997
,Inventory Asset,04/01/2025,Inventory Starting Value,START,,TP-37 - Opening inventory and value,Opening Balance Equity,0,1004190.7899999997
,Inventory Asset,04/01/2025,Inventory Starting Value,START,,TP-72 - Opening inventory and value,Opening Balance Equity,0,1004190.7899999997
,Inventory Asset,04/01/2025,Inventory Starting Value,START,,TP-22 - Opening inventory and value,Opening Balance Equity,0,1004190.7899999997
,Inventory Asset,04/01/2025,Inventory Starting Value,START,,PTCR-10 - Opening inventory and value,Opening Balance Equity,0,1004190.7899999997
,Inventory Asset,04/01/2025,Inventory Starting Value,START,,11314 - Opening inventory and value,Opening Balance Equity,0,1004190.7899999997
,Inventory Asset,04/01/2025,Inventory Starting Value,START,,MLF-357 - Opening inventory and value,Opening Balance Equity,0,1004190.7899999997
,Inventory Asset,04/01/2025,Inventory Starting Value,START,,TP-63 - Opening inventory and value,Opening Balance Equity,0,1004190.7899999997
,Inventory Asset,04/01/2025,Inventory Starting Value,START,,TP-80 - Opening inventory and value,Opening Balance Equity,0,1004190.7899999997
,Inventory Asset,04/01/2025,Inventory Starting Value,START,,TP-23 - Opening inventory and value,Opening Balance Equity,0,1004190.7899999997
,Inventory Asset,04/01/2025,Inventory Starting Value,START,,11911 - Opening inventory and value,Opening Balance Equity,0,1004190.7899999997
,Inventory Asset,04/01/2025,Inventory Starting Value,START,,11912 - Opening inventory and value,Opening Balance Equity,0,1004190.7899999997
,Inventory Asset,04/01/2025,Inventory Starting Value,START,,LHS30C - Opening inventory and value,Opening Balance Equity,0,1004190.7899999997
,Inventory Asset,04/01/2025,Inventory Starting Value,START,,15111 - Opening inventory and value,Opening Balance Equity,0,1004190.7899999997
,Inventory Asset,04/01/2025,Inventory Starting Value,START,,MLF-350 - Opening inventory and value,Opening Balance Equity,0,1004190.7899999997
,Inventory Asset,04/01/2025,Inventory Starting Value,START,,MLF-352 - Opening inventory and value,Opening Balance Equity,0,1004190.7899999997
,Inventory Asset,04/01/2025,Inventory Starting Value,START,,12-590 - Opening inventory and value,Opening Balance Equity,0,1004190.7899999997
,Inventory Asset,04/01/2025,Inventory Starting Value,START,,15317 - Opening inventory and value,Opening Balance Equity,0,1004190.7899999997
,Inventory Asset,04/01/2025,Inventory Starting Value,START,,15410 - Opening inventory and value,Opening Balance Equity,0,1004190.7899999997
,Inventory Asset,04/01/2025,Inventory Starting Value,START,,15705 - Opening inventory and value,Opening Balance Equity,0,1004190.7899999997
,Inventory Asset,04/01/2025,Inventory Starting Value,START,,11310 - Opening inventory and value,Opening Balance Equity,0,1004190.7899999997
,Inventory Asset,04/01/2025,Inventory Starting Value,START,,MLF-354 - Opening inventory and value,Opening Balance Equity,0,1004190.7899999997
,Inventory Asset,04/01/2025,Inventory Starting Value,START,,15977 - Opening inventory and value,Opening Balance Equity,0,1004190.7899999997
,Inventory Asset,04/01/2025,Inventory Starting Value,START,,MLF-349 - Opening inventory and value,Opening Balance Equity,0,1004190.7899999997
,Inventory Asset,04/01/2025,Inventory Starting Value,START,,MLF-358 - Opening inventory and value,Opening Balance Equity,0,1004190.7899999997
,Inventory Asset,04/01/2025,Inventory Starting Value,START,,MLF-356 - Opening inventory and value,Opening Balance Equity,0,1004190.7899999997
,Inventory Asset,04/01/2025,Inventory Starting Value,START,,11130 - Opening inventory and value,Opening Balance Equity,0,1004190.7899999997
,Inventory Asset,04/01/2025,Inventory Starting Value,START,,11309 - Opening inventory and value,Opening Balance Equity,0,1004190.7899999997
,Inventory Asset,04/01/2025,Inventory Starting Value,START,,11920 - Opening inventory and value,Opening Balance Equity,0,1004190.7899999997
,Inventory Asset,04/01/2025,Inventory Starting Value,START,,MLF-355 - Opening inventory and value,Opening Balance Equity,0,1004190.7899999997
,Inventory Asset,04/01/2025,Inventory Starting Value,START,,BMBSW-AC - Opening inventory and value,Opening Balance Equity,0,1004190.7899999997
,Inventory Asset,04/01/2025,Inventory Starting Value,START,,BMBSW-MBB - Opening inventory and value,Opening Balance Equity,0,1004190.7899999997
,Inventory Asset,04/01/2025,Inventory Starting Value,START,,BMBSW-PM - Opening inventory and value,Opening Balance Equity,0,1004190.7899999997
,Inventory Asset,04/01/2025,Inventory Starting Value,START,,BMBSW-RFM - Opening inventory and value,Opening Balance Equity,0,1004190.7899999997
,Inventory Asset,04/01/2025,Inventory Starting Value,START,,BMBSW-BB - Opening inventory and value,Opening Balance Equity,0,1004190.7899999997
,Inventory Asset,04/01/2025,Inventory Starting Value,START,,BMSC-W - Opening inventory and value,Opening Balance Equity,0,1004190.7899999997
,Inventory Asset,04/01/2025,Inventory Starting Value,START,,BMBSW-BG - Opening inventory and value,Opening Balance Equity,0,1004190.7899999997
,Inventory Asset,04/01/2025,Inventory Starting Value,START,,BMBSW-MG - Opening inventory and value,Opening Balance Equity,0,1004190.7899999997
,Inventory Asset,04/01/2025,Inventory Starting Value,START,,BMBSW-M - Opening inventory and value,Opening Balance Equity,0,1004190.7899999997
,Inventory Asset,04/01/2025,Inventory Starting Value,START,,BMBSW-WC - Opening inventory and value,Opening Balance Equity,0,1004190.7899999997
,Inventory Asset,04/01/2025,Inventory Starting Value,START,,BMBSW-W - Opening inventory and value,Opening Balance Equity,0,1004190.7899999997
,Inventory Asset,04/01/2025,Inventory Starting Value,START,,BMBSW-LT - Opening inventory and value,Opening Balance Equity,0,1004190.7899999997
,Inventory Asset,04/01/2025,Inventory Starting Value,START,,BMBSW-MM - Opening inventory and value,Opening Balance Equity,0,1004190.7899999997
,Inventory Asset,04/01/2025,Inventory Starting Value,START,,BMSC-PM - Opening inventory and value,Opening Balance Equity,0,1004190.7899999997
,Inventory Asset,04/01/2025,Inventory Starting Value,START,,BMBSW-TM - Opening inventory and value,Opening Balance Equity,0,1004190.7899999997
,Inventory Asset,04/01/2025,Inventory Starting Value,START,,BMSC-BTB - Opening inventory and value,Opening Balance Equity,0,1004190.7899999997
,Inventory Asset,04/01/2025,Inventory Starting Value,START,,BMBSW-WM - Opening inventory and value,Opening Balance Equity,0,1004190.7899999997
,Inventory Asset,04/01/2025,Inventory Starting Value,START,,BMBSW-WR - Opening inventory and value,Opening Balance Equity,0,1004190.7899999997
,Inventory Asset,04/01/2025,Inventory Starting Value,START,,BMSC-MM - Opening inventory and value,Opening Balance Equity,0,1004190.7899999997
,Inventory Asset,04/01/2025,Inventory Starting Value,START,,BMSC-MG - Opening inventory and value,Opening Balance Equity,0,1004190.7899999997
,Inventory Asset,04/01/2025,Inventory Starting Value,START,,BMSC-WC - Opening inventory and value,Opening Balance Equity,0,1004190.7899999997
,Inventory Asset,04/01/2025,Inventory Starting Value,START,,BMSC-AC - Opening inventory and value,Opening Balance Equity,0,1004190.7899999997
,Inventory Asset,04/01/2025,Inventory Starting Value,START,,BMSC-JB - Opening inventory and value,Opening Balance Equity,0,1004190.7899999997
,Inventory Asset,04/01/2025,Inventory Starting Value,START,,BMSC-RFM - Opening inventory and value,Opening Balance Equity,0,1004190.7899999997
,Inventory Asset,04/01/2025,Inventory Starting Value,START,,BMSC-TG - Opening inventory and value,Opening Balance Equity,0,1004190.7899999997
,Inventory Asset,04/01/2025,Inventory Starting Value,START,,BMSC-WM - Opening inventory and value,Opening Balance Equity,0,1004190.7899999997
,Inventory Asset,04/29/2025,Bill,2088,A.N.E Wholesale,Lew's Laser HS 5.1:1 Spinning Reel,Accounts Payable (A/P),900,1005090.7899999997
,Inventory Asset,05/01/2025,Inventory Starting Value,START,,BMSC-AC - Opening inventory and value,Opening Balance Equity,0,1005090.7899999997
,Inventory Asset,05/01/2025,Inventory Starting Value,START,,BMSC-JB - Opening inventory and value,Opening Balance Equity,0,1005090.7899999997
,Inventory Asset,05/01/2025,Inventory Starting Value,START,,BMSC-BTB - Opening inventory and value,Opening Balance Equity,0,1005090.7899999997
,Inventory Asset,05/01/2025,Inventory Starting Value,START,,BMSC-MM - Opening inventory and value,Opening Balance Equity,0,1005090.7899999997
,Inventory Asset,05/01/2025,Inventory Starting Value,START,,BMSC-MG - Opening inventory and value,Opening Balance Equity,0,1005090.7899999997
,Inventory Asset,05/01/2025,Inventory Starting Value,START,,BMSC-PM - Opening inventory and value,Opening Balance Equity,0,1005090.7899999997
,Inventory Asset,05/01/2025,Inventory Starting Value,START,,BMSC-RFM - Opening inventory and value,Opening Balance Equity,0,1005090.7899999997
,Inventory Asset,05/01/2025,Inventory Starting Value,START,,BMSC-TG - Opening inventory and value,Opening Balance Equity,0,1005090.7899999997
,Inventory Asset,05/01/2025,Inventory Starting Value,START,,BMSC-WM - Opening inventory and value,Opening Balance Equity,0,1005090.7899999997
,Inventory Asset,05/01/2025,Inventory Starting Value,START,,BMSC-WC - Opening inventory and value,Opening Balance Equity,0,1005090.7899999997
,Inventory Asset,05/01/2025,Inventory Starting Value,START,,BMSC-W - Opening inventory and value,Opening Balance Equity,0,1005090.7899999997
,Inventory Asset,05/01/2025,Inventory Starting Value,START,,BMBWC-AC - Opening inventory and value,Opening Balance Equity,0,1005090.7899999997
,Inventory Asset,05/01/2025,Inventory Starting Value,START,,BMBWC-BB - Opening inventory and value,Opening Balance Equity,0,1005090.7899999997
,Inventory Asset,05/01/2025,Inventory Starting Value,START,,BMBWC-BBL - Opening inventory and value,Opening Balance Equity,0,1005090.7899999997
,Inventory Asset,05/01/2025,Inventory Starting Value,START,,BMBWC-MM - Opening inventory and value,Opening Balance Equity,0,1005090.7899999997
,Inventory Asset,05/01/2025,Inventory Starting Value,START,,BMBWC-MG - Opening inventory and value,Opening Balance Equity,0,1005090.7899999997
,Inventory Asset,05/01/2025,Inventory Starting Value,START,,BMBWC-PM - Opening inventory and value,Opening Balance Equity,0,1005090.7899999997
,Inventory Asset,05/01/2025,Inventory Starting Value,START,,BMBWC-RFM - Opening inventory and value,Opening Balance Equity,0,1005090.7899999997
,Inventory Asset,05/01/2025,Inventory Starting Value,START,,BMBWC-TM - Opening inventory and value,Opening Balance Equity,0,1005090.7899999997
,Inventory Asset,05/01/2025,Inventory Starting Value,START,,BMBWC-TG - Opening inventory and value,Opening Balance Equity,0,1005090.7899999997
,Inventory Asset,05/01/2025,Inventory Starting Value,START,,BMBWC-WM - Opening inventory and value,Opening Balance Equity,0,1005090.7899999997
,Inventory Asset,05/01/2025,Inventory Starting Value,START,,BMBWC-WC - Opening inventory and value,Opening Balance Equity,0,1005090.7899999997
,Inventory Asset,05/01/2025,Inventory Starting Value,START,,BMBWC-W - Opening inventory and value,Opening Balance Equity,0,1005090.7899999997
,Inventory Asset,05/01/2025,Inventory Starting Value,START,,BMBMB-AC - Opening inventory and value,Opening Balance Equity,0,1005090.7899999997
,Inventory Asset,05/01/2025,Inventory Starting Value,START,,BMBMB-BAB - Opening inventory and value,Opening Balance Equity,0,1005090.7899999997
,Inventory Asset,05/01/2025,Inventory Starting Value,START,,BMBMB-BB - Opening inventory and value,Opening Balance Equity,0,1005090.7899999997
,Inventory Asset,05/01/2025,Inventory Starting Value,START,,BMBMB-MM - Opening inventory and value,Opening Balance Equity,0,1005090.7899999997
,Inventory Asset,05/01/2025,Inventory Starting Value,START,,BMBMB-MG - Opening inventory and value,Opening Balance Equity,0,1005090.7899999997
,Inventory Asset,05/01/2025,Inventory Starting Value,START,,BMBMB-PM - Opening inventory and value,Opening Balance Equity,0,1005090.7899999997
,Inventory Asset,05/01/2025,Inventory Starting Value,START,,BMBMB-RFM - Opening inventory and value,Opening Balance Equity,0,1005090.7899999997
,Inventory Asset,05/01/2025,Inventory Starting Value,START,,BMBMB-TM - Opening inventory and value,Opening Balance Equity,0,1005090.7899999997
,Inventory Asset,05/01/2025,Inventory Starting Value,START,,BMBMB-TG - Opening inventory and value,Opening Balance Equity,0,1005090.7899999997
,Inventory Asset,05/01/2025,Inventory Starting Value,START,,BMBMB-WM - Opening inventory and value,Opening Balance Equity,0,1005090.7899999997
,Inventory Asset,05/01/2025,Inventory Starting Value,START,,BMBBMB-WC - Opening inventory and value,Opening Balance Equity,0,1005090.7899999997
,Inventory Asset,05/01/2025,Inventory Starting Value,START,,BMBMB-W - Opening inventory and value,Opening Balance Equity,0,1005090.7899999997
,Inventory Asset,05/01/2025,Inventory Starting Value,START,,BMBB-AC - Opening inventory and value,Opening Balance Equity,0,1005090.7899999997
,Inventory Asset,05/01/2025,Inventory Starting Value,START,,BMBB-BLKB - Opening inventory and value,Opening Balance Equity,0,1005090.7899999997
,Inventory Asset,05/01/2025,Inventory Starting Value,START,,BMBB-BB - Opening inventory and value,Opening Balance Equity,0,1005090.7899999997
,Inventory Asset,05/01/2025,Inventory Starting Value,START,,BMBB-MG - Opening inventory and value,Opening Balance Equity,0,1005090.7899999997
,Inventory Asset,05/01/2025,Inventory Starting Value,START,,BMLJW-JB - Opening inventory and value,Opening Balance Equity,0,1005090.7899999997
,Inventory Asset,05/01/2025,Inventory Starting Value,START,,BMLJW-MM - Opening inventory and value,Opening Balance Equity,0,1005090.7899999997
,Inventory Asset,05/01/2025,Inventory Starting Value,START,,BMLJW-RC - Opening inventory and value,Opening Balance Equity,0,1005090.7899999997
,Inventory Asset,05/01/2025,Inventory Starting Value,START,,BMLJW-WM - Opening inventory and value,Opening Balance Equity,0,1005090.7899999997
,Inventory Asset,05/01/2025,Inventory Starting Value,START,,BMLJW-WR - Opening inventory and value,Opening Balance Equity,0,1005090.7899999997
,Inventory Asset,05/01/2025,Inventory Starting Value,START,,BMLARDRLGD - Opening inventory and value,Opening Balance Equity,0,1005090.7899999997
,Inventory Asset,05/01/2025,Inventory Starting Value,START,,BMLARDRLGL - Opening inventory and value,Opening Balance Equity,0,1005090.7899999997
,Inventory Asset,05/01/2025,Inventory Starting Value,START,,BMLARDRLMG - Opening inventory and value,Opening Balance Equity,0,1005090.7899999997
,Inventory Asset,05/01/2025,Inventory Starting Value,START,,BMLARDRLMBB - Opening inventory and value,Opening Balance Equity,0,1005090.7899999997
,Inventory Asset,05/01/2025,Inventory Starting Value,START,,BMLARDRLTM$ - Opening inventory and value,Opening Balance Equity,0,1005090.7899999997
,Inventory Asset,05/01/2025,Inventory Starting Value,START,,BMLARDRLTM - Opening inventory and value,Opening Balance Equity,0,1005090.7899999997
,Inventory Asset,05/01/2025,Inventory Starting Value,START,,BMLARDXLGD - Opening inventory and value,Opening Balance Equity,0,1005090.7899999997
,Inventory Asset,05/01/2025,Inventory Starting Value,START,,BMLARDXLMG - Opening inventory and value,Opening Balance Equity,0,1005090.7899999997
,Inventory Asset,05/01/2025,Inventory Starting Value,START,,BMLARDXLMBB - Opening inventory and value,Opening Balance Equity,0,1005090.7899999997
,Inventory Asset,05/01/2025,Inventory Starting Value,START,,BMLARDXLTM$ - Opening inventory and value,Opening Balance Equity,0,1005090.7899999997
,Inventory Asset,05/01/2025,Inventory Starting Value,START,,BMLARDXLTM - Opening inventory and value,Opening Balance Equity,0,1005090.7899999997
,Inventory Asset,05/01/2025,Inventory Starting Value,START,,PTJB - Opening inventory and value,Opening Balance Equity,0,1005090.7899999997
,Inventory Asset,05/01/2025,Inventory Starting Value,START,,PTJB-1 - Opening inventory and value,Opening Balance Equity,0,1005090.7899999997
,Inventory Asset,05/01/2025,Inventory Starting Value,START,,PTJB-2 - Opening inventory and value,Opening Balance Equity,0,1005090.7899999997
,Inventory Asset,05/01/2025,Inventory Starting Value,START,,PTJB-3 - Opening inventory and value,Opening Balance Equity,0,1005090.7899999997
,Inventory Asset,05/01/2025,Inventory Starting Value,START,,PTJB-4 - Opening inventory and value,Opening Balance Equity,0,1005090.7899999997
,Inventory Asset,05/01/2025,Inventory Starting Value,START,,PTJB-5 - Opening inventory and value,Opening Balance Equity,0,1005090.7899999997
,Inventory Asset,05/01/2025,Inventory Starting Value,START,,PTJB-6 - Opening inventory and value,Opening Balance Equity,0,1005090.7899999997
,Inventory Asset,05/01/2025,Inventory Starting Value,START,,1670-244 - Opening inventory and value,Opening Balance Equity,0,1005090.7899999997
,Inventory Asset,05/01/2025,Inventory Starting Value,START,,RZR-OB-049 - Opening inventory and value,Opening Balance Equity,0,1005090.7899999997
,Inventory Asset,05/01/2025,Inventory Starting Value,START,,RZR-MS-050 - Opening inventory and value,Opening Balance Equity,0,1005090.7899999997
,Inventory Asset,05/01/2025,Inventory Starting Value,START,,RZR-BB-051 - Opening inventory and value,Opening Balance Equity,0,1005090.7899999997
,Inventory Asset,05/01/2025,Inventory Starting Value,START,,RZR-WH-052 - Opening inventory and value,Opening Balance Equity,0,1005090.7899999997
,Inventory Asset,05/01/2025,Inventory Starting Value,START,,RZR-WC-053 - Opening inventory and value,Opening Balance Equity,0,1005090.7899999997
,Inventory Asset,05/01/2025,Inventory Starting Value,START,,RZR-NC-054 - Opening inventory and value,Opening Balance Equity,0,1005090.7899999997
,Inventory Asset,05/01/2025,Inventory Starting Value,START,,PT-3200 - Opening inventory and value,Opening Balance Equity,0,1005090.7899999997
,Inventory Asset,05/01/2025,Inventory Starting Value,START,,H-Black - Opening inventory and value,Opening Balance Equity,0,1005090.7899999997
,Inventory Asset,05/01/2025,Inventory Starting Value,START,,H-Bluegill - Opening inventory and value,Opening Balance Equity,0,1005090.7899999997
,Inventory Asset,05/01/2025,Inventory Starting Value,START,,H-Pink - Opening inventory and value,Opening Balance Equity,0,1005090.7899999997
,Inventory Asset,05/01/2025,Inventory Starting Value,START,,H-Brown - Opening inventory and value,Opening Balance Equity,0,1005090.7899999997
,Inventory Asset,05/01/2025,Inventory Starting Value,START,,A-Black - Opening inventory and value,Opening Balance Equity,0,1005090.7899999997
,Inventory Asset,05/01/2025,Inventory Starting Value,START,,A-Bluegill - Opening inventory and value,Opening Balance Equity,0,1005090.7899999997
,Inventory Asset,05/01/2025,Inventory Starting Value,START,,A-Pink - Opening inventory and value,Opening Balance Equity,0,1005090.7899999997
,Inventory Asset,05/01/2025,Inventory Starting Value,START,,A-Brown - Opening inventory and value,Opening Balance Equity,0,1005090.7899999997
,Inventory Asset,05/01/2025,Inventory Starting Value,START,,FA-BlackHV - Opening inventory and value,Opening Balance Equity,0,1005090.7899999997
,Inventory Asset,05/01/2025,Inventory Starting Value,START,,FA-DarkRage - Opening inventory and value,Opening Balance Equity,0,1005090.7899999997
,Inventory Asset,05/01/2025,Inventory Starting Value,START,,FA-GreenPumpkin - Opening inventory and value,Opening Balance Equity,0,1005090.7899999997
,Inventory Asset,05/01/2025,Inventory Starting Value,START,,FA-Bluegill - Opening inventory and value,Opening Balance Equity,0,1005090.7899999997
,Inventory Asset,05/01/2025,Inventory Starting Value,START,,7.99787E+11 - Opening inventory and value,Opening Balance Equity,0,1005090.7899999997
,Inventory Asset,05/01/2025,Inventory Starting Value,START,,799787440252 - Opening inventory and value,Opening Balance Equity,0,1005090.7899999997
,Inventory Asset,05/01/2025,Inventory Starting Value,START,,799787439942 - Opening inventory and value,Opening Balance Equity,0,1005090.7899999997
,Inventory Asset,05/01/2025,Inventory Starting Value,START,,799787440351 - Opening inventory and value,Opening Balance Equity,0,1005090.7899999997
,Inventory Asset,05/01/2025,Inventory Starting Value,START,,799787440283 - Opening inventory and value,Opening Balance Equity,0,1005090.7899999997
,Inventory Asset,05/01/2025,Inventory Starting Value,START,,799787440115 - Opening inventory and value,Opening Balance Equity,0,1005090.7899999997
,Inventory Asset,05/01/2025,Inventory Starting Value,START,,1630-270 - Opening inventory and value,Opening Balance Equity,0,1005090.7899999997
,Inventory Asset,05/01/2025,Inventory Starting Value,START,,1630-209 - Opening inventory and value,Opening Balance Equity,0,1005090.7899999997
,Inventory Asset,05/01/2025,Inventory Starting Value,START,,1630-550 - Opening inventory and value,Opening Balance Equity,0,1005090.7899999997
,Inventory Asset,05/01/2025,Inventory Starting Value,START,,1608-590 - Opening inventory and value,Opening Balance Equity,0,1005090.7899999997
,Inventory Asset,05/01/2025,Inventory Starting Value,START,,1620-270 - Opening inventory and value,Opening Balance Equity,0,1005090.7899999997
,Inventory Asset,05/01/2025,Inventory Starting Value,START,,1620-610 - Opening inventory and value,Opening Balance Equity,0,1005090.7899999997
,Inventory Asset,05/01/2025,Inventory Starting Value,START,,1620-201 - Opening inventory and value,Opening Balance Equity,0,1005090.7899999997
,Inventory Asset,05/01/2025,Inventory Starting Value,START,,1620-590 - Opening inventory and value,Opening Balance Equity,0,1005090.7899999997
,Inventory Asset,05/01/2025,Inventory Starting Value,START,,1620-260 - Opening inventory and value,Opening Balance Equity,0,1005090.7899999997
,Inventory Asset,05/01/2025,Inventory Starting Value,START,,1677-270 - Opening inventory and value,Opening Balance Equity,0,1005090.7899999997
,Inventory Asset,05/01/2025,Inventory Starting Value,START,,1677-610 - Opening inventory and value,Opening Balance Equity,0,1005090.7899999997
,Inventory Asset,05/01/2025,Inventory Starting Value,START,,1677-222 - Opening inventory and value,Opening Balance Equity,0,1005090.7899999997
,Inventory Asset,05/01/2025,Inventory Starting Value,START,,1677-550 - Opening inventory and value,Opening Balance Equity,0,1005090.7899999997
,Inventory Asset,05/01/2025,Inventory Starting Value,START,,1677-590 - Opening inventory and value,Opening Balance Equity,0,1005090.7899999997
,Inventory Asset,05/01/2025,Inventory Starting Value,START,,1676-610 - Opening inventory and value,Opening Balance Equity,0,1005090.7899999997
,Inventory Asset,05/01/2025,Inventory Starting Value,START,,1676-244 - Opening inventory and value,Opening Balance Equity,0,1005090.7899999997
,Inventory Asset,05/01/2025,Inventory Starting Value,START,,1676-222 - Opening inventory and value,Opening Balance Equity,0,1005090.7899999997
,Inventory Asset,05/01/2025,Inventory Starting Value,START,,1676-590 - Opening inventory and value,Opening Balance Equity,0,1005090.7899999997
,Inventory Asset,05/01/2025,Inventory Starting Value,START,,1697-844 - Opening inventory and value,Opening Balance Equity,0,1005090.7899999997
,Inventory Asset,05/01/2025,Inventory Starting Value,START,,1697-610 - Opening inventory and value,Opening Balance Equity,0,1005090.7899999997
,Inventory Asset,05/01/2025,Inventory Starting Value,START,,1697-217 - Opening inventory and value,Opening Balance Equity,0,1005090.7899999997
,Inventory Asset,05/01/2025,Inventory Starting Value,START,,1697-108 - Opening inventory and value,Opening Balance Equity,0,1005090.7899999997
,Inventory Asset,05/01/2025,Inventory Starting Value,START,,1697-833 - Opening inventory and value,Opening Balance Equity,0,1005090.7899999997
,Inventory Asset,05/01/2025,Inventory Starting Value,START,,1700-244 - Opening inventory and value,Opening Balance Equity,0,1005090.7899999997
,Inventory Asset,05/01/2025,Inventory Starting Value,START,,1700-610 - Opening inventory and value,Opening Balance Equity,0,1005090.7899999997
,Inventory Asset,05/01/2025,Inventory Starting Value,START,,1700-510 - Opening inventory and value,Opening Balance Equity,0,1005090.7899999997
,Inventory Asset,05/01/2025,Inventory Starting Value,START,,1700-209 - Opening inventory and value,Opening Balance Equity,0,1005090.7899999997
,Inventory Asset,05/01/2025,Inventory Starting Value,START,,1700-222 - Opening inventory and value,Opening Balance Equity,0,1005090.7899999997
,Inventory Asset,05/01/2025,Inventory Starting Value,START,,1700-550 - Opening inventory and value,Opening Balance Equity,0,1005090.7899999997
,Inventory Asset,05/01/2025,Inventory Starting Value,START,,1700-590 - Opening inventory and value,Opening Balance Equity,0,1005090.7899999997
,Inventory Asset,05/01/2025,Inventory Starting Value,START,,1700-210 - Opening inventory and value,Opening Balance Equity,0,1005090.7899999997
,Inventory Asset,05/01/2025,Inventory Starting Value,START,,DOB-SFJ1-113-1 - Opening inventory and value,Opening Balance Equity,0,1005090.7899999997
,Inventory Asset,05/01/2025,Inventory Starting Value,START,,DOB-SFJ12-102-1 - Opening inventory and value,Opening Balance Equity,0,1005090.7899999997
,Inventory Asset,05/01/2025,Inventory Starting Value,START,,DOB-SFJ12-107-1 - Opening inventory and value,Opening Balance Equity,0,1005090.7899999997
,Inventory Asset,05/01/2025,Inventory Starting Value,START,,DOB-SFJ12-108-1 - Opening inventory and value,Opening Balance Equity,0,1005090.7899999997
,Inventory Asset,05/01/2025,Inventory Starting Value,START,,DOB-SFJ12-112-1 - Opening inventory and value,Opening Balance Equity,0,1005090.7899999997
,Inventory Asset,05/01/2025,Inventory Starting Value,START,,DOB-SFJ14-110-1 - Opening inventory and value,Opening Balance Equity,0,1005090.7899999997
,Inventory Asset,05/01/2025,Inventory Starting Value,START,,DOB-SFJ38-103-1 - Opening inventory and value,Opening Balance Equity,0,1005090.7899999997
,Inventory Asset,05/01/2025,Inventory Starting Value,START,,DOB-SFJ38-106-1 - Opening inventory and value,Opening Balance Equity,0,1005090.7899999997
,Inventory Asset,05/01/2025,Inventory Starting Value,START,,DOB-SFJ38-107-1 - Opening inventory and value,Opening Balance Equity,0,1005090.7899999997
,Inventory Asset,05/01/2025,Inventory Starting Value,START,,DOB-SFJ38-108-1 - Opening inventory and value,Opening Balance Equity,0,1005090.7899999997
,Inventory Asset,05/01/2025,Inventory Starting Value,START,,DOB-SFJ38-110-1 - Opening inventory and value,Opening Balance Equity,0,1005090.7899999997
,Inventory Asset,05/01/2025,Inventory Starting Value,START,,YAM-136-07-417 - Opening inventory and value,Opening Balance Equity,0,1005090.7899999997
,Inventory Asset,05/01/2025,Inventory Starting Value,START,,YAM-136-07-955 - Opening inventory and value,Opening Balance Equity,0,1005090.7899999997
,Inventory Asset,05/01/2025,Inventory Starting Value,START,,YAM-136-07-996 - Opening inventory and value,Opening Balance Equity,0,1005090.7899999997
,Inventory Asset,05/01/2025,Inventory Starting Value,START,,BBB-15CRTU19 - Opening inventory and value,Opening Balance Equity,0,1005090.7899999997
,Inventory Asset,05/01/2025,Inventory Starting Value,START,,BBB-2SWMNR-11 - Opening inventory and value,Opening Balance Equity,0,1005090.7899999997
,Inventory Asset,05/01/2025,Inventory Starting Value,START,,784196805082 - Opening inventory and value,Opening Balance Equity,0,1005090.7899999997
,Inventory Asset,05/01/2025,Inventory Starting Value,START,,784196806553 - Opening inventory and value,Opening Balance Equity,0,1005090.7899999997
,Inventory Asset,05/01/2025,Inventory Starting Value,START,,784196803712 - Opening inventory and value,Opening Balance Equity,0,1005090.7899999997
,Inventory Asset,05/01/2025,Inventory Starting Value,START,,781496803729 - Opening inventory and value,Opening Balance Equity,0,1005090.7899999997
,Inventory Asset,05/01/2025,Inventory Starting Value,START,,725414386389 - Opening inventory and value,Opening Balance Equity,0,1005090.7899999997
,Inventory Asset,05/01/2025,Inventory Starting Value,START,,Dead-1 - Opening inventory and value,Opening Balance Equity,0,1005090.7899999997
,Inventory Asset,05/01/2025,Inventory Starting Value,START,,Dead-2 - Opening inventory and value,Opening Balance Equity,0,1005090.7899999997
,Inventory Asset,05/01/2025,Inventory Starting Value,START,,Dead-3 - Opening inventory and value,Opening Balance Equity,0,1005090.7899999997
,Inventory Asset,05/01/2025,Inventory Starting Value,START,,Dead-4 - Opening inventory and value,Opening Balance Equity,0,1005090.7899999997
,Inventory Asset,05/01/2025,Inventory Starting Value,START,,Raider-64 - Opening inventory and value,Opening Balance Equity,0,1005090.7899999997
,Inventory Asset,05/01/2025,Inventory Starting Value,START,,Raider-63 - Opening inventory and value,Opening Balance Equity,0,1005090.7899999997
,Inventory Asset,05/01/2025,Inventory Starting Value,START,,Raider-52 - Opening inventory and value,Opening Balance Equity,0,1005090.7899999997
,Inventory Asset,05/01/2025,Inventory Starting Value,START,,Radier-54 - Opening inventory and value,Opening Balance Equity,0,1005090.7899999997
,Inventory Asset,05/01/2025,Inventory Starting Value,START,,43124 - Opening inventory and value,Opening Balance Equity,0,1005090.7899999997
,Inventory Asset,05/01/2025,Inventory Starting Value,START,,43272 - Opening inventory and value,Opening Balance Equity,0,1005090.7899999997
,Inventory Asset,05/01/2025,Inventory Starting Value,START,,43280 - Opening inventory and value,Opening Balance Equity,0,1005090.7899999997
,Inventory Asset,05/01/2025,Inventory Starting Value,START,,43309 - Opening inventory and value,Opening Balance Equity,0,1005090.7899999997
,Inventory Asset,05/01/2025,Inventory Starting Value,START,,43704 - Opening inventory and value,Opening Balance Equity,0,1005090.7899999997
,Inventory Asset,05/01/2025,Inventory Starting Value,START,,43830 - Opening inventory and value,Opening Balance Equity,0,1005090.7899999997
,Inventory Asset,05/01/2025,Inventory Starting Value,START,,15111 - Opening inventory and value,Opening Balance Equity,0,1005090.7899999997
,Inventory Asset,05/01/2025,Inventory Starting Value,START,,15410 - Opening inventory and value,Opening Balance Equity,0,1005090.7899999997
,Inventory Asset,05/01/2025,Inventory Starting Value,START,,15705 - Opening inventory and value,Opening Balance Equity,0,1005090.7899999997
,Inventory Asset,05/01/2025,Inventory Starting Value,START,,15977 - Opening inventory and value,Opening Balance Equity,0,1005090.7899999997
,Inventory Asset,05/01/2025,Inventory Starting Value,START,,11130 - Opening inventory and value,Opening Balance Equity,0,1005090.7899999997
,Inventory Asset,05/01/2025,Inventory Starting Value,START,,11309 - Opening inventory and value,Opening Balance Equity,0,1005090.7899999997
,Inventory Asset,05/01/2025,Inventory Starting Value,START,,11310 - Opening inventory and value,Opening Balance Equity,0,1005090.7899999997
,Inventory Asset,05/01/2025,Inventory Starting Value,START,,11314 - Opening inventory and value,Opening Balance Equity,0,1005090.7899999997
,Inventory Asset,05/01/2025,Inventory Starting Value,START,,11317 - Opening inventory and value,Opening Balance Equity,0,1005090.7899999997
,Inventory Asset,05/01/2025,Inventory Starting Value,START,,11910 - Opening inventory and value,Opening Balance Equity,0,1005090.7899999997
,Inventory Asset,05/01/2025,Inventory Starting Value,START,,11911 - Opening inventory and value,Opening Balance Equity,0,1005090.7899999997
,Inventory Asset,05/01/2025,Inventory Starting Value,START,,11912 - Opening inventory and value,Opening Balance Equity,0,1005090.7899999997
,Inventory Asset,05/01/2025,Inventory Starting Value,START,,11920 - Opening inventory and value,Opening Balance Equity,0,1005090.7899999997
,Inventory Asset,05/01/2025,Inventory Starting Value,START,,THD-19-003 - Opening inventory and value,Opening Balance Equity,0,1005090.7899999997
,Inventory Asset,05/01/2025,Inventory Starting Value,START,,THD-19-006 - Opening inventory and value,Opening Balance Equity,0,1005090.7899999997
,Inventory Asset,05/01/2025,Inventory Starting Value,START,,THD-19-020 - Opening inventory and value,Opening Balance Equity,0,1005090.7899999997
,Inventory Asset,05/01/2025,Inventory Starting Value,START,,THD-19-032 - Opening inventory and value,Opening Balance Equity,0,1005090.7899999997
,Inventory Asset,05/01/2025,Inventory Starting Value,START,,THD-19-087 - Opening inventory and value,Opening Balance Equity,0,1005090.7899999997
,Inventory Asset,05/01/2025,Inventory Starting Value,START,,THD-19-112 - Opening inventory and value,Opening Balance Equity,0,1005090.7899999997
,Inventory Asset,05/01/2025,Inventory Starting Value,START,,THD-350-028 - Opening inventory and value,Opening Balance Equity,0,1005090.7899999997
,Inventory Asset,05/01/2025,Inventory Starting Value,START,,LSC-470F - Opening inventory and value,Opening Balance Equity,0,1005090.7899999997
,Inventory Asset,05/01/2025,Inventory Starting Value,START,,LSC-574F - Opening inventory and value,Opening Balance Equity,0,1005090.7899999997
,Inventory Asset,05/01/2025,Inventory Starting Value,START,,LSC-674F - Opening inventory and value,Opening Balance Equity,0,1005090.7899999997
,Inventory Asset,05/01/2025,Inventory Starting Value,START,,LSC-470MFC - Opening inventory and value,Opening Balance Equity,0,1005090.7899999997
,Inventory Asset,05/01/2025,Inventory Starting Value,START,,LSC-574MFC - Opening inventory and value,Opening Balance Equity,0,1005090.7899999997
,Inventory Asset,05/01/2025,Inventory Starting Value,START,,LSC-578MFC - Opening inventory and value,Opening Balance Equity,0,1005090.7899999997
,Inventory Asset,05/01/2025,Inventory Starting Value,START,,LSS-370F - Opening inventory and value,Opening Balance Equity,0,1005090.7899999997
,Inventory Asset,05/01/2025,Inventory Starting Value,START,,MLF-1 - Opening inventory and value,Opening Balance Equity,0,1005090.7899999997
,Inventory Asset,05/01/2025,Inventory Starting Value,START,,MLF-2 - Opening inventory and value,Opening Balance Equity,0,1005090.7899999997
,Inventory Asset,05/01/2025,Inventory Starting Value,START,,PT-65P-BONE - Opening inventory and value,Opening Balance Equity,0,1005090.7899999997
,Inventory Asset,05/01/2025,Inventory Starting Value,START,,PT-65P-MPBC - Opening inventory and value,Opening Balance Equity,0,1005090.7899999997
,Inventory Asset,05/01/2025,Inventory Starting Value,START,,PT-65P-CHR - Opening inventory and value,Opening Balance Equity,0,1005090.7899999997
,Inventory Asset,05/01/2025,Inventory Starting Value,START,,PT-65P-MSH - Opening inventory and value,Opening Balance Equity,0,1005090.7899999997
,Inventory Asset,05/01/2025,Inventory Starting Value,START,,NL-BW1-BBSD - Opening inventory and value,Opening Balance Equity,0,1005090.7899999997
,Inventory Asset,05/01/2025,Inventory Starting Value,START,,NL-BW1-BCSD - Opening inventory and value,Opening Balance Equity,0,1005090.7899999997
,Inventory Asset,05/01/2025,Inventory Starting Value,START,,NL-BW1-BOSD - Opening inventory and value,Opening Balance Equity,0,1005090.7899999997
,Inventory Asset,05/01/2025,Inventory Starting Value,START,,NL-BW1-CKCW - Opening inventory and value,Opening Balance Equity,0,1005090.7899999997
,Inventory Asset,05/01/2025,Inventory Starting Value,START,,NL-BW1-GBGL - Opening inventory and value,Opening Balance Equity,0,1005090.7899999997
,Inventory Asset,05/01/2025,Inventory Starting Value,START,,NL-BW1-GBSD - Opening inventory and value,Opening Balance Equity,0,1005090.7899999997
,Inventory Asset,05/01/2025,Inventory Starting Value,START,,NL-BW1-OBGL - Opening inventory and value,Opening Balance Equity,0,1005090.7899999997
,Inventory Asset,05/01/2025,Inventory Starting Value,START,,NL-BW1-RB - Opening inventory and value,Opening Balance Equity,0,1005090.7899999997
,Inventory Asset,05/01/2025,Inventory Starting Value,START,,C-470F - Opening inventory and value,Opening Balance Equity,0,1005090.7899999997
,Inventory Asset,05/01/2025,Inventory Starting Value,START,,C-574F - Opening inventory and value,Opening Balance Equity,0,1005090.7899999997
,Inventory Asset,05/01/2025,Inventory Starting Value,START,,C-674F - Opening inventory and value,Opening Balance Equity,0,1005090.7899999997
,Inventory Asset,05/01/2025,Inventory Starting Value,START,,C-470MF - Opening inventory and value,Opening Balance Equity,0,1005090.7899999997
,Inventory Asset,05/01/2025,Inventory Starting Value,START,,C-574MF - Opening inventory and value,Opening Balance Equity,0,1005090.7899999997
,Inventory Asset,05/01/2025,Inventory Starting Value,START,,C-578MF - Opening inventory and value,Opening Balance Equity,0,1005090.7899999997
,Inventory Asset,05/01/2025,Inventory Starting Value,START,,S-370F - Opening inventory and value,Opening Balance Equity,0,1005090.7899999997
,Inventory Asset,05/01/2025,Inventory Starting Value,START,,S-474F - Opening inventory and value,Opening Balance Equity,0,1005090.7899999997
,Inventory Asset,05/01/2025,Inventory Starting Value,START,,S-574F - Opening inventory and value,Opening Balance Equity,0,1005090.7899999997
,Inventory Asset,05/01/2025,Inventory Starting Value,START,,LURE-848927018025 - Opening inventory and value,Opening Balance Equity,0,1005090.7899999997
,Inventory Asset,05/01/2025,Inventory Starting Value,START,,LURE-848927018056 - Opening inventory and value,Opening Balance Equity,0,1005090.7899999997
,Inventory Asset,05/01/2025,Inventory Starting Value,START,,LURE-848927018186 - Opening inventory and value,Opening Balance Equity,0,1005090.7899999997
,Inventory Asset,05/01/2025,Inventory Starting Value,START,,LURE-848927018209 - Opening inventory and value,Opening Balance Equity,0,1005090.7899999997
,Inventory Asset,05/01/2025,Inventory Starting Value,START,,LURE-848927018247 - Opening inventory and value,Opening Balance Equity,0,1005090.7899999997
,Inventory Asset,05/01/2025,Inventory Starting Value,START,,LURE-848927018261 - Opening inventory and value,Opening Balance Equity,0,1005090.7899999997
,Inventory Asset,05/01/2025,Inventory Starting Value,START,,LURE-848927018278 - Opening inventory and value,Opening Balance Equity,0,1005090.7899999997
,Inventory Asset,05/01/2025,Inventory Starting Value,START,,LURE-848927018292 - Opening inventory and value,Opening Balance Equity,0,1005090.7899999997
,Inventory Asset,05/01/2025,Inventory Starting Value,START,,LURE-848927018339 - Opening inventory and value,Opening Balance Equity,0,1005090.7899999997
,Inventory Asset,05/01/2025,Inventory Starting Value,START,,LURE-848927018513 - Opening inventory and value,Opening Balance Equity,0,1005090.7899999997
,Inventory Asset,05/01/2025,Inventory Starting Value,START,,LURE-848927018544 - Opening inventory and value,Opening Balance Equity,0,1005090.7899999997
,Inventory Asset,05/01/2025,Inventory Starting Value,START,,LURE-848927018629 - Opening inventory and value,Opening Balance Equity,0,1005090.7899999997
,Inventory Asset,05/01/2025,Inventory Starting Value,START,,LURE-848927018674 - Opening inventory and value,Opening Balance Equity,0,1005090.7899999997
,Inventory Asset,05/01/2025,Inventory Starting Value,START,,LURE-848927018865 - Opening inventory and value,Opening Balance Equity,0,1005090.7899999997
,Inventory Asset,05/01/2025,Inventory Starting Value,START,,LURE-848927018926 - Opening inventory and value,Opening Balance Equity,0,1005090.7899999997
,Inventory Asset,05/01/2025,Inventory Starting Value,START,,LURE-848927018940 - Opening inventory and value,Opening Balance Equity,0,1005090.7899999997
,Inventory Asset,05/01/2025,Inventory Starting Value,START,,LURE-848927014119 - Opening inventory and value,Opening Balance Equity,0,1005090.7899999997
,Inventory Asset,05/01/2025,Inventory Starting Value,START,,LURE-848927014133 - Opening inventory and value,Opening Balance Equity,0,1005090.7899999997
,Inventory Asset,05/01/2025,Inventory Starting Value,START,,LURE-848927014157 - Opening inventory and value,Opening Balance Equity,0,1005090.7899999997
,Inventory Asset,05/01/2025,Inventory Starting Value,START,,LURE-848927014201 - Opening inventory and value,Opening Balance Equity,0,1005090.7899999997
,Inventory Asset,05/01/2025,Inventory Starting Value,START,,LURE-848927014355 - Opening inventory and value,Opening Balance Equity,0,1005090.7899999997
,Inventory Asset,05/01/2025,Inventory Starting Value,START,,LURE-848927014430 - Opening inventory and value,Opening Balance Equity,0,1005090.7899999997
,Inventory Asset,05/01/2025,Inventory Starting Value,START,,LURE-848927016021 - Opening inventory and value,Opening Balance Equity,0,1005090.7899999997
,Inventory Asset,05/01/2025,Inventory Starting Value,START,,LURE-848927016052 - Opening inventory and value,Opening Balance Equity,0,1005090.7899999997
,Inventory Asset,05/01/2025,Inventory Starting Value,START,,LURE-848927016083 - Opening inventory and value,Opening Balance Equity,0,1005090.7899999997
,Inventory Asset,05/01/2025,Inventory Starting Value,START,,LURE-848927016151 - Opening inventory and value,Opening Balance Equity,0,1005090.7899999997
,Inventory Asset,05/01/2025,Inventory Starting Value,START,,LURE-848927016168 - Opening inventory and value,Opening Balance Equity,0,1005090.7899999997
,Inventory Asset,05/01/2025,Inventory Starting Value,START,,LURE-848927016267 - Opening inventory and value,Opening Balance Equity,0,1005090.7899999997
,Inventory Asset,05/01/2025,Inventory Starting Value,START,,LURE-848927016274 - Opening inventory and value,Opening Balance Equity,0,1005090.7899999997
,Inventory Asset,05/01/2025,Inventory Starting Value,START,,LURE-848927016281 - Opening inventory and value,Opening Balance Equity,0,1005090.7899999997
,Inventory Asset,05/01/2025,Inventory Starting Value,START,,LURE-848927016335 - Opening inventory and value,Opening Balance Equity,0,1005090.7899999997
,Inventory Asset,05/01/2025,Inventory Starting Value,START,,LURE-848927016946 - Opening inventory and value,Opening Balance Equity,0,1005090.7899999997
,Inventory Asset,05/01/2025,Inventory Starting Value,START,,LURE-848927029335 - Opening inventory and value,Opening Balance Equity,0,1005090.7899999997
,Inventory Asset,05/01/2025,Inventory Starting Value,START,,LURE-848927029359 - Opening inventory and value,Opening Balance Equity,0,1005090.7899999997
,Inventory Asset,05/01/2025,Inventory Starting Value,START,,LURE-848927029373 - Opening inventory and value,Opening Balance Equity,0,1005090.7899999997
,Inventory Asset,05/01/2025,Inventory Starting Value,START,,LURE-848927029434 - Opening inventory and value,Opening Balance Equity,0,1005090.7899999997
,Inventory Asset,05/01/2025,Inventory Starting Value,START,,LURE-848927029496 - Opening inventory and value,Opening Balance Equity,0,1005090.7899999997
,Inventory Asset,05/01/2025,Inventory Starting Value,START,,LURE-848927029502 - Opening inventory and value,Opening Balance Equity,0,1005090.7899999997
,Inventory Asset,05/01/2025,Inventory Starting Value,START,,LURE-848927029540 - Opening inventory and value,Opening Balance Equity,0,1005090.7899999997
,Inventory Asset,05/01/2025,Inventory Starting Value,START,,LURE-848927029038 - Opening inventory and value,Opening Balance Equity,0,1005090.7899999997
,Inventory Asset,05/01/2025,Inventory Starting Value,START,,MBVJ-3700 - Opening inventory and value,Opening Balance Equity,0,1005090.7899999997
,Inventory Asset,05/01/2025,Inventory Starting Value,START,,BS-S-6 - Opening inventory and value,Opening Balance Equity,0,1005090.7899999997
,Inventory Asset,05/01/2025,Inventory Starting Value,START,,BS-G-6 - Opening inventory and value,Opening Balance Equity,0,1005090.7899999997
,Inventory Asset,05/01/2025,Inventory Starting Value,START,,BS-G-2 - Opening inventory and value,Opening Balance Equity,0,1005090.7899999997
,Inventory Asset,05/01/2025,Inventory Starting Value,START,,BS-B-8 - Opening inventory and value,Opening Balance Equity,0,1005090.7899999997
,Inventory Asset,05/01/2025,Inventory Starting Value,START,,BS-G-11 - Opening inventory and value,Opening Balance Equity,0,1005090.7899999997
,Inventory Asset,05/01/2025,Inventory Starting Value,START,,BS-S-1 - Opening inventory and value,Opening Balance Equity,0,1005090.7899999997
,Inventory Asset,05/01/2025,Inventory Starting Value,START,,BS-S-12 - Opening inventory and value,Opening Balance Equity,0,1005090.7899999997
,Inventory Asset,05/01/2025,Inventory Starting Value,START,,P106DD-LS - Opening inventory and value,Opening Balance Equity,0,1005090.7899999997
,Inventory Asset,05/01/2025,Inventory Starting Value,START,,P106DD-MDF - Opening inventory and value,Opening Balance Equity,0,1005090.7899999997
,Inventory Asset,05/01/2025,Inventory Starting Value,START,,P106DD-MILCLWN - Opening inventory and value,Opening Balance Equity,0,1005090.7899999997
,Inventory Asset,05/01/2025,Inventory Starting Value,START,,P106DD-MN - Opening inventory and value,Opening Balance Equity,0,1005090.7899999997
,Inventory Asset,05/01/2025,Inventory Starting Value,START,,P106DD-MRDWN - Opening inventory and value,Opening Balance Equity,0,1005090.7899999997
,Inventory Asset,05/01/2025,Inventory Starting Value,START,,P106DD-PRN6 - Opening inventory and value,Opening Balance Equity,0,1005090.7899999997
,Inventory Asset,05/01/2025,Inventory Starting Value,START,,P106DD-SD - Opening inventory and value,Opening Balance Equity,0,1005090.7899999997
,Inventory Asset,05/01/2025,Inventory Starting Value,START,,P106DD-SDPR - Opening inventory and value,Opening Balance Equity,0,1005090.7899999997
,Inventory Asset,05/01/2025,Inventory Starting Value,START,,MM-81 - Opening inventory and value,Opening Balance Equity,0,1005090.7899999997
,Inventory Asset,05/01/2025,Inventory Starting Value,START,,MM-26 - Opening inventory and value,Opening Balance Equity,0,1005090.7899999997
,Inventory Asset,05/01/2025,Inventory Starting Value,START,,MM-9 - Opening inventory and value,Opening Balance Equity,0,1005090.7899999997
,Inventory Asset,05/01/2025,Inventory Starting Value,START,,MM-10 - Opening inventory and value,Opening Balance Equity,0,1005090.7899999997
,Inventory Asset,05/01/2025,Inventory Starting Value,START,,MM-82 - Opening inventory and value,Opening Balance Equity,0,1005090.7899999997
,Inventory Asset,05/01/2025,Inventory Starting Value,START,,LB-14 - Opening inventory and value,Opening Balance Equity,0,1005090.7899999997
,Inventory Asset,05/01/2025,Inventory Starting Value,START,,LB-23 - Opening inventory and value,Opening Balance Equity,0,1005090.7899999997
,Inventory Asset,05/01/2025,Inventory Starting Value,START,,LB-37 - Opening inventory and value,Opening Balance Equity,0,1005090.7899999997
,Inventory Asset,05/01/2025,Inventory Starting Value,START,,LB-81 - Opening inventory and value,Opening Balance Equity,0,1005090.7899999997
,Inventory Asset,05/01/2025,Inventory Starting Value,START,,LB-56 - Opening inventory and value,Opening Balance Equity,0,1005090.7899999997
,Inventory Asset,05/01/2025,Inventory Starting Value,START,,LB-10 - Opening inventory and value,Opening Balance Equity,0,1005090.7899999997
,Inventory Asset,05/01/2025,Inventory Starting Value,START,,LB-54 - Opening inventory and value,Opening Balance Equity,0,1005090.7899999997
,Inventory Asset,05/01/2025,Inventory Starting Value,START,,LB-83 - Opening inventory and value,Opening Balance Equity,0,1005090.7899999997
,Inventory Asset,05/01/2025,Inventory Starting Value,START,,SS110-43 - Opening inventory and value,Opening Balance Equity,0,1005090.7899999997
,Inventory Asset,05/01/2025,Inventory Starting Value,START,,SS110-18 - Opening inventory and value,Opening Balance Equity,0,1005090.7899999997
,Inventory Asset,05/01/2025,Inventory Starting Value,START,,SS110-79 - Opening inventory and value,Opening Balance Equity,0,1005090.7899999997
,Inventory Asset,05/01/2025,Inventory Starting Value,START,,SS110-11 - Opening inventory and value,Opening Balance Equity,0,1005090.7899999997
,Inventory Asset,05/01/2025,Inventory Starting Value,START,,SS110-63 - Opening inventory and value,Opening Balance Equity,0,1005090.7899999997
,Inventory Asset,05/01/2025,Inventory Starting Value,START,,SS110-35 - Opening inventory and value,Opening Balance Equity,0,1005090.7899999997
,Inventory Asset,05/01/2025,Inventory Starting Value,START,,SS110-64 - Opening inventory and value,Opening Balance Equity,0,1005090.7899999997
,Inventory Asset,05/01/2025,Inventory Starting Value,START,,SS110-81 - Opening inventory and value,Opening Balance Equity,0,1005090.7899999997
,Inventory Asset,05/01/2025,Inventory Starting Value,START,,UVH-IG-M - Opening inventory and value,Opening Balance Equity,0,1005090.7899999997
,Inventory Asset,05/01/2025,Inventory Starting Value,START,,UVH-IG-L - Opening inventory and value,Opening Balance Equity,0,1005090.7899999997
,Inventory Asset,05/01/2025,Inventory Starting Value,START,,UVH-IG-XL - Opening inventory and value,Opening Balance Equity,0,1005090.7899999997
,Inventory Asset,05/01/2025,Inventory Starting Value,START,,UVH-IG-2X - Opening inventory and value,Opening Balance Equity,0,1005090.7899999997
,Inventory Asset,05/01/2025,Inventory Starting Value,START,,UVH-IG-3X - Opening inventory and value,Opening Balance Equity,0,1005090.7899999997
,Inventory Asset,05/01/2025,Inventory Starting Value,START,,UVH-IG-4X - Opening inventory and value,Opening Balance Equity,0,1005090.7899999997
,Inventory Asset,05/01/2025,Inventory Starting Value,START,,UVH-SF-M - Opening inventory and value,Opening Balance Equity,0,1005090.7899999997
,Inventory Asset,05/01/2025,Inventory Starting Value,START,,UVH-SF-L - Opening inventory and value,Opening Balance Equity,0,1005090.7899999997
,Inventory Asset,05/01/2025,Inventory Starting Value,START,,UVH-SF-XL - Opening inventory and value,Opening Balance Equity,0,1005090.7899999997
,Inventory Asset,05/01/2025,Inventory Starting Value,START,,UVH-SF-2X - Opening inventory and value,Opening Balance Equity,0,1005090.7899999997
,Inventory Asset,05/01/2025,Inventory Starting Value,START,,UVH-SF-3X - Opening inventory and value,Opening Balance Equity,0,1005090.7899999997
,Inventory Asset,05/01/2025,Inventory Starting Value,START,,UVH-SF-4X - Opening inventory and value,Opening Balance Equity,0,1005090.7899999997
,Inventory Asset,05/01/2025,Inventory Starting Value,START,,UVH-S-M - Opening inventory and value,Opening Balance Equity,0,1005090.7899999997
,Inventory Asset,05/01/2025,Inventory Starting Value,START,,UVH-S-L - Opening inventory and value,Opening Balance Equity,0,1005090.7899999997
,Inventory Asset,05/01/2025,Inventory Starting Value,START,,UVH-S-XL - Opening inventory and value,Opening Balance Equity,0,1005090.7899999997
,Inventory Asset,05/01/2025,Inventory Starting Value,START,,UVH-S-2X - Opening inventory and value,Opening Balance Equity,0,1005090.7899999997
,Inventory Asset,05/01/2025,Inventory Starting Value,START,,UVH-S-3X - Opening inventory and value,Opening Balance Equity,0,1005090.7899999997
,Inventory Asset,05/01/2025,Inventory Starting Value,START,,UVH-S-4X - Opening inventory and value,Opening Balance Equity,0,1005090.7899999997
,Inventory Asset,05/01/2025,Inventory Starting Value,START,,112LN-IG-OP - Opening inventory and value,Opening Balance Equity,0,1005090.7899999997
,Inventory Asset,05/01/2025,Inventory Starting Value,START,,112LN-BK-OP - Opening inventory and value,Opening Balance Equity,0,1005090.7899999997
,Inventory Asset,05/01/2025,Inventory Starting Value,START,,511-TC-OP - Opening inventory and value,Opening Balance Equity,0,1005090.7899999997
,Inventory Asset,05/01/2025,Inventory Starting Value,START,,112OPCO-RT-OP - Opening inventory and value,Opening Balance Equity,0,1005090.7899999997
,Inventory Asset,05/01/2025,Inventory Starting Value,START,,BBB-35CC-01 - Opening inventory and value,Opening Balance Equity,0,1005090.7899999997
,Inventory Asset,05/01/2025,Inventory Starting Value,START,,BBB-35CC-02 - Opening inventory and value,Opening Balance Equity,0,1005090.7899999997
,Inventory Asset,05/01/2025,Inventory Starting Value,START,,BBB-35CC-04 - Opening inventory and value,Opening Balance Equity,0,1005090.7899999997
,Inventory Asset,05/01/2025,Inventory Starting Value,START,,BBB-35CC-06 - Opening inventory and value,Opening Balance Equity,0,1005090.7899999997
,Inventory Asset,05/01/2025,Inventory Starting Value,START,,BBB-35CC-08 - Opening inventory and value,Opening Balance Equity,0,1005090.7899999997
,Inventory Asset,05/01/2025,Inventory Starting Value,START,,BBB-35CC-09 - Opening inventory and value,Opening Balance Equity,0,1005090.7899999997
,Inventory Asset,05/01/2025,Inventory Starting Value,START,,BBB-35CC-11 - Opening inventory and value,Opening Balance Equity,0,1005090.7899999997
,Inventory Asset,05/01/2025,Inventory Starting Value,START,,BBB-35CC-12 - Opening inventory and value,Opening Balance Equity,0,1005090.7899999997
,Inventory Asset,05/01/2025,Inventory Starting Value,START,,BBB-FW6-25 - Opening inventory and value,Opening Balance Equity,0,1005090.7899999997
,Inventory Asset,05/01/2025,Inventory Starting Value,START,,BBB-FW8-01 - Opening inventory and value,Opening Balance Equity,0,1005090.7899999997
,Inventory Asset,05/01/2025,Inventory Starting Value,START,,BBB-FW8-05 - Opening inventory and value,Opening Balance Equity,0,1005090.7899999997
,Inventory Asset,05/01/2025,Inventory Starting Value,START,,BBB-FW8-07 - Opening inventory and value,Opening Balance Equity,0,1005090.7899999997
,Inventory Asset,05/01/2025,Inventory Starting Value,START,,BBB-FW8-08 - Opening inventory and value,Opening Balance Equity,0,1005090.7899999997
,Inventory Asset,05/01/2025,Inventory Starting Value,START,,BBB-FW8-22 - Opening inventory and value,Opening Balance Equity,0,1005090.7899999997
,Inventory Asset,05/01/2025,Inventory Starting Value,START,,BBB-FW8-23 - Opening inventory and value,Opening Balance Equity,0,1005090.7899999997
,Inventory Asset,05/01/2025,Inventory Starting Value,START,,BBB-FW8-26 - Opening inventory and value,Opening Balance Equity,0,1005090.7899999997
,Inventory Asset,05/01/2025,Inventory Starting Value,START,,BBB-BBTW-G-116-1099 - Opening inventory and value,Opening Balance Equity,0,1005090.7899999997
,Inventory Asset,05/01/2025,Inventory Starting Value,START,,BBB-BBTW-G-14-1099 - Opening inventory and value,Opening Balance Equity,0,1005090.7899999997
,Inventory Asset,05/01/2025,Inventory Starting Value,START,,BBB-BBTW-G-18-1099 - Opening inventory and value,Opening Balance Equity,0,1005090.7899999997
,Inventory Asset,05/01/2025,Inventory Starting Value,START,,BBB-BBTW-G-316-1099 - Opening inventory and value,Opening Balance Equity,0,1005090.7899999997
,Inventory Asset,05/01/2025,Inventory Starting Value,START,,BBB-BBTW-G-38-1099 - Opening inventory and value,Opening Balance Equity,0,1005090.7899999997
,Inventory Asset,05/01/2025,Inventory Starting Value,START,,B8-3DW-B8F - Opening inventory and value,Opening Balance Equity,0,1005090.7899999997
,Inventory Asset,05/01/2025,Inventory Starting Value,START,,B8-3DW-BLY - Opening inventory and value,Opening Balance Equity,0,1005090.7899999997
,Inventory Asset,05/01/2025,Inventory Starting Value,START,,B8-3DW-PFI - Opening inventory and value,Opening Balance Equity,0,1005090.7899999997
,Inventory Asset,05/01/2025,Inventory Starting Value,START,,B8-3DW-CHS - Opening inventory and value,Opening Balance Equity,0,1005090.7899999997
,Inventory Asset,05/01/2025,Inventory Starting Value,START,,B8-3DW-WHB - Opening inventory and value,Opening Balance Equity,0,1005090.7899999997
,Inventory Asset,05/01/2025,Inventory Starting Value,START,,B8-3DW-BRG - Opening inventory and value,Opening Balance Equity,0,1005090.7899999997
,Inventory Asset,05/01/2025,Inventory Starting Value,START,,B8-3DW-REH - Opening inventory and value,Opening Balance Equity,0,1005090.7899999997
,Inventory Asset,05/01/2025,Inventory Starting Value,START,,BYMPM18685 - Opening inventory and value,Opening Balance Equity,0,1005090.7899999997
,Inventory Asset,05/01/2025,Inventory Starting Value,START,,YWS308 - Opening inventory and value,Opening Balance Equity,0,1005090.7899999997
,Inventory Asset,05/01/2025,Inventory Starting Value,START,,YWS309 - Opening inventory and value,Opening Balance Equity,0,1005090.7899999997
,Inventory Asset,05/01/2025,Inventory Starting Value,START,,YWS3177 - Opening inventory and value,Opening Balance Equity,0,1005090.7899999997
,Inventory Asset,05/01/2025,Inventory Starting Value,START,,YWS3178 - Opening inventory and value,Opening Balance Equity,0,1005090.7899999997
,Inventory Asset,05/01/2025,Inventory Starting Value,START,,YWS333 - Opening inventory and value,Opening Balance Equity,0,1005090.7899999997
,Inventory Asset,05/01/2025,Inventory Starting Value,START,,YWS344 - Opening inventory and value,Opening Balance Equity,0,1005090.7899999997
,Inventory Asset,05/01/2025,Inventory Starting Value,START,,Raider-71 - Opening inventory and value,Opening Balance Equity,0,1005090.7899999997
,Inventory Asset,05/01/2025,Inventory Starting Value,START,,Raider-63 - Opening inventory and value,Opening Balance Equity,0,1005090.7899999997
,Inventory Asset,05/01/2025,Inventory Starting Value,START,,Raider-52 - Opening inventory and value,Opening Balance Equity,0,1005090.7899999997
,Inventory Asset,05/01/2025,Inventory Starting Value,START,,Radier-54 - Opening inventory and value,Opening Balance Equity,0,1005090.7899999997
,Inventory Asset,05/01/2025,Inventory Starting Value,START,,Radier-84 - Opening inventory and value,Opening Balance Equity,0,1005090.7899999997
,Inventory Asset,05/01/2025,Inventory Starting Value,START,,Radier-79 - Opening inventory and value,Opening Balance Equity,0,1005090.7899999997
,Inventory Asset,05/01/2025,Inventory Starting Value,START,,Radier-12 - Opening inventory and value,Opening Balance Equity,0,1005090.7899999997
,Inventory Asset,05/01/2025,Inventory Starting Value,START,,Radier-2 - Opening inventory and value,Opening Balance Equity,0,1005090.7899999997
,Inventory Asset,05/01/2025,Inventory Starting Value,START,,A110-87 - Opening inventory and value,Opening Balance Equity,0,1005090.7899999997
,Inventory Asset,05/01/2025,Inventory Starting Value,START,,A110-85 - Opening inventory and value,Opening Balance Equity,0,1005090.7899999997
,Inventory Asset,05/01/2025,Inventory Starting Value,START,,A110-86 - Opening inventory and value,Opening Balance Equity,0,1005090.7899999997
,Inventory Asset,05/01/2025,Inventory Starting Value,START,,A110-11 - Opening inventory and value,Opening Balance Equity,0,1005090.7899999997
,Inventory Asset,05/01/2025,Inventory Starting Value,START,,A110-63 - Opening inventory and value,Opening Balance Equity,0,1005090.7899999997
,Inventory Asset,05/01/2025,Inventory Starting Value,START,,A110-50 - Opening inventory and value,Opening Balance Equity,0,1005090.7899999997
,Inventory Asset,05/01/2025,Inventory Starting Value,START,,A110-37 - Opening inventory and value,Opening Balance Equity,0,1005090.7899999997
,Inventory Asset,05/01/2025,Inventory Starting Value,START,,A110-81 - Opening inventory and value,Opening Balance Equity,0,1005090.7899999997
,Inventory Asset,05/01/2025,Inventory Starting Value,START,,SF-14 - Opening inventory and value,Opening Balance Equity,0,1005090.7899999997
,Inventory Asset,05/01/2025,Inventory Starting Value,START,,SF-22 - Opening inventory and value,Opening Balance Equity,0,1005090.7899999997
,Inventory Asset,05/01/2025,Inventory Starting Value,START,,SF-38 - Opening inventory and value,Opening Balance Equity,0,1005090.7899999997
,Inventory Asset,05/01/2025,Inventory Starting Value,START,,SF-87 - Opening inventory and value,Opening Balance Equity,0,1005090.7899999997
,Inventory Asset,05/01/2025,Inventory Starting Value,START,,SSK40-PB - Opening inventory and value,Opening Balance Equity,0,1005090.7899999997
,Inventory Asset,05/01/2025,Inventory Starting Value,START,,SSK40-OLF - Opening inventory and value,Opening Balance Equity,0,1005090.7899999997
,Inventory Asset,05/01/2025,Inventory Starting Value,START,,SSK40-GDSR - Opening inventory and value,Opening Balance Equity,0,1005090.7899999997
,Inventory Asset,05/01/2025,Inventory Starting Value,START,,SSK40-GPSR - Opening inventory and value,Opening Balance Equity,0,1005090.7899999997
,Inventory Asset,05/01/2025,Inventory Starting Value,START,,SSK40-GSR - Opening inventory and value,Opening Balance Equity,0,1005090.7899999997
,Inventory Asset,05/01/2025,Inventory Starting Value,START,,FS28-4KS - Opening inventory and value,Opening Balance Equity,0,1005090.7899999997
,Inventory Asset,05/01/2025,Inventory Starting Value,START,,FS28-GNSR - Opening inventory and value,Opening Balance Equity,0,1005090.7899999997
,Inventory Asset,05/01/2025,Inventory Starting Value,START,,FS28-GPSR - Opening inventory and value,Opening Balance Equity,0,1005090.7899999997
,Inventory Asset,05/01/2025,Inventory Starting Value,START,,FS28-GSR - Opening inventory and value,Opening Balance Equity,0,1005090.7899999997
,Inventory Asset,05/01/2025,Inventory Starting Value,START,,SBCP-6007-1 - Opening inventory and value,Opening Balance Equity,0,1005090.7899999997
,Inventory Asset,05/01/2025,Inventory Starting Value,START,,SBCP-6007-2 - Opening inventory and value,Opening Balance Equity,0,1005090.7899999997
,Inventory Asset,05/01/2025,Inventory Starting Value,START,,SBCP-6007-3 - Opening inventory and value,Opening Balance Equity,0,1005090.7899999997
,Inventory Asset,05/01/2025,Inventory Starting Value,START,,SBCP-6073-1 - Opening inventory and value,Opening Balance Equity,0,1005090.7899999997
,Inventory Asset,05/01/2025,Inventory Starting Value,START,,SBCP-6073-2 - Opening inventory and value,Opening Balance Equity,0,1005090.7899999997
,Inventory Asset,05/01/2025,Inventory Starting Value,START,,SBCP-6073-3 - Opening inventory and value,Opening Balance Equity,0,1005090.7899999997
,Inventory Asset,05/01/2025,Inventory Starting Value,START,,CB-9 - Opening inventory and value,Opening Balance Equity,0,1005090.7899999997
,Inventory Asset,05/01/2025,Inventory Starting Value,START,,CB-10 - Opening inventory and value,Opening Balance Equity,0,1005090.7899999997
,Inventory Asset,05/01/2025,Inventory Starting Value,START,,CB-11 - Opening inventory and value,Opening Balance Equity,0,1005090.7899999997
,Inventory Asset,05/01/2025,Inventory Starting Value,START,,CB-12 - Opening inventory and value,Opening Balance Equity,0,1005090.7899999997
,Inventory Asset,05/01/2025,Inventory Starting Value,START,,B-43 - Opening inventory and value,Opening Balance Equity,0,1005090.7899999997
,Inventory Asset,05/01/2025,Inventory Starting Value,START,,B-11 - Opening inventory and value,Opening Balance Equity,0,1005090.7899999997
,Inventory Asset,05/01/2025,Inventory Starting Value,START,,B-67 - Opening inventory and value,Opening Balance Equity,0,1005090.7899999997
,Inventory Asset,05/01/2025,Inventory Starting Value,START,,B-20 - Opening inventory and value,Opening Balance Equity,0,1005090.7899999997
,Inventory Asset,05/01/2025,Inventory Starting Value,START,,B-37 - Opening inventory and value,Opening Balance Equity,0,1005090.7899999997
,Inventory Asset,05/01/2025,Inventory Starting Value,START,,B-38 - Opening inventory and value,Opening Balance Equity,0,1005090.7899999997
,Inventory Asset,05/01/2025,Inventory Starting Value,START,,B-70 - Opening inventory and value,Opening Balance Equity,0,1005090.7899999997
,Inventory Asset,05/01/2025,Inventory Starting Value,START,,B-81 - Opening inventory and value,Opening Balance Equity,0,1005090.7899999997
,Inventory Asset,05/01/2025,Inventory Starting Value,START,,B-58 - Opening inventory and value,Opening Balance Equity,0,1005090.7899999997
,Inventory Asset,05/01/2025,Inventory Starting Value,START,,AB-GM - Opening inventory and value,Opening Balance Equity,0,1005090.7899999997
,Inventory Asset,05/01/2025,Inventory Starting Value,START,,AB-BM - Opening inventory and value,Opening Balance Equity,0,1005090.7899999997
,Inventory Asset,05/01/2025,Inventory Starting Value,START,,AB-H - Opening inventory and value,Opening Balance Equity,0,1005090.7899999997
,Inventory Asset,05/01/2025,Inventory Starting Value,START,,AB-FS - Opening inventory and value,Opening Balance Equity,0,1005090.7899999997
,Inventory Asset,05/01/2025,Inventory Starting Value,START,,AB-SF - Opening inventory and value,Opening Balance Equity,0,1005090.7899999997
,Inventory Asset,05/01/2025,Inventory Starting Value,START,,AB-NA - Opening inventory and value,Opening Balance Equity,0,1005090.7899999997
,Inventory Asset,05/01/2025,Inventory Starting Value,START,,1698-610 - Opening inventory and value,Opening Balance Equity,0,1005090.7899999997
,Inventory Asset,05/01/2025,Inventory Starting Value,START,,1698-206 - Opening inventory and value,Opening Balance Equity,0,1005090.7899999997
,Inventory Asset,05/01/2025,Inventory Starting Value,START,,1698-590 - Opening inventory and value,Opening Balance Equity,0,1005090.7899999997
,Inventory Asset,05/01/2025,Inventory Starting Value,START,,1698-110 - Opening inventory and value,Opening Balance Equity,0,1005090.7899999997
,Inventory Asset,05/01/2025,Inventory Starting Value,START,,1698-113 - Opening inventory and value,Opening Balance Equity,0,1005090.7899999997
,Inventory Asset,05/01/2025,Inventory Starting Value,START,,1698-270 - Opening inventory and value,Opening Balance Equity,0,1005090.7899999997
,Inventory Asset,05/01/2025,Inventory Starting Value,START,,1699-610 - Opening inventory and value,Opening Balance Equity,0,1005090.7899999997
,Inventory Asset,05/01/2025,Inventory Starting Value,START,,1699-206 - Opening inventory and value,Opening Balance Equity,0,1005090.7899999997
,Inventory Asset,05/01/2025,Inventory Starting Value,START,,1699-590 - Opening inventory and value,Opening Balance Equity,0,1005090.7899999997
,Inventory Asset,05/01/2025,Inventory Starting Value,START,,1699-110 - Opening inventory and value,Opening Balance Equity,0,1005090.7899999997
,Inventory Asset,05/01/2025,Inventory Starting Value,START,,1699-113 - Opening inventory and value,Opening Balance Equity,0,1005090.7899999997
,Inventory Asset,05/01/2025,Inventory Starting Value,START,,1699-270 - Opening inventory and value,Opening Balance Equity,0,1005090.7899999997
,Inventory Asset,05/01/2025,Inventory Starting Value,START,,1700-610 - Opening inventory and value,Opening Balance Equity,0,1005090.7899999997
,Inventory Asset,05/01/2025,Inventory Starting Value,START,,1700-206 - Opening inventory and value,Opening Balance Equity,0,1005090.7899999997
,Inventory Asset,05/01/2025,Inventory Starting Value,START,,1700-590 - Opening inventory and value,Opening Balance Equity,0,1005090.7899999997
,Inventory Asset,05/01/2025,Inventory Starting Value,START,,1700-110 - Opening inventory and value,Opening Balance Equity,0,1005090.7899999997
,Inventory Asset,05/01/2025,Inventory Starting Value,START,,1700-113 - Opening inventory and value,Opening Balance Equity,0,1005090.7899999997
,Inventory Asset,05/01/2025,Inventory Starting Value,START,,1700-270 - Opening inventory and value,Opening Balance Equity,0,1005090.7899999997
,Inventory Asset,05/01/2025,Inventory Starting Value,START,,PT-11 - Opening inventory and value,Opening Balance Equity,0,1005090.7899999997
,Inventory Asset,05/01/2025,Inventory Starting Value,START,,PT-87 - Opening inventory and value,Opening Balance Equity,0,1005090.7899999997
,Inventory Asset,05/01/2025,Inventory Starting Value,START,,PT-37 - Opening inventory and value,Opening Balance Equity,0,1005090.7899999997
,Inventory Asset,05/01/2025,Inventory Starting Value,START,,PT-89 - Opening inventory and value,Opening Balance Equity,0,1005090.7899999997
,Inventory Asset,05/01/2025,Inventory Starting Value,START,,PT-50 - Opening inventory and value,Opening Balance Equity,0,1005090.7899999997
,Inventory Asset,05/01/2025,Inventory Starting Value,START,,PT-56 - Opening inventory and value,Opening Balance Equity,0,1005090.7899999997
,Inventory Asset,05/01/2025,Inventory Starting Value,START,,BBDW-38-90 - Opening inventory and value,Opening Balance Equity,0,1005090.7899999997
,Inventory Asset,05/01/2025,Inventory Starting Value,START,,BBDW-12-90 - Opening inventory and value,Opening Balance Equity,0,1005090.7899999997
,Inventory Asset,05/01/2025,Inventory Starting Value,START,,BBDW-38-91 - Opening inventory and value,Opening Balance Equity,0,1005090.7899999997
,Inventory Asset,05/01/2025,Inventory Starting Value,START,,BBDW-12-91 - Opening inventory and value,Opening Balance Equity,0,1005090.7899999997
,Inventory Asset,05/01/2025,Inventory Starting Value,START,,BBDW-38-92 - Opening inventory and value,Opening Balance Equity,0,1005090.7899999997
,Inventory Asset,05/01/2025,Inventory Starting Value,START,,BBDW-12-92 - Opening inventory and value,Opening Balance Equity,0,1005090.7899999997
,Inventory Asset,05/01/2025,Inventory Starting Value,START,,BBDW-38-56 - Opening inventory and value,Opening Balance Equity,0,1005090.7899999997
,Inventory Asset,05/01/2025,Inventory Starting Value,START,,BBDW-12-56 - Opening inventory and value,Opening Balance Equity,0,1005090.7899999997
,Inventory Asset,05/01/2025,Inventory Starting Value,START,,BBDW-38-10 - Opening inventory and value,Opening Balance Equity,0,1005090.7899999997
,Inventory Asset,05/01/2025,Inventory Starting Value,START,,BBDW-12-10 - Opening inventory and value,Opening Balance Equity,0,1005090.7899999997
,Inventory Asset,05/01/2025,Inventory Starting Value,START,,BBDW-38-72 - Opening inventory and value,Opening Balance Equity,0,1005090.7899999997
,Inventory Asset,05/01/2025,Inventory Starting Value,START,,BBDW-12-72 - Opening inventory and value,Opening Balance Equity,0,1005090.7899999997
,Inventory Asset,05/01/2025,Inventory Starting Value,START,,BBDW-38-37 - Opening inventory and value,Opening Balance Equity,0,1005090.7899999997
,Inventory Asset,05/01/2025,Inventory Starting Value,START,,BBDW-12-37 - Opening inventory and value,Opening Balance Equity,0,1005090.7899999997
,Inventory Asset,05/01/2025,Inventory Starting Value,START,,BBDW-38-26 - Opening inventory and value,Opening Balance Equity,0,1005090.7899999997
,Inventory Asset,05/01/2025,Inventory Starting Value,START,,BBDW-12-26 - Opening inventory and value,Opening Balance Equity,0,1005090.7899999997
,Inventory Asset,05/01/2025,Inventory Starting Value,START,,BBWC-38-90 - Opening inventory and value,Opening Balance Equity,0,1005090.7899999997
,Inventory Asset,05/01/2025,Inventory Starting Value,START,,BBWC-12-90 - Opening inventory and value,Opening Balance Equity,0,1005090.7899999997
,Inventory Asset,05/01/2025,Inventory Starting Value,START,,BBWC-38-91 - Opening inventory and value,Opening Balance Equity,0,1005090.7899999997
,Inventory Asset,05/01/2025,Inventory Starting Value,START,,BBWC-12-91 - Opening inventory and value,Opening Balance Equity,0,1005090.7899999997
,Inventory Asset,05/01/2025,Inventory Starting Value,START,,BBWC-38-92 - Opening inventory and value,Opening Balance Equity,0,1005090.7899999997
,Inventory Asset,05/01/2025,Inventory Starting Value,START,,BBWC-12-92 - Opening inventory and value,Opening Balance Equity,0,1005090.7899999997
,Inventory Asset,05/01/2025,Inventory Starting Value,START,,BBWC-38-56 - Opening inventory and value,Opening Balance Equity,0,1005090.7899999997
,Inventory Asset,05/01/2025,Inventory Starting Value,START,,BBWC-12-56 - Opening inventory and value,Opening Balance Equity,0,1005090.7899999997
,Inventory Asset,05/01/2025,Inventory Starting Value,START,,BBWC-38-10 - Opening inventory and value,Opening Balance Equity,0,1005090.7899999997
,Inventory Asset,05/01/2025,Inventory Starting Value,START,,BBWC-12-10 - Opening inventory and value,Opening Balance Equity,0,1005090.7899999997
,Inventory Asset,05/01/2025,Inventory Starting Value,START,,BBWC-38-72 - Opening inventory and value,Opening Balance Equity,0,1005090.7899999997
,Inventory Asset,05/01/2025,Inventory Starting Value,START,,BBWC-12-72 - Opening inventory and value,Opening Balance Equity,0,1005090.7899999997
,Inventory Asset,05/01/2025,Inventory Starting Value,START,,BBWC-38-37 - Opening inventory and value,Opening Balance Equity,0,1005090.7899999997
,Inventory Asset,05/01/2025,Inventory Starting Value,START,,BBWC-12-37 - Opening inventory and value,Opening Balance Equity,0,1005090.7899999997
,Inventory Asset,05/01/2025,Inventory Starting Value,START,,BBWC-38-26 - Opening inventory and value,Opening Balance Equity,0,1005090.7899999997
,Inventory Asset,05/01/2025,Inventory Starting Value,START,,BBWC-12-26 - Opening inventory and value,Opening Balance Equity,0,1005090.7899999997
,Inventory Asset,05/27/2025,Bill,,GSM Outdoors,"4.75"" Rattlesnake, Color: Blue Flk, Qty per bag: 8  UPC 876716000166",Accounts Payable (A/P),887.5,1005978.2899999997
,Inventory Asset,05/27/2025,Bill,,GSM Outdoors,"3.75"" Baby Rattlesnake, Color: Green Pumpkin, Qty per bag: 10  UPC 876716002122",Accounts Payable (A/P),555,1006533.2899999997
,Inventory Asset,05/27/2025,Bill,1991,GSM Outdoors,"4"" Candy Craw in Green Pumpkin   
UPC 8 53514 000970",Accounts Payable (A/P),963.2,1007496.4899999996
,Inventory Asset,05/27/2025,Bill,1991,GSM Outdoors,"4"" Candy Craw in Black & Blue  
UPC 8 53514 000987",Accounts Payable (A/P),963.2,1008459.6899999996
,Inventory Asset,05/27/2025,Bill,1991,GSM Outdoors,"4"" Candy Craw in Black Red Flake  
UPC 8 53514 000994",Accounts Payable (A/P),963.2,1009422.8899999995
,Inventory Asset,05/27/2025,Bill,1991,GSM Outdoors,"4"" Candy Craw in Watermelon Red  
UPC 8 53514 000789",Accounts Payable (A/P),963.2,1010386.0899999995
,Inventory Asset,05/27/2025,Bill,2085,GSM Outdoors,"5"" Pro Stick in Green Pumpkin  UPC 8 53514 000819",Accounts Payable (A/P),486.4,1010872.4899999995
,Inventory Asset,05/27/2025,Bill,2085,GSM Outdoors,"5"" Pro Stick in Watermelon Seed Red  UPC 8 53514 000826",Accounts Payable (A/P),486.4,1011358.8899999995
,Inventory Asset,05/27/2025,Bill,2085,GSM Outdoors,"5"" Pro Stick in Chartreuse Pepper UPC 8 53514 000833",Accounts Payable (A/P),486.4,1011845.2899999996
,Inventory Asset,05/27/2025,Bill,2085,GSM Outdoors,"5"" Pro Stick in Pearl Silver Flake  UPC 8 53514 000840",Accounts Payable (A/P),486.4,1012331.6899999996
,Inventory Asset,05/27/2025,Bill,2085,GSM Outdoors,"5"" Pro Stick in Junebug   UPC 8 53514 000857",Accounts Payable (A/P),486.4,1012818.0899999996
,Inventory Asset,05/27/2025,Bill,2085,GSM Outdoors,"5"" Pro Stick in Green Pumpkin w/ Chartreuse Tip   UPC 8 53514 000864",Accounts Payable (A/P),486.4,1013304.4899999996
,Inventory Asset,05/27/2025,Bill,2085,GSM Outdoors,"5"" Pro Stick in Black Blue  UPC 8 53514 000871",Accounts Payable (A/P),486.4,1013790.8899999997
,Inventory Asset,05/27/2025,Bill,2085,GSM Outdoors,"5"" Pro Stick in Green Pumpkin Red Flake  UPC 8 53514 000888",Accounts Payable (A/P),486.4,1014277.2899999997
,Inventory Asset,05/27/2025,Bill,2068,"Qingdao Mango Outdoors Co., Ltd.",POPPIN FROG - Yellow,Accounts Payable (A/P),1309,1015586.2899999997
,Inventory Asset,05/27/2025,Bill,2068,"Qingdao Mango Outdoors Co., Ltd.",POPPIN FROG - White,Accounts Payable (A/P),1309,1016895.2899999997
,Inventory Asset,05/27/2025,Bill,2068,"Qingdao Mango Outdoors Co., Ltd.",POPPIN FROG - Green,Accounts Payable (A/P),1309,1018204.2899999997
,Inventory Asset,05/27/2025,Bill,2072,B8Lab,Heavy Hitt'R - Bone,Accounts Payable (A/P),4275,1022479.2899999997
,Inventory Asset,05/27/2025,Bill,1997,Ark Fishing International,Suspending Jerkbait  Color:  Pro Blue,Accounts Payable (A/P),1710,1024189.2899999997
,Inventory Asset,05/27/2025,Bill,1997,Ark Fishing International,Suspending Jerkbait  Color: Natural Shad,Accounts Payable (A/P),1110,1025299.2899999997
,Inventory Asset,05/27/2025,Bill,1997,Ark Fishing International,Suspending Jerkbait  Color: Skeleton,Accounts Payable (A/P),1200,1026499.2899999997
,Inventory Asset,05/27/2025,Bill,1997,Ark Fishing International,Suspending Jerkbait  Color: Pearl,Accounts Payable (A/P),1800,1028299.2899999997
,Inventory Asset,05/28/2025,Bill,2091,Monster Fish Outdoors,Shooter Craw - Alabama Craw,Accounts Payable (A/P),158.75,1028458.0399999997
,Inventory Asset,05/28/2025,Bill,2091,Monster Fish Outdoors,Shooter Craw - Black & Blue,Accounts Payable (A/P),160,1028618.0399999997
,Inventory Asset,05/28/2025,Bill,2091,Monster Fish Outdoors,Shooter Craw - Bottom Blue,Accounts Payable (A/P),168.75,1028786.7899999997
,Inventory Asset,05/28/2025,Bill,2091,Monster Fish Outdoors,Shooter Craw - Matt's Money,Accounts Payable (A/P),27.5,1028814.2899999997
,Inventory Asset,05/28/2025,Bill,2091,Monster Fish Outdoors,Shooter Craw - Memphis Green,Accounts Payable (A/P),92.5,1028906.7899999997
,Inventory Asset,05/28/2025,Bill,2091,Monster Fish Outdoors,Shooter Craw - Plum Magic,Accounts Payable (A/P),148.75,1029055.5399999997
,Inventory Asset,05/28/2025,Bill,2091,Monster Fish Outdoors,Shooter Craw - Red Flake Magic,Accounts Payable (A/P),62.5,1029118.0399999997
,Inventory Asset,05/28/2025,Bill,2091,Monster Fish Outdoors,Shooter Craw - Tilapia Gold,Accounts Payable (A/P),81.25,1029199.2899999997
,Inventory Asset,05/28/2025,Bill,2091,Monster Fish Outdoors,Shooter Craw - Watermelon,Accounts Payable (A/P),153.75,1029353.0399999997
,Inventory Asset,05/28/2025,Bill,2091,Monster Fish Outdoors,Shooter Craw - Watermelon Candy,Accounts Payable (A/P),146.25,1029499.2899999997
,Inventory Asset,05/28/2025,Bill,2091,Monster Fish Outdoors,Shooter Craw - White,Accounts Payable (A/P),118.75,1029618.0399999997
,Inventory Asset,05/28/2025,Bill,2091,Monster Fish Outdoors,Shooter Worm - Alabama Craw,Accounts Payable (A/P),250,1029868.0399999997
,Inventory Asset,05/28/2025,Bill,2091,Monster Fish Outdoors,Shooter Worm - Black & Blue,Accounts Payable (A/P),172.5,1030040.5399999997
,Inventory Asset,05/28/2025,Bill,2091,Monster Fish Outdoors,Shooter Worm - Bubble Gum,Accounts Payable (A/P),253.75,1030294.2899999997
,Inventory Asset,05/28/2025,Bill,2091,Monster Fish Outdoors,Shooter Worm - Limetreuse,Accounts Payable (A/P),272.5,1030566.7899999997
,Inventory Asset,05/28/2025,Bill,2091,Monster Fish Outdoors,Shooter Worm - Matt's Money,Accounts Payable (A/P),208.75,1030775.5399999997
,Inventory Asset,05/28/2025,Bill,2091,Monster Fish Outdoors,Shooter Worm - Memphis Green,Accounts Payable (A/P),92.5,1030868.0399999997
,Inventory Asset,05/28/2025,Bill,2091,Monster Fish Outdoors,Shooter Worm - Merthiolate,Accounts Payable (A/P),255,1031123.0399999997
,Inventory Asset,05/28/2025,Bill,2091,Monster Fish Outdoors,Shooter Worm - My Boy Blue,Accounts Payable (A/P),235,1031358.0399999997
,Inventory Asset,05/28/2025,Bill,2091,Monster Fish Outdoors,Shooter Worm - Plum Magic,Accounts Payable (A/P),220,1031578.0399999997
,Inventory Asset,05/28/2025,Bill,2091,Monster Fish Outdoors,Shooter Worm - Red Flake Magic,Accounts Payable (A/P),242.5,1031820.5399999997
,Inventory Asset,05/28/2025,Bill,2091,Monster Fish Outdoors,Shooter Worm - Tennessee Money,Accounts Payable (A/P),223.75,1032044.2899999997
,Inventory Asset,05/28/2025,Bill,2091,Monster Fish Outdoors,Shooter Worm - Watermelon,Accounts Payable (A/P),257.5,1032301.7899999997
,Inventory Asset,05/28/2025,Bill,2091,Monster Fish Outdoors,Shooter Worm - Watermelon Candy,Accounts Payable (A/P),146.25,1032448.0399999997
,Inventory Asset,05/28/2025,Bill,2091,Monster Fish Outdoors,Shooter Worm - Watermelon Red,Accounts Payable (A/P),192.5,1032640.5399999997
,Inventory Asset,05/28/2025,Bill,2091,Monster Fish Outdoors,Shooter Worm - White,Accounts Payable (A/P),266.25,1032906.7899999997
,Inventory Asset,05/29/2025,Bill,2096,GSM Outdoors,"Rattlesnake’O
Blue Flake
UPC: 876716006557
8 units per bag",Accounts Payable (A/P),337.5,1033244.2899999997
,Inventory Asset,06/16/2025,Bill,2081,GSM Outdoors,"3.75"" Kickback Shad, Color: Black, Qty per bag: 6",Accounts Payable (A/P),959.1,1034203.3899999997
,Inventory Asset,06/16/2025,Bill,2081,GSM Outdoors,"3.75"" Kickback Shad, Color: Sunfish Magic, Qty per bag: 6",Accounts Payable (A/P),959.1,1035162.4899999996
,Inventory Asset,06/16/2025,Bill,2081,GSM Outdoors,"3.75"" Kickback Shad, Color: Sexy Shad, Qty per bag: 6",Accounts Payable (A/P),959.1,1036121.5899999996
,Inventory Asset,06/16/2025,Bill,2081,GSM Outdoors,"3.75"" Kickback Shad, Color: Electric Shad, Qty per bag: 6",Accounts Payable (A/P),959.1,1037080.6899999996
,Inventory Asset,06/16/2025,Bill,2081,GSM Outdoors,"3.75"" Kickback Shad, Color: Tennessee Shad, Qty per bag: 6",Accounts Payable (A/P),959.1,1038039.7899999996
,Inventory Asset,06/16/2025,Bill,2081,GSM Outdoors,"3.75"" Kickback Shad, Color: Goby, Qty per bag: 6",Accounts Payable (A/P),959.1,1038998.8899999995
,Inventory Asset,06/16/2025,Bill,2081,GSM Outdoors,"3.75"" Kickback Shad, Color: Pro Blue, Qty per bag: 6",Accounts Payable (A/P),959.1,1039957.9899999995
,Inventory Asset,06/16/2025,Bill,2081,GSM Outdoors,"3.75"" Kickback Shad, Color: Pearl, Qty per bag: 6",Accounts Payable (A/P),959.1,1040917.0899999995
,Inventory Asset,06/16/2025,Bill,2097,A.N.E Wholesale,Lew's Laser HS 5.1:1 Spinning Reel,Accounts Payable (A/P),900,1041817.0899999995
,Inventory Asset,06/19/2025,Bill,2086,Weihai Runten Industrial Limited,Crusher - dives to 4',Accounts Payable (A/P),3224,1045041.0899999995
,Inventory Asset,06/19/2025,Bill,2086,Weihai Runten Industrial Limited,Crusher - dives to 6',Accounts Payable (A/P),3224,1048265.0899999995
,Inventory Asset,06/19/2025,Bill,2086,Weihai Runten Industrial Limited,Crusher - dives to 8',Accounts Payable (A/P),3224,1051489.0899999994
,Inventory Asset,06/19/2025,Bill,2086,Weihai Runten Industrial Limited,Crusher - dives to 12',Accounts Payable (A/P),3224,1054713.0899999994
,Inventory Asset,06/24/2025,Bill,2099,Razor Custom Tackle,SWIIM JIG - OKEECHOBEE BLUE,Accounts Payable (A/P),650,1055363.0899999994
,Inventory Asset,06/24/2025,Bill,2099,Razor Custom Tackle,SWIIM JIG - MOONEYE SHAD,Accounts Payable (A/P),650,1056013.0899999994
,Inventory Asset,06/24/2025,Bill,2099,Razor Custom Tackle,SWIIM JIG - BLACK BLUE,Accounts Payable (A/P),650,1056663.0899999994
,Inventory Asset,06/24/2025,Bill,2099,Razor Custom Tackle,SWIIM JIG - WHITE,Accounts Payable (A/P),650,1057313.0899999994
,Inventory Asset,06/24/2025,Bill,2099,Razor Custom Tackle,SWIIM JIG - WHITE / CHARTREUSE,Accounts Payable (A/P),650,1057963.0899999994
,Inventory Asset,06/24/2025,Bill,2099,Razor Custom Tackle,SWIIM JIG - NIANGUA CRAW,Accounts Payable (A/P),650,1058613.0899999994
,Inventory Asset,06/27/2025,Bill,2101,3 Brothers Baits LLC,Loaded Dice- Green Pumpkin   UPC 799787440252,Accounts Payable (A/P),1575,1060188.0899999994
,Inventory Asset,06/27/2025,Bill,2101,3 Brothers Baits LLC,Loaded Dice - War Eagle   UPC 799787439942,Accounts Payable (A/P),774,1060962.0899999994
,Inventory Asset,06/27/2025,Bill,2101,3 Brothers Baits LLC,Loaded Dice - Warm Blue  UPC 799787440351,Accounts Payable (A/P),1575,1062537.0899999994
,Inventory Asset,06/27/2025,Bill,2101,3 Brothers Baits LLC,Loaded Dice - Root Beer   UPC 799787440283,Accounts Payable (A/P),1575,1064112.0899999994
,Inventory Asset,06/27/2025,Bill,2101,3 Brothers Baits LLC,Loaded Dice - Albino  UPC 799787440115,Accounts Payable (A/P),1323,1065435.0899999994
,Inventory Asset,06/27/2025,Bill,2101,3 Brothers Baits LLC,Loaded Dice - Sexy  UPC 799787440351,Accounts Payable (A/P),1053,1066488.0899999994
,Inventory Asset,06/29/2025,Inventory Starting Value,START,,1676-270 - Opening inventory and value,Opening Balance Equity,0,1066488.0899999994
,Inventory Asset,07/01/2025,Inventory Starting Value,START,,MB-BAITBAG-TPU - Opening inventory and value,Opening Balance Equity,0,1066488.0899999994
,Inventory Asset,07/01/2025,Inventory Starting Value,START,,MBVC-3700 - Opening inventory and value,Opening Balance Equity,0,1066488.0899999994
,Inventory Asset,07/01/2025,Inventory Starting Value,START,,MBVS-3700 - Opening inventory and value,Opening Balance Equity,0,1066488.0899999994
,Inventory Asset,07/01/2025,Inventory Starting Value,START,,MBVCB-3700 - Opening inventory and value,Opening Balance Equity,0,1066488.0899999994
,Inventory Asset,07/01/2025,Inventory Starting Value,START,,"TROUT TRICK 5"" - Opening inventory and value",Opening Balance Equity,0,1066488.0899999994
,Inventory Asset,07/01/2025,Inventory Starting Value,START,,HERCULEZ 5 - Opening inventory and value,Opening Balance Equity,0,1066488.0899999994
,Inventory Asset,07/01/2025,Inventory Starting Value,START,,HERC4-259 - Opening inventory and value,Opening Balance Equity,0,1066488.0899999994
,Inventory Asset,07/01/2025,Inventory Starting Value,START,,"TURBO FATTYZ 6"" BLACK/BLUE 5PK - Opening inventory and value",Opening Balance Equity,0,1066488.0899999994
,Inventory Asset,07/01/2025,Inventory Starting Value,START,,CE FINESSE JIG 1/4OZ BLACK/BLU - Opening inventory and value,Opening Balance Equity,0,1066488.0899999994
,Inventory Asset,07/01/2025,Inventory Starting Value,START,,"ZINKERZ 5"" BAMA BUG 6PK - Opening inventory and value",Opening Balance Equity,0,1066488.0899999994
,Inventory Asset,07/01/2025,Inventory Starting Value,START,,"GIANT TRD 6"" SMELT 6PK - Opening inventory and value",Opening Balance Equity,0,1066488.0899999994
,Inventory Asset,07/01/2025,Inventory Starting Value,START,,CE FOOTBALL JIG - Opening inventory and value,Opening Balance Equity,0,1066488.0899999994
,Inventory Asset,07/01/2025,Inventory Starting Value,START,,"POP SHADZ 4"" - Opening inventory and value",Opening Balance Equity,0,1066488.0899999994
,Inventory Asset,07/01/2025,Inventory Starting Value,START,,41271 - Opening inventory and value,Opening Balance Equity,0,1066488.0899999994
,Inventory Asset,07/07/2025,Bill,2094,Recertop Tech Co Limited,Sniper - Consulting,Accounts Payable (A/P),1638,1068126.0899999994
,Inventory Asset,07/07/2025,Bill,2095,Recertop Tech Co Limited,Sniper - Pearl Sunrise,Accounts Payable (A/P),546,1068672.0899999994
,Inventory Asset,07/07/2025,Bill,2095,Recertop Tech Co Limited,Sniper - Perch,Accounts Payable (A/P),546,1069218.0899999994
,Inventory Asset,07/07/2025,Bill,2095,Recertop Tech Co Limited,Sniper - Matte Shad,Accounts Payable (A/P),546,1069764.0899999994
,Inventory Asset,07/07/2025,Bill,2095,Recertop Tech Co Limited,Sniper - Black Shiner,Accounts Payable (A/P),546,1070310.0899999994
,Inventory Asset,07/07/2025,Bill,2095,Recertop Tech Co Limited,Sniper - Burning Man,Accounts Payable (A/P),546,1070856.0899999994
,Inventory Asset,07/07/2025,Bill,2095,Recertop Tech Co Limited,Sniper - Matte Pro Blue,Accounts Payable (A/P),546,1071402.0899999994
,Inventory Asset,07/18/2025,Bill,2108,3 Brothers Baits LLC,Ghillie grub: Green Pumpkin  UPC 784196805082,Accounts Payable (A/P),1015,1072417.0899999994
,Inventory Asset,07/18/2025,Bill,2108,3 Brothers Baits LLC,Ghillie grub: Black Blue   UPC 784196806553,Accounts Payable (A/P),1015,1073432.0899999994
,Inventory Asset,07/18/2025,Bill,2108,3 Brothers Baits LLC,Ghillie grub: GP Purple   UPC 784196803712,Accounts Payable (A/P),1015,1074447.0899999994
,Inventory Asset,07/18/2025,Bill,2108,3 Brothers Baits LLC,Ghillie grub: GP Purple Gold   UPC 781496803729,Accounts Payable (A/P),1015,1075462.0899999994
,Inventory Asset,07/18/2025,Bill,2108,3 Brothers Baits LLC,Ghillie grub: Kiwi Skin   UPC 725414386389,Accounts Payable (A/P),1015,1076477.0899999994
,Inventory Asset,07/18/2025,Bill,2103,EuroTackle,Hellgrammite - Black,Accounts Payable (A/P),74.2,1076551.2899999993
,Inventory Asset,07/18/2025,Bill,2103,EuroTackle,Hellgrammite - Bluegill Pro,Accounts Payable (A/P),74.2,1076625.4899999993
,Inventory Asset,07/18/2025,Bill,2103,EuroTackle,Hellgrammite - Pink,Accounts Payable (A/P),74.2,1076699.6899999992
,Inventory Asset,07/18/2025,Bill,2103,EuroTackle,Hellgrammite - Brown,Accounts Payable (A/P),74.2,1076773.8899999992
,Inventory Asset,07/18/2025,Bill,2103,EuroTackle,Anisoptera - Black,Accounts Payable (A/P),74.2,1076848.0899999992
,Inventory Asset,07/18/2025,Bill,2103,EuroTackle,Anisoptera - Bluegill Pro,Accounts Payable (A/P),74.2,1076922.289999999
,Inventory Asset,07/18/2025,Bill,2103,EuroTackle,Anisoptera - Pink,Accounts Payable (A/P),74.2,1076996.489999999
,Inventory Asset,07/18/2025,Bill,2103,EuroTackle,Anisoptera - Brown,Accounts Payable (A/P),74.2,1077070.689999999
,Inventory Asset,07/18/2025,Bill,2103,EuroTackle,Fat Asassin - Black Hi-Viz,Accounts Payable (A/P),74.2,1077144.889999999
,Inventory Asset,07/18/2025,Bill,2103,EuroTackle,Fat Asassin - Dark Rage,Accounts Payable (A/P),74.2,1077219.089999999
,Inventory Asset,07/18/2025,Bill,2103,EuroTackle,Fat Asassin - Green Pumpkin,Accounts Payable (A/P),74.2,1077293.2899999989
,Inventory Asset,07/18/2025,Bill,2103,EuroTackle,Fat Asassin - Bluegill Pro,Accounts Payable (A/P),74.2,1077367.4899999988
,Inventory Asset,07/21/2025,Bill,2098,A.N.E Wholesale,Lew's Xfinity Spinning Rod,Accounts Payable (A/P),1500,1078867.4899999988
,Inventory Asset,07/21/2025,Bill,2075,Leichi China something,Voodoo Pop 80 - color: Beast,Accounts Payable (A/P),1295,1080162.4899999988
,Inventory Asset,07/21/2025,Bill,2075,Leichi China something,Voodoo Pop 80 - color: G Frog,Accounts Payable (A/P),1295,1081457.4899999988
,Inventory Asset,07/21/2025,Bill,2075,Leichi China something,Voodoo Pop 80 - color: Goldie,Accounts Payable (A/P),1295,1082752.4899999988
,Inventory Asset,07/21/2025,Bill,2075,Leichi China something,Voodoo Pop 80 - color: Pearl Shad,Accounts Payable (A/P),1295,1084047.4899999988
,Inventory Asset,07/21/2025,Bill,2075,Leichi China something,Voodoo Pop 80 - color: Perfect Gill,Accounts Payable (A/P),1295,1085342.4899999988
,Inventory Asset,07/21/2025,Bill,2107,GSM Outdoors,HT SKRT FB JIG WHT VIS 1OZ 1PK,Accounts Payable (A/P),237,1085579.4899999988
,Inventory Asset,07/21/2025,Bill,2107,GSM Outdoors,HT SKRT FB JIG CRAW DADDY 1/2OZ 1PK,Accounts Payable (A/P),228,1085807.4899999988
,Inventory Asset,07/21/2025,Bill,2107,GSM Outdoors,HT SKRT FB JIG MIDNIGHT PURPLE 1/2OZ 1PK,Accounts Payable (A/P),435,1086242.4899999988
,Inventory Asset,07/21/2025,Bill,2107,GSM Outdoors,HT SKRT FB JIG MIDNIGHT RED 1/2OZ 1PK,Accounts Payable (A/P),276,1086518.4899999988
,Inventory Asset,07/21/2025,Bill,2107,GSM Outdoors,HT SKRT FB JIG 2TONE BROWN/PURPLE 1/2OZ 1PK,Accounts Payable (A/P),256,1086774.4899999988
,Inventory Asset,07/21/2025,Bill,2107,GSM Outdoors,HT SKRT FB JIG RT BR/GRNPMPCRW 1/4OZ 1PK,Accounts Payable (A/P),209,1086983.4899999988
,Inventory Asset,07/21/2025,Bill,2107,GSM Outdoors,HT SKRT FB JIG GREEN WEENIE 3/8OZ 1PK,Accounts Payable (A/P),393,1087376.4899999988
,Inventory Asset,07/21/2025,Bill,2107,GSM Outdoors,HT SKRT FB JIG MIDNIGHT BLUE 3/8OZ 1PK,Accounts Payable (A/P),150,1087526.4899999988
,Inventory Asset,07/21/2025,Bill,2107,GSM Outdoors,HT SKRT FB JIG MIDNIGHT PURPLE 3/8OZ 1PK,Accounts Payable (A/P),208,1087734.4899999988
,Inventory Asset,07/21/2025,Bill,2107,GSM Outdoors,HT SKRT FB JIG MIDNIGHT RED 3/8OZ 1PK,Accounts Payable (A/P),369,1088103.4899999988
,Inventory Asset,07/21/2025,Bill,2107,GSM Outdoors,HT SKRT FB JIG RT BR/GRNPMPCRW 3/8OZ 1PK,Accounts Payable (A/P),275,1088378.4899999988
,Inventory Asset,07/21/2025,Bill,2107,GSM Outdoors,COWBOY@BLUE W/ LG BLACK FLAKE,Accounts Payable (A/P),1072.5,1089450.9899999988
,Inventory Asset,07/21/2025,Bill,2107,GSM Outdoors,COWBOY@WTR BLK RD/LT WTR RED BLK,Accounts Payable (A/P),810,1090260.9899999988
,Inventory Asset,07/21/2025,Bill,2107,GSM Outdoors,COWBOY@BRUISED SHIN,Accounts Payable (A/P),1678.5,1091939.4899999988
,Inventory Asset,07/21/2025,Bill,2106,GSM Outdoors,CRAPPIE TUBE 1.5IN@BLUE/CLEAR SPARKLE (10PK),Accounts Payable (A/P),52.5,1091991.9899999988
,Inventory Asset,07/21/2025,Bill,2106,GSM Outdoors,CRAPPIE MINNR-SWIMMING 2IN@RED/CHARTREUSE (10PK),Accounts Payable (A/P),88.2,1092080.1899999988
,Inventory Asset,07/22/2025,Bill,2082,"SUZHOU TOPDIVE SPORTS PRODUCTS CO.,LTD",Flak Jacket Rod Cover | Casting: Black  UPC 810103812819,Accounts Payable (A/P),218.75,1092298.9399999988
,Inventory Asset,07/22/2025,Bill,2082,"SUZHOU TOPDIVE SPORTS PRODUCTS CO.,LTD",Flak Jacket Rod Cover | Casting: Grey  UPC 810103812826,Accounts Payable (A/P),218.75,1092517.6899999988
,Inventory Asset,07/22/2025,Bill,2082,"SUZHOU TOPDIVE SPORTS PRODUCTS CO.,LTD",Flak Jacket Rod Cover | Casting: Red  UPC 810103812833,Accounts Payable (A/P),218.75,1092736.4399999988
,Inventory Asset,07/22/2025,Bill,2082,"SUZHOU TOPDIVE SPORTS PRODUCTS CO.,LTD",Flak Jacket Rod Cover | Casting: Camo  UPC 810103812840,Accounts Payable (A/P),218.75,1092955.1899999988
,Inventory Asset,07/22/2025,Bill,2082,"SUZHOU TOPDIVE SPORTS PRODUCTS CO.,LTD",Flak Jacket Rod Cover | Spinning: Black   UPC 810103812857,Accounts Payable (A/P),241.25,1093196.4399999988
,Inventory Asset,07/22/2025,Bill,2082,"SUZHOU TOPDIVE SPORTS PRODUCTS CO.,LTD",Flak Jacket Rod Cover | Spinning: Grey  UPC 810103812864,Accounts Payable (A/P),241.25,1093437.6899999988
,Inventory Asset,07/22/2025,Bill,2082,"SUZHOU TOPDIVE SPORTS PRODUCTS CO.,LTD",Flak Jacket Rod Cover | Spinning: Red  UPC 810103812871,Accounts Payable (A/P),241.25,1093678.9399999988
,Inventory Asset,07/22/2025,Bill,2082,"SUZHOU TOPDIVE SPORTS PRODUCTS CO.,LTD",Flak Jacket Rod Cover | Spinning: Camo   UPC 810103812888,Accounts Payable (A/P),241.25,1093920.1899999988
,Inventory Asset,08/05/2025,Bill,2093,Monster Fish Outdoors,Lil' Jay Worm - Black & Blue,Accounts Payable (A/P),158.75,1094078.9399999988
,Inventory Asset,08/05/2025,Bill,2093,Monster Fish Outdoors,Lil' Jay Worm - Matt's Money,Accounts Payable (A/P),68.75,1094147.6899999988
,Inventory Asset,08/05/2025,Bill,2093,Monster Fish Outdoors,Lil' Jay Worm - Red Candy,Accounts Payable (A/P),165,1094312.6899999988
,Inventory Asset,08/05/2025,Bill,2093,Monster Fish Outdoors,Lil' Jay Worm - Watermelon,Accounts Payable (A/P),156.25,1094468.9399999988
,Inventory Asset,08/05/2025,Bill,2093,Monster Fish Outdoors,Lil' Jay Worm - Watermelon Red,Accounts Payable (A/P),155,1094623.9399999988
,Inventory Asset,08/05/2025,Bill,2093,Monster Fish Outdoors,Liz-ARD RL - Goldman Duster,Accounts Payable (A/P),131.25,1094755.1899999988
,Inventory Asset,08/05/2025,Bill,2093,Monster Fish Outdoors,Liz-ARD RL - Green Lizzer,Accounts Payable (A/P),103.75,1094858.9399999988
,Inventory Asset,08/05/2025,Bill,2093,Monster Fish Outdoors,Liz-ARD RL - Memphis Green,Accounts Payable (A/P),150,1095008.9399999988
,Inventory Asset,08/05/2025,Bill,2093,Monster Fish Outdoors,Liz-ARD RL - My Boy Blue,Accounts Payable (A/P),201.25,1095210.1899999988
,Inventory Asset,08/05/2025,Bill,2093,Monster Fish Outdoors,Liz-ARD RL - Tennessee Money,Accounts Payable (A/P),81.25,1095291.4399999988
,Inventory Asset,08/05/2025,Bill,2093,Monster Fish Outdoors,Liz-ARD RL - The Meeting,Accounts Payable (A/P),103.75,1095395.1899999988
,Inventory Asset,08/05/2025,Bill,2093,Monster Fish Outdoors,Liz-Ard XL - Goldman Duster,Accounts Payable (A/P),238.75,1095633.9399999988
,Inventory Asset,08/05/2025,Bill,2093,Monster Fish Outdoors,Liz-Ard XL - Memphis Green,Accounts Payable (A/P),231.25,1095865.1899999988
,Inventory Asset,08/05/2025,Bill,2093,Monster Fish Outdoors,Liz-Ard XL - My Boy Blue,Accounts Payable (A/P),263.75,1096128.9399999988
,Inventory Asset,08/05/2025,Bill,2093,Monster Fish Outdoors,Liz-Ard XL - Tennessee Money,Accounts Payable (A/P),261.25,1096390.1899999988
,Inventory Asset,08/05/2025,Bill,2093,Monster Fish Outdoors,Liz-Ard XL - The Meeting,Accounts Payable (A/P),211.25,1096601.4399999988
,Inventory Asset,08/05/2025,Bill,2071,Weihai Runten Industrial Limited,Money Maker - Green Gill UPC 810103812734,Accounts Payable (A/P),440,1097041.4399999988
,Inventory Asset,08/05/2025,Bill,2071,Weihai Runten Industrial Limited,Money Maker - Crawlicious  UPC 810103812741,Accounts Payable (A/P),440,1097481.4399999988
,Inventory Asset,08/05/2025,Bill,2071,Weihai Runten Industrial Limited,Money Maker - Ghost Shad  UPC 810103812758,Accounts Payable (A/P),440,1097921.4399999988
,Inventory Asset,08/05/2025,Bill,2071,Weihai Runten Industrial Limited,Money Maker - Gizzard Shad  UPC 810103812765,Accounts Payable (A/P),440,1098361.4399999988
,Inventory Asset,08/05/2025,Bill,2071,Weihai Runten Industrial Limited,Money Maker - Threadfin Shad  UPC 810103812772,Accounts Payable (A/P),440,1098801.4399999988
,Inventory Asset,08/05/2025,Bill,2071,Weihai Runten Industrial Limited,Money Maker - Silver Shiner  UPC 810103812789,Accounts Payable (A/P),440,1099241.4399999988
,Inventory Asset,08/05/2025,Bill,2071,Weihai Runten Industrial Limited,Money Maker - Ghost Sexy Shad  UPC 810103812796,Accounts Payable (A/P),440,1099681.4399999988
,Inventory Asset,08/05/2025,Bill,2071,Weihai Runten Industrial Limited,Money Maker - Orange Julius  UPC 810103812802,Accounts Payable (A/P),440,1100121.4399999988
,Inventory Asset,08/05/2025,Bill,2092,Monster Fish Outdoors,Baby Swiss Chunk - Alabama Craw,Accounts Payable (A/P),206.25,1100327.6899999988
,Inventory Asset,08/05/2025,Bill,2092,Monster Fish Outdoors,Baby Swiss Chunk - Black & Blue,Accounts Payable (A/P),43.75,1100371.4399999988
,Inventory Asset,08/05/2025,Bill,2092,Monster Fish Outdoors,Baby Swiss Chunk - Bottom Blue,Accounts Payable (A/P),211.25,1100582.6899999988
,Inventory Asset,08/05/2025,Bill,2092,Monster Fish Outdoors,Baby Swiss Chunk - Matt's Money,Accounts Payable (A/P),116.25,1100698.9399999988
,Inventory Asset,08/05/2025,Bill,2092,Monster Fish Outdoors,Baby Swiss Chunk - Memphis Green,Accounts Payable (A/P),217.5,1100916.4399999988
,Inventory Asset,08/05/2025,Bill,2092,Monster Fish Outdoors,Baby Swiss Chunk - Plum Magic,Accounts Payable (A/P),210,1101126.4399999988
,Inventory Asset,08/05/2025,Bill,2092,Monster Fish Outdoors,Baby Swiss Chunk - Red Flake Magic,Accounts Payable (A/P),147.5,1101273.9399999988
,Inventory Asset,08/05/2025,Bill,2092,Monster Fish Outdoors,Baby Swiss Chunk - The Meeting,Accounts Payable (A/P),245,1101518.9399999988
,Inventory Asset,08/05/2025,Bill,2092,Monster Fish Outdoors,Baby Swiss Chunk - Tilapia Gold,Accounts Payable (A/P),258.75,1101777.6899999988
,Inventory Asset,08/05/2025,Bill,2092,Monster Fish Outdoors,Baby Swiss Chunk - Watermelon,Accounts Payable (A/P),187.5,1101965.1899999988
,Inventory Asset,08/05/2025,Bill,2092,Monster Fish Outdoors,Baby Swiss Chunk - Watermelon Candy,Accounts Payable (A/P),187.5,1102152.6899999988
,Inventory Asset,08/05/2025,Bill,2092,Monster Fish Outdoors,Baby Swiss Chunk - White,Accounts Payable (A/P),207.5,1102360.1899999988
,Inventory Asset,08/05/2025,Bill,2092,Monster Fish Outdoors,BM Bug - Alabama Craw,Accounts Payable (A/P),241.25,1102601.4399999988
,Inventory Asset,08/05/2025,Bill,2092,Monster Fish Outdoors,BM Bug - Black & Blue,Accounts Payable (A/P),173.75,1102775.1899999988
,Inventory Asset,08/05/2025,Bill,2092,Monster Fish Outdoors,BM Bug - Bottom Blue,Accounts Payable (A/P),211.25,1102986.4399999988
,Inventory Asset,08/05/2025,Bill,2092,Monster Fish Outdoors,BM Bug - Matt's Money,Accounts Payable (A/P),137.5,1103123.9399999988
,Inventory Asset,08/05/2025,Bill,2092,Monster Fish Outdoors,BM Bug - Memphis Green,Accounts Payable (A/P),227.5,1103351.4399999988
,Inventory Asset,08/05/2025,Bill,2092,Monster Fish Outdoors,BM Bug - Plum Magic,Accounts Payable (A/P),230,1103581.4399999988
,Inventory Asset,08/05/2025,Bill,2092,Monster Fish Outdoors,BM Bug - Red Flake Magic,Accounts Payable (A/P),187.5,1103768.9399999988
,Inventory Asset,08/05/2025,Bill,2092,Monster Fish Outdoors,BM Bug - The Meeting,Accounts Payable (A/P),226.25,1103995.1899999988
,Inventory Asset,08/05/2025,Bill,2092,Monster Fish Outdoors,BM Bug - Tilapia Gold,Accounts Payable (A/P),237.5,1104232.6899999988
,Inventory Asset,08/05/2025,Bill,2092,Monster Fish Outdoors,BM Bug - Watermelon,Accounts Payable (A/P),162.5,1104395.1899999988
,Inventory Asset,08/05/2025,Bill,2092,Monster Fish Outdoors,BM Bug - Watermelon Candy,Accounts Payable (A/P),145,1104540.1899999988
,Inventory Asset,08/05/2025,Bill,2092,Monster Fish Outdoors,BM Bug - White,Accounts Payable (A/P),220,1104760.1899999988
,Inventory Asset,08/05/2025,Bill,2092,Monster Fish Outdoors,Brawler Bug 3.5 - Alabama Craw,Accounts Payable (A/P),133.75,1104893.9399999988
,Inventory Asset,08/05/2025,Bill,2092,Monster Fish Outdoors,Brawler Bug 3.5 - Black & Blue,Accounts Payable (A/P),195,1105088.9399999988
,Inventory Asset,08/05/2025,Bill,2092,Monster Fish Outdoors,Brawler Bug 3.5 - Bottom Blue,Accounts Payable (A/P),140,1105228.9399999988
,Inventory Asset,08/05/2025,Bill,2092,Monster Fish Outdoors,Brawler Bug 3.5 - Memphis Green,Accounts Payable (A/P),1.25,1105230.1899999988
,Inventory Asset,08/15/2025,Bill,2115,"Z-Man Fishing Products, Inc.","SKU TT5-266PK6	TROUT TRICK 5"" REDBONE 6PK (79 Quantity)

SKU TT5-319PK6	TROUT TRICK 5"" GRN LANTERN 6PK  (261 Quantity)

SKU TT5-328PK6	TROUT TRICK 5"" MRGRLIMECHX 6PK  (348 Quantity)

SKU TT5-342PK6	TROUT TRICK 5"" IGUANA DQRI 6PK  (190 Quantity)

SKU TT5-358PK6	TROUT TRICK 5"" CREOLE CRKR 6PK  (413 Quantity)

SKU TT5-372PK6	TROUT TRICK 5"" TROUTCICLE 6PK (193 Quantity)",Accounts Payable (A/P),1481.76,1106711.9499999988
,Inventory Asset,08/18/2025,Bill,2120,VRX Fishing Products,"3.75"" X-Tube, Purple Shiner",Accounts Payable (A/P),1762.9,1108474.8499999987
,Inventory Asset,08/18/2025,Bill,2118,"Z-Man Fishing Products, Inc.","SKU	Description and Color
HERC5-259	HERCULEZ 5"" BAD SHAD
HERC5-263	HERCULEZ 5"" OPENING NIGHT
HERC5-54	HERCULEZ 5"" SHINER
HERC5-84	HERCULEZ 5"" PEARL",Accounts Payable (A/P),5955.17,1114430.0199999986
,Inventory Asset,08/18/2025,Bill,2118,"Z-Man Fishing Products, Inc.","HERCULEZ 4"" BAD SHAD",Accounts Payable (A/P),1248.75,1115678.7699999986
,Inventory Asset,08/22/2025,Bill,2119,Tackle HD,Tackle HD MegaMite 8-inch 8pk Watermelon Red  UPC 857071008585,Accounts Payable (A/P),338.75,1116017.5199999986
,Inventory Asset,08/22/2025,Bill,2119,Tackle HD,Tackle HD MegaMite 8-inch 8pk Green Pumpkin  UPC 857071008608,Accounts Payable (A/P),1041,1117058.5199999986
,Inventory Asset,08/22/2025,Bill,2119,Tackle HD,Tackle HD MegaMite 8-inch 8pk Junebug  UPC 857071008578,Accounts Payable (A/P),706.25,1117764.7699999986
,Inventory Asset,08/22/2025,Bill,2119,Tackle HD,Tackle HD MegaMite 8-inch 8pk Plum  UPC 857071008592,Accounts Payable (A/P),573,1118337.7699999986
,Inventory Asset,08/22/2025,Bill,2119,Tackle HD,Tackle HD MegaMite 8-inch 8pk Black  UPC 857071008615,Accounts Payable (A/P),219,1118556.7699999986
,Inventory Asset,08/22/2025,Bill,2119,Tackle HD,Tackle HD MegaMite 8-inch 8pk Green Pumpkin Blue  UPC 857071008738,Accounts Payable (A/P),633,1119189.7699999986
,Inventory Asset,08/22/2025,Bill,2119,Tackle HD,Tackle HD Swim Bait 3.5 inch 10-Pack-Smoke Pearl  UPC 850012694601,Accounts Payable (A/P),2420,1121609.7699999986
,Inventory Asset,08/22/2025,Bill,2076,Hoyo Fishing Tackle Co. Ltd.,Grassburner color: Bone  UPC 810103812673,Accounts Payable (A/P),1474.41,1123084.1799999985
,Inventory Asset,08/22/2025,Bill,2076,Hoyo Fishing Tackle Co. Ltd.,Grassburner color: Shad  UPC 810103812680,Accounts Payable (A/P),1474.41,1124558.5899999985
,Inventory Asset,08/22/2025,Bill,2076,Hoyo Fishing Tackle Co. Ltd.,Grassburner color: Chartreuse & White   UPC 810103812697,Accounts Payable (A/P),1474.41,1126032.9999999984
,Inventory Asset,08/22/2025,Bill,2076,Hoyo Fishing Tackle Co. Ltd.,Grassburner color: Sleepover   UPC 810103812703,Accounts Payable (A/P),1474.41,1127507.4099999983
,Inventory Asset,08/22/2025,Bill,2076,Hoyo Fishing Tackle Co. Ltd.,Grassburner color: Bluegill  UPC 810103812710,Accounts Payable (A/P),1474.41,1128981.8199999982
,Inventory Asset,08/22/2025,Bill,2076,Hoyo Fishing Tackle Co. Ltd.,Grassburner color: Black Chrome   UPC 810103812727,Accounts Payable (A/P),1477.95,1130459.7699999982
,Inventory Asset,08/22/2025,Bill,2084,Fishing Capital Co,"BFS 7'0“ MEDIUM LIGHT LINE: 6-12LB LURE: 1/16-1/4OZ FAST CASTING
UPC 810103812499",Accounts Payable (A/P),4165,1134624.7699999982
,Inventory Asset,08/22/2025,Bill,2084,Fishing Capital Co,"BFS 6‘9” LIGHTLINE: 4-10LB LURE:1/32-3/16OZ FAST CASTING
UPC 810103812505",Accounts Payable (A/P),4136,1138760.7699999982
,Inventory Asset,08/26/2025,Bill,2104,GSM Outdoors,"6.5"" Airtail Wiggler, Color: Black Blue Flake, Qty per bag: 10  UPC 876716003389",Accounts Payable (A/P),770,1139530.7699999982
,Inventory Asset,08/26/2025,Bill,2104,GSM Outdoors,"6.5"" Airtail Wiggler, Color: Green Pumpkin, Qty per bag: 10  UPC 876716002221",Accounts Payable (A/P),770,1140300.7699999982
,Inventory Asset,08/26/2025,Bill,2104,GSM Outdoors,"6.5"" Airtail Wiggler Color: Ssabednarg, Qty per bag: 10   UPC 876716003372",Accounts Payable (A/P),770,1141070.7699999982
,Inventory Asset,08/26/2025,Bill,2104,GSM Outdoors,"5.25"" Airtail Stick, Color: Trophy Hunter, Qty per bag: 8  UPC 876716005840",Accounts Payable (A/P),1006.25,1142077.0199999982
,Inventory Asset,08/26/2025,Bill,2104,GSM Outdoors,"5"" Airtail Rattler, Color: Black Blue Flake, Qty per bag: 8   UPC 876716002979",Accounts Payable (A/P),1106.25,1143183.2699999982
,Inventory Asset,08/26/2025,Bill,2104,GSM Outdoors,"5"" Airtail Rattler, Color: Ballistic Bluegill, Qty per bag: 8   UPC 876716003600",Accounts Payable (A/P),1106.25,1144289.5199999982
,Inventory Asset,08/26/2025,Bill,2104,GSM Outdoors,"5"" Airtail Rattler, Color: Chatreuse Pepper, Qty per bag: 8  UPC 876716002894",Accounts Payable (A/P),1106.25,1145395.7699999982
,Inventory Asset,08/26/2025,Bill,2104,GSM Outdoors,"5"" Airtail Rattler, Color: Trophy Hunter, Qty per bag: 8   UPC 876716002931",Accounts Payable (A/P),1106.25,1146502.0199999982
,Inventory Asset,08/26/2025,Bill,2104,GSM Outdoors,"5"" Airtail Rattler, Color: Red Bug, Qty per bag: 8  UPC 876716002993",Accounts Payable (A/P),1106.25,1147608.2699999982
,Inventory Asset,08/26/2025,Bill,2104,GSM Outdoors,"4.75"" Rattlesnake, Color: Black Blue Flake, Qty per bag: 8  UPC 876716000401",Accounts Payable (A/P),887.5,1148495.7699999982
,Inventory Asset,08/26/2025,Bill,2104,GSM Outdoors,"4.75"" Rattlesnake, Color: Ballistic Bluegill, Qty per bag: 8  UPC 876716003648",Accounts Payable (A/P),887.5,1149383.2699999982
,Inventory Asset,08/26/2025,Bill,2104,GSM Outdoors,"4.75"" Rattlesnake, Color: June Bug, Qty per bag: 8   UPC 876716000272",Accounts Payable (A/P),887.5,1150270.7699999982
,Inventory Asset,08/26/2025,Bill,2104,GSM Outdoors,"4.75"" Rattlesnake, Color: Ssabednarg, Qty per bag: 8  UPC 876716000159",Accounts Payable (A/P),887.5,1151158.2699999982
,Inventory Asset,08/26/2025,Bill,2104,GSM Outdoors,"4.75"" Rattlesnake, Color: Trophy Hunter, Qty per bag: 8  UPC 876716000197",Accounts Payable (A/P),887.5,1152045.7699999982
,Inventory Asset,08/26/2025,Bill,2104,GSM Outdoors,"3.75"" Baby Rattlesnake, Color: Ballistic Bluegill, Qty per bag: 10   UPC 876716003679",Accounts Payable (A/P),555,1152600.7699999982
,Inventory Asset,08/26/2025,Bill,2104,GSM Outdoors,"3.75"" Baby Rattlesnake, Color: Blue Flake, Qty per bag: 10   UPC 876716000456",Accounts Payable (A/P),555,1153155.7699999982
,Inventory Asset,08/26/2025,Bill,2104,GSM Outdoors,"3.75"" Baby Rattlesnake, Color: June Bug, Qty per bag: 10   UPC 876716000524",Accounts Payable (A/P),555,1153710.7699999982
,Inventory Asset,08/26/2025,Bill,2104,GSM Outdoors,"3.75"" Baby Rattlesnake, Color: Trophy Hunter, Qty per bag: 10   UPC 876716000494",Accounts Payable (A/P),555,1154265.7699999982
,Inventory Asset,08/26/2025,Bill,2104,GSM Outdoors,"5"" Rattleshad, Color: Bait Ball, Qty per bag: 8  UPC 876716001644",Accounts Payable (A/P),1466.08,1155731.8499999982
,Inventory Asset,08/26/2025,Bill,2104,GSM Outdoors,"5"" Rattleshad, Color: Ballistic Bluegill, Qty per bag: 8   UPC 876716001613",Accounts Payable (A/P),1466.08,1157197.9299999983
,Inventory Asset,08/26/2025,Bill,2104,GSM Outdoors,"5"" Rattleshad, Color: Electric Shad, Qty per bag: 8  UPC 876716006564",Accounts Payable (A/P),1466.08,1158664.0099999984
,Inventory Asset,08/26/2025,Bill,2104,GSM Outdoors,"5"" Rattleshad, Color: Pearl, Qty per bag: 8   UPC 876716001545",Accounts Payable (A/P),1466.08,1160130.0899999985
,Inventory Asset,08/26/2025,Bill,2104,GSM Outdoors,"5"" Rattleshad, Color: Tennessee Shad, Qty per bag: 8  UPC 876716006571",Accounts Payable (A/P),1466.08,1161596.1699999985
,Inventory Asset,08/26/2025,Bill,2104,GSM Outdoors,"6.5"" Mag Rattlesnake, Color: Ballistic Bluegill, Qty per bag: 5   UPC 876716006588",Accounts Payable (A/P),1930,1163526.1699999985
,Inventory Asset,08/26/2025,Bill,2104,GSM Outdoors,"6.5"" Mag Rattlesnake, Color: Green Pumpkin, Qty per bag: 5   UPC 876716001194",Accounts Payable (A/P),1930,1165456.1699999985
,Inventory Asset,08/26/2025,Bill,2104,GSM Outdoors,"6.5"" Mag Rattlesnake, Color: Ssabednarg, Qty per bag: 5   UPC 876716001262",Accounts Payable (A/P),1930,1167386.1699999985
,Inventory Asset,08/26/2025,Bill,2104,GSM Outdoors,"6.5"" Mag Rattlesnake, Color: Trophy Hunter, Qty per bag: 5   UPC 876716001224",Accounts Payable (A/P),1930,1169316.1699999985
,Inventory Asset,09/01/2025,Inventory Starting Value,START,,BS-S-2 - Opening inventory and value,Opening Balance Equity,0,1169316.1699999985
,Inventory Asset,09/02/2025,Bill,2073,A.N.E Wholesale,"Dart 6"" - Green Pumpkin Blue",Accounts Payable (A/P),672,1169988.1699999985
,Inventory Asset,09/02/2025,Bill,2073,A.N.E Wholesale,"Dart 6"" - Sprayed Lettuce",Accounts Payable (A/P),2688,1172676.1699999985
,Inventory Asset,09/02/2025,Bill,2073,A.N.E Wholesale,"Dart 6"" - Watermelon Red Flake",Accounts Payable (A/P),672,1173348.1699999985
,Inventory Asset,09/02/2025,Bill,2080,GSM Outdoors,1/2OZ 420 BALLINOUT JIG,Accounts Payable (A/P),550.85,1173899.0199999986
,Inventory Asset,09/02/2025,Bill,2080,GSM Outdoors,1/2OZ BROWN MONEY BALLINOUT JIG,Accounts Payable (A/P),803.85,1174702.8699999987
,Inventory Asset,09/02/2025,Bill,2080,GSM Outdoors,3/8OZ BROWN MONEY BALLINOUT JIG,Accounts Payable (A/P),1215.55,1175918.4199999988
,Inventory Asset,09/02/2025,Bill,2080,GSM Outdoors,1/2OZ BROWN OG BALLINOUT JIG,Accounts Payable (A/P),599.15,1176517.5699999987
,Inventory Asset,09/02/2025,Bill,2080,GSM Outdoors,3/8OZ BROWN OG BALLINOUT JIG,Accounts Payable (A/P),938.4,1177455.9699999986
,Inventory Asset,09/02/2025,Bill,2080,GSM Outdoors,SKIPPING TOAD BUZZBAIT 3/8OZ@GRY BLD/D SNW TD(1PK),Accounts Payable (A/P),270.6,1177726.5699999987
,Inventory Asset,09/02/2025,Bill,2080,GSM Outdoors,TOUR TOAD BUZZBAIT 1/4OZ@WHT BLD/PRL SHINER TOAD,Accounts Payable (A/P),245.3,1177971.8699999987
,Inventory Asset,09/02/2025,Bill,2080,GSM Outdoors,TOUR TOAD BUZZBAIT 3/8OZ@BLK&YEL BLD/BLK TOAD,Accounts Payable (A/P),222.2,1178194.0699999987
,Inventory Asset,09/02/2025,Bill,2080,GSM Outdoors,TOUR TOAD BUZZBAIT 3/8OZ@GRAY BLD/DIRTY SNOW TOAD,Accounts Payable (A/P),239.8,1178433.8699999987
,Inventory Asset,09/02/2025,Bill,2080,GSM Outdoors,7.75IN KUT TAIL WORM@WTMLN/BLACK FLK,Accounts Payable (A/P),741.25,1179175.1199999987
,Inventory Asset,09/02/2025,Bill,2080,GSM Outdoors,7.75IN KUT TAIL WORM@GRN PMPKN/BLK FLK,Accounts Payable (A/P),1482.5,1180657.6199999987
,Inventory Asset,09/02/2025,Bill,2080,GSM Outdoors,7.75IN KUT TAIL WORM@GR PMKN W/RED FLK/042J,Accounts Payable (A/P),262.5,1180920.1199999987
,Inventory Asset,09/02/2025,Bill,2080,GSM Outdoors,7.75IN KUT TAIL WORM@BABY BASS,Accounts Payable (A/P),435,1181355.1199999987
,Inventory Asset,09/02/2025,Bill,2080,GSM Outdoors,7.75IN KUT TAIL WORM@#297 NF/LG GRN PURP,Accounts Payable (A/P),698.75,1182053.8699999987
,Inventory Asset,09/02/2025,Bill,2080,GSM Outdoors,BAIT BOX1/16OZ@GRASSHOPPER BLK OPQ CHT (1RIG+6PK),Accounts Payable (A/P),100,1182153.8699999987
,Inventory Asset,09/02/2025,Bill,2080,GSM Outdoors,BAIT BOX1/16OZ@MINNR CHART SHAD (1RING+(6PK)),Accounts Payable (A/P),100,1182253.8699999987
,Inventory Asset,09/02/2025,Bill,2105,GSM Outdoors,Baby Rattlesnake - Red Bug (no salt) - 5000 ct. bulk,Accounts Payable (A/P),380,1182633.8699999987
,Inventory Asset,09/02/2025,Bill,2005,Major League Fishing,3DB Series Jerkbait SP 110 - Color: Clear Pro Blue,Accounts Payable (A/P),6533.06,1189166.9299999988
,Inventory Asset,09/02/2025,Bill,2005,Major League Fishing,3DB Series Jerkbait SP 110 - Color: Table Rock Shad,Accounts Payable (A/P),454,1189620.9299999988
,Inventory Asset,09/02/2025,Bill,2005,Major League Fishing,STRIKE KING - Red Eyed Shad - Sexy Shad - 12-590,Accounts Payable (A/P),717.49,1190338.4199999988
,Inventory Asset,09/02/2025,Bill,2005,Major League Fishing,YO-ZURI - HARDCORE - Crank SR 65F Squarebill - Black Back Chartreuse,Accounts Payable (A/P),25,1190363.4199999988
,Inventory Asset,09/02/2025,Bill,2005,Major League Fishing,YO-ZURI - HARDCORE - Crank SR 65F Squarebill - Citrus Shad,Accounts Payable (A/P),56.25,1190419.6699999988
,Inventory Asset,09/02/2025,Bill,2005,Major League Fishing,YO-ZURI - HARDCORE - Crank SR 65F Squarebill - Ghost Pearl Shad,Accounts Payable (A/P),58.75,1190478.4199999988
,Inventory Asset,09/02/2025,Bill,2005,Major League Fishing,YO-ZURI - HARDCORE - Crank SR 65F Squarebill - Natural Bluegill,Accounts Payable (A/P),71.25,1190549.6699999988
,Inventory Asset,09/02/2025,Bill,2005,Major League Fishing,YO-ZURI - HARDCORE - Shad 75SF 75mm - Ghost Pearl Shad,Accounts Payable (A/P),198,1190747.6699999988
,Inventory Asset,09/02/2025,Bill,2005,Major League Fishing,YO-ZURI - HARDCORE - Shad 75SF 75mm - Ghost Pro Blue,Accounts Payable (A/P),63,1190810.6699999988
,Inventory Asset,09/02/2025,Bill,2005,Major League Fishing,YO-ZURI - HARDCORE - Shad 75SF 75mm - Hot Tiger,Accounts Payable (A/P),58.5,1190869.1699999988
,Inventory Asset,09/02/2025,Bill,2005,Major League Fishing,YO-ZURI - HARDCORE - Shad 75SF 75mm - Metallic Ghost Ayu,Accounts Payable (A/P),168,1191037.1699999988
,Inventory Asset,09/02/2025,Bill,2090,MonsterWash LLC,Shooter Worm - Alabama Craw,Accounts Payable (A/P),97.5,1191134.6699999988
,Inventory Asset,09/02/2025,Bill,2090,MonsterWash LLC,Shooter Worm - Black & Blue,Accounts Payable (A/P),173.75,1191308.4199999988
,Inventory Asset,09/02/2025,Bill,2090,MonsterWash LLC,Shooter Worm - Bubble Gum,Accounts Payable (A/P),253.75,1191562.1699999988
,Inventory Asset,09/02/2025,Bill,2090,MonsterWash LLC,Shooter Worm - Limetreuse,Accounts Payable (A/P),272.5,1191834.6699999988
,Inventory Asset,09/02/2025,Bill,2090,MonsterWash LLC,Shooter Worm - Matt's Money,Accounts Payable (A/P),211.25,1192045.9199999988
,Inventory Asset,09/02/2025,Bill,2090,MonsterWash LLC,Shooter Worm - Memphis Green,Accounts Payable (A/P),92.5,1192138.4199999988
,Inventory Asset,09/02/2025,Bill,2090,MonsterWash LLC,Shooter Worm - Merthiolate,Accounts Payable (A/P),260,1192398.4199999988
,Inventory Asset,09/02/2025,Bill,2090,MonsterWash LLC,Shooter Worm - My Boy Blue,Accounts Payable (A/P),235,1192633.4199999988
,Inventory Asset,09/02/2025,Bill,2090,MonsterWash LLC,Shooter Worm - Plum Magic,Accounts Payable (A/P),220,1192853.4199999988
,Inventory Asset,09/02/2025,Bill,2090,MonsterWash LLC,Shooter Worm - Red Flake Magic,Accounts Payable (A/P),242.5,1193095.9199999988
,Inventory Asset,09/02/2025,Bill,2090,MonsterWash LLC,Shooter Worm - Tennessee Money,Accounts Payable (A/P),231.25,1193327.1699999988
,Inventory Asset,09/02/2025,Bill,2090,MonsterWash LLC,Shooter Worm - Watermelon,Accounts Payable (A/P),257.5,1193584.6699999988
,Inventory Asset,09/02/2025,Bill,2090,MonsterWash LLC,Shooter Worm - Watermelon Candy,Accounts Payable (A/P),232.5,1193817.1699999988
,Inventory Asset,09/02/2025,Bill,2090,MonsterWash LLC,Shooter Worm - Watermelon Red,Accounts Payable (A/P),195,1194012.1699999988
,Inventory Asset,09/02/2025,Bill,2090,MonsterWash LLC,Shooter Worm - White,Accounts Payable (A/P),266.25,1194278.4199999988
,Inventory Asset,09/02/2025,Bill,2090,MonsterWash LLC,Shooter Craw - Alabama Craw,Accounts Payable (A/P),163.75,1194442.1699999988
,Inventory Asset,09/02/2025,Bill,2090,MonsterWash LLC,Shooter Craw - Black & Blue,Accounts Payable (A/P),30,1194472.1699999988
,Inventory Asset,09/02/2025,Bill,2090,MonsterWash LLC,Shooter Craw - Bottom Blue,Accounts Payable (A/P),168.75,1194640.9199999988
,Inventory Asset,09/02/2025,Bill,2090,MonsterWash LLC,Shooter Craw - Matt's Money,Accounts Payable (A/P),37.5,1194678.4199999988
,Inventory Asset,09/02/2025,Bill,2090,MonsterWash LLC,Shooter Craw - Memphis Green,Accounts Payable (A/P),98.75,1194777.1699999988
,Inventory Asset,09/02/2025,Bill,2090,MonsterWash LLC,Shooter Craw - Plum Magic,Accounts Payable (A/P),147.5,1194924.6699999988
,Inventory Asset,09/02/2025,Bill,2090,MonsterWash LLC,Shooter Craw - Red Flake Magic,Accounts Payable (A/P),168.75,1195093.4199999988
,Inventory Asset,09/02/2025,Bill,2090,MonsterWash LLC,Shooter Craw - Tilapia Gold,Accounts Payable (A/P),86.25,1195179.6699999988
,Inventory Asset,09/02/2025,Bill,2090,MonsterWash LLC,Shooter Craw - Watermelon,Accounts Payable (A/P),153.75,1195333.4199999988
,Inventory Asset,09/02/2025,Bill,2090,MonsterWash LLC,Shooter Craw - Watermelon Candy,Accounts Payable (A/P),151.25,1195484.6699999988
,Inventory Asset,09/02/2025,Bill,2090,MonsterWash LLC,Shooter Craw - White,Accounts Payable (A/P),120,1195604.6699999988
,Inventory Asset,09/02/2025,Bill,2067,Packaging Corporation of America,MONSTERBOX ORANGE,Accounts Payable (A/P),7000,1202604.6699999988
,Inventory Asset,09/02/2025,Bill,2089,VRX Fishing Products,"3.25"" Muscle Back Finesse Craw, Sprayed Grass",Accounts Payable (A/P),5.1,1202609.7699999989
,Inventory Asset,09/02/2025,Bill,2089,VRX Fishing Products,"3.25"" Muscle Back Finesse Craw, Big Limit",Accounts Payable (A/P),14.45,1202624.2199999988
,Inventory Asset,09/02/2025,Bill,2089,VRX Fishing Products,"3.25"" Muscle Back Finesse Craw, Red Bug",Accounts Payable (A/P),202.3,1202826.5199999989
,Inventory Asset,09/02/2025,Bill,2089,VRX Fishing Products,"3.25"" Muscle Back Finesse Craw, Purple Shadow",Accounts Payable (A/P),48.45,1202874.9699999988
,Inventory Asset,09/02/2025,Bill,2089,VRX Fishing Products,"3.5"" Punisher Punch Craw, Watermelon Red Flake",Accounts Payable (A/P),21.25,1202896.2199999988
,Inventory Asset,09/02/2025,Bill,2089,VRX Fishing Products,"3.5"" Punisher Punch Craw, 309",Accounts Payable (A/P),225.25,1203121.4699999988
,Inventory Asset,09/02/2025,Bill,2089,VRX Fishing Products,"3.5"" Punisher Punch Craw, Green Pumpkin Black Flake",Accounts Payable (A/P),10.2,1203131.6699999988
,Inventory Asset,09/02/2025,Bill,2089,VRX Fishing Products,"3.5"" Punisher Punch Craw, Okeechobee Craw",Accounts Payable (A/P),537.2,1203668.8699999987
,Inventory Asset,09/02/2025,Bill,2089,VRX Fishing Products,"3.5"" Punisher Punch Craw, Peanut Butter and Jelly",Accounts Payable (A/P),41.65,1203710.5199999986
,Inventory Asset,09/02/2025,Bill,2089,VRX Fishing Products,"3.5"" Punisher Punch Craw, Black Blue Flake",Accounts Payable (A/P),468.35,1204178.8699999987
,Inventory Asset,09/02/2025,Bill,2089,VRX Fishing Products,"3.5"" Punisher Punch Craw, Black Red Flake",Accounts Payable (A/P),48.45,1204227.3199999987
,Inventory Asset,09/02/2025,Bill,2089,VRX Fishing Products,"3.5"" Punisher Punch Craw, Black Blue Lam",Accounts Payable (A/P),45.9,1204273.2199999986
,Inventory Asset,09/02/2025,Bill,2089,VRX Fishing Products,"3.5"" Punisher Punch Craw, Junebug",Accounts Payable (A/P),383.35,1204656.5699999987
,Inventory Asset,09/02/2025,Bill,,Weihai Runten Industrial Limited,The Vault - 3600 Waterproof Tackle Box  UPC 810103812420,Accounts Payable (A/P),2420,1207076.5699999987
,Inventory Asset,09/02/2025,Bill,,Weihai Runten Industrial Limited,The Vault - 3700 Waterproof Tackle Box UPC 810103812413,Accounts Payable (A/P),2710,1209786.5699999987
,Inventory Asset,09/02/2025,Bill,2074,Weihai Runten Industrial Limited,Hoosier Daddy color: White & Chartreuse  UPC 810103812635,Accounts Payable (A/P),1089,1210875.5699999987
,Inventory Asset,09/02/2025,Bill,2074,Weihai Runten Industrial Limited,Hoosier Daddy color: Bluegill   UPC 810103812642,Accounts Payable (A/P),1089,1211964.5699999987
,Inventory Asset,09/02/2025,Bill,2074,Weihai Runten Industrial Limited,Hoosier Daddy color: White   UPC 810103812659,Accounts Payable (A/P),1089,1213053.5699999987
,Inventory Asset,09/02/2025,Bill,2074,Weihai Runten Industrial Limited,Hoosier Daddy color: Chad Spawn  UPC 810103812666,Accounts Payable (A/P),1089,1214142.5699999987
,Inventory Asset,09/02/2025,Bill,2077,Weihai Runten Industrial Limited,"The Shredder Spinenrbait - Sexy
UPC 8 53514 00058",Accounts Payable (A/P),935,1215077.5699999987
,Inventory Asset,09/02/2025,Bill,2077,Weihai Runten Industrial Limited,"The Shredder Spinenrbait - White/Chartreuse
UPC 8 53514 00059",Accounts Payable (A/P),935,1216012.5699999987
,Inventory Asset,09/02/2025,Bill,2077,Weihai Runten Industrial Limited,"The Shredder Spinenrbait - Mouse
UPC 8 53514 00060",Accounts Payable (A/P),935,1216947.5699999987
,Inventory Asset,09/02/2025,Bill,2077,Weihai Runten Industrial Limited,"The Shredder Spinenrbait - Spot Remover
UPC 8 53514 00061",Accounts Payable (A/P),935,1217882.5699999987
,Inventory Asset,09/02/2025,Bill,2078,Weihai Runten Industrial Limited,Create A Bait: Slick Stick 99 Blank,Accounts Payable (A/P),180,1218062.5699999987
,Inventory Asset,09/02/2025,Bill,2078,Weihai Runten Industrial Limited,Create A Bait: Little Banger Blank,Accounts Payable (A/P),180,1218242.5699999987
,Inventory Asset,09/02/2025,Bill,2078,Weihai Runten Industrial Limited,Create A Bait: Mad Max blank,Accounts Payable (A/P),180,1218422.5699999987
,Inventory Asset,09/02/2025,Bill,2078,Weihai Runten Industrial Limited,Create A Bait: Vicious Trapper Blank,Accounts Payable (A/P),180,1218602.5699999987
,Inventory Asset,09/02/2025,Bill,2078,Weihai Runten Industrial Limited,Create A Bait: Flatline Blank,Accounts Payable (A/P),180,1218782.5699999987
,Inventory Asset,09/02/2025,Bill,2078,Weihai Runten Industrial Limited,Create A Bait: Seeker 6 Blank,Accounts Payable (A/P),180,1218962.5699999987
,Inventory Asset,09/02/2025,Bill,2078,Weihai Runten Industrial Limited,Create A Bait: Patriot Blank,Accounts Payable (A/P),180,1219142.5699999987
,Inventory Asset,09/02/2025,Bill,2078,Weihai Runten Industrial Limited,Create A Bait: Squarebanger Blank,Accounts Payable (A/P),180,1219322.5699999987
,Inventory Asset,09/02/2025,Bill,2065,"Yazoo Mills, Inc.","Rod Tube w/ 3"" Inner Diameter - w/ Caps & Orange Logo",Accounts Payable (A/P),1451.61,1220774.1799999988
,Inventory Asset,09/03/2025,Bill,2110,"Jinhua Jiafu Trade Co., Ltd.",NEW Monsterbass Bait Bags,Accounts Payable (A/P),7643,1228417.1799999988
,Inventory Asset,09/05/2025,Bill,2113,VRX Fishing Products,"3.75"" Rally Shad, Perch",Accounts Payable (A/P),852.8,1229269.9799999988
,Inventory Asset,09/05/2025,Bill,2113,VRX Fishing Products,"3.75"" Rally Shad, Minnow Magic",Accounts Payable (A/P),852.8,1230122.7799999989
,Inventory Asset,09/05/2025,Bill,2113,VRX Fishing Products,"3.75"" Rally Shad, Smelt",Accounts Payable (A/P),852.8,1230975.579999999
,Inventory Asset,09/05/2025,Bill,2113,VRX Fishing Products,"3.75"" Rally Shad, 309",Accounts Payable (A/P),852.8,1231828.379999999
,Inventory Asset,09/05/2025,Bill,2113,VRX Fishing Products,"3.75"" Rally Shad, Gizzard Shad",Accounts Payable (A/P),854.4,1232682.7799999989
,Inventory Asset,09/05/2025,Bill,2113,VRX Fishing Products,"3.75"" Rally Shad, Pearl Silver Flake",Accounts Payable (A/P),854.4,1233537.1799999988
,Inventory Asset,09/30/2025,Bill,2126,TTI Blakemore Group,Standout Drop Shit Hook Size 1,Accounts Payable (A/P),2720,1236257.1799999988
,Inventory Asset,10/01/2025,Inventory Starting Value,START,,LH-JIG-MISC - Opening inventory and value,Opening Balance Equity,0,1236257.1799999988
,Inventory Asset,10/01/2025,Inventory Starting Value,START,,NED-GP - Opening inventory and value,Opening Balance Equity,0,1236257.1799999988
,Inventory Asset,10/01/2025,Inventory Starting Value,START,,AP-38 - Opening inventory and value,Opening Balance Equity,0,1236257.1799999988
,Inventory Asset,10/01/2025,Inventory Starting Value,START,,AP-12 - Opening inventory and value,Opening Balance Equity,0,1236257.1799999988
,Inventory Asset,10/01/2025,Inventory Starting Value,START,,BS-MISC - Opening inventory and value,Opening Balance Equity,0,1236257.1799999988
,Inventory Asset,10/28/2025,Bill,2135,LunkerHunt Premium Fishing Products,Finesse Skirted Jig,Accounts Payable (A/P),3439.2,1239696.3799999987
,Inventory Asset,11/01/2025,Inventory Starting Value,START,,MLF-YZ-RC - Opening inventory and value,Opening Balance Equity,0,1239696.3799999987
,Inventory Asset,11/01/2025,Inventory Starting Value,START,,MLF-YZ-RC - Opening inventory and value,Opening Balance Equity,0,1239696.3799999987
,Inventory Asset,11/06/2025,Bill,2129,Livingston Lures,PRIMETYME CB 1.5 Melon Shad,Accounts Payable (A/P),288,1239984.3799999987
,Inventory Asset,11/06/2025,Bill,2129,Livingston Lures,PRIMETYME CB 1.5 Chartreuse Sunrise Shad,Accounts Payable (A/P),645,1240629.3799999987
,Inventory Asset,11/06/2025,Bill,2129,Livingston Lures,PRIMETYME CB 1.5 Bluetreuse,Accounts Payable (A/P),930,1241559.3799999987
,Inventory Asset,11/06/2025,Bill,2129,Livingston Lures,PRIMETYME CB 1.5 Ginrin,Accounts Payable (A/P),1068,1242627.3799999987
,Inventory Asset,11/06/2025,Bill,2129,Livingston Lures,PRIMETYME CB 1.5True Bream,Accounts Payable (A/P),1110,1243737.3799999987
,Inventory Asset,11/06/2025,Bill,2129,Livingston Lures,PRIMETYME CB 1.5 Guntersville Craw,Accounts Payable (A/P),687,1244424.3799999987
,Inventory Asset,11/06/2025,Bill,2129,Livingston Lures,WALK N POP 77 Beauty Shad,Accounts Payable (A/P),210,1244634.3799999987
,Inventory Asset,11/06/2025,Bill,2129,Livingston Lures,WALK N POP 77 Black Back Chrome Shad,Accounts Payable (A/P),750,1245384.3799999987
,Inventory Asset,11/06/2025,Bill,2129,Livingston Lures,WALK N POP 77 Tennessee Shad,Accounts Payable (A/P),666,1246050.3799999987
,Inventory Asset,11/06/2025,Bill,2129,Livingston Lures,WALK N POP 77 Bluetreuse,Accounts Payable (A/P),471,1246521.3799999987
,Inventory Asset,11/06/2025,Bill,2129,Livingston Lures,WALK N POP 77 Mad Dog,Accounts Payable (A/P),828,1247349.3799999987
,Inventory Asset,11/06/2025,Bill,2129,Livingston Lures,Walk N Pop 77 Pro Green #1626,Accounts Payable (A/P),519,1247868.3799999987
,Inventory Asset,11/06/2025,Bill,2129,Livingston Lures,WALK N POP 77 Black Sulver Shiner,Accounts Payable (A/P),765,1248633.3799999987
,Inventory Asset,11/06/2025,Bill,2129,Livingston Lures,Walk N Pop 77 Black Pearl Shiner,Accounts Payable (A/P),726,1249359.3799999987
,Inventory Asset,11/06/2025,Bill,2129,Livingston Lures,WALK N POP 77 XXX Shad,Accounts Payable (A/P),588,1249947.3799999987
,Inventory Asset,11/06/2025,Bill,2129,Livingston Lures,WALK N POP 77 Bone Cracker,Accounts Payable (A/P),939,1250886.3799999987
,Inventory Asset,11/06/2025,Bill,2129,Livingston Lures,FLATMASTER XXX Shad,Accounts Payable (A/P),822,1251708.3799999987
,Inventory Asset,11/06/2025,Bill,2129,Livingston Lures,FLATMASTER True Bream,Accounts Payable (A/P),648,1252356.3799999987
,Inventory Asset,11/06/2025,Bill,2129,Livingston Lures,FLATMASTER Copperhead,Accounts Payable (A/P),519,1252875.3799999987
,Inventory Asset,11/06/2025,Bill,2129,Livingston Lures,FLATMASTER Guntersville Craw,Accounts Payable (A/P),867,1253742.3799999987
,Inventory Asset,11/06/2025,Bill,2129,Livingston Lures,FlatMaster³Okie Craw,Accounts Payable (A/P),528,1254270.3799999987
,Inventory Asset,11/06/2025,Bill,2129,Livingston Lures,FLATMASTER Spring Craw,Accounts Payable (A/P),120,1254390.3799999987
,Inventory Asset,11/06/2025,Bill,2129,Livingston Lures,FLATMASTER Citrus Sparkle,Accounts Payable (A/P),717,1255107.3799999987
,Inventory Asset,11/06/2025,Bill,2129,Livingston Lures,FlatMaster³ Chartreuse Shad #2903,Accounts Payable (A/P),744,1255851.3799999987
,Inventory Asset,11/06/2025,Bill,2116,"Z-Man Fishing Products, Inc.","SKU	Description and Color

TFAT-02PK5	TURBO FATTYZ 6"" BLACK/BLUE 5PK  (Quantity 355) 

TFAT-07PK5	TURBO FATTYZ 6"" PLUM 5PK  (Quantity 256) 
 
TFAT-18PK5	TURBO FATTYZ 6"" WTMLN RED 5PK  (Quantity 130) 

TFAT-268PK5	TURBO FATTYZ 6"" CALI CRAW 5PK   (Quantity 280) 

TFAT-42PK5	TURBO FATTYZ 6"" JUNEBUG 5PK   (Quantity 322) 

TFAT-46PK5	TURBO FATTYZ 6"" GRN PMKPN 5PK  (Quantity 316) 

TFAT-84PK5	TURBO FATTYZ 6"" PEARL 5PK   (Quantity 1282)",Accounts Payable (A/P),1.36,1255852.7399999988
,Inventory Asset,11/06/2025,Bill,2116,"Z-Man Fishing Products, Inc.","SKU	Description and Color

CEPF14-01	CE FINESSE JIG 1/4OZ BLACK/BLU (Quantity 126)

CEPF14-02	CE FINESSE JIG 1/4OZ GREEN PUM  (Quantity 129)

CEPF14-03	CE FINESSE JIG 1/4OZ MOCCASIN  (Quantity 128)


CEPF14-04	CE FINESSE JIG 1/4OZ CANDY CRA  (Quantity 604)


CEPF14-05	CE FINESSE JIG 1/4OZ POND SCUM  (Quantity 451)


CEPF14-06	CE FINESSE JIG 1/4OZ PB&J  (Quantity 359)


CEPF14-07	CE FINESSE JIG 1/4OZ NATURAL C  (Quantity 189)


CEPF14-08	CE FINESSE JIG 1/4OZ BRSD GRN  (Quantity 654)",Accounts Payable (A/P),3141.6,1258994.339999999
,Inventory Asset,11/06/2025,Bill,2116,"Z-Man Fishing Products, Inc.","SKU	Description and Color

SSINK-296PK6	ZINKERZ 5"" BAMA BUG 6PK  (Quantity 241)

SSINK-298PK6	ZINKERZ 5"" SPRAYED GRASS 6PK (Quantity 139)

SSINK-378PK6	ZINKERZ 5"" PURPLE RAIN 6PK (Quantity 336)",Accounts Payable (A/P),823.4,1259817.7399999988
,Inventory Asset,11/06/2025,Bill,2116,"Z-Man Fishing Products, Inc.","SKU	Description and Color

TRD6-28PK6	GIANT TRD 6"" SMELT 6PK (Quantity 13)

TRD6-348PK6	GIANT TRD 6"" YOGA PANTS 6 PACK (Quantity 66)

TRD6-42PK6	GIANT TRD 6"" JUNEBUG 6PK  (Quantity 77)",Accounts Payable (A/P),229.32,1260047.059999999
,Inventory Asset,12/01/2025,Inventory Starting Value,START,,SF-14 - Opening inventory and value,Opening Balance Equity,0,1260047.059999999
,Inventory Asset,12/01/2025,Inventory Starting Value,START,,SF-14 - Opening inventory and value,Opening Balance Equity,0,1260047.059999999
,Inventory Asset,12/01/2025,Inventory Starting Value,START,,SF-38 - Opening inventory and value,Opening Balance Equity,0,1260047.059999999
,Inventory Asset,12/01/2025,Inventory Starting Value,START,,FS28-4KS - Opening inventory and value,Opening Balance Equity,0,1260047.059999999
,Inventory Asset,12/01/2025,Inventory Starting Value,START,,FS28-GNSR - Opening inventory and value,Opening Balance Equity,0,1260047.059999999
,Inventory Asset,12/02/2025,Inventory Starting Value,START,,SF-87 - Opening inventory and value,Opening Balance Equity,0,1260047.059999999
,Inventory Asset,12/16/2025,Bill,2140,Weihai Runten Industrial Limited,Create A Bait  SLICK STICK 99 BLANK,Accounts Payable (A/P),225,1260272.059999999
,Inventory Asset,12/16/2025,Bill,2140,Weihai Runten Industrial Limited,Create A Bait  LITTLE BANGER BLANK,Accounts Payable (A/P),225,1260497.059999999
,Inventory Asset,12/16/2025,Bill,2140,Weihai Runten Industrial Limited,Create A Bait  MAD MAX BLANK,Accounts Payable (A/P),225,1260722.059999999
,Inventory Asset,12/16/2025,Bill,2140,Weihai Runten Industrial Limited,Create A Bait   VICIOUS TRAPPER BLANK,Accounts Payable (A/P),225,1260947.059999999
,Inventory Asset,12/16/2025,Bill,2140,Weihai Runten Industrial Limited,Create A Bait  FLATLINE BLANK,Accounts Payable (A/P),225,1261172.059999999
,Inventory Asset,12/16/2025,Bill,2140,Weihai Runten Industrial Limited,Create A Bait  SEEKER 6 BLANK,Accounts Payable (A/P),225,1261397.059999999
,Inventory Asset,12/16/2025,Bill,2140,Weihai Runten Industrial Limited,Create A Bait  PATRIOT BLANK,Accounts Payable (A/P),225,1261622.059999999
,Inventory Asset,12/16/2025,Bill,2140,Weihai Runten Industrial Limited,Create A Bait  SQUAREBANGER BLANK,Accounts Payable (A/P),225,1261847.059999999
,Inventory Asset,12/16/2025,Bill,2148,Pradco Outdoors Brands,Booyah MICRO POND-ALPINE,Accounts Payable (A/P),3520,1265367.059999999
,Inventory Asset,12/16/2025,Bill,2127,Livingston Lures,WALKING BOSS II Beauty Shad,Accounts Payable (A/P),204,1265571.059999999
,Inventory Asset,12/16/2025,Bill,2127,Livingston Lures,WALKING BOSS II Black Back Chrome Shad,Accounts Payable (A/P),492,1266063.059999999
,Inventory Asset,12/16/2025,Bill,2127,Livingston Lures,WALKING BOSS II Blue Pearl,Accounts Payable (A/P),417,1266480.059999999
,Inventory Asset,12/16/2025,Bill,2127,Livingston Lures,WALKING BOSS II Ginrin,Accounts Payable (A/P),153,1266633.059999999
,Inventory Asset,12/16/2025,Bill,2127,Livingston Lures,WALKING BOSS II Pure Bone,Accounts Payable (A/P),27,1266660.059999999
,Inventory Asset,12/16/2025,Bill,2127,Livingston Lures,Walking Boss II Pro Green #1826,Accounts Payable (A/P),753,1267413.059999999
,Inventory Asset,12/16/2025,Bill,2127,Livingston Lures,WALKING BOSS II Black Silver Shiner,Accounts Payable (A/P),414,1267827.059999999
,Inventory Asset,12/16/2025,Bill,2127,Livingston Lures,WALKING BOSS II Chartreuse Blue Shiner,Accounts Payable (A/P),321,1268148.059999999
,Inventory Asset,12/16/2025,Bill,2127,Livingston Lures,Walking Boss II XXX Shad,Accounts Payable (A/P),699,1268847.059999999
,Inventory Asset,12/16/2025,Bill,2127,Livingston Lures,WALKING BOSS II PRO BLUE #1851,Accounts Payable (A/P),612,1269459.059999999
,Inventory Asset,12/16/2025,Bill,2127,Livingston Lures,WALKING BOSS II Citrus Sparkle,Accounts Payable (A/P),420,1269879.059999999
,Inventory Asset,12/16/2025,Bill,2127,Livingston Lures,WALKING BOSS II Brown Hitch,Accounts Payable (A/P),744,1270623.059999999
,Inventory Asset,12/16/2025,Bill,2127,Livingston Lures,WALKING BOSS II Sexy Melon,Accounts Payable (A/P),471,1271094.059999999
,Inventory Asset,12/16/2025,Bill,2127,Livingston Lures,WALKING BOSS II Natural Perch,Accounts Payable (A/P),714,1271808.059999999
,Inventory Asset,12/16/2025,Bill,2127,Livingston Lures,WALKING BOSS II Midnight,Accounts Payable (A/P),939,1272747.059999999
,Inventory Asset,12/16/2025,Bill,2127,Livingston Lures,WALKING BOSS II Bone Cracker,Accounts Payable (A/P),1026,1273773.059999999
,Inventory Asset,12/16/2025,Bill,2117,"Z-Man Fishing Products, Inc.","SKU	Description and Color

CEFB12-03	CE FOOTBALL JIG 1/2 OZ LEDGE C (Quantity 101) 

CEFB12-04	CE FOOTBALL JIG 1/2OZ PUMPKIN  (Quantity 66) 

CEFB12-05	CE FOOTBALL JIG 1/2OZ GRN PMPK  (Quantity 153) 

CEFB12-07	CE FOOTBALL JIG 1/2 OZ SMOKED  (Quantity 219) 

CEFB12-08	CE FOOTBALL JIG 1/2 OZ MONEY M  (Quantity 73) 

CEFB34-01	CE FOOTBALL JIG 3/4 OZ BLACK/B  (Quantity 140) 

CEFB34-03	CE FOOTBALL JIG 3/4 OZ LEDGE C  (Quantity 15) 

CEFB34-04	CE FOOTBALL JIG 3/4OZ PUMPKIN  (Quantity 63) 

CEFB34-06	CE FOOTBALL JIG 3/4 OZ PLUMKIN  (Quantity 13) 

CEFB34-08	CE FOOTBALL JIG 3/4 OZ MONEY M  (Quantity 163) 

CEFL12-01	CE FLIPPING JIG 1/2OZ BLACK/BL  (Quantity 35) 

CEFL12-02	CE FLIPPING JIG 1/2OZ GREEN PU  (Quantity 245) 

CEFL12-06	CE FLIPPING JIG 1/2OZ WHT LIGH  (Quantity 365) 

CEFL12-07	CE FLIPPING JIG 1/2OZ SPRING P  (Quantity 88) 

CEFL12-08	CE FLIPPING JIG 1/2OZ BRSD GRN  (Quantity 224) 

CEFL38-01	CE FLIPPING JIG 3/8OZ BLACK/BL  (Quantity 189) 
 
CEFL38-02	CE FLIPPING JIG 3/8OZ GREEN PU  (Quantity 289) 

CEFL38-03	CE FLIPPING JIG 3/8OZ MOCCASIN  (Quantity 147) 

CEFL38-04	CE FLIPPING JIG 3/8OZ CANDY CR  (Quantity 110) 

CEFL38-06	CE FLIPPING JIG 3/8OZ WHT LIGH  (Quantity 378) 

CEFL38-07	CE FLIPPING JIG 3/8OZ SPRING P  (Quantity 194) 

CEFL38-08	CE FLIPPING JIG 3/8OZ BRSD GRN  (Quantity 262)",Accounts Payable (A/P),4203.08,1277976.139999999
,Inventory Asset,12/16/2025,Bill,2117,"Z-Man Fishing Products, Inc.","SKU	Description and Color

POPSHAD4-57PK3	POP SHADZ 4"" SMOKY SHAD 3PK (Quantity 242) 

POPSHAD5-311PK3	POP SHADZ 5"" BRKNG BREAM 3PK (Quantity 136)

POPSHAD5-57PK3	POP SHADZ 5"" SMOKY SHAD 3PK (Quantity 262)",Accounts Payable (A/P),940.8,1278916.939999999
,Inventory Asset,12/16/2025,Bill,2144,GSM Outdoors,"3.5"" COLLEGE CRAW / HEMATOMA (10 PACK)",Accounts Payable (A/P),243.1,1279160.039999999
,Inventory Asset,12/16/2025,Bill,2144,GSM Outdoors,"3.5"" COLLEGE CRAW / WATERMELON RED (10 PACK)",Accounts Payable (A/P),297.5,1279457.539999999
,Inventory Asset,12/16/2025,Bill,2144,GSM Outdoors,"3.5"" COLLEGE CRAW / BLACK BLUE SILVER (10 PACK)",Accounts Payable (A/P),602.65,1280060.189999999
,Inventory Asset,12/16/2025,Bill,2144,GSM Outdoors,"3.5"" COLLEGE CRAW / BROWN (10 PACK)",Accounts Payable (A/P),505.75,1280565.939999999
,Inventory Asset,12/16/2025,Bill,2144,GSM Outdoors,"3.5"" COLLEGE CRAW / GREEN PUMPKIN BLUE (10 PACK)",Accounts Payable (A/P),157.25,1280723.189999999
,Inventory Asset,12/16/2025,Bill,2144,GSM Outdoors,"3.5"" COLLEGE CRAW / SPICY PURPLE (10 PACK)",Accounts Payable (A/P),177.65,1280900.839999999
,Inventory Asset,12/16/2025,Bill,2144,GSM Outdoors,"3.5"" COLLEGE CRAW / PB&J (10 PACK)",Accounts Payable (A/P),287.3,1281188.139999999
,Inventory Asset,12/16/2025,Bill,2144,GSM Outdoors,"3.5"" COLLEGE CRAW / GREEN PUMPKIN/TEX RED (10 PACK)",Accounts Payable (A/P),415.65,1281603.7899999989
,Inventory Asset,12/16/2025,Bill,2144,GSM Outdoors,"6"" FINESSE WORM / JUNEBUG CANDY (10 PACK)",Accounts Payable (A/P),168.75,1281772.5399999989
,Inventory Asset,12/16/2025,Bill,2144,GSM Outdoors,"8"" FINESSE WORM / WATERMELON RED FLAKE (7 PACK)",Accounts Payable (A/P),268.5,1282041.0399999989
,Inventory Asset,12/16/2025,Bill,2144,GSM Outdoors,"8"" FINESSE WORM / BLUE FLECK (7 PACK)",Accounts Payable (A/P),526.5,1282567.5399999989
,Inventory Asset,12/16/2025,Bill,2144,GSM Outdoors,"8"" FINESSE WORM / GREEN PUMPKIN BLUE SWIRL(7 PACK)",Accounts Payable (A/P),279.75,1282847.2899999989
,Inventory Asset,12/16/2025,Bill,2144,GSM Outdoors,"8"" FINESSE WORM / GREEN PUMPKIN/JUNEBUG (7 PACK)",Accounts Payable (A/P),136.5,1282983.7899999989
,Inventory Asset,12/16/2025,Bill,2144,GSM Outdoors,"8"" FINESSE WORM / RED BUG (7 PACK)",Accounts Payable (A/P),203.25,1283187.0399999989
,Inventory Asset,12/16/2025,Bill,2144,GSM Outdoors,"8"" FINESSE WORM / K'S MAGIC (7 PACK)",Accounts Payable (A/P),117.75,1283304.7899999989
,Inventory Asset,12/16/2025,Bill,2144,GSM Outdoors,"8"" FINESSE WORM / BRUISED MELON (7 PACK)",Accounts Payable (A/P),373.5,1283678.2899999989
,Inventory Asset,12/16/2025,Bill,2144,GSM Outdoors,FINTWIST HEAD 1/16 OZ / 4 PACK / 1099,Accounts Payable (A/P),443,1284121.2899999989
,Inventory Asset,12/16/2025,Bill,2144,GSM Outdoors,FINTWIST HEAD 1/4 OZ / 4 PACK / 1099,Accounts Payable (A/P),437,1284558.2899999989
,Inventory Asset,12/16/2025,Bill,2144,GSM Outdoors,FINTWIST HEAD 1/8 OZ / 4 PACK / 1099,Accounts Payable (A/P),649,1285207.2899999989
,Inventory Asset,12/16/2025,Bill,2144,GSM Outdoors,FINTWIST HEAD 3/16 OZ / 4 PACK / 1099,Accounts Payable (A/P),692,1285899.2899999989
,Inventory Asset,12/16/2025,Bill,2144,GSM Outdoors,FINTWIST HEAD 3/8 OZ / 4 PACK / 1099,Accounts Payable (A/P),483,1286382.2899999989
,Inventory Asset,12/19/2025,Bill,2132,Weihai Runten Industrial Limited,The Vault - Chatterbait Box   UPC 810103813090,Accounts Payable (A/P),937.5,1287319.7899999989
,Inventory Asset,12/19/2025,Bill,2111,Weihai Runten Industrial Limited,The Vault - Crankbait Box   UPC 810103813069,Accounts Payable (A/P),1785,1289104.7899999989
,Inventory Asset,12/19/2025,Bill,2111,Weihai Runten Industrial Limited,The Vault - Spinnerbait Box   UPC 810103813052,Accounts Payable (A/P),2475,1291579.7899999989
,Inventory Asset,12/19/2025,Bill,2143,ATS Printing,UV Hoodie w/ Monsterbass Logo in Ice Grey,Accounts Payable (A/P),33.3,1291613.089999999
,Inventory Asset,12/19/2025,Bill,2143,ATS Printing,UV Hoodie w/ Monsterbass Logo in Ice Grey,Accounts Payable (A/P),111,1291724.089999999
,Inventory Asset,12/19/2025,Bill,2143,ATS Printing,UV Hoodie w/ Monsterbass Logo in Ice Grey,Accounts Payable (A/P),166.5,1291890.589999999
,Inventory Asset,12/19/2025,Bill,2143,ATS Printing,UV Hoodie w/ Monsterbass Logo in Ice Grey,Accounts Payable (A/P),111,1292001.589999999
,Inventory Asset,12/19/2025,Bill,2143,ATS Printing,UV Hoodie w/ Monsterbass Logo in Ice Grey,Accounts Payable (A/P),55.5,1292057.089999999
,Inventory Asset,12/19/2025,Bill,2143,ATS Printing,UV Hoodie w/ Monsterbass Logo in Ice Grey,Accounts Payable (A/P),33.3,1292090.389999999
,Inventory Asset,12/19/2025,Bill,2143,ATS Printing,UV Hoodie w/ Monsterbass Logo in Sea Foam,Accounts Payable (A/P),33.3,1292123.689999999
,Inventory Asset,12/19/2025,Bill,2143,ATS Printing,UV Hoodie w/ Monsterbass Logo in Sea Foam,Accounts Payable (A/P),111,1292234.689999999
,Inventory Asset,12/19/2025,Bill,2143,ATS Printing,UV Hoodie w/ Monsterbass Logo in Sea Foam,Accounts Payable (A/P),166.5,1292401.189999999
,Inventory Asset,12/19/2025,Bill,2143,ATS Printing,UV Hoodie w/ Monsterbass Logo in Sea Foam,Accounts Payable (A/P),111,1292512.189999999
,Inventory Asset,12/19/2025,Bill,2143,ATS Printing,UV Hoodie w/ Monsterbass Logo in Sea Foam,Accounts Payable (A/P),55.5,1292567.689999999
,Inventory Asset,12/19/2025,Bill,2143,ATS Printing,UV Hoodie w/ Monsterbass Logo in Sea Foam,Accounts Payable (A/P),33.3,1292600.989999999
,Inventory Asset,12/19/2025,Bill,2143,ATS Printing,UV Hoodie w/ MONSTER BASS logo in Silver,Accounts Payable (A/P),33.3,1292634.289999999
,Inventory Asset,12/19/2025,Bill,2143,ATS Printing,UV Hoodie w/ MONSTER BASS logo in Silver,Accounts Payable (A/P),111,1292745.289999999
,Inventory Asset,12/19/2025,Bill,2143,ATS Printing,UV Hoodie w/ MONSTER BASS logo in Silver,Accounts Payable (A/P),183.75,1292929.039999999
,Inventory Asset,12/19/2025,Bill,2143,ATS Printing,UV Hoodie w/ MONSTER BASS logo in Silver,Accounts Payable (A/P),122.5,1293051.539999999
,Inventory Asset,12/19/2025,Bill,2143,ATS Printing,UV Hoodie w/ MONSTER BASS logo in Silver,Accounts Payable (A/P),61.25,1293112.789999999
,Inventory Asset,12/19/2025,Bill,2143,ATS Printing,UV Hoodie w/ MONSTER BASS logo in Silver,Accounts Payable (A/P),36.75,1293149.539999999
,Inventory Asset,12/19/2025,Bill,2143,ATS Printing,Richardson 112LN Ice Grey w/ Orange MONSTERBASS patch,Accounts Payable (A/P),262.8,1293412.3399999992
,Inventory Asset,12/19/2025,Bill,2143,ATS Printing,Richardson 112LN Black w/ Orange MONSTERBASS patch,Accounts Payable (A/P),262.8,1293675.1399999992
,Inventory Asset,12/19/2025,Bill,2143,ATS Printing,Richardson 511 Tiger Camo w/ Orange MONSTERBASS patch,Accounts Payable (A/P),270,1293945.1399999992
,Inventory Asset,12/19/2025,Bill,2143,ATS Printing,Richardson 112PCO Realtree w/ Orange MONSTERBASS patch,Accounts Payable (A/P),238.8,1294183.9399999992
Total for Inventory Asset,,,,,,,,774464.3300000001,
Inventory Shrinkage,,,,,,,,,
,Beginning Balance,,,,,,,,0
Total for Inventory Shrinkage,,,,,,,,,
Inventory Used,,,,,,,,,
,Beginning Balance,,,,,,,,0
Total for Inventory Used,,,,,,,,,
Payroll Corrections,,,,,,,,,
,Beginning Balance,,,,,,,,2072.89
Total for Payroll Corrections,,,,,,,,,
Payroll Refunds,,,,,,,,,
,Beginning Balance,,,,,,,,3914.21
Total for Payroll Refunds,,,,,,,,,
Undeposited Funds,,,,,,,,,
,Beginning Balance,,,,,,,,0
Total for Undeposited Funds,,,,,,,,,
Outlet Bait and Tackle,,,,,,,,,
,Beginning Balance,,,,,,,,22000
Total for Outlet Bait and Tackle,,,,,,,,,
Security Deposits,,,,,,,,,
,Beginning Balance,,,,,,,,0
Total for Security Deposits,,,,,,,,,
Website Development,,,,,,,,,
,Beginning Balance,,,,,,,,18760
Total for Website Development,,,,,,,,,
Accounts Payable (A/P),,,,,,,,,
,Beginning Balance,,,,,,,,165383.72
,Accounts Payable (A/P),01/01/2024,Bill,ZINVYUS00308187,Yotpo,,Yotpo,1703.23,167086.95
,Accounts Payable (A/P),01/01/2024,Bill,ZINVYUS00308162,Yotpo,,Yotpo,1703.23,168790.18000000002
,Accounts Payable (A/P),01/01/2024,Bill Payment (Check),0676,B8Lab,,Outdoor INC Checking (1203),0,168790.18000000002
,Accounts Payable (A/P),01/01/2024,Bill Payment (Check),0684,David Vance McCullough,,Outdoor INC Checking (1203),-1000,167790.18000000002
,Accounts Payable (A/P),01/01/2024,Bill,Jan,David Vance McCullough,,David McCullough,1000,168790.18000000002
,Accounts Payable (A/P),01/01/2024,Bill Payment (Check),0692,Paul Glass,,Outdoor INC Checking (1203),-625,168165.18000000002
,Accounts Payable (A/P),01/01/2024,Bill Payment (Check),ACH,Eagle Warehouse & Distribution Center Inc,,Outdoor INC Checking (1203),-2436,165729.18000000002
,Accounts Payable (A/P),01/01/2024,Bill Payment (Check),ACH,Eagle Warehouse & Distribution Center Inc,,Outdoor INC Checking (1203),-2657.43,163071.75000000003
,Accounts Payable (A/P),01/04/2024,Bill,,Bloom Social Zero Mega,https://my.freshbooks.com/#/link/eyJhbGciOiJIUzI1NiIsInR5cCI6IkpXVCJ9.eyJzeXN0ZW1pZCI6ODM3NTcwNSwidXNlcmlkIjo5NDA0MDksInR5cGUiOiJpbnZvaWNlIiwib2JqZWN0aWQiOjEyNTc4NTMsImV4cCI6MTczNTkxOTMyNiwibGV2ZWwiOjB9.PkrsP72Q5Arb-xvJ8x-8aGpUAU_-Vw1XazrdJurImM8?companyName=Mikhel&invoiceNumber=0001518&ownerEmail=mikhel%40zeroomega.com&type=primary,Bloom,650,163721.75000000003
,Accounts Payable (A/P),01/08/2024,Bill,1905,Weihai Runten Industrial Limited,NOTES:Bait Shape: RagnarBrand: Bruiser BaitsHooks: Mustad rear white feathered trebleInner Case Count: 10,,1178,164899.75000000003
,Accounts Payable (A/P),01/08/2024,Bill,1952,Coastal Sports Distributors LLC,,,3273.45,168173.20000000004
,Accounts Payable (A/P),01/09/2024,Bill,1946,Livingston Lures,,,14622,182795.20000000004
,Accounts Payable (A/P),01/09/2024,Bill,1950,ATS Printing,Invoice: 422670$862.11,,1220.86,184016.06000000003
,Accounts Payable (A/P),01/24/2024,Bill,1939,Weihai Runten Industrial Limited,,,8422.08,192438.14
,Accounts Payable (A/P),01/24/2024,Bill,1966,"Heyuan Boyue Color Printing Co.,Ltd",,,798.4,193236.54
,Accounts Payable (A/P),01/24/2024,Bill,1903,Weihai Runten Industrial Limited,Notes:1. Inner Carton Count: 62. Front Hook: Red Mustad TG76 KVD #6 Hook3. Rear Hook: Feathered Mustad TG76 KVD #6 Hook4. Packaging: Printed & plastic wrapped,,2096.64,195333.18000000002
,Accounts Payable (A/P),01/24/2024,Bill,1906,Weihai Runten Industrial Limited,NOTES:Inner Case Count: 6Front Hook: Red Mustad TG76 KVD #6 HookRear Hook: Black Nickel Mustad TG76 KVD #6 HookMustad Hooks: Front treble is red.,,2250.24,197583.42
,Accounts Payable (A/P),01/24/2024,Bill,1920,Weihai Runten Industrial Limited,,,2466.72,200050.14
,Accounts Payable (A/P),01/24/2024,Bill,1921,Weihai Runten Industrial Limited,,,1572.48,201622.62000000002
,Accounts Payable (A/P),01/24/2024,Bill,1943,Weihai Runten Industrial Limited,"Notes:Inner Case Count = 6Mustad Hooks: front is red, rear is featheredPrinted on Packaging Fee: $0.03Each bait package in a plastic bagKitana Short Shank Treble HooksFront treble is red.Packaging & color samples to be provided and approved prior to mass production",,2250.24,203872.86000000002
,Accounts Payable (A/P),01/25/2024,Bill Payment (Check),1,Shenzhen YSLC Technology Co,,QuickBooks Checking Account,-4241.18,199631.68000000002
,Accounts Payable (A/P),01/26/2024,Bill,1951,A.N.E Wholesale,Vendor: 13 Fishing,Inventory Asset,2565,202196.68000000002
,Accounts Payable (A/P),01/30/2024,Bill,1916,Weihai Runten Industrial Limited,NOTES:-Inner Case Count = 6-5/0 Mustad Hook-Blades Sizes w/ logo: 4.5 Gold / 3.5 Silver-Printed on Packaging-Plastic Bag for each bait,,7865,210061.68000000002
,Accounts Payable (A/P),01/30/2024,Bill,1942,Weihai Runten Industrial Limited,,,2001.24,212062.92
,Accounts Payable (A/P),01/30/2024,Bill,1941,Weihai Runten Industrial Limited,,,1586.88,213649.80000000002
,Accounts Payable (A/P),01/30/2024,Bill,1940,Weihai Runten Industrial Limited,,,1980,215629.80000000002
,Accounts Payable (A/P),01/30/2024,Bill,1936,Recertop Tech Co Limited,Supplier: RecertopShopify Vendor: Element Customs,,0,215629.80000000002
,Accounts Payable (A/P),01/30/2024,Bill,1955,Packaging Corporation of America,,,4918.53,220548.33000000002
,Accounts Payable (A/P),02/01/2024,Bill,Feb,B.A.S.S LLC,BASS Times Magazine,Other,250,220798.33000000002
,Accounts Payable (A/P),02/02/2024,Bill,ZINVYUS00308163,Yotpo,,Yotpo,1703.23,222501.56000000003
,Accounts Payable (A/P),02/02/2024,Bill,ZINVYUS00308188,Yotpo,,Yotpo,1703.23,224204.79000000004
,Accounts Payable (A/P),02/09/2024,Bill,,B.A.S.S LLC,,Promotional Items,1600,225804.79000000004
,Accounts Payable (A/P),02/16/2024,Bill,1967,Pradco Outdoors Brands,vendor in Shopify: SmithwickINVOICE1136722803.8,,3920.4,229725.19000000003
,Accounts Payable (A/P),02/20/2024,Bill,1961,"Shenzhen Chengxing Packing & Material Co., Ltd.",,Inventory Asset,6243,235968.19000000003
,Accounts Payable (A/P),03/01/2024,Bill,March,B.A.S.S LLC,BASS Times Magazine,Other,250,236218.19000000003
,Accounts Payable (A/P),03/04/2024,Bill,1964,V&M,INVOICE # 16233/22,,5252.13,241470.32000000004
,Accounts Payable (A/P),03/07/2024,Bill,1978,VRX Fishing Products,Invoice #128074/15,,3555,245025.32000000004
,Accounts Payable (A/P),03/18/2024,Bill,,Brothers Printing,,Mailer Items,665.52,245690.84000000003
,Accounts Payable (A/P),03/25/2024,Bill,1973,O Mustad & Sons,"5.2.24Payment Terms Due ondescription of goods 2% 30, NET 60 2024-05-15Delivery Terms Incoterms 2010PP Prepaid freightGross Weight kgs 30.6850Net Weight kgs 27.6850Volume cbm 0.0000",,5380.16,251071.00000000003
,Accounts Payable (A/P),03/25/2024,Bill,1969,Trophy Technologies,Due Date03/29/2024,,5549.65,256620.65000000002
,Accounts Payable (A/P),03/27/2024,Bill,1976,GSM Outdoors,GRANDEBASS,,6160,262780.65
,Accounts Payable (A/P),03/29/2024,Bill,1990,Pradco Outdoors Brands,Brand in shopify: YUM1137374564.24,Inventory Asset,2250,265030.65
,Accounts Payable (A/P),04/01/2024,Bill,April,B.A.S.S LLC,BASS Times Magazine,Other,250,265280.65
,Accounts Payable (A/P),04/01/2024,Bill,Coastal Sports,Maximus Outdoors,,,5929,271209.65
,Accounts Payable (A/P),04/11/2024,Bill,1983,GSM Outdoors,GRANDEBASS,,12867.12,284076.77
,Accounts Payable (A/P),04/17/2024,Bill,1989,Pradco Outdoors Brands,Vendor in Shopify: Smithwick1137513265.13.24,,4177.8,288254.57
,Accounts Payable (A/P),04/18/2024,Bill,1982,GSM Outdoors,GRANDEBASS,,4440,292694.57
,Accounts Payable (A/P),04/18/2024,Bill,1981,GSM Outdoors,GRANDEBASS,,7100,299794.57
,Accounts Payable (A/P),04/23/2024,Bill,1984,GSM Outdoors,GRANDEBASS,,7637.76,307432.33
,Accounts Payable (A/P),04/23/2024,Bill,1995,Northland Tackle,Vendor on PO: Northland TackleVendor in Shopify: BagleyNew skus: yesPut in shopify: yes https://docs.google.com/spreadsheets/d/12WT3bgNANaxxvXAiGf-4G2yF7Hqi8vMmHsntDz9Y5uU/edit?usp=sharing,,8640,316072.33
,Accounts Payable (A/P),04/24/2024,Bill,1980,GSM Outdoors,GRANDEBASS,,14069.73,330142.06
,Accounts Payable (A/P),04/26/2024,Bill,1951,A.N.E Wholesale,Vendor: 13 Fishing,Inventory Asset,2565,332707.06
,Accounts Payable (A/P),04/26/2024,Bill,1966,"Heyuan Boyue Color Printing Co.,Ltd",,,798.4,333505.46
,Accounts Payable (A/P),04/29/2024,Bill,1985,GSM Outdoors,GRANDEBASS,,8311.1,341816.56
,Accounts Payable (A/P),05/01/2024,Bill,1999,V&M,INVOICE # 17416.23.24Vendor: V&MNew: yesPut in shopify: yesDelivery: upon receiptTerms: Net 60,,3634.5,345451.06
,Accounts Payable (A/P),05/01/2024,Bill,2001,"Z-Man Fishing Products, Inc.",Invoice0254825.25,Inventory Asset,1260,346711.06
,Accounts Payable (A/P),05/14/2024,Bill,1974,B8Lab,"Invoice Date: May 2, 2024Delivery Date: May 1, 2024Invoice Number: 2024-PO1974- Invoice Number: PO1974- Amount Due: $6,960.00- Due Date: June 1, 2024",Inventory Asset,6960,353671.06
,Accounts Payable (A/P),05/21/2024,Bill,1996,GSM Outdoors,"https://docs.google.com/spreadsheets/d/1TYP-cVqxsmSySic3EDVKomx7QnnLix9mnJ7ihBpL_WY/edit#gid=0Vendor: GSMPO Request LinkNewVendor in Shopify:  GRANDEBASSDelivery date: May 1, 2024Can I put into Shopify now: CHECK WITH RICK — may already be entered",,17880,371551.06
,Accounts Payable (A/P),05/21/2024,Bill,1986,GSM Outdoors,GRANDEBASS,,9585,381136.06
,Accounts Payable (A/P),05/21/2024,Bill,,Pradco Outdoors Brands,1137743696/10/2024Vendor: PradcoVendor in Shopify: RebelPut in Shopify: yes its for the June boxDelivery: May 15Terms: Net 30 upon Delivery,,6084,387220.06
,Accounts Payable (A/P),05/21/2024,Bill,1993,GSM Outdoors,NOTES Brand: Vicious FishingQty per bag: 10Inner Case Count: 6Master Case Count: 96,,4400,391620.06
,Accounts Payable (A/P),05/22/2024,Bill,1965,"American Snakehead Customs, LLC",,,9225,400845.06
,Accounts Payable (A/P),06/05/2024,Bill,2003,Major League Fishing,,,0,400845.06
,Accounts Payable (A/P),06/05/2024,Bill,2014,A.N.E Wholesale,https://docs.google.com/spreadsheets/d/1xSE6eS-fjZess0Vnv4XolhNACc32UrtSOQjdQbA0MKY/edit?usp=sharingVendor: ANEVendor in Shopify: QuantumNew: YesPut in shopify: Yes,Inventory Asset,1400,402245.06
,Accounts Payable (A/P),06/13/2024,Bill,2009,Bruiser Baits,,,1186.25,403431.31
,Accounts Payable (A/P),06/17/2024,Bill,1956,O Mustad & Sons,,,12734.88,416166.19
,Accounts Payable (A/P),06/20/2024,Bill,1988,"Qingdao Mango Outdoors Co., Ltd.",Brand in Shopify: Bucketmouth BrandName of Bait in Shopify: Donkey Snacks,,4108.8,420274.99
,Accounts Payable (A/P),06/20/2024,Bill,2006,Pradco Outdoors Brands,1138096207/18Vendor: PRADCOVendor in Shopify: NormanDelivery: June 15New: YesPut in Shopify: Yes,,7274.9,427549.89
,Accounts Payable (A/P),06/20/2024,Bill,2015,A.N.E Wholesale,,,5860.4,433410.29000000004
,Accounts Payable (A/P),06/20/2024,Bill,2016,A.N.E Wholesale,,,4999.4,438409.69000000006
,Accounts Payable (A/P),06/25/2024,Bill,2000,V&M,"Description: The NEW 6.5"" Straight tailed worm works in various applications. It's Slim profile gives the bait a lifelike presentation, which is what makes it fit perfectly into the Wild Thang Series.  Pack Count: 18",,2050,440459.69000000006
,Accounts Payable (A/P),06/26/2024,Bill,2018,Northland Tackle,Vendor for PO: Northland TackleVendor in Shopify: BagleyNew: YesPut in Shopify: yesDelivery: Upon receipt.https://docs.google.com/spreadsheets/d/1NXpWS9iduVtmvjiWiz8I9W4dxxcTN_aO_1WfXYoMtQM/edit?gid=0#gid=0,,8530,448989.69000000006
,Accounts Payable (A/P),07/08/2024,Bill,2002,Major League Fishing,"DATE: June 11, 2024INVOICE # MLFLW000228CUSTOMER # OUT017TERMS: Due Net 307/11/2024",,7250,456239.69000000006
,Accounts Payable (A/P),07/08/2024,Bill,2023,Hendrix Fishing Company,,Inventory Asset,4120,460359.69000000006
,Accounts Payable (A/P),07/18/2024,Bill,1994,Bo’s Jigs,"Deposit $1,500.00Unpaid • Due on Apr 9, 2024Balance $4,500.00Unpaid • Due on Jul 31, 2024Vendor: Bo’s JigsDelivery date: July 15New product: yesPut into Shopify: if you want... its not arriving until July.https://docs.google.com/spreadsheets/d/14bWT7GGb5hEop88NL9zHhEB9kvGq43wqcVQkXWj_KFE/edit#gid=0",,6000,466359.69000000006
,Accounts Payable (A/P),07/18/2024,Bill,2021,"Heyuan Boyue Color Printing Co.,Ltd",,Inventory Asset,630,466989.69000000006
,Accounts Payable (A/P),07/18/2024,Bill,2019,Bassmooch,,,6050,473039.69000000006
,Accounts Payable (A/P),07/24/2024,Bill,2024,Pradco Outdoors Brands,"1138458018/16https://docs.google.com/spreadsheets/d/1TDUI8bjihx9CB0f582BKobPAwCBNeA_tXqwEaWop2mk/edit?gid=0#gid=0new: yesvendor in Shopify: Bobby Garland, Bomber and Gene Larewput in shopify: yes",,6571.95,479611.6400000001
,Accounts Payable (A/P),08/08/2024,Bill,2017,Packaging Corporation of America,,,5347.59,484959.2300000001
,Accounts Payable (A/P),08/08/2024,Bill,2026,Coastal Sports Distributors LLC,vendor buying from: Coastal Sports LLCvendor in shopify: SPROnew sku: yesdelivery date: 8/22,,5791.5,490750.7300000001
,Accounts Payable (A/P),08/08/2024,Bill,2011,"Yangzhou SourcePro Outdoors Co.,LTD.",,Inventory Asset,2416,493166.7300000001
,Accounts Payable (A/P),08/21/2024,Bill,2029,Coastal Sports Distributors LLC,,,966,494132.7300000001
,Accounts Payable (A/P),09/04/2024,Bill,2030,A.N.E Wholesale,,,4878.72,499011.45000000007
,Accounts Payable (A/P),09/16/2024,Bill,2012,"Yangzhou SourcePro Outdoors Co.,LTD.",,,6387,505398.45000000007
,Accounts Payable (A/P),09/16/2024,Bill,2031,"Z-Man Fishing Products, Inc.",Invoice No.034620,,4028.4,509426.8500000001
,Accounts Payable (A/P),09/24/2024,Bill,2037,VRX Fishing Products,1097710/30,,1075.25,510502.1000000001
,Accounts Payable (A/P),10/01/2024,Bill,2033,GSM Outdoors,Special Instructions: This is a special edition for MONSTERBASS October box,Inventory Asset,4369.68,514871.7800000001
,Accounts Payable (A/P),10/09/2024,Bill,2035,GSM Outdoors,,,7139.5,522011.2800000001
,Accounts Payable (A/P),10/10/2024,Bill,2032,"Z-Man Fishing Products, Inc.",03650210/30,,2968.75,524980.03
,Accounts Payable (A/P),10/21/2024,Bill,2008-27-07-10-22,Weihai Runten Industrial Limited,,,18556.12,543536.15
,Accounts Payable (A/P),10/22/2024,Bill,2047,TTI Blakemore Group,,Inventory Asset,1950,545486.15
,Accounts Payable (A/P),10/30/2024,Bill,2048,VRX Fishing Products,1357712/10,,1657.5,547143.65
,Accounts Payable (A/P),11/01/2024,Bill,2049,"Heyuan Boyue Color Printing Co.,Ltd",,,772,547915.65
,Accounts Payable (A/P),11/01/2024,Bill,2050,"Heyuan Boyue Color Printing Co.,Ltd",,,772,548687.65
,Accounts Payable (A/P),11/06/2024,Bill,24752,Brothers Printing,,Mailer Items,1732.23,550419.88
,Accounts Payable (A/P),11/07/2024,Bill,2051,"Yiwu Tengyuan Painting Materials Co., Ltd.",,,376.95,550796.83
,Accounts Payable (A/P),11/11/2024,Bill,,VRX Fishing Products,1361112/30,,2630.75,553427.58
,Accounts Payable (A/P),11/12/2024,Bill,2008,Weihai Runten Industrial Limited,NOTES:SKU BB-DEF-FTInner Case count = 6 unitsHooks: Mustad HooksOriginal Order: PO# 1770SKU BB-BDAWG-GILL and BB-BDAWG-SEXYInner Case count = 6 unitsHooks: Mustad HooksOriginal Order: PO# 1464,,675,554102.58
,Accounts Payable (A/P),11/12/2024,Bill,2044,Coastal Sports Distributors LLC,,Inventory Asset,375,554477.58
,Accounts Payable (A/P),01/01/2025,Bill,1053,5 Alive Fishing LLC,,,1426.1,555903.6799999999
,Accounts Payable (A/P),01/06/2025,Bill,2061,GSM Outdoors,,,5188.5,561092.1799999999
,Accounts Payable (A/P),01/13/2025,Bill,2054,A.N.E Wholesale,SO-00029312/26,,5171,566263.1799999999
,Accounts Payable (A/P),01/13/2025,Bill,2039,Weihai Runten Industrial Limited,,Inventory Asset,2710,568973.1799999999
,Accounts Payable (A/P),01/13/2025,Bill,2034,GSM Outdoors,"Special Instructions:No bagging or stickers — Bulk packed and shipped to:Greg Badgett1845 Industrial BlvdAbilene, TX 79602",Inventory Asset,628,569601.1799999999
,Accounts Payable (A/P),01/13/2025,Bill,2042,"Guangdong Boyue Digital Application Technology Co.,Ltd",,,876,570477.1799999999
,Accounts Payable (A/P),01/14/2025,Bill,2045,Weihai Runten Industrial Limited,notes:Mustad Short Shank HooksInner Case Count = 10,,2365,572842.1799999999
,Accounts Payable (A/P),01/14/2025,Bill,2038,"Guangdong Boyue Digital Application Technology Co.,Ltd",,,1036,573878.1799999999
,Accounts Payable (A/P),01/14/2025,Bill,2028,Jingjiang Ruinuo Metal Tools Manufacture Co.,,,1900,575778.1799999999
,Accounts Payable (A/P),01/14/2025,Bill,1972,Jinhua Jiafu Trade Co LTD,,Inventory Asset,5875,581653.1799999999
,Accounts Payable (A/P),01/14/2025,Bill,2020,"Jinhua Jiafu Trade Co., Ltd.",,Inventory Asset,11750,593403.1799999999
,Accounts Payable (A/P),01/14/2025,Bill,1979,VRX Fishing Products,,,1644,595047.1799999999
,Accounts Payable (A/P),01/14/2025,Bill,2036,VRX Fishing Products,,,1093.95,596141.1299999999
,Accounts Payable (A/P),01/15/2025,Bill,2058,"Yangzhou SourcePro Outdoors Co.,LTD.",GrandeBass PO,,608,596749.1299999999
,Accounts Payable (A/P),01/21/2025,Bill,2059,Weihai Runten Industrial Limited,Notes:Mustad HookPlastic bag for each bait boxInner case count: 6,,3696,600445.1299999999
,Accounts Payable (A/P),01/21/2025,Bill,2040,Weihai Runten Industrial Limited,notes:Mustad Short Shank HooksInner Case Count = 10,,3672,604117.1299999999
,Accounts Payable (A/P),01/28/2025,Bill,2064,GSM Outdoors,Vendor in Shopify: Big Bite BaitsMB Order,,2952.5,607069.6299999999
,Accounts Payable (A/P),01/28/2025,Bill,2063,GSM Outdoors,Vendor in Shopify: Gary YamamotoMB Order,,3107,610176.6299999999
,Accounts Payable (A/P),02/06/2025,Bill,2060,GSM Outdoors,,Inventory Asset,2040,612216.6299999999
,Accounts Payable (A/P),02/19/2025,Bill,2053,GSM Outdoors,,,9931.25,622147.8799999999
,Accounts Payable (A/P),02/25/2025,Bill,2046,"Z-Man Fishing Products, Inc.",,,44260.6,666408.4799999999
,Accounts Payable (A/P),02/27/2025,Bill,2066,A.N.E Wholesale,,,3680,670088.4799999999
,Accounts Payable (A/P),03/24/2025,Bill,2057,Weihai Runten Industrial Limited,Notes: Premium stainless steel blade & Mustad Hook,,3840,673928.4799999999
,Accounts Payable (A/P),04/01/2025,Bill,3386,Eagle Warehouse & Distribution Center Inc,,Warehousing Service,2564,676492.4799999999
,Accounts Payable (A/P),04/01/2025,Bill,2079,GSM Outdoors,,,4608,681100.4799999999
,Accounts Payable (A/P),04/29/2025,Bill,2088,A.N.E Wholesale,,Inventory Asset,900,682000.4799999999
,Accounts Payable (A/P),05/27/2025,Bill,,GSM Outdoors,GRANDEBASS,,1442.5,683442.9799999999
,Accounts Payable (A/P),05/27/2025,Bill,1991,GSM Outdoors,"NOTES 

Brand: Vicious Fishing

Qty per bag: 7

Inner Case Count: 6

Master Case Count: 96",,4652.8,688095.7799999999
,Accounts Payable (A/P),05/27/2025,Bill,2085,GSM Outdoors,"Notes:

Brand: Vicious Fishing
Qty per bag: 8",,4691.2,692786.9799999999
,Accounts Payable (A/P),05/27/2025,Bill,2068,"Qingdao Mango Outdoors Co., Ltd.","Brand in Shopify: Bucketmouth Brand
Name of Bait in Shopify: Donkey Snacks",,4648.97,697435.9499999998
,Accounts Payable (A/P),05/27/2025,Bill,2072,B8Lab,,Inventory Asset,4275,701710.9499999998
,Accounts Payable (A/P),05/27/2025,Bill,1997,Ark Fishing International,"https://docs.google.com/spreadsheets/d/1LV1u_t_3WJ7wmd7DiLHDS_wwdfrARRlj-h8A31YSZ3s/edit#gid=0

Vendor in Shopify: Ark
New sku: yes
Put in shopify: you decide, they won’t arrive for 3-4 months
They will ask for a 25% deposit.  Mystery Tackle box screwed them.",,5820,707530.9499999998
,Accounts Payable (A/P),05/28/2025,Bill,2091,Monster Fish Outdoors,,,4607.5,712138.4499999998
,Accounts Payable (A/P),05/29/2025,Bill,2096,GSM Outdoors,GRANDEBASS,Inventory Asset,337.5,712475.9499999998
,Accounts Payable (A/P),06/16/2025,Bill,2081,GSM Outdoors,GRANDEBASS,,7672.8,720148.7499999999
,Accounts Payable (A/P),06/16/2025,Bill,2097,A.N.E Wholesale,,Inventory Asset,900,721048.7499999999
,Accounts Payable (A/P),06/19/2025,Bill,2086,Weihai Runten Industrial Limited,"Notes:

packaging: simple clamshell

hooks: Mustad Short Shank Treble

inner case count: 10",,12896,733944.7499999999
,Accounts Payable (A/P),06/24/2025,Bill,2099,Razor Custom Tackle,,,3900,737844.7499999999
,Accounts Payable (A/P),06/27/2025,Bill,2101,3 Brothers Baits LLC,,,7875,745719.7499999999
,Accounts Payable (A/P),07/07/2025,Bill,2094,Recertop Tech Co Limited,,Inventory Asset,1638,747357.7499999999
,Accounts Payable (A/P),07/07/2025,Bill,2095,Recertop Tech Co Limited,,,3832,751189.7499999999
,Accounts Payable (A/P),07/18/2025,Bill,2108,3 Brothers Baits LLC,,,5075,756264.7499999999
,Accounts Payable (A/P),07/18/2025,Bill,2103,EuroTackle,"INVOICE # 2025174
7/25",,890.4,757155.1499999999
,Accounts Payable (A/P),07/21/2025,Bill,2098,A.N.E Wholesale,,Inventory Asset,1500,758655.1499999999
,Accounts Payable (A/P),07/21/2025,Bill,2075,Leichi China something,,,8380.32,767035.4699999999
,Accounts Payable (A/P),07/21/2025,Bill,2107,GSM Outdoors,MONSTERBASS,,6597,773632.4699999999
,Accounts Payable (A/P),07/21/2025,Bill,2106,GSM Outdoors,MONSTERBASS,,140.7,773773.1699999998
,Accounts Payable (A/P),07/22/2025,Bill,2082,"SUZHOU TOPDIVE SPORTS PRODUCTS CO.,LTD",,,1900,775673.1699999998
,Accounts Payable (A/P),08/05/2025,Bill,2093,Monster Fish Outdoors,,,2681.25,778354.4199999998
,Accounts Payable (A/P),08/05/2025,Bill,2071,Weihai Runten Industrial Limited,"Printed On Packaging & Clear Plastic bags
Mustad TG76 KVD #4
#2 Beaded Copper Willow Blade & swivel
New Mold Fee",,5000,783354.4199999998
,Accounts Payable (A/P),08/05/2025,Bill,2092,Monster Fish Outdoors,,,5108.75,788463.1699999998
,Accounts Payable (A/P),08/15/2025,Bill,2115,"Z-Man Fishing Products, Inc.","received short 
supposed to get 1484

got 1008",Inventory Asset,1481.76,789944.9299999998
,Accounts Payable (A/P),08/18/2025,Bill,2120,VRX Fishing Products,"invoice 14627
9/30",Inventory Asset,1762.9,791707.8299999998
,Accounts Payable (A/P),08/18/2025,Bill,2118,"Z-Man Fishing Products, Inc.",,,7203.92,798911.7499999999
,Accounts Payable (A/P),08/22/2025,Bill,2119,Tackle HD,,,5931,804842.7499999999
,Accounts Payable (A/P),08/22/2025,Bill,2076,Hoyo Fishing Tackle Co. Ltd.,,,8850,813692.7499999999
,Accounts Payable (A/P),08/22/2025,Bill,2084,Fishing Capital Co,,,8301,821993.7499999999
,Accounts Payable (A/P),08/26/2025,Bill,2104,GSM Outdoors,GRANDEBASS,,30555.4,852549.1499999999
,Accounts Payable (A/P),09/02/2025,Bill,2073,A.N.E Wholesale,,,4032,856581.1499999999
,Accounts Payable (A/P),09/02/2025,Bill,2080,GSM Outdoors,,,8905.7,865486.8499999999
,Accounts Payable (A/P),09/02/2025,Bill,2105,GSM Outdoors,"Chris Robinson
Night Crew Tv
2915 FM 697
Sherman TX 75090
United States
+1 903-819-7335",Inventory Asset,380,865866.8499999999
,Accounts Payable (A/P),09/02/2025,Bill,2005,Major League Fishing,,,8403.3,874270.1499999999
,Accounts Payable (A/P),09/02/2025,Bill,2090,MonsterWash LLC,"vendor: Monster Fish
vendor in Shopify: Bassmooch
put in shopify: yes

 

delivery date: May 15",,4567.5,878837.6499999999
,Accounts Payable (A/P),09/02/2025,Bill,2067,Packaging Corporation of America,,Inventory Asset,7000,885837.6499999999
,Accounts Payable (A/P),09/02/2025,Bill,2089,VRX Fishing Products,,,2051.9,887889.5499999999
,Accounts Payable (A/P),09/02/2025,Bill,,Weihai Runten Industrial Limited,,,5130,893019.5499999999
,Accounts Payable (A/P),09/02/2025,Bill,2074,Weihai Runten Industrial Limited,"Notes:

-Inner Case Count = 6

-4/0 Mustad Hook

-Indiana Blade Sizes TBD

-Printed on Packaging

-Plastic Bag for each bait",,4356,897375.5499999999
,Accounts Payable (A/P),09/02/2025,Bill,2077,Weihai Runten Industrial Limited,"Notes:

3/8 oz. Castaic Atlas jig head
5/0 Mustad Hook
Blades: Willow & Colorado w/ Vicious Logo (same blade sizes as on Blade Burner)
Packaging: Printed on packaging w/plastic bag for each
Inner Case Count: 10",,3740,901115.5499999999
,Accounts Payable (A/P),09/02/2025,Bill,2078,Weihai Runten Industrial Limited,,,1440,902555.5499999999
,Accounts Payable (A/P),09/02/2025,Bill,2065,"Yazoo Mills, Inc.",,Inventory Asset,1451.61,904007.1599999999
,Accounts Payable (A/P),09/03/2025,Bill,2110,"Jinhua Jiafu Trade Co., Ltd.",,Inventory Asset,7643,911650.1599999999
,Accounts Payable (A/P),09/05/2025,Bill,2113,VRX Fishing Products,"14608
9/27 $5120",,5120,916770.1599999999
,Accounts Payable (A/P),09/30/2025,Bill,2126,TTI Blakemore Group,,,2736.08,919506.2399999999
,Accounts Payable (A/P),10/28/2025,Bill,2135,LunkerHunt Premium Fishing Products,"Invoice
#INVLH44200
$2096.40
11/14",Inventory Asset,3439.2,922945.4399999998
,Accounts Payable (A/P),11/06/2025,Bill,2129,Livingston Lures,received short,,16155,939100.4399999998
,Accounts Payable (A/P),11/06/2025,Bill,2116,"Z-Man Fishing Products, Inc.",,,4195.68,943296.1199999999
,Accounts Payable (A/P),12/16/2025,Bill,2140,Weihai Runten Industrial Limited,,,1800,945096.1199999999
,Accounts Payable (A/P),12/16/2025,Bill,2148,Pradco Outdoors Brands,,Inventory Asset,3520,948616.1199999999
,Accounts Payable (A/P),12/16/2025,Bill,2127,Livingston Lures,,,8406,957022.1199999999
,Accounts Payable (A/P),12/16/2025,Bill,2117,"Z-Man Fishing Products, Inc.",,,5143.88,962165.9999999999
,Accounts Payable (A/P),12/16/2025,Bill,2144,GSM Outdoors,MONSTERBASS,,7465.35,969631.3499999999
,Accounts Payable (A/P),12/19/2025,Bill,2132,Weihai Runten Industrial Limited,,Inventory Asset,937.5,970568.8499999999
,Accounts Payable (A/P),12/19/2025,Bill,2111,Weihai Runten Industrial Limited,,,4260,974828.8499999999
,Accounts Payable (A/P),12/19/2025,Bill,2143,ATS Printing,,,2604.15,977432.9999999999
,Accounts Payable (A/P),12/31/2025,Bill,2150,GSM Outdoors,MONSTERBASS,Purchases,3750,981182.9999999999
Total for Accounts Payable (A/P),,,,,,,,815799.28,
Credit Cards,,,,,,,,,
Amex 1006 (deleted),,,,,,,,,
,Beginning Balance,,,,,,,,0
Total for Amex 1006 (deleted),,,,,,,,,
Amex87005,,,,,,,,,
,Beginning Balance,,,,,,,,86428.81
Total for Amex87005,,,,,,,,,
Brex 0172,,,,,,,,,
,Beginning Balance,,,,,,,,55261.48
,Brex 0172,01/01/2024,Expense,,Google,,Google,1255.43,56516.91
,Brex 0172,01/04/2024,Expense,,Facebook,,Facebook,900,57416.91
,Brex 0172,01/08/2024,Expense,,Facebook,,Facebook,900,58316.91
,Brex 0172,01/13/2024,Expense,,Facebook,,Facebook,900,59216.91
,Brex 0172,01/19/2024,Expense,,Facebook,,Facebook,899.99,60116.9
,Brex 0172,01/26/2024,Expense,,Facebook,,Facebook,900,61016.9
,Brex 0172,01/27/2024,Expense,,Facebook,,Facebook,186.98,61203.880000000005
,Brex 0172,01/27/2024,Expense,,Facebook,,Facebook,209.16,61413.04000000001
,Brex 0172,01/31/2024,Expense,,Facebook,,Facebook,900,62313.04000000001
,Brex 0172,02/04/2024,Expense,,Facebook,,Facebook,900,63213.04000000001
,Brex 0172,02/08/2024,Expense,,Facebook,,Facebook,900,64113.04000000001
,Brex 0172,02/11/2024,Expense,,Facebook,,Facebook,900,65013.04000000001
,Brex 0172,02/15/2024,Expense,,Facebook,,Facebook,900,65913.04000000001
,Brex 0172,02/19/2024,Expense,,Facebook,,Facebook,900,66813.04000000001
,Brex 0172,02/23/2024,Expense,,Facebook,,Facebook,900,67713.04000000001
,Brex 0172,02/27/2024,Expense,,Facebook,,Facebook,900,68613.04000000001
,Brex 0172,02/27/2024,Expense,,Facebook,,Facebook,143.07,68756.11000000002
,Brex 0172,03/02/2024,Expense,,Facebook,,Facebook,900,69656.11000000002
,Brex 0172,03/05/2024,Expense,,Facebook,,Facebook,900,70556.11000000002
,Brex 0172,03/09/2024,Expense,,Facebook,,Facebook,900,71456.11000000002
,Brex 0172,03/16/2024,Expense,,Facebook,,Facebook,900,72356.11000000002
,Brex 0172,03/24/2024,Expense,,Facebook,,Facebook,900,73256.11000000002
,Brex 0172,03/27/2024,Expense,,Facebook,,Facebook,139.75,73395.86000000002
,Brex 0172,03/27/2024,Expense,,Facebook,,Facebook,123.78,73519.64000000001
,Brex 0172,04/02/2024,Expense,,Facebook,,Facebook,900,74419.64000000001
,Brex 0172,04/07/2024,Expense,,Facebook,,Facebook,900,75319.64000000001
,Brex 0172,04/10/2024,Expense,,Facebook,,Facebook,900,76219.64000000001
,Brex 0172,04/11/2024,Expense,,Facebook,,Facebook,900,77119.64000000001
,Brex 0172,04/14/2024,Expense,,Facebook,,Facebook,900,78019.64000000001
,Brex 0172,04/17/2024,Expense,,Facebook,,Facebook,900,78919.64000000001
,Brex 0172,04/21/2024,Expense,,Facebook,,Facebook,900,79819.64000000001
,Brex 0172,04/25/2024,Expense,,Facebook,,Facebook,900,80719.64000000001
,Brex 0172,04/27/2024,Expense,,Facebook,,Facebook,328.24,81047.88000000002
,Brex 0172,04/27/2024,Expense,,Facebook,,Facebook,245.2,81293.08000000002
,Brex 0172,05/01/2024,Expense,,Facebook,,Facebook,900,82193.08000000002
,Brex 0172,05/04/2024,Expense,,Facebook,,Facebook,900,83093.08000000002
,Brex 0172,05/08/2024,Expense,,Facebook,,Facebook,900,83993.08000000002
,Brex 0172,05/12/2024,Expense,,Facebook,,Facebook,900,84893.08000000002
,Brex 0172,05/15/2024,Expense,,Facebook,,Facebook,900,85793.08000000002
,Brex 0172,05/18/2024,Expense,,Facebook,,Facebook,900,86693.08000000002
,Brex 0172,05/22/2024,Expense,,Facebook,,Facebook,900,87593.08000000002
,Brex 0172,05/26/2024,Expense,,Facebook,,Facebook,899.88,88492.96000000002
,Brex 0172,05/27/2024,Expense,,Facebook,,Facebook,231.23,88724.19000000002
,Brex 0172,05/27/2024,Expense,,Facebook,,Facebook,8.7,88732.89000000001
,Brex 0172,05/31/2024,Expense,,Facebook,,Facebook,900,89632.89000000001
,Brex 0172,06/04/2024,Expense,,Facebook,,Facebook,893.44,90526.33000000002
,Brex 0172,06/07/2024,Expense,,Facebook,,Facebook,900,91426.33000000002
,Brex 0172,06/11/2024,Expense,,Facebook,,Facebook,900,92326.33000000002
,Brex 0172,06/15/2024,Expense,,Facebook,,Facebook,900,93226.33000000002
,Brex 0172,06/16/2024,Expense,,Facebook,,Facebook,900,94126.33000000002
,Brex 0172,06/19/2024,Expense,,Facebook,,Facebook,900,95026.33000000002
,Brex 0172,06/23/2024,Expense,,Facebook,,Facebook,900,95926.33000000002
,Brex 0172,06/26/2024,Expense,,Facebook,,Facebook,900,96826.33000000002
,Brex 0172,06/27/2024,Expense,,Facebook,,Facebook,16.66,96842.99000000002
,Brex 0172,06/27/2024,Expense,,Facebook,,Facebook,258.09,97101.08000000002
,Brex 0172,06/30/2024,Expense,,Facebook,,Facebook,900,98001.08000000002
,Brex 0172,07/03/2024,Expense,,Facebook,,Facebook,900,98901.08000000002
,Brex 0172,07/12/2024,Expense,,Facebook,,Facebook,578.1,99479.18000000002
,Brex 0172,07/17/2024,Expense,,Facebook,,Facebook,900,100379.18000000002
,Brex 0172,07/20/2024,Expense,,Facebook,,Facebook,900,101279.18000000002
,Brex 0172,07/23/2024,Expense,,Facebook,,Facebook,900,102179.18000000002
,Brex 0172,07/26/2024,Expense,,Facebook,,Facebook,900,103079.18000000002
,Brex 0172,07/27/2024,Expense,,Facebook,,Facebook,87.97,103167.15000000002
,Brex 0172,07/31/2024,Expense,,Facebook,,Facebook,900,104067.15000000002
,Brex 0172,08/02/2024,Expense,,Facebook,,Facebook,900,104967.15000000002
,Brex 0172,08/05/2024,Expense,,Facebook,,Facebook,900,105867.15000000002
,Brex 0172,08/07/2024,Expense,,Facebook,,Facebook,900,106767.15000000002
,Brex 0172,08/09/2024,Expense,,Facebook,,Facebook,900,107667.15000000002
,Brex 0172,08/11/2024,Expense,,Facebook,,Facebook,900,108567.15000000002
,Brex 0172,08/13/2024,Expense,,Facebook,,Facebook,1000,109567.15000000002
,Brex 0172,08/16/2024,Expense,,Facebook,,Facebook,1100,110667.15000000002
,Brex 0172,08/17/2024,Expense,,Facebook,,Facebook,1200,111867.15000000002
,Brex 0172,08/19/2024,Expense,,Facebook,,Facebook,1300,113167.15000000002
,Brex 0172,08/21/2024,Expense,,Facebook,,Facebook,1300,114467.15000000002
,Brex 0172,08/23/2024,Expense,,Facebook,,Facebook,1450,115917.15000000002
,Brex 0172,08/26/2024,Expense,,Facebook,,Facebook,1600,117517.15000000002
,Brex 0172,08/27/2024,Expense,,Facebook,,Facebook,1.64,117518.79000000002
,Brex 0172,08/27/2024,Expense,,Facebook,,Facebook,414.24,117933.03000000003
,Brex 0172,08/30/2024,Expense,,Facebook,,Facebook,1750,119683.03000000003
,Brex 0172,09/02/2024,Expense,,Facebook,,Facebook,1950,121633.03000000003
,Brex 0172,09/06/2024,Expense,,Facebook,,Facebook,2000,123633.03000000003
,Brex 0172,09/10/2024,Expense,,Facebook,,Facebook,2000,125633.03000000003
,Brex 0172,09/13/2024,Expense,,Facebook,,Facebook,2000,127633.03000000003
,Brex 0172,09/16/2024,Expense,,Facebook,,Facebook,2000,129633.03000000003
,Brex 0172,09/20/2024,Expense,,Facebook,,Facebook,2000,131633.03000000003
,Brex 0172,09/23/2024,Expense,,Facebook,,Facebook,2000,133633.03000000003
,Brex 0172,09/27/2024,Expense,,Facebook,,Facebook,2000,135633.03000000003
,Brex 0172,09/27/2024,Expense,,Facebook,,Facebook,77.16,135710.19000000003
,Brex 0172,09/30/2024,Expense,,Facebook,,Facebook,2000,137710.19000000003
,Brex 0172,10/05/2024,Expense,,Facebook,,Facebook,2000,139710.19000000003
,Brex 0172,10/10/2024,Expense,,Facebook,,Facebook,2000,141710.19000000003
,Brex 0172,10/13/2024,Expense,,Facebook,,Facebook,2000,143710.19000000003
,Brex 0172,10/17/2024,Expense,,Facebook,,Facebook,2000,145710.19000000003
,Brex 0172,10/21/2024,Expense,,Facebook,,Facebook,2000,147710.19000000003
,Brex 0172,10/24/2024,Expense,,Facebook,,Facebook,2000,149710.19000000003
,Brex 0172,10/26/2024,Expense,,Facebook,,Facebook,2000,151710.19000000003
,Brex 0172,10/27/2024,Expense,,Facebook,,Facebook,313.75,152023.94000000003
,Brex 0172,10/30/2024,Expense,,Facebook,,Facebook,2000,154023.94000000003
,Brex 0172,11/03/2024,Expense,,Facebook,,Facebook,2000,156023.94000000003
,Brex 0172,11/07/2024,Expense,,Facebook,,Facebook,2000,158023.94000000003
,Brex 0172,11/11/2024,Expense,,Facebook,,Facebook,2000,160023.94000000003
,Brex 0172,11/15/2024,Expense,,Facebook,,Facebook,2000,162023.94000000003
,Brex 0172,11/20/2024,Expense,,Facebook,,Facebook,2000,164023.94000000003
,Brex 0172,11/24/2024,Expense,,Facebook,,Facebook,2000,166023.94000000003
,Brex 0172,11/27/2024,Expense,,Facebook,,Facebook,456.86,166480.80000000002
,Brex 0172,11/27/2024,Expense,,Facebook,,Facebook,944.09,167424.89
,Brex 0172,12/02/2024,Expense,,Facebook,,Facebook,2000,169424.89
,Brex 0172,12/07/2024,Expense,,Facebook,,Facebook,2000,171424.89
,Brex 0172,12/12/2024,Expense,,Facebook,,Facebook,2000,173424.89
,Brex 0172,12/16/2024,Expense,,Facebook,,Facebook,2000,175424.89
,Brex 0172,12/21/2024,Expense,,Facebook,,Facebook,2000,177424.89
,Brex 0172,12/27/2024,Expense,,Facebook,,Facebook,1540.04,178964.93000000002
,Brex 0172,12/27/2024,Expense,,Facebook,,Facebook,265.2,179230.13000000003
,Brex 0172,01/03/2025,Expense,,Facebook,,Facebook,2000,181230.13000000003
,Brex 0172,01/11/2025,Expense,,Facebook,,Facebook,2000,183230.13000000003
,Brex 0172,01/18/2025,Expense,,Facebook,,Facebook,2000,185230.13000000003
,Brex 0172,01/25/2025,Expense,,Facebook,,Facebook,2000,187230.13000000003
,Brex 0172,01/27/2025,Expense,,Facebook,,Facebook,418.78,187648.91000000003
,Brex 0172,01/27/2025,Expense,,Facebook,,Facebook,341.09,187990.00000000003
,Brex 0172,02/01/2025,Expense,,Facebook,,Facebook,2000,189990.00000000003
,Brex 0172,02/06/2025,Expense,,Facebook,,Facebook,2000,191990.00000000003
,Brex 0172,02/11/2025,Expense,,Facebook,,Facebook,2000,193990.00000000003
,Brex 0172,02/16/2025,Expense,,Facebook,,Facebook,2000,195990.00000000003
,Brex 0172,02/20/2025,Expense,,Facebook,,Facebook,2000,197990.00000000003
,Brex 0172,02/25/2025,Expense,,Facebook,,Facebook,2000,199990.00000000003
,Brex 0172,02/27/2025,Expense,,Facebook,,Facebook,427.67,200417.67000000004
,Brex 0172,02/27/2025,Expense,,Facebook,,Facebook,371.39,200789.06000000006
,Brex 0172,03/04/2025,Expense,,Facebook,,Facebook,2000,202789.06000000006
,Brex 0172,03/08/2025,Expense,,Facebook,,Facebook,2000,204789.06000000006
,Brex 0172,03/13/2025,Expense,,Facebook,,Facebook,2000,206789.06000000006
,Brex 0172,03/18/2025,Expense,,Facebook,,Facebook,2000,208789.06000000006
,Brex 0172,03/22/2025,Expense,,Facebook,,Facebook,2000,210789.06000000006
,Brex 0172,03/27/2025,Expense,,Facebook,,Facebook,426.49,211215.55000000005
,Brex 0172,03/27/2025,Expense,,Facebook,,Facebook,1553.98,212769.53000000006
,Brex 0172,04/01/2025,Expense,,Facebook,,Facebook,2000,214769.53000000006
,Brex 0172,04/05/2025,Expense,,Facebook,,Facebook,2000,216769.53000000006
,Brex 0172,04/09/2025,Expense,,Facebook,,Facebook,2000,218769.53000000006
,Brex 0172,04/13/2025,Expense,,Facebook,,Facebook,2000,220769.53000000006
,Brex 0172,04/17/2025,Expense,,Facebook,,Facebook,2000,222769.53000000006
,Brex 0172,04/20/2025,Expense,,Facebook,,Facebook,2000,224769.53000000006
,Brex 0172,04/24/2025,Expense,,Facebook,,Facebook,2000,226769.53000000006
,Brex 0172,04/27/2025,Expense,,Facebook,,Facebook,487.06,227256.59000000005
,Brex 0172,04/27/2025,Expense,,Facebook,,Facebook,932.67,228189.26000000007
,Brex 0172,05/01/2025,Expense,,Facebook,,Facebook,2000,230189.26000000007
,Brex 0172,05/05/2025,Expense,,Facebook,,Facebook,2000,232189.26000000007
,Brex 0172,05/10/2025,Expense,,Facebook,,Facebook,2000,234189.26000000007
,Brex 0172,05/15/2025,Expense,,Facebook,,Facebook,2000,236189.26000000007
,Brex 0172,05/19/2025,Expense,,Facebook,,Facebook,2000,238189.26000000007
,Brex 0172,05/24/2025,Expense,,Facebook,,Facebook,2000,240189.26000000007
,Brex 0172,05/27/2025,Expense,,Facebook,,Facebook,460.57,240649.83000000007
,Brex 0172,05/27/2025,Expense,,Facebook,,Facebook,874.27,241524.10000000006
,Brex 0172,06/01/2025,Expense,,Facebook,,Facebook,2000,243524.10000000006
,Brex 0172,06/05/2025,Expense,,Facebook,,Facebook,2000,245524.10000000006
,Brex 0172,06/11/2025,Expense,,Facebook,,Facebook,2000,247524.10000000006
,Brex 0172,06/16/2025,Expense,,,,Facebook,2000,249524.10000000006
Total for Brex 0172,,,,,,,,194262.62,
Chase 8439,,,,,,,,,
,Beginning Balance,,,,,,,,15095.16
Total for Chase 8439,,,,,,,,,
Clearco,,,,,,,,,
,Beginning Balance,,,,,,,,0
Total for Clearco,,,,,,,,,
MasterCard 8961 (deleted),,,,,,,,,
,Beginning Balance,,,,,,,,0
Total for MasterCard 8961 (deleted),,,,,,,,,
Visa 1153 (deleted),,,,,,,,,
,Beginning Balance,,,,,,,,0
Total for Visa 1153 (deleted),,,,,,,,,
Visa 5184,,,,,,,,,
,Beginning Balance,,,,,,,,40670.55
Total for Visa 5184,,,,,,,,,
Visa 7029,,,,,,,,,
,Beginning Balance,,,,,,,,0
Total for Visa 7029,,,,,,,,,
Visa0270,,,,,,,,,
,Beginning Balance,,,,,,,,7752.62
,Visa0270,01/01/2024,Expense,,Rochelle Johansen Mitchell,,Outdoor INC Checking (1203),-7752.62,0
Total for Visa0270,,,,,,,,-7752.62,
Total for Credit Cards with sub-accounts,,,,,,,,186510,
Direct Deposit Payable,,,,,,,,,
,Beginning Balance,,,,,,,,-675.85
Total for Direct Deposit Payable,,,,,,,,,
Idea Financial LOC,,,,,,,,,
,Beginning Balance,,,,,,,,0
Total for Idea Financial LOC,,,,,,,,,
Loans,,,,,,,,,
Clearco Loan,,,,,,,,,
,Beginning Balance,,,,,,,,0
Total for Clearco Loan,,,,,,,,,
Maximus Outdoors Loan,,,,,,,,,
,Beginning Balance,,,,,,,,84000.02
,Maximus Outdoors Loan,01/01/2024,Check,0632,Maximus Outdoors,,Outdoor INC Checking (1203),-16000,68000.02
,Maximus Outdoors Loan,01/01/2024,Check,0668,Maximus Outdoors,,Outdoor INC Checking (1203),-10000,58000.020000000004
,Maximus Outdoors Loan,02/01/2024,Check,0633,Maximus Outdoors,,Outdoor INC Checking (1203),-16000,42000.020000000004
,Maximus Outdoors Loan,02/01/2024,Check,0669,Maximus Outdoors,,Outdoor INC Checking (1203),-10000,32000.020000000004
,Maximus Outdoors Loan,03/01/2024,Check,0634,Maximus Outdoors,,Outdoor INC Checking (1203),-16000,16000.020000000004
,Maximus Outdoors Loan,04/01/2024,Check,0635,Maximus Outdoors,,Outdoor INC Checking (1203),-16000,0.020000000004074536
Total for Maximus Outdoors Loan,,,,,,,,-84000,
On Deck,,,,,,,,,
,Beginning Balance,,,,,,,,0
Total for On Deck,,,,,,,,,
Quickobooks Capital,,,,,,,,,
,Beginning Balance,,,,,,,,0
Total for Quickobooks Capital,,,,,,,,,
SBA,,,,,,,,,
,Beginning Balance,,,,,,,,131540.96
Total for SBA,,,,,,,,,
SBA 7a,,,,,,,,,
,Beginning Balance,,,,,,,,301931.78
Total for SBA 7a,,,,,,,,,
Shopify Loan,,,,,,,,,
,Beginning Balance,,,,,,,,0
Total for Shopify Loan,,,,,,,,,
SmartBaits Loan,,,,,,,,,
,Beginning Balance,,,,,,,,0
Total for SmartBaits Loan,,,,,,,,,
Wayflyer,,,,,,,,,
,Beginning Balance,,,,,,,,0
Total for Wayflyer,,,,,,,,,
Total for Loans with sub-accounts,,,,,,,,-84000,
Payroll Liabilities,,,,,,,,,
AL Income Tax,,,,,,,,,
,Beginning Balance,,,,,,,,737.42
Total for AL Income Tax,,,,,,,,,
AL Unemployment Tax,,,,,,,,,
,Beginning Balance,,,,,,,,0
Total for AL Unemployment Tax,,,,,,,,,
CA PIT / SDI,,,,,,,,,
,Beginning Balance,,,,,,,,-813.52
Total for CA PIT / SDI,,,,,,,,,
CA SUI / ETT,,,,,,,,,
,Beginning Balance,,,,,,,,0
Total for CA SUI / ETT,,,,,,,,,
Federal Taxes (941/944),,,,,,,,,
,Beginning Balance,,,,,,,,6528.95
Total for Federal Taxes (941/944),,,,,,,,,
Federal Unemployment (940),,,,,,,,,
,Beginning Balance,,,,,,,,240
Total for Federal Unemployment (940),,,,,,,,,
TN Quarterly Taxes,,,,,,,,,
,Beginning Balance,,,,,,,,0
Total for TN Quarterly Taxes,,,,,,,,,
Total for Payroll Liabilities with sub-accounts,,,,,,,,,
Convertible Note,,,,,,,,,
,Beginning Balance,,,,,,,,0
Total for Convertible Note,,,,,,,,,
Loan from Shareholders,,,,,,,,,
,Beginning Balance,,,,,,,,96961.21
Total for Loan from Shareholders,,,,,,,,,
Science Convertible Note,,,,,,,,,
,Beginning Balance,,,,,,,,500000
Total for Science Convertible Note,,,,,,,,,
Retained Earnings,,,,,,,,,
,Beginning Balance,,,,,,,,-958907.5999999952
Total for Retained Earnings,,,,,,,,,
Executive pay,,,,,,,,,
,Beginning Balance,,,,,,,,-250000
Total for Executive pay,,,,,,,,,
Members Equity,,,,,,,,,
,Beginning Balance,,,,,,,,499940
Total for Members Equity,,,,,,,,,
Opening Balance Equity,,,,,,,,,
,Beginning Balance,,,,,,,,6047.99
,Opening Balance Equity,01/01/2024,Inventory Starting Value,START,,TUF50T500 - Opening inventory and value,Inventory Asset,0,6047.99
,Opening Balance Equity,01/01/2024,Inventory Starting Value,START,,TUF50T502 - Opening inventory and value,Inventory Asset,0,6047.99
,Opening Balance Equity,01/01/2024,Inventory Starting Value,START,,SF-DW-GG-LE - Opening inventory and value,Inventory Asset,0,6047.99
,Opening Balance Equity,01/01/2024,Inventory Starting Value,START,,LB-TSC - Opening inventory and value,Inventory Asset,0,6047.99
,Opening Balance Equity,02/01/2024,Inventory Starting Value,START,,BAG-12x10x2 - Opening inventory and value,Inventory Asset,0,6047.99
,Opening Balance Equity,02/01/2024,Inventory Starting Value,START,,LB-C - Opening inventory and value,Inventory Asset,0,6047.99
,Opening Balance Equity,02/01/2024,Inventory Starting Value,START,,LB-FT - Opening inventory and value,Inventory Asset,0,6047.99
,Opening Balance Equity,02/01/2024,Inventory Starting Value,START,,LB-CB - Opening inventory and value,Inventory Asset,0,6047.99
,Opening Balance Equity,03/01/2024,Inventory Starting Value,START,,1620-510 - Opening inventory and value,Inventory Asset,0,6047.99
,Opening Balance Equity,03/01/2024,Inventory Starting Value,START,,1677-610 - Opening inventory and value,Inventory Asset,0,6047.99
,Opening Balance Equity,03/01/2024,Inventory Starting Value,START,,1608-550 - Opening inventory and value,Inventory Asset,0,6047.99
,Opening Balance Equity,03/01/2024,Inventory Starting Value,START,,PBJ-MISC - Opening inventory and value,Inventory Asset,0,6047.99
,Opening Balance Equity,03/01/2024,Inventory Starting Value,START,,SS-MISC - Opening inventory and value,Inventory Asset,0,6047.99
,Opening Balance Equity,04/01/2024,Inventory Starting Value,START,,ARB1235 - Opening inventory and value,Inventory Asset,0,6047.99
,Opening Balance Equity,04/01/2024,Inventory Starting Value,START,,SW-WR - Opening inventory and value,Inventory Asset,0,6047.99
,Opening Balance Equity,04/01/2024,Inventory Starting Value,START,,SW-GP - Opening inventory and value,Inventory Asset,0,6047.99
,Opening Balance Equity,04/01/2024,Inventory Starting Value,START,,SW-TS - Opening inventory and value,Inventory Asset,0,6047.99
,Opening Balance Equity,04/01/2024,Inventory Starting Value,START,,HCRAWZ-MISC - Opening inventory and value,Inventory Asset,0,6047.99
,Opening Balance Equity,04/01/2024,Inventory Starting Value,START,,MLF-GF-C - Opening inventory and value,Inventory Asset,0,6047.99
,Opening Balance Equity,04/01/2024,Inventory Starting Value,START,,MLF-GF-W - Opening inventory and value,Inventory Asset,0,6047.99
,Opening Balance Equity,04/01/2024,Inventory Starting Value,START,,MLF-EWW - Opening inventory and value,Inventory Asset,0,6047.99
,Opening Balance Equity,04/01/2024,Inventory Starting Value,START,,MLF-900 - Opening inventory and value,Inventory Asset,0,6047.99
,Opening Balance Equity,04/01/2024,Inventory Starting Value,START,,MLF-901 - Opening inventory and value,Inventory Asset,0,6047.99
,Opening Balance Equity,04/01/2024,Inventory Starting Value,START,,MLF-902 - Opening inventory and value,Inventory Asset,0,6047.99
,Opening Balance Equity,05/01/2024,Inventory Starting Value,START,,LB - Opening inventory and value,Inventory Asset,0,6047.99
,Opening Balance Equity,05/01/2024,Inventory Starting Value,START,,1105-01 - Opening inventory and value,Inventory Asset,0,6047.99
,Opening Balance Equity,05/01/2024,Inventory Starting Value,START,,PL00S - Opening inventory and value,Inventory Asset,0,6047.99
,Opening Balance Equity,07/01/2024,Inventory Starting Value,START,,STICKER-FBASS - Opening inventory and value,Inventory Asset,0,6047.99
,Opening Balance Equity,08/01/2024,Inventory Starting Value,START,,INV100S.SC3 - Opening inventory and value,Inventory Asset,0,6047.99
,Opening Balance Equity,08/01/2024,Inventory Starting Value,START,,SMX101HPT.BX2 - Opening inventory and value,Inventory Asset,0,6047.99
,Opening Balance Equity,08/01/2024,Inventory Starting Value,START,,SMX30XPT.BX3 - Opening inventory and value,Inventory Asset,0,6047.99
,Opening Balance Equity,08/01/2024,Inventory Starting Value,START,,MBCF35-DBLO - Opening inventory and value,Inventory Asset,0,6047.99
,Opening Balance Equity,08/01/2024,Inventory Starting Value,START,,MBMDC-BLKN - Opening inventory and value,Inventory Asset,0,6047.99
,Opening Balance Equity,08/01/2024,Inventory Starting Value,START,,MBNB325-OGPC - Opening inventory and value,Inventory Asset,0,6047.99
,Opening Balance Equity,08/01/2024,Inventory Starting Value,START,,MBQ45-WRC - Opening inventory and value,Inventory Asset,0,6047.99
,Opening Balance Equity,08/01/2024,Inventory Starting Value,START,,MBQ65-GPF - Opening inventory and value,Inventory Asset,0,6047.99
,Opening Balance Equity,08/01/2024,Inventory Starting Value,START,,BHOG4-310PK5 - Opening inventory and value,Inventory Asset,0,6047.99
,Opening Balance Equity,08/01/2024,Inventory Starting Value,START,,LS6-46PK8 - Opening inventory and value,Inventory Asset,0,6047.99
,Opening Balance Equity,08/01/2024,Inventory Starting Value,START,,SBFT38-01 - Opening inventory and value,Inventory Asset,0,6047.99
,Opening Balance Equity,08/01/2024,Inventory Starting Value,START,,SBFT38-06 - Opening inventory and value,Inventory Asset,0,6047.99
,Opening Balance Equity,08/01/2024,Inventory Starting Value,START,,SBFW14-05 - Opening inventory and value,Inventory Asset,0,6047.99
,Opening Balance Equity,08/01/2024,Inventory Starting Value,START,,BHOG4-324PK5 - Opening inventory and value,Inventory Asset,0,6047.99
,Opening Balance Equity,08/01/2024,Inventory Starting Value,START,,SSINK-343PK6 - Opening inventory and value,Inventory Asset,0,6047.99
,Opening Balance Equity,08/01/2024,Inventory Starting Value,START,,SSINK-92PK6 - Opening inventory and value,Inventory Asset,0,6047.99
,Opening Balance Equity,08/01/2024,Inventory Starting Value,START,,SBFT14-04 - Opening inventory and value,Inventory Asset,0,6047.99
,Opening Balance Equity,08/01/2024,Inventory Starting Value,START,,SBFW14-06 - Opening inventory and value,Inventory Asset,0,6047.99
,Opening Balance Equity,08/01/2024,Inventory Starting Value,START,,SBFW38-01 - Opening inventory and value,Inventory Asset,0,6047.99
,Opening Balance Equity,08/01/2024,Inventory Starting Value,START,,GRUBZ25-246PK8 - Opening inventory and value,Inventory Asset,0,6047.99
,Opening Balance Equity,08/01/2024,Inventory Starting Value,START,,LS6-345PK8 - Opening inventory and value,Inventory Asset,0,6047.99
,Opening Balance Equity,08/01/2024,Inventory Starting Value,START,,SBFT14-05 - Opening inventory and value,Inventory Asset,0,6047.99
,Opening Balance Equity,08/01/2024,Inventory Starting Value,START,,SBFT38-05 - Opening inventory and value,Inventory Asset,0,6047.99
,Opening Balance Equity,08/01/2024,Inventory Starting Value,START,,SBFW14-01 - Opening inventory and value,Inventory Asset,0,6047.99
,Opening Balance Equity,08/01/2024,Inventory Starting Value,START,,SBFW14-02 - Opening inventory and value,Inventory Asset,0,6047.99
,Opening Balance Equity,08/01/2024,Inventory Starting Value,START,,SBFW14-04 - Opening inventory and value,Inventory Asset,0,6047.99
,Opening Balance Equity,08/01/2024,Inventory Starting Value,START,,SBFT38-04 - Opening inventory and value,Inventory Asset,0,6047.99
,Opening Balance Equity,08/01/2024,Inventory Starting Value,START,,BHOG4-18PK5 - Opening inventory and value,Inventory Asset,0,6047.99
,Opening Balance Equity,08/01/2024,Inventory Starting Value,START,,GRUBZ25-364PK8 - Opening inventory and value,Inventory Asset,0,6047.99
,Opening Balance Equity,08/01/2024,Inventory Starting Value,START,,LS6-357PK8 - Opening inventory and value,Inventory Asset,0,6047.99
,Opening Balance Equity,08/01/2024,Inventory Starting Value,START,,BSTICK-325PK6 - Opening inventory and value,Inventory Asset,0,6047.99
,Opening Balance Equity,08/01/2024,Inventory Starting Value,START,,LS6-28PK8 - Opening inventory and value,Inventory Asset,0,6047.99
,Opening Balance Equity,09/01/2024,Inventory Starting Value,START,,1670-550 - Opening inventory and value,Inventory Asset,0,6047.99
,Opening Balance Equity,09/01/2024,Inventory Starting Value,START,,STICKER-FIRE - Opening inventory and value,Inventory Asset,0,6047.99
,Opening Balance Equity,09/01/2024,Inventory Starting Value,START,,STICKER-RETRO - Opening inventory and value,Inventory Asset,0,6047.99
,Opening Balance Equity,09/01/2024,Inventory Starting Value,START,,STICKER-BK - Opening inventory and value,Inventory Asset,0,6047.99
,Opening Balance Equity,09/07/2024,Inventory Starting Value,START,,MBV-3700 - Opening inventory and value,Inventory Asset,0,6047.99
,Opening Balance Equity,09/07/2024,Inventory Starting Value,START,,BBL-CS - Opening inventory and value,Inventory Asset,0,6047.99
,Opening Balance Equity,09/07/2024,Inventory Starting Value,START,,BBL-CS - Opening inventory and value,Inventory Asset,0,6047.99
,Opening Balance Equity,09/07/2024,Inventory Starting Value,START,,MBV-3600 - Opening inventory and value,Inventory Asset,0,6047.99
,Opening Balance Equity,09/07/2024,Inventory Starting Value,START,,BBL-WS - Opening inventory and value,Inventory Asset,0,6047.99
,Opening Balance Equity,09/07/2024,Inventory Starting Value,START,,BBL-SS - Opening inventory and value,Inventory Asset,0,6047.99
,Opening Balance Equity,09/07/2024,Inventory Starting Value,START,,BBL-BS - Opening inventory and value,Inventory Asset,0,6047.99
,Opening Balance Equity,09/07/2024,Inventory Starting Value,START,,BBL-GB - Opening inventory and value,Inventory Asset,0,6047.99
,Opening Balance Equity,09/11/2024,Inventory Starting Value,START,,17111 - Opening inventory and value,Inventory Asset,0,6047.99
,Opening Balance Equity,09/11/2024,Inventory Starting Value,START,,10705 - Opening inventory and value,Inventory Asset,0,6047.99
,Opening Balance Equity,09/11/2024,Inventory Starting Value,START,,17319 - Opening inventory and value,Inventory Asset,0,6047.99
,Opening Balance Equity,09/11/2024,Inventory Starting Value,START,,17323 - Opening inventory and value,Inventory Asset,0,6047.99
,Opening Balance Equity,09/11/2024,Inventory Starting Value,START,,17324 - Opening inventory and value,Inventory Asset,0,6047.99
,Opening Balance Equity,09/11/2024,Inventory Starting Value,START,,17912 - Opening inventory and value,Inventory Asset,0,6047.99
,Opening Balance Equity,09/11/2024,Inventory Starting Value,START,,10920 - Opening inventory and value,Inventory Asset,0,6047.99
,Opening Balance Equity,09/11/2024,Inventory Starting Value,START,,17977 - Opening inventory and value,Inventory Asset,0,6047.99
,Opening Balance Equity,09/11/2024,Inventory Starting Value,START,,10317 - Opening inventory and value,Inventory Asset,0,6047.99
,Opening Balance Equity,09/11/2024,Inventory Starting Value,START,,10977 - Opening inventory and value,Inventory Asset,0,6047.99
,Opening Balance Equity,09/11/2024,Inventory Starting Value,START,,10124 - Opening inventory and value,Inventory Asset,0,6047.99
,Opening Balance Equity,09/11/2024,Inventory Starting Value,START,,10405 - Opening inventory and value,Inventory Asset,0,6047.99
,Opening Balance Equity,09/11/2024,Inventory Starting Value,START,,10911 - Opening inventory and value,Inventory Asset,0,6047.99
,Opening Balance Equity,10/01/2024,Inventory Starting Value,START,,sticker-bf - Opening inventory and value,Inventory Asset,0,6047.99
,Opening Balance Equity,10/01/2024,Inventory Starting Value,START,,STICKER-KC - Opening inventory and value,Inventory Asset,0,6047.99
,Opening Balance Equity,10/01/2024,Inventory Starting Value,START,,STICKER-RB - Opening inventory and value,Inventory Asset,0,6047.99
,Opening Balance Equity,10/01/2024,Inventory Starting Value,START,,CB-1 - Opening inventory and value,Inventory Asset,0,6047.99
,Opening Balance Equity,10/01/2024,Inventory Starting Value,START,,CB-2 - Opening inventory and value,Inventory Asset,0,6047.99
,Opening Balance Equity,10/01/2024,Inventory Starting Value,START,,CB-3 - Opening inventory and value,Inventory Asset,0,6047.99
,Opening Balance Equity,10/01/2024,Inventory Starting Value,START,,CB-4 - Opening inventory and value,Inventory Asset,0,6047.99
,Opening Balance Equity,10/01/2024,Inventory Starting Value,START,,ZL180G-2 - Opening inventory and value,Inventory Asset,0,6047.99
,Opening Balance Equity,10/01/2024,Inventory Starting Value,START,,PLS30F - Opening inventory and value,Inventory Asset,0,6047.99
,Opening Balance Equity,10/01/2024,Inventory Starting Value,START,,29124 - Opening inventory and value,Inventory Asset,0,6047.99
,Opening Balance Equity,10/01/2024,Inventory Starting Value,START,,29271 - Opening inventory and value,Inventory Asset,0,6047.99
,Opening Balance Equity,10/01/2024,Inventory Starting Value,START,,29840 - Opening inventory and value,Inventory Asset,0,6047.99
,Opening Balance Equity,10/01/2024,Inventory Starting Value,START,,29374 - Opening inventory and value,Inventory Asset,0,6047.99
,Opening Balance Equity,10/01/2024,Inventory Starting Value,START,,29375 - Opening inventory and value,Inventory Asset,0,6047.99
,Opening Balance Equity,10/01/2024,Inventory Starting Value,START,,29901 - Opening inventory and value,Inventory Asset,0,6047.99
,Opening Balance Equity,10/01/2024,Inventory Starting Value,START,,PX-DSH - Opening inventory and value,Inventory Asset,0,6047.99
,Opening Balance Equity,10/01/2024,Inventory Starting Value,START,,STICKER-SKEL - Opening inventory and value,Inventory Asset,0,6047.99
,Opening Balance Equity,10/01/2024,Inventory Starting Value,START,,STICKER-RDF - Opening inventory and value,Inventory Asset,0,6047.99
,Opening Balance Equity,10/01/2024,Inventory Starting Value,START,,STICKER-WTF - Opening inventory and value,Inventory Asset,0,6047.99
,Opening Balance Equity,10/01/2024,Inventory Starting Value,START,,STICKER-BF - Opening inventory and value,Inventory Asset,0,6047.99
,Opening Balance Equity,10/01/2024,Inventory Starting Value,START,,STICKER-KC - Opening inventory and value,Inventory Asset,0,6047.99
,Opening Balance Equity,10/01/2024,Inventory Starting Value,START,,STICKER-RF - Opening inventory and value,Inventory Asset,0,6047.99
,Opening Balance Equity,10/01/2024,Inventory Starting Value,START,,KIDS-PAINT - Opening inventory and value,Inventory Asset,0,6047.99
,Opening Balance Equity,10/01/2024,Inventory Starting Value,START,,12300 - Opening inventory and value,Inventory Asset,0,6047.99
,Opening Balance Equity,10/02/2024,Inventory Starting Value,START,,12705 - Opening inventory and value,Inventory Asset,0,6047.99
,Opening Balance Equity,10/02/2024,Inventory Starting Value,START,,13309 - Opening inventory and value,Inventory Asset,0,6047.99
,Opening Balance Equity,10/02/2024,Inventory Starting Value,START,,13131 - Opening inventory and value,Inventory Asset,0,6047.99
,Opening Balance Equity,10/02/2024,Inventory Starting Value,START,,13819 - Opening inventory and value,Inventory Asset,0,6047.99
,Opening Balance Equity,10/02/2024,Inventory Starting Value,START,,26315 - Opening inventory and value,Inventory Asset,0,6047.99
,Opening Balance Equity,10/02/2024,Inventory Starting Value,START,,26901 - Opening inventory and value,Inventory Asset,0,6047.99
,Opening Balance Equity,10/02/2024,Inventory Starting Value,START,,13914 - Opening inventory and value,Inventory Asset,0,6047.99
,Opening Balance Equity,10/02/2024,Inventory Starting Value,START,,26131 - Opening inventory and value,Inventory Asset,0,6047.99
,Opening Balance Equity,10/02/2024,Inventory Starting Value,START,,26309 - Opening inventory and value,Inventory Asset,0,6047.99
,Opening Balance Equity,10/03/2024,Inventory Starting Value,START,,12321 - Opening inventory and value,Inventory Asset,0,6047.99
,Opening Balance Equity,10/03/2024,Inventory Starting Value,START,,12700 - Opening inventory and value,Inventory Asset,0,6047.99
,Opening Balance Equity,10/10/2024,Inventory Starting Value,START,,12320 - Opening inventory and value,Inventory Asset,0,6047.99
,Opening Balance Equity,10/15/2024,Inventory Starting Value,START,,CBJH12-17 - Opening inventory and value,Inventory Asset,0,6047.99
,Opening Balance Equity,10/15/2024,Inventory Starting Value,START,,MFSJ532-02 - Opening inventory and value,Inventory Asset,0,6047.99
,Opening Balance Equity,10/15/2024,Inventory Starting Value,START,,OG332-05PK4 - Opening inventory and value,Inventory Asset,0,6047.99
,Opening Balance Equity,10/15/2024,Inventory Starting Value,START,,GR45-296PK4 - Opening inventory and value,Inventory Asset,0,6047.99
,Opening Balance Equity,10/15/2024,Inventory Starting Value,START,,GR45-46PK4 - Opening inventory and value,Inventory Asset,0,6047.99
,Opening Balance Equity,10/15/2024,Inventory Starting Value,START,,CBJH12-18 - Opening inventory and value,Inventory Asset,0,6047.99
,Opening Balance Equity,10/15/2024,Inventory Starting Value,START,,CBJH38-17 - Opening inventory and value,Inventory Asset,0,6047.99
,Opening Balance Equity,10/15/2024,Inventory Starting Value,START,,GR45-310PK4 - Opening inventory and value,Inventory Asset,0,6047.99
,Opening Balance Equity,10/15/2024,Inventory Starting Value,START,,GR45-377PK4 - Opening inventory and value,Inventory Asset,0,6047.99
,Opening Balance Equity,10/15/2024,Inventory Starting Value,START,,GR45-42PK4 - Opening inventory and value,Inventory Asset,0,6047.99
,Opening Balance Equity,10/15/2024,Inventory Starting Value,START,,CBJH38-18 - Opening inventory and value,Inventory Asset,0,6047.99
,Opening Balance Equity,10/15/2024,Inventory Starting Value,START,,CBSB12-05 - Opening inventory and value,Inventory Asset,0,6047.99
,Opening Balance Equity,10/15/2024,Inventory Starting Value,START,,CBSB12-06 - Opening inventory and value,Inventory Asset,0,6047.99
,Opening Balance Equity,10/15/2024,Inventory Starting Value,START,,MFSJ14-05 - Opening inventory and value,Inventory Asset,0,6047.99
,Opening Balance Equity,10/15/2024,Inventory Starting Value,START,,SLIM3-28PK6 - Opening inventory and value,Inventory Asset,0,6047.99
,Opening Balance Equity,10/15/2024,Inventory Starting Value,START,,CBSB38-05 - Opening inventory and value,Inventory Asset,0,6047.99
,Opening Balance Equity,10/15/2024,Inventory Starting Value,START,,CBSB38-07 - Opening inventory and value,Inventory Asset,0,6047.99
,Opening Balance Equity,10/15/2024,Inventory Starting Value,START,,MFSJ316-01 - Opening inventory and value,Inventory Asset,0,6047.99
,Opening Balance Equity,10/15/2024,Inventory Starting Value,START,,MFSJ316-02 - Opening inventory and value,Inventory Asset,0,6047.99
,Opening Balance Equity,10/15/2024,Inventory Starting Value,START,,MFSJ316-05 - Opening inventory and value,Inventory Asset,0,6047.99
,Opening Balance Equity,10/15/2024,Inventory Starting Value,START,,SLIM3-84PK6 - Opening inventory and value,Inventory Asset,0,6047.99
,Opening Balance Equity,10/15/2024,Inventory Starting Value,START,,MFSJ316-04 - Opening inventory and value,Inventory Asset,0,6047.99
,Opening Balance Equity,10/15/2024,Inventory Starting Value,START,,OG116-05PK4 - Opening inventory and value,Inventory Asset,0,6047.99
,Opening Balance Equity,10/15/2024,Inventory Starting Value,START,,SLIM3-320PK6 - Opening inventory and value,Inventory Asset,0,6047.99
,Opening Balance Equity,10/15/2024,Inventory Starting Value,START,,MFSJ532-01 - Opening inventory and value,Inventory Asset,0,6047.99
,Opening Balance Equity,10/15/2024,Inventory Starting Value,START,,MFSJ532-04 - Opening inventory and value,Inventory Asset,0,6047.99
,Opening Balance Equity,10/15/2024,Inventory Starting Value,START,,MFSJ532-05 - Opening inventory and value,Inventory Asset,0,6047.99
,Opening Balance Equity,10/15/2024,Inventory Starting Value,START,,OG132-05PK4 - Opening inventory and value,Inventory Asset,0,6047.99
,Opening Balance Equity,10/15/2024,Inventory Starting Value,START,,GR45-02PK4 - Opening inventory and value,Inventory Asset,0,6047.99
,Opening Balance Equity,10/15/2024,Inventory Starting Value,START,,GR45-378PK4 - Opening inventory and value,Inventory Asset,0,6047.99
,Opening Balance Equity,10/15/2024,Inventory Starting Value,START,,TTIC-267PK8 - Opening inventory and value,Inventory Asset,0,6047.99
,Opening Balance Equity,10/15/2024,Inventory Starting Value,START,,SLIM3-18PK6 - Opening inventory and value,Inventory Asset,0,6047.99
,Opening Balance Equity,10/15/2024,Inventory Starting Value,START,,TTIC-310PK8 - Opening inventory and value,Inventory Asset,0,6047.99
,Opening Balance Equity,10/15/2024,Inventory Starting Value,START,,SLIM3-259PK6 - Opening inventory and value,Inventory Asset,0,6047.99
,Opening Balance Equity,10/15/2024,Inventory Starting Value,START,,TTIC-109PK8 - Opening inventory and value,Inventory Asset,0,6047.99
,Opening Balance Equity,10/15/2024,Inventory Starting Value,START,,TTIC-46PK8 - Opening inventory and value,Inventory Asset,0,6047.99
,Opening Balance Equity,10/15/2024,Inventory Starting Value,START,,TTIC-47PK8 - Opening inventory and value,Inventory Asset,0,6047.99
,Opening Balance Equity,11/01/2024,Inventory Starting Value,START,,1620-209 - Opening inventory and value,Inventory Asset,0,6047.99
,Opening Balance Equity,11/01/2024,Inventory Starting Value,START,,1630-610 - Opening inventory and value,Inventory Asset,0,6047.99
,Opening Balance Equity,11/01/2024,Inventory Starting Value,START,,1620-210 - Opening inventory and value,Inventory Asset,0,6047.99
,Opening Balance Equity,11/01/2024,Inventory Starting Value,START,,1620-244 - Opening inventory and value,Inventory Asset,0,6047.99
,Opening Balance Equity,11/01/2024,Inventory Starting Value,START,,1676-210 - Opening inventory and value,Inventory Asset,0,6047.99
,Opening Balance Equity,11/01/2024,Inventory Starting Value,START,,1630-590 - Opening inventory and value,Inventory Asset,0,6047.99
,Opening Balance Equity,11/01/2024,Inventory Starting Value,START,,1677-209 - Opening inventory and value,Inventory Asset,0,6047.99
,Opening Balance Equity,11/01/2024,Inventory Starting Value,START,,1630-222 - Opening inventory and value,Inventory Asset,0,6047.99
,Opening Balance Equity,11/01/2024,Inventory Starting Value,START,,1630-210 - Opening inventory and value,Inventory Asset,0,6047.99
,Opening Balance Equity,11/01/2024,Inventory Starting Value,START,,1630-260 - Opening inventory and value,Inventory Asset,0,6047.99
,Opening Balance Equity,11/01/2024,Inventory Starting Value,START,,1670-590 - Opening inventory and value,Inventory Asset,0,6047.99
,Opening Balance Equity,11/01/2024,Inventory Starting Value,START,,1676-550 - Opening inventory and value,Inventory Asset,0,6047.99
,Opening Balance Equity,11/01/2024,Inventory Starting Value,START,,JSPECGC - Opening inventory and value,Inventory Asset,0,6047.99
,Opening Balance Equity,11/01/2024,Inventory Starting Value,START,,1702-001 - Opening inventory and value,Inventory Asset,0,6047.99
,Opening Balance Equity,11/01/2024,Inventory Starting Value,START,,1702-002 - Opening inventory and value,Inventory Asset,0,6047.99
,Opening Balance Equity,11/01/2024,Inventory Starting Value,START,,CTW6-314 - Opening inventory and value,Inventory Asset,0,6047.99
,Opening Balance Equity,11/01/2024,Inventory Starting Value,START,,CTW6-316 - Opening inventory and value,Inventory Asset,0,6047.99
,Opening Balance Equity,11/01/2024,Inventory Starting Value,START,,CTW6-368 - Opening inventory and value,Inventory Asset,0,6047.99
,Opening Balance Equity,11/01/2024,Inventory Starting Value,START,,CTW6-302 - Opening inventory and value,Inventory Asset,0,6047.99
,Opening Balance Equity,11/01/2024,Inventory Starting Value,START,,CTW6-305 - Opening inventory and value,Inventory Asset,0,6047.99
,Opening Balance Equity,11/01/2024,Inventory Starting Value,START,,CTW6-350 - Opening inventory and value,Inventory Asset,0,6047.99
,Opening Balance Equity,11/01/2024,Inventory Starting Value,START,,PT-BB1 - Opening inventory and value,Inventory Asset,0,6047.99
,Opening Balance Equity,11/01/2024,Inventory Starting Value,START,,PT-BB2 - Opening inventory and value,Inventory Asset,0,6047.99
,Opening Balance Equity,11/01/2024,Inventory Starting Value,START,,PT-BB3 - Opening inventory and value,Inventory Asset,0,6047.99
,Opening Balance Equity,11/01/2024,Inventory Starting Value,START,,PT-BB4 - Opening inventory and value,Inventory Asset,0,6047.99
,Opening Balance Equity,11/01/2024,Inventory Starting Value,START,,I62-22 - Opening inventory and value,Inventory Asset,0,6047.99
,Opening Balance Equity,11/01/2024,Inventory Starting Value,START,,I62-35 - Opening inventory and value,Inventory Asset,0,6047.99
,Opening Balance Equity,11/01/2024,Inventory Starting Value,START,,I62-38 - Opening inventory and value,Inventory Asset,0,6047.99
,Opening Balance Equity,11/01/2024,Inventory Starting Value,START,,I62-7 - Opening inventory and value,Inventory Asset,0,6047.99
,Opening Balance Equity,11/01/2024,Inventory Starting Value,START,,I62-70 - Opening inventory and value,Inventory Asset,0,6047.99
,Opening Balance Equity,11/01/2024,Inventory Starting Value,START,,I62-23 - Opening inventory and value,Inventory Asset,0,6047.99
,Opening Balance Equity,11/01/2024,Inventory Starting Value,START,,1704-400 - Opening inventory and value,Inventory Asset,0,6047.99
,Opening Balance Equity,11/01/2024,Inventory Starting Value,START,,I62-54 - Opening inventory and value,Inventory Asset,0,6047.99
,Opening Balance Equity,11/01/2024,Inventory Starting Value,START,,I62-10 - Opening inventory and value,Inventory Asset,0,6047.99
,Opening Balance Equity,11/01/2024,Inventory Starting Value,START,,1704-500 - Opening inventory and value,Inventory Asset,0,6047.99
,Opening Balance Equity,12/01/2024,Inventory Starting Value,START,,DOB-EFJ12-112-1 - Opening inventory and value,Inventory Asset,0,6047.99
,Opening Balance Equity,12/01/2024,Inventory Starting Value,START,,DOB-DBBS38-125 - Opening inventory and value,Inventory Asset,0,6047.99
,Opening Balance Equity,12/01/2024,Inventory Starting Value,START,,DOB-EFJ38-110-1 - Opening inventory and value,Inventory Asset,0,6047.99
,Opening Balance Equity,12/01/2024,Inventory Starting Value,START,,DOB-DBBS38-121 - Opening inventory and value,Inventory Asset,0,6047.99
,Opening Balance Equity,12/01/2024,Inventory Starting Value,START,,DOB-DBBS38-136 - Opening inventory and value,Inventory Asset,0,6047.99
,Opening Balance Equity,12/01/2024,Inventory Starting Value,START,,DOB-DBBS38-138 - Opening inventory and value,Inventory Asset,0,6047.99
,Opening Balance Equity,01/01/2025,Inventory Starting Value,START,,BBB-YO403 - Opening inventory and value,Inventory Asset,0,6047.99
,Opening Balance Equity,01/01/2025,Inventory Starting Value,START,,BBB-SYO412 - Opening inventory and value,Inventory Asset,0,6047.99
,Opening Balance Equity,01/01/2025,Inventory Starting Value,START,,BBB-STBUZZ38-05 - Opening inventory and value,Inventory Asset,0,6047.99
,Opening Balance Equity,01/01/2025,Inventory Starting Value,START,,BBB-STBUZZ38-08 - Opening inventory and value,Inventory Asset,0,6047.99
,Opening Balance Equity,01/01/2025,Inventory Starting Value,START,,BBB-2CTHMP-10 - Opening inventory and value,Inventory Asset,0,6047.99
,Opening Balance Equity,01/01/2025,Inventory Starting Value,START,,YAM-134-06-979 - Opening inventory and value,Inventory Asset,0,6047.99
,Opening Balance Equity,01/01/2025,Inventory Starting Value,START,,YAM-134JR-08-979 - Opening inventory and value,Inventory Asset,0,6047.99
,Opening Balance Equity,01/01/2025,Inventory Starting Value,START,,BBB-BBOX-116-FG237 - Opening inventory and value,Inventory Asset,0,6047.99
,Opening Balance Equity,02/01/2025,Inventory Starting Value,START,,XS610MSA - Opening inventory and value,Inventory Asset,0,6047.99
,Opening Balance Equity,02/01/2025,Inventory Starting Value,START,,AH66MS - Opening inventory and value,Inventory Asset,0,6047.99
,Opening Balance Equity,02/01/2025,Inventory Starting Value,START,,AH70MHS - Opening inventory and value,Inventory Asset,0,6047.99
,Opening Balance Equity,02/01/2025,Inventory Starting Value,START,,PT-PF1 - Opening inventory and value,Inventory Asset,0,6047.99
,Opening Balance Equity,02/01/2025,Inventory Starting Value,START,,PT-PF2 - Opening inventory and value,Inventory Asset,0,6047.99
,Opening Balance Equity,02/01/2025,Inventory Starting Value,START,,PT-PF3 - Opening inventory and value,Inventory Asset,0,6047.99
,Opening Balance Equity,02/01/2025,Inventory Starting Value,START,,B8-HH - Opening inventory and value,Inventory Asset,0,6047.99
,Opening Balance Equity,02/01/2025,Inventory Starting Value,START,,STICKER-BFC - Opening inventory and value,Inventory Asset,0,6047.99
,Opening Balance Equity,02/01/2025,Inventory Starting Value,START,,GD6-1 - Opening inventory and value,Inventory Asset,0,6047.99
,Opening Balance Equity,02/01/2025,Inventory Starting Value,START,,GD6-2 - Opening inventory and value,Inventory Asset,0,6047.99
,Opening Balance Equity,02/01/2025,Inventory Starting Value,START,,GD6-3 - Opening inventory and value,Inventory Asset,0,6047.99
,Opening Balance Equity,02/01/2025,Inventory Starting Value,START,,MM - Opening inventory and value,Inventory Asset,0,6047.99
,Opening Balance Equity,02/01/2025,Inventory Starting Value,START,,STICKER-HIPPIE - Opening inventory and value,Inventory Asset,0,6047.99
,Opening Balance Equity,02/01/2025,Inventory Starting Value,START,,OM-STICKER - Opening inventory and value,Inventory Asset,0,6047.99
,Opening Balance Equity,03/01/2025,Inventory Starting Value,START,,GB-11 - Opening inventory and value,Inventory Asset,0,6047.99
,Opening Balance Equity,03/01/2025,Inventory Starting Value,START,,GB-59 - Opening inventory and value,Inventory Asset,0,6047.99
,Opening Balance Equity,03/01/2025,Inventory Starting Value,START,,GB-76 - Opening inventory and value,Inventory Asset,0,6047.99
,Opening Balance Equity,03/01/2025,Inventory Starting Value,START,,GB-10 - Opening inventory and value,Inventory Asset,0,6047.99
,Opening Balance Equity,03/01/2025,Inventory Starting Value,START,,GB-58 - Opening inventory and value,Inventory Asset,0,6047.99
,Opening Balance Equity,03/01/2025,Inventory Starting Value,START,,HFP-1 - Opening inventory and value,Inventory Asset,0,6047.99
,Opening Balance Equity,03/01/2025,Inventory Starting Value,START,,HFP-2 - Opening inventory and value,Inventory Asset,0,6047.99
,Opening Balance Equity,03/01/2025,Inventory Starting Value,START,,GB-14 - Opening inventory and value,Inventory Asset,0,6047.99
,Opening Balance Equity,03/01/2025,Inventory Starting Value,START,,HFP-3 - Opening inventory and value,Inventory Asset,0,6047.99
,Opening Balance Equity,03/01/2025,Inventory Starting Value,START,,HFP-4 - Opening inventory and value,Inventory Asset,0,6047.99
,Opening Balance Equity,03/01/2025,Inventory Starting Value,START,,INDIANA-2 - Opening inventory and value,Inventory Asset,0,6047.99
,Opening Balance Equity,03/01/2025,Inventory Starting Value,START,,INDIANA-1 - Opening inventory and value,Inventory Asset,0,6047.99
,Opening Balance Equity,03/01/2025,Inventory Starting Value,START,,HFP-5 - Opening inventory and value,Inventory Asset,0,6047.99
,Opening Balance Equity,03/01/2025,Inventory Starting Value,START,,INDIANA-10 - Opening inventory and value,Inventory Asset,0,6047.99
,Opening Balance Equity,03/01/2025,Inventory Starting Value,START,,INDIANA-6 - Opening inventory and value,Inventory Asset,0,6047.99
,Opening Balance Equity,03/01/2025,Inventory Starting Value,START,,CB-1 - Opening inventory and value,Inventory Asset,0,6047.99
,Opening Balance Equity,03/01/2025,Inventory Starting Value,START,,CB-2 - Opening inventory and value,Inventory Asset,0,6047.99
,Opening Balance Equity,03/01/2025,Inventory Starting Value,START,,SS38-77 - Opening inventory and value,Inventory Asset,0,6047.99
,Opening Balance Equity,03/01/2025,Inventory Starting Value,START,,CB-3 - Opening inventory and value,Inventory Asset,0,6047.99
,Opening Balance Equity,03/01/2025,Inventory Starting Value,START,,CB-4 - Opening inventory and value,Inventory Asset,0,6047.99
,Opening Balance Equity,03/01/2025,Inventory Starting Value,START,,CB-5 - Opening inventory and value,Inventory Asset,0,6047.99
,Opening Balance Equity,03/01/2025,Inventory Starting Value,START,,CB-8 - Opening inventory and value,Inventory Asset,0,6047.99
,Opening Balance Equity,03/01/2025,Inventory Starting Value,START,,SS38-54 - Opening inventory and value,Inventory Asset,0,6047.99
,Opening Balance Equity,03/01/2025,Inventory Starting Value,START,,SS38-76 - Opening inventory and value,Inventory Asset,0,6047.99
,Opening Balance Equity,03/01/2025,Inventory Starting Value,START,,CB-6 - Opening inventory and value,Inventory Asset,0,6047.99
,Opening Balance Equity,03/01/2025,Inventory Starting Value,START,,CB-7 - Opening inventory and value,Inventory Asset,0,6047.99
,Opening Balance Equity,03/01/2025,Inventory Starting Value,START,,SS38-78 - Opening inventory and value,Inventory Asset,0,6047.99
,Opening Balance Equity,03/01/2025,Inventory Starting Value,START,,BEL-BOJ42012 - Opening inventory and value,Inventory Asset,0,6047.99
,Opening Balance Equity,03/01/2025,Inventory Starting Value,START,,BBB-STBUZZ38-09 - Opening inventory and value,Inventory Asset,0,6047.99
,Opening Balance Equity,03/01/2025,Inventory Starting Value,START,,YAM-7GL-05-925 - Opening inventory and value,Inventory Asset,0,6047.99
,Opening Balance Equity,03/01/2025,Inventory Starting Value,START,,BBB-10B2-11 - Opening inventory and value,Inventory Asset,0,6047.99
,Opening Balance Equity,03/01/2025,Inventory Starting Value,START,,BBB-10B2-13 - Opening inventory and value,Inventory Asset,0,6047.99
,Opening Balance Equity,03/01/2025,Inventory Starting Value,START,,BEL-BOJBM12 - Opening inventory and value,Inventory Asset,0,6047.99
,Opening Balance Equity,03/01/2025,Inventory Starting Value,START,,DOB-EFJ38-110-1 - Opening inventory and value,Inventory Asset,0,6047.99
,Opening Balance Equity,03/01/2025,Inventory Starting Value,START,,BEL-BOJBM38 - Opening inventory and value,Inventory Asset,0,6047.99
,Opening Balance Equity,03/01/2025,Inventory Starting Value,START,,BBB-7B2-13 - Opening inventory and value,Inventory Asset,0,6047.99
,Opening Balance Equity,03/01/2025,Inventory Starting Value,START,,BEL-BOJBOG12 - Opening inventory and value,Inventory Asset,0,6047.99
,Opening Balance Equity,03/01/2025,Inventory Starting Value,START,,BBB-BBOX-116-2CMNR06 - Opening inventory and value,Inventory Asset,0,6047.99
,Opening Balance Equity,03/01/2025,Inventory Starting Value,START,,BEL-BOJBOG38 - Opening inventory and value,Inventory Asset,0,6047.99
,Opening Balance Equity,03/01/2025,Inventory Starting Value,START,,BBB-SKIPTBUZZ38-04 - Opening inventory and value,Inventory Asset,0,6047.99
,Opening Balance Equity,03/01/2025,Inventory Starting Value,START,,YAM-7GL-05-194 - Opening inventory and value,Inventory Asset,0,6047.99
,Opening Balance Equity,03/01/2025,Inventory Starting Value,START,,YAM-7GL-05-297 - Opening inventory and value,Inventory Asset,0,6047.99
,Opening Balance Equity,03/01/2025,Inventory Starting Value,START,,YAM-7GL-05-305 - Opening inventory and value,Inventory Asset,0,6047.99
,Opening Balance Equity,03/01/2025,Inventory Starting Value,START,,BBB-STBUZZ14-08 - Opening inventory and value,Inventory Asset,0,6047.99
,Opening Balance Equity,03/01/2025,Inventory Starting Value,START,,BBB-STBUZZ38-07 - Opening inventory and value,Inventory Asset,0,6047.99
,Opening Balance Equity,03/01/2025,Inventory Starting Value,START,,YAM-7GL-05-301 - Opening inventory and value,Inventory Asset,0,6047.99
,Opening Balance Equity,03/01/2025,Inventory Starting Value,START,,BBB-BBOX-116-MNR04 - Opening inventory and value,Inventory Asset,0,6047.99
,Opening Balance Equity,03/01/2025,Inventory Starting Value,START,,BBB-7B2-18 - Opening inventory and value,Inventory Asset,0,6047.99
,Opening Balance Equity,03/01/2025,Inventory Starting Value,START,,BBB-BBOX-116-BSH03 - Opening inventory and value,Inventory Asset,0,6047.99
,Opening Balance Equity,03/01/2025,Inventory Starting Value,START,,BBB-10B2-02 - Opening inventory and value,Inventory Asset,0,6047.99
,Opening Balance Equity,03/01/2025,Inventory Starting Value,START,,BBB-10B2-18 - Opening inventory and value,Inventory Asset,0,6047.99
,Opening Balance Equity,03/01/2025,Inventory Starting Value,START,,BBB-10B2-14 - Opening inventory and value,Inventory Asset,0,6047.99
,Opening Balance Equity,03/01/2025,Inventory Starting Value,START,,BBB-10B2-17 - Opening inventory and value,Inventory Asset,0,6047.99
,Opening Balance Equity,03/01/2025,Inventory Starting Value,START,,1250-000 - Opening inventory and value,Inventory Asset,0,6047.99
,Opening Balance Equity,03/01/2025,Inventory Starting Value,START,,1250-108 - Opening inventory and value,Inventory Asset,0,6047.99
,Opening Balance Equity,03/01/2025,Inventory Starting Value,START,,1250-100 - Opening inventory and value,Inventory Asset,0,6047.99
,Opening Balance Equity,03/01/2025,Inventory Starting Value,START,,1250-814 - Opening inventory and value,Inventory Asset,0,6047.99
,Opening Balance Equity,03/01/2025,Inventory Starting Value,START,,1250-520 - Opening inventory and value,Inventory Asset,0,6047.99
,Opening Balance Equity,03/01/2025,Inventory Starting Value,START,,1250-504 - Opening inventory and value,Inventory Asset,0,6047.99
,Opening Balance Equity,03/01/2025,Inventory Starting Value,START,,1250-217 - Opening inventory and value,Inventory Asset,0,6047.99
,Opening Balance Equity,03/01/2025,Inventory Starting Value,START,,1250-833 - Opening inventory and value,Inventory Asset,0,6047.99
,Opening Balance Equity,04/01/2025,Inventory Starting Value,START,,TMM-39 - Opening inventory and value,Inventory Asset,0,6047.99
,Opening Balance Equity,04/01/2025,Inventory Starting Value,START,,TMM-23 - Opening inventory and value,Inventory Asset,0,6047.99
,Opening Balance Equity,04/01/2025,Inventory Starting Value,START,,TMM-63 - Opening inventory and value,Inventory Asset,0,6047.99
,Opening Balance Equity,04/01/2025,Inventory Starting Value,START,,TMM-34 - Opening inventory and value,Inventory Asset,0,6047.99
,Opening Balance Equity,04/01/2025,Inventory Starting Value,START,,FJS-LG - Opening inventory and value,Inventory Asset,0,6047.99
,Opening Balance Equity,04/01/2025,Inventory Starting Value,START,,TMM-35 - Opening inventory and value,Inventory Asset,0,6047.99
,Opening Balance Equity,04/01/2025,Inventory Starting Value,START,,TMM-37 - Opening inventory and value,Inventory Asset,0,6047.99
,Opening Balance Equity,04/01/2025,Inventory Starting Value,START,,TMM-56 - Opening inventory and value,Inventory Asset,0,6047.99
,Opening Balance Equity,04/01/2025,Inventory Starting Value,START,,FJS-CM - Opening inventory and value,Inventory Asset,0,6047.99
,Opening Balance Equity,04/01/2025,Inventory Starting Value,START,,TMM-42 - Opening inventory and value,Inventory Asset,0,6047.99
,Opening Balance Equity,04/01/2025,Inventory Starting Value,START,,FJC-RD - Opening inventory and value,Inventory Asset,0,6047.99
,Opening Balance Equity,04/01/2025,Inventory Starting Value,START,,FJC-CM - Opening inventory and value,Inventory Asset,0,6047.99
,Opening Balance Equity,04/01/2025,Inventory Starting Value,START,,FJC-BK - Opening inventory and value,Inventory Asset,0,6047.99
,Opening Balance Equity,04/01/2025,Inventory Starting Value,START,,FJC-LG - Opening inventory and value,Inventory Asset,0,6047.99
,Opening Balance Equity,04/01/2025,Inventory Starting Value,START,,FJS-BK - Opening inventory and value,Inventory Asset,0,6047.99
,Opening Balance Equity,04/01/2025,Inventory Starting Value,START,,FJS-RD - Opening inventory and value,Inventory Asset,0,6047.99
,Opening Balance Equity,04/01/2025,Inventory Starting Value,START,,BFS-1 - Opening inventory and value,Inventory Asset,0,6047.99
,Opening Balance Equity,04/01/2025,Inventory Starting Value,START,,BFS-2 - Opening inventory and value,Inventory Asset,0,6047.99
,Opening Balance Equity,04/01/2025,Inventory Starting Value,START,,PTCR-4 - Opening inventory and value,Inventory Asset,0,6047.99
,Opening Balance Equity,04/01/2025,Inventory Starting Value,START,,PTCR-6 - Opening inventory and value,Inventory Asset,0,6047.99
,Opening Balance Equity,04/01/2025,Inventory Starting Value,START,,11317 - Opening inventory and value,Inventory Asset,0,6047.99
,Opening Balance Equity,04/01/2025,Inventory Starting Value,START,,11910 - Opening inventory and value,Inventory Asset,0,6047.99
,Opening Balance Equity,04/01/2025,Inventory Starting Value,START,,MLF-351 - Opening inventory and value,Inventory Asset,0,6047.99
,Opening Balance Equity,04/01/2025,Inventory Starting Value,START,,PTCR-8 - Opening inventory and value,Inventory Asset,0,6047.99
,Opening Balance Equity,04/01/2025,Inventory Starting Value,START,,TP-37 - Opening inventory and value,Inventory Asset,0,6047.99
,Opening Balance Equity,04/01/2025,Inventory Starting Value,START,,TP-72 - Opening inventory and value,Inventory Asset,0,6047.99
,Opening Balance Equity,04/01/2025,Inventory Starting Value,START,,TP-22 - Opening inventory and value,Inventory Asset,0,6047.99
,Opening Balance Equity,04/01/2025,Inventory Starting Value,START,,PTCR-10 - Opening inventory and value,Inventory Asset,0,6047.99
,Opening Balance Equity,04/01/2025,Inventory Starting Value,START,,11314 - Opening inventory and value,Inventory Asset,0,6047.99
,Opening Balance Equity,04/01/2025,Inventory Starting Value,START,,MLF-357 - Opening inventory and value,Inventory Asset,0,6047.99
,Opening Balance Equity,04/01/2025,Inventory Starting Value,START,,TP-63 - Opening inventory and value,Inventory Asset,0,6047.99
,Opening Balance Equity,04/01/2025,Inventory Starting Value,START,,TP-80 - Opening inventory and value,Inventory Asset,0,6047.99
,Opening Balance Equity,04/01/2025,Inventory Starting Value,START,,TP-23 - Opening inventory and value,Inventory Asset,0,6047.99
,Opening Balance Equity,04/01/2025,Inventory Starting Value,START,,11911 - Opening inventory and value,Inventory Asset,0,6047.99
,Opening Balance Equity,04/01/2025,Inventory Starting Value,START,,11912 - Opening inventory and value,Inventory Asset,0,6047.99
,Opening Balance Equity,04/01/2025,Inventory Starting Value,START,,LHS30C - Opening inventory and value,Inventory Asset,0,6047.99
,Opening Balance Equity,04/01/2025,Inventory Starting Value,START,,15111 - Opening inventory and value,Inventory Asset,0,6047.99
,Opening Balance Equity,04/01/2025,Inventory Starting Value,START,,MLF-350 - Opening inventory and value,Inventory Asset,0,6047.99
,Opening Balance Equity,04/01/2025,Inventory Starting Value,START,,MLF-352 - Opening inventory and value,Inventory Asset,0,6047.99
,Opening Balance Equity,04/01/2025,Inventory Starting Value,START,,12-590 - Opening inventory and value,Inventory Asset,0,6047.99
,Opening Balance Equity,04/01/2025,Inventory Starting Value,START,,15317 - Opening inventory and value,Inventory Asset,0,6047.99
,Opening Balance Equity,04/01/2025,Inventory Starting Value,START,,15410 - Opening inventory and value,Inventory Asset,0,6047.99
,Opening Balance Equity,04/01/2025,Inventory Starting Value,START,,15705 - Opening inventory and value,Inventory Asset,0,6047.99
,Opening Balance Equity,04/01/2025,Inventory Starting Value,START,,11310 - Opening inventory and value,Inventory Asset,0,6047.99
,Opening Balance Equity,04/01/2025,Inventory Starting Value,START,,MLF-354 - Opening inventory and value,Inventory Asset,0,6047.99
,Opening Balance Equity,04/01/2025,Inventory Starting Value,START,,15977 - Opening inventory and value,Inventory Asset,0,6047.99
,Opening Balance Equity,04/01/2025,Inventory Starting Value,START,,MLF-349 - Opening inventory and value,Inventory Asset,0,6047.99
,Opening Balance Equity,04/01/2025,Inventory Starting Value,START,,MLF-358 - Opening inventory and value,Inventory Asset,0,6047.99
,Opening Balance Equity,04/01/2025,Inventory Starting Value,START,,MLF-356 - Opening inventory and value,Inventory Asset,0,6047.99
,Opening Balance Equity,04/01/2025,Inventory Starting Value,START,,11130 - Opening inventory and value,Inventory Asset,0,6047.99
,Opening Balance Equity,04/01/2025,Inventory Starting Value,START,,11309 - Opening inventory and value,Inventory Asset,0,6047.99
,Opening Balance Equity,04/01/2025,Inventory Starting Value,START,,11920 - Opening inventory and value,Inventory Asset,0,6047.99
,Opening Balance Equity,04/01/2025,Inventory Starting Value,START,,MLF-355 - Opening inventory and value,Inventory Asset,0,6047.99
,Opening Balance Equity,04/01/2025,Inventory Starting Value,START,,BMBSW-AC - Opening inventory and value,Inventory Asset,0,6047.99
,Opening Balance Equity,04/01/2025,Inventory Starting Value,START,,BMBSW-MBB - Opening inventory and value,Inventory Asset,0,6047.99
,Opening Balance Equity,04/01/2025,Inventory Starting Value,START,,BMBSW-PM - Opening inventory and value,Inventory Asset,0,6047.99
,Opening Balance Equity,04/01/2025,Inventory Starting Value,START,,BMBSW-RFM - Opening inventory and value,Inventory Asset,0,6047.99
,Opening Balance Equity,04/01/2025,Inventory Starting Value,START,,BMBSW-BB - Opening inventory and value,Inventory Asset,0,6047.99
,Opening Balance Equity,04/01/2025,Inventory Starting Value,START,,BMSC-W - Opening inventory and value,Inventory Asset,0,6047.99
,Opening Balance Equity,04/01/2025,Inventory Starting Value,START,,BMBSW-BG - Opening inventory and value,Inventory Asset,0,6047.99
,Opening Balance Equity,04/01/2025,Inventory Starting Value,START,,BMBSW-MG - Opening inventory and value,Inventory Asset,0,6047.99
,Opening Balance Equity,04/01/2025,Inventory Starting Value,START,,BMBSW-M - Opening inventory and value,Inventory Asset,0,6047.99
,Opening Balance Equity,04/01/2025,Inventory Starting Value,START,,BMBSW-WC - Opening inventory and value,Inventory Asset,0,6047.99
,Opening Balance Equity,04/01/2025,Inventory Starting Value,START,,BMBSW-W - Opening inventory and value,Inventory Asset,0,6047.99
,Opening Balance Equity,04/01/2025,Inventory Starting Value,START,,BMBSW-LT - Opening inventory and value,Inventory Asset,0,6047.99
,Opening Balance Equity,04/01/2025,Inventory Starting Value,START,,BMBSW-MM - Opening inventory and value,Inventory Asset,0,6047.99
,Opening Balance Equity,04/01/2025,Inventory Starting Value,START,,BMSC-PM - Opening inventory and value,Inventory Asset,0,6047.99
,Opening Balance Equity,04/01/2025,Inventory Starting Value,START,,BMBSW-TM - Opening inventory and value,Inventory Asset,0,6047.99
,Opening Balance Equity,04/01/2025,Inventory Starting Value,START,,BMSC-BTB - Opening inventory and value,Inventory Asset,0,6047.99
,Opening Balance Equity,04/01/2025,Inventory Starting Value,START,,BMBSW-WM - Opening inventory and value,Inventory Asset,0,6047.99
,Opening Balance Equity,04/01/2025,Inventory Starting Value,START,,BMBSW-WR - Opening inventory and value,Inventory Asset,0,6047.99
,Opening Balance Equity,04/01/2025,Inventory Starting Value,START,,BMSC-MM - Opening inventory and value,Inventory Asset,0,6047.99
,Opening Balance Equity,04/01/2025,Inventory Starting Value,START,,BMSC-MG - Opening inventory and value,Inventory Asset,0,6047.99
,Opening Balance Equity,04/01/2025,Inventory Starting Value,START,,BMSC-WC - Opening inventory and value,Inventory Asset,0,6047.99
,Opening Balance Equity,04/01/2025,Inventory Starting Value,START,,BMSC-AC - Opening inventory and value,Inventory Asset,0,6047.99
,Opening Balance Equity,04/01/2025,Inventory Starting Value,START,,BMSC-JB - Opening inventory and value,Inventory Asset,0,6047.99
,Opening Balance Equity,04/01/2025,Inventory Starting Value,START,,BMSC-RFM - Opening inventory and value,Inventory Asset,0,6047.99
,Opening Balance Equity,04/01/2025,Inventory Starting Value,START,,BMSC-TG - Opening inventory and value,Inventory Asset,0,6047.99
,Opening Balance Equity,04/01/2025,Inventory Starting Value,START,,BMSC-WM - Opening inventory and value,Inventory Asset,0,6047.99
,Opening Balance Equity,05/01/2025,Inventory Starting Value,START,,BMSC-AC - Opening inventory and value,Inventory Asset,0,6047.99
,Opening Balance Equity,05/01/2025,Inventory Starting Value,START,,BMSC-JB - Opening inventory and value,Inventory Asset,0,6047.99
,Opening Balance Equity,05/01/2025,Inventory Starting Value,START,,BMSC-BTB - Opening inventory and value,Inventory Asset,0,6047.99
,Opening Balance Equity,05/01/2025,Inventory Starting Value,START,,BMSC-MM - Opening inventory and value,Inventory Asset,0,6047.99
,Opening Balance Equity,05/01/2025,Inventory Starting Value,START,,BMSC-MG - Opening inventory and value,Inventory Asset,0,6047.99
,Opening Balance Equity,05/01/2025,Inventory Starting Value,START,,BMSC-PM - Opening inventory and value,Inventory Asset,0,6047.99
,Opening Balance Equity,05/01/2025,Inventory Starting Value,START,,BMSC-RFM - Opening inventory and value,Inventory Asset,0,6047.99
,Opening Balance Equity,05/01/2025,Inventory Starting Value,START,,BMSC-TG - Opening inventory and value,Inventory Asset,0,6047.99
,Opening Balance Equity,05/01/2025,Inventory Starting Value,START,,BMSC-WM - Opening inventory and value,Inventory Asset,0,6047.99
,Opening Balance Equity,05/01/2025,Inventory Starting Value,START,,BMSC-WC - Opening inventory and value,Inventory Asset,0,6047.99
,Opening Balance Equity,05/01/2025,Inventory Starting Value,START,,BMSC-W - Opening inventory and value,Inventory Asset,0,6047.99
,Opening Balance Equity,05/01/2025,Inventory Starting Value,START,,BMBWC-AC - Opening inventory and value,Inventory Asset,0,6047.99
,Opening Balance Equity,05/01/2025,Inventory Starting Value,START,,BMBWC-BB - Opening inventory and value,Inventory Asset,0,6047.99
,Opening Balance Equity,05/01/2025,Inventory Starting Value,START,,BMBWC-BBL - Opening inventory and value,Inventory Asset,0,6047.99
,Opening Balance Equity,05/01/2025,Inventory Starting Value,START,,BMBWC-MM - Opening inventory and value,Inventory Asset,0,6047.99
,Opening Balance Equity,05/01/2025,Inventory Starting Value,START,,BMBWC-MG - Opening inventory and value,Inventory Asset,0,6047.99
,Opening Balance Equity,05/01/2025,Inventory Starting Value,START,,BMBWC-PM - Opening inventory and value,Inventory Asset,0,6047.99
,Opening Balance Equity,05/01/2025,Inventory Starting Value,START,,BMBWC-RFM - Opening inventory and value,Inventory Asset,0,6047.99
,Opening Balance Equity,05/01/2025,Inventory Starting Value,START,,BMBWC-TM - Opening inventory and value,Inventory Asset,0,6047.99
,Opening Balance Equity,05/01/2025,Inventory Starting Value,START,,BMBWC-TG - Opening inventory and value,Inventory Asset,0,6047.99
,Opening Balance Equity,05/01/2025,Inventory Starting Value,START,,BMBWC-WM - Opening inventory and value,Inventory Asset,0,6047.99
,Opening Balance Equity,05/01/2025,Inventory Starting Value,START,,BMBWC-WC - Opening inventory and value,Inventory Asset,0,6047.99
,Opening Balance Equity,05/01/2025,Inventory Starting Value,START,,BMBWC-W - Opening inventory and value,Inventory Asset,0,6047.99
,Opening Balance Equity,05/01/2025,Inventory Starting Value,START,,BMBMB-AC - Opening inventory and value,Inventory Asset,0,6047.99
,Opening Balance Equity,05/01/2025,Inventory Starting Value,START,,BMBMB-BAB - Opening inventory and value,Inventory Asset,0,6047.99
,Opening Balance Equity,05/01/2025,Inventory Starting Value,START,,BMBMB-BB - Opening inventory and value,Inventory Asset,0,6047.99
,Opening Balance Equity,05/01/2025,Inventory Starting Value,START,,BMBMB-MM - Opening inventory and value,Inventory Asset,0,6047.99
,Opening Balance Equity,05/01/2025,Inventory Starting Value,START,,BMBMB-MG - Opening inventory and value,Inventory Asset,0,6047.99
,Opening Balance Equity,05/01/2025,Inventory Starting Value,START,,BMBMB-PM - Opening inventory and value,Inventory Asset,0,6047.99
,Opening Balance Equity,05/01/2025,Inventory Starting Value,START,,BMBMB-RFM - Opening inventory and value,Inventory Asset,0,6047.99
,Opening Balance Equity,05/01/2025,Inventory Starting Value,START,,BMBMB-TM - Opening inventory and value,Inventory Asset,0,6047.99
,Opening Balance Equity,05/01/2025,Inventory Starting Value,START,,BMBMB-TG - Opening inventory and value,Inventory Asset,0,6047.99
,Opening Balance Equity,05/01/2025,Inventory Starting Value,START,,BMBMB-WM - Opening inventory and value,Inventory Asset,0,6047.99
,Opening Balance Equity,05/01/2025,Inventory Starting Value,START,,BMBBMB-WC - Opening inventory and value,Inventory Asset,0,6047.99
,Opening Balance Equity,05/01/2025,Inventory Starting Value,START,,BMBMB-W - Opening inventory and value,Inventory Asset,0,6047.99
,Opening Balance Equity,05/01/2025,Inventory Starting Value,START,,BMBB-AC - Opening inventory and value,Inventory Asset,0,6047.99
,Opening Balance Equity,05/01/2025,Inventory Starting Value,START,,BMBB-BLKB - Opening inventory and value,Inventory Asset,0,6047.99
,Opening Balance Equity,05/01/2025,Inventory Starting Value,START,,BMBB-BB - Opening inventory and value,Inventory Asset,0,6047.99
,Opening Balance Equity,05/01/2025,Inventory Starting Value,START,,BMBB-MG - Opening inventory and value,Inventory Asset,0,6047.99
,Opening Balance Equity,05/01/2025,Inventory Starting Value,START,,BMLJW-JB - Opening inventory and value,Inventory Asset,0,6047.99
,Opening Balance Equity,05/01/2025,Inventory Starting Value,START,,BMLJW-MM - Opening inventory and value,Inventory Asset,0,6047.99
,Opening Balance Equity,05/01/2025,Inventory Starting Value,START,,BMLJW-RC - Opening inventory and value,Inventory Asset,0,6047.99
,Opening Balance Equity,05/01/2025,Inventory Starting Value,START,,BMLJW-WM - Opening inventory and value,Inventory Asset,0,6047.99
,Opening Balance Equity,05/01/2025,Inventory Starting Value,START,,BMLJW-WR - Opening inventory and value,Inventory Asset,0,6047.99
,Opening Balance Equity,05/01/2025,Inventory Starting Value,START,,BMLARDRLGD - Opening inventory and value,Inventory Asset,0,6047.99
,Opening Balance Equity,05/01/2025,Inventory Starting Value,START,,BMLARDRLGL - Opening inventory and value,Inventory Asset,0,6047.99
,Opening Balance Equity,05/01/2025,Inventory Starting Value,START,,BMLARDRLMG - Opening inventory and value,Inventory Asset,0,6047.99
,Opening Balance Equity,05/01/2025,Inventory Starting Value,START,,BMLARDRLMBB - Opening inventory and value,Inventory Asset,0,6047.99
,Opening Balance Equity,05/01/2025,Inventory Starting Value,START,,BMLARDRLTM$ - Opening inventory and value,Inventory Asset,0,6047.99
,Opening Balance Equity,05/01/2025,Inventory Starting Value,START,,BMLARDRLTM - Opening inventory and value,Inventory Asset,0,6047.99
,Opening Balance Equity,05/01/2025,Inventory Starting Value,START,,BMLARDXLGD - Opening inventory and value,Inventory Asset,0,6047.99
,Opening Balance Equity,05/01/2025,Inventory Starting Value,START,,BMLARDXLMG - Opening inventory and value,Inventory Asset,0,6047.99
,Opening Balance Equity,05/01/2025,Inventory Starting Value,START,,BMLARDXLMBB - Opening inventory and value,Inventory Asset,0,6047.99
,Opening Balance Equity,05/01/2025,Inventory Starting Value,START,,BMLARDXLTM$ - Opening inventory and value,Inventory Asset,0,6047.99
,Opening Balance Equity,05/01/2025,Inventory Starting Value,START,,BMLARDXLTM - Opening inventory and value,Inventory Asset,0,6047.99
,Opening Balance Equity,05/01/2025,Inventory Starting Value,START,,PTJB - Opening inventory and value,Inventory Asset,0,6047.99
,Opening Balance Equity,05/01/2025,Inventory Starting Value,START,,PTJB-1 - Opening inventory and value,Inventory Asset,0,6047.99
,Opening Balance Equity,05/01/2025,Inventory Starting Value,START,,PTJB-2 - Opening inventory and value,Inventory Asset,0,6047.99
,Opening Balance Equity,05/01/2025,Inventory Starting Value,START,,PTJB-3 - Opening inventory and value,Inventory Asset,0,6047.99
,Opening Balance Equity,05/01/2025,Inventory Starting Value,START,,PTJB-4 - Opening inventory and value,Inventory Asset,0,6047.99
,Opening Balance Equity,05/01/2025,Inventory Starting Value,START,,PTJB-5 - Opening inventory and value,Inventory Asset,0,6047.99
,Opening Balance Equity,05/01/2025,Inventory Starting Value,START,,PTJB-6 - Opening inventory and value,Inventory Asset,0,6047.99
,Opening Balance Equity,05/01/2025,Inventory Starting Value,START,,1670-244 - Opening inventory and value,Inventory Asset,0,6047.99
,Opening Balance Equity,05/01/2025,Inventory Starting Value,START,,RZR-OB-049 - Opening inventory and value,Inventory Asset,0,6047.99
,Opening Balance Equity,05/01/2025,Inventory Starting Value,START,,RZR-MS-050 - Opening inventory and value,Inventory Asset,0,6047.99
,Opening Balance Equity,05/01/2025,Inventory Starting Value,START,,RZR-BB-051 - Opening inventory and value,Inventory Asset,0,6047.99
,Opening Balance Equity,05/01/2025,Inventory Starting Value,START,,RZR-WH-052 - Opening inventory and value,Inventory Asset,0,6047.99
,Opening Balance Equity,05/01/2025,Inventory Starting Value,START,,RZR-WC-053 - Opening inventory and value,Inventory Asset,0,6047.99
,Opening Balance Equity,05/01/2025,Inventory Starting Value,START,,RZR-NC-054 - Opening inventory and value,Inventory Asset,0,6047.99
,Opening Balance Equity,05/01/2025,Inventory Starting Value,START,,PT-3200 - Opening inventory and value,Inventory Asset,0,6047.99
,Opening Balance Equity,05/01/2025,Inventory Starting Value,START,,H-Black - Opening inventory and value,Inventory Asset,0,6047.99
,Opening Balance Equity,05/01/2025,Inventory Starting Value,START,,H-Bluegill - Opening inventory and value,Inventory Asset,0,6047.99
,Opening Balance Equity,05/01/2025,Inventory Starting Value,START,,H-Pink - Opening inventory and value,Inventory Asset,0,6047.99
,Opening Balance Equity,05/01/2025,Inventory Starting Value,START,,H-Brown - Opening inventory and value,Inventory Asset,0,6047.99
,Opening Balance Equity,05/01/2025,Inventory Starting Value,START,,A-Black - Opening inventory and value,Inventory Asset,0,6047.99
,Opening Balance Equity,05/01/2025,Inventory Starting Value,START,,A-Bluegill - Opening inventory and value,Inventory Asset,0,6047.99
,Opening Balance Equity,05/01/2025,Inventory Starting Value,START,,A-Pink - Opening inventory and value,Inventory Asset,0,6047.99
,Opening Balance Equity,05/01/2025,Inventory Starting Value,START,,A-Brown - Opening inventory and value,Inventory Asset,0,6047.99
,Opening Balance Equity,05/01/2025,Inventory Starting Value,START,,FA-BlackHV - Opening inventory and value,Inventory Asset,0,6047.99
,Opening Balance Equity,05/01/2025,Inventory Starting Value,START,,FA-DarkRage - Opening inventory and value,Inventory Asset,0,6047.99
,Opening Balance Equity,05/01/2025,Inventory Starting Value,START,,FA-GreenPumpkin - Opening inventory and value,Inventory Asset,0,6047.99
,Opening Balance Equity,05/01/2025,Inventory Starting Value,START,,FA-Bluegill - Opening inventory and value,Inventory Asset,0,6047.99
,Opening Balance Equity,05/01/2025,Inventory Starting Value,START,,7.99787E+11 - Opening inventory and value,Inventory Asset,0,6047.99
,Opening Balance Equity,05/01/2025,Inventory Starting Value,START,,799787440252 - Opening inventory and value,Inventory Asset,0,6047.99
,Opening Balance Equity,05/01/2025,Inventory Starting Value,START,,799787439942 - Opening inventory and value,Inventory Asset,0,6047.99
,Opening Balance Equity,05/01/2025,Inventory Starting Value,START,,799787440351 - Opening inventory and value,Inventory Asset,0,6047.99
,Opening Balance Equity,05/01/2025,Inventory Starting Value,START,,799787440283 - Opening inventory and value,Inventory Asset,0,6047.99
,Opening Balance Equity,05/01/2025,Inventory Starting Value,START,,799787440115 - Opening inventory and value,Inventory Asset,0,6047.99
,Opening Balance Equity,05/01/2025,Inventory Starting Value,START,,1630-270 - Opening inventory and value,Inventory Asset,0,6047.99
,Opening Balance Equity,05/01/2025,Inventory Starting Value,START,,1630-209 - Opening inventory and value,Inventory Asset,0,6047.99
,Opening Balance Equity,05/01/2025,Inventory Starting Value,START,,1630-550 - Opening inventory and value,Inventory Asset,0,6047.99
,Opening Balance Equity,05/01/2025,Inventory Starting Value,START,,1608-590 - Opening inventory and value,Inventory Asset,0,6047.99
,Opening Balance Equity,05/01/2025,Inventory Starting Value,START,,1620-270 - Opening inventory and value,Inventory Asset,0,6047.99
,Opening Balance Equity,05/01/2025,Inventory Starting Value,START,,1620-610 - Opening inventory and value,Inventory Asset,0,6047.99
,Opening Balance Equity,05/01/2025,Inventory Starting Value,START,,1620-201 - Opening inventory and value,Inventory Asset,0,6047.99
,Opening Balance Equity,05/01/2025,Inventory Starting Value,START,,1620-590 - Opening inventory and value,Inventory Asset,0,6047.99
,Opening Balance Equity,05/01/2025,Inventory Starting Value,START,,1620-260 - Opening inventory and value,Inventory Asset,0,6047.99
,Opening Balance Equity,05/01/2025,Inventory Starting Value,START,,1677-270 - Opening inventory and value,Inventory Asset,0,6047.99
,Opening Balance Equity,05/01/2025,Inventory Starting Value,START,,1677-610 - Opening inventory and value,Inventory Asset,0,6047.99
,Opening Balance Equity,05/01/2025,Inventory Starting Value,START,,1677-222 - Opening inventory and value,Inventory Asset,0,6047.99
,Opening Balance Equity,05/01/2025,Inventory Starting Value,START,,1677-550 - Opening inventory and value,Inventory Asset,0,6047.99
,Opening Balance Equity,05/01/2025,Inventory Starting Value,START,,1677-590 - Opening inventory and value,Inventory Asset,0,6047.99
,Opening Balance Equity,05/01/2025,Inventory Starting Value,START,,1676-610 - Opening inventory and value,Inventory Asset,0,6047.99
,Opening Balance Equity,05/01/2025,Inventory Starting Value,START,,1676-244 - Opening inventory and value,Inventory Asset,0,6047.99
,Opening Balance Equity,05/01/2025,Inventory Starting Value,START,,1676-222 - Opening inventory and value,Inventory Asset,0,6047.99
,Opening Balance Equity,05/01/2025,Inventory Starting Value,START,,1676-590 - Opening inventory and value,Inventory Asset,0,6047.99
,Opening Balance Equity,05/01/2025,Inventory Starting Value,START,,1697-844 - Opening inventory and value,Inventory Asset,0,6047.99
,Opening Balance Equity,05/01/2025,Inventory Starting Value,START,,1697-610 - Opening inventory and value,Inventory Asset,0,6047.99
,Opening Balance Equity,05/01/2025,Inventory Starting Value,START,,1697-217 - Opening inventory and value,Inventory Asset,0,6047.99
,Opening Balance Equity,05/01/2025,Inventory Starting Value,START,,1697-108 - Opening inventory and value,Inventory Asset,0,6047.99
,Opening Balance Equity,05/01/2025,Inventory Starting Value,START,,1697-833 - Opening inventory and value,Inventory Asset,0,6047.99
,Opening Balance Equity,05/01/2025,Inventory Starting Value,START,,1700-244 - Opening inventory and value,Inventory Asset,0,6047.99
,Opening Balance Equity,05/01/2025,Inventory Starting Value,START,,1700-610 - Opening inventory and value,Inventory Asset,0,6047.99
,Opening Balance Equity,05/01/2025,Inventory Starting Value,START,,1700-510 - Opening inventory and value,Inventory Asset,0,6047.99
,Opening Balance Equity,05/01/2025,Inventory Starting Value,START,,1700-209 - Opening inventory and value,Inventory Asset,0,6047.99
,Opening Balance Equity,05/01/2025,Inventory Starting Value,START,,1700-222 - Opening inventory and value,Inventory Asset,0,6047.99
,Opening Balance Equity,05/01/2025,Inventory Starting Value,START,,1700-550 - Opening inventory and value,Inventory Asset,0,6047.99
,Opening Balance Equity,05/01/2025,Inventory Starting Value,START,,1700-590 - Opening inventory and value,Inventory Asset,0,6047.99
,Opening Balance Equity,05/01/2025,Inventory Starting Value,START,,1700-210 - Opening inventory and value,Inventory Asset,0,6047.99
,Opening Balance Equity,05/01/2025,Inventory Starting Value,START,,DOB-SFJ1-113-1 - Opening inventory and value,Inventory Asset,0,6047.99
,Opening Balance Equity,05/01/2025,Inventory Starting Value,START,,DOB-SFJ12-102-1 - Opening inventory and value,Inventory Asset,0,6047.99
,Opening Balance Equity,05/01/2025,Inventory Starting Value,START,,DOB-SFJ12-107-1 - Opening inventory and value,Inventory Asset,0,6047.99
,Opening Balance Equity,05/01/2025,Inventory Starting Value,START,,DOB-SFJ12-108-1 - Opening inventory and value,Inventory Asset,0,6047.99
,Opening Balance Equity,05/01/2025,Inventory Starting Value,START,,DOB-SFJ12-112-1 - Opening inventory and value,Inventory Asset,0,6047.99
,Opening Balance Equity,05/01/2025,Inventory Starting Value,START,,DOB-SFJ14-110-1 - Opening inventory and value,Inventory Asset,0,6047.99
,Opening Balance Equity,05/01/2025,Inventory Starting Value,START,,DOB-SFJ38-103-1 - Opening inventory and value,Inventory Asset,0,6047.99
,Opening Balance Equity,05/01/2025,Inventory Starting Value,START,,DOB-SFJ38-106-1 - Opening inventory and value,Inventory Asset,0,6047.99
,Opening Balance Equity,05/01/2025,Inventory Starting Value,START,,DOB-SFJ38-107-1 - Opening inventory and value,Inventory Asset,0,6047.99
,Opening Balance Equity,05/01/2025,Inventory Starting Value,START,,DOB-SFJ38-108-1 - Opening inventory and value,Inventory Asset,0,6047.99
,Opening Balance Equity,05/01/2025,Inventory Starting Value,START,,DOB-SFJ38-110-1 - Opening inventory and value,Inventory Asset,0,6047.99
,Opening Balance Equity,05/01/2025,Inventory Starting Value,START,,YAM-136-07-417 - Opening inventory and value,Inventory Asset,0,6047.99
,Opening Balance Equity,05/01/2025,Inventory Starting Value,START,,YAM-136-07-955 - Opening inventory and value,Inventory Asset,0,6047.99
,Opening Balance Equity,05/01/2025,Inventory Starting Value,START,,YAM-136-07-996 - Opening inventory and value,Inventory Asset,0,6047.99
,Opening Balance Equity,05/01/2025,Inventory Starting Value,START,,BBB-15CRTU19 - Opening inventory and value,Inventory Asset,0,6047.99
,Opening Balance Equity,05/01/2025,Inventory Starting Value,START,,BBB-2SWMNR-11 - Opening inventory and value,Inventory Asset,0,6047.99
,Opening Balance Equity,05/01/2025,Inventory Starting Value,START,,784196805082 - Opening inventory and value,Inventory Asset,0,6047.99
,Opening Balance Equity,05/01/2025,Inventory Starting Value,START,,784196806553 - Opening inventory and value,Inventory Asset,0,6047.99
,Opening Balance Equity,05/01/2025,Inventory Starting Value,START,,784196803712 - Opening inventory and value,Inventory Asset,0,6047.99
,Opening Balance Equity,05/01/2025,Inventory Starting Value,START,,781496803729 - Opening inventory and value,Inventory Asset,0,6047.99
,Opening Balance Equity,05/01/2025,Inventory Starting Value,START,,725414386389 - Opening inventory and value,Inventory Asset,0,6047.99
,Opening Balance Equity,05/01/2025,Inventory Starting Value,START,,Dead-1 - Opening inventory and value,Inventory Asset,0,6047.99
,Opening Balance Equity,05/01/2025,Inventory Starting Value,START,,Dead-2 - Opening inventory and value,Inventory Asset,0,6047.99
,Opening Balance Equity,05/01/2025,Inventory Starting Value,START,,Dead-3 - Opening inventory and value,Inventory Asset,0,6047.99
,Opening Balance Equity,05/01/2025,Inventory Starting Value,START,,Dead-4 - Opening inventory and value,Inventory Asset,0,6047.99
,Opening Balance Equity,05/01/2025,Inventory Starting Value,START,,Raider-64 - Opening inventory and value,Inventory Asset,0,6047.99
,Opening Balance Equity,05/01/2025,Inventory Starting Value,START,,Raider-63 - Opening inventory and value,Inventory Asset,0,6047.99
,Opening Balance Equity,05/01/2025,Inventory Starting Value,START,,Raider-52 - Opening inventory and value,Inventory Asset,0,6047.99
,Opening Balance Equity,05/01/2025,Inventory Starting Value,START,,Radier-54 - Opening inventory and value,Inventory Asset,0,6047.99
,Opening Balance Equity,05/01/2025,Inventory Starting Value,START,,43124 - Opening inventory and value,Inventory Asset,0,6047.99
,Opening Balance Equity,05/01/2025,Inventory Starting Value,START,,43272 - Opening inventory and value,Inventory Asset,0,6047.99
,Opening Balance Equity,05/01/2025,Inventory Starting Value,START,,43280 - Opening inventory and value,Inventory Asset,0,6047.99
,Opening Balance Equity,05/01/2025,Inventory Starting Value,START,,43309 - Opening inventory and value,Inventory Asset,0,6047.99
,Opening Balance Equity,05/01/2025,Inventory Starting Value,START,,43704 - Opening inventory and value,Inventory Asset,0,6047.99
,Opening Balance Equity,05/01/2025,Inventory Starting Value,START,,43830 - Opening inventory and value,Inventory Asset,0,6047.99
,Opening Balance Equity,05/01/2025,Inventory Starting Value,START,,15111 - Opening inventory and value,Inventory Asset,0,6047.99
,Opening Balance Equity,05/01/2025,Inventory Starting Value,START,,15410 - Opening inventory and value,Inventory Asset,0,6047.99
,Opening Balance Equity,05/01/2025,Inventory Starting Value,START,,15705 - Opening inventory and value,Inventory Asset,0,6047.99
,Opening Balance Equity,05/01/2025,Inventory Starting Value,START,,15977 - Opening inventory and value,Inventory Asset,0,6047.99
,Opening Balance Equity,05/01/2025,Inventory Starting Value,START,,11130 - Opening inventory and value,Inventory Asset,0,6047.99
,Opening Balance Equity,05/01/2025,Inventory Starting Value,START,,11309 - Opening inventory and value,Inventory Asset,0,6047.99
,Opening Balance Equity,05/01/2025,Inventory Starting Value,START,,11310 - Opening inventory and value,Inventory Asset,0,6047.99
,Opening Balance Equity,05/01/2025,Inventory Starting Value,START,,11314 - Opening inventory and value,Inventory Asset,0,6047.99
,Opening Balance Equity,05/01/2025,Inventory Starting Value,START,,11317 - Opening inventory and value,Inventory Asset,0,6047.99
,Opening Balance Equity,05/01/2025,Inventory Starting Value,START,,11910 - Opening inventory and value,Inventory Asset,0,6047.99
,Opening Balance Equity,05/01/2025,Inventory Starting Value,START,,11911 - Opening inventory and value,Inventory Asset,0,6047.99
,Opening Balance Equity,05/01/2025,Inventory Starting Value,START,,11912 - Opening inventory and value,Inventory Asset,0,6047.99
,Opening Balance Equity,05/01/2025,Inventory Starting Value,START,,11920 - Opening inventory and value,Inventory Asset,0,6047.99
,Opening Balance Equity,05/01/2025,Inventory Starting Value,START,,THD-19-003 - Opening inventory and value,Inventory Asset,0,6047.99
,Opening Balance Equity,05/01/2025,Inventory Starting Value,START,,THD-19-006 - Opening inventory and value,Inventory Asset,0,6047.99
,Opening Balance Equity,05/01/2025,Inventory Starting Value,START,,THD-19-020 - Opening inventory and value,Inventory Asset,0,6047.99
,Opening Balance Equity,05/01/2025,Inventory Starting Value,START,,THD-19-032 - Opening inventory and value,Inventory Asset,0,6047.99
,Opening Balance Equity,05/01/2025,Inventory Starting Value,START,,THD-19-087 - Opening inventory and value,Inventory Asset,0,6047.99
,Opening Balance Equity,05/01/2025,Inventory Starting Value,START,,THD-19-112 - Opening inventory and value,Inventory Asset,0,6047.99
,Opening Balance Equity,05/01/2025,Inventory Starting Value,START,,THD-350-028 - Opening inventory and value,Inventory Asset,0,6047.99
,Opening Balance Equity,05/01/2025,Inventory Starting Value,START,,LSC-470F - Opening inventory and value,Inventory Asset,0,6047.99
,Opening Balance Equity,05/01/2025,Inventory Starting Value,START,,LSC-574F - Opening inventory and value,Inventory Asset,0,6047.99
,Opening Balance Equity,05/01/2025,Inventory Starting Value,START,,LSC-674F - Opening inventory and value,Inventory Asset,0,6047.99
,Opening Balance Equity,05/01/2025,Inventory Starting Value,START,,LSC-470MFC - Opening inventory and value,Inventory Asset,0,6047.99
,Opening Balance Equity,05/01/2025,Inventory Starting Value,START,,LSC-574MFC - Opening inventory and value,Inventory Asset,0,6047.99
,Opening Balance Equity,05/01/2025,Inventory Starting Value,START,,LSC-578MFC - Opening inventory and value,Inventory Asset,0,6047.99
,Opening Balance Equity,05/01/2025,Inventory Starting Value,START,,LSS-370F - Opening inventory and value,Inventory Asset,0,6047.99
,Opening Balance Equity,05/01/2025,Inventory Starting Value,START,,MLF-1 - Opening inventory and value,Inventory Asset,0,6047.99
,Opening Balance Equity,05/01/2025,Inventory Starting Value,START,,MLF-2 - Opening inventory and value,Inventory Asset,0,6047.99
,Opening Balance Equity,05/01/2025,Inventory Starting Value,START,,PT-65P-BONE - Opening inventory and value,Inventory Asset,0,6047.99
,Opening Balance Equity,05/01/2025,Inventory Starting Value,START,,PT-65P-MPBC - Opening inventory and value,Inventory Asset,0,6047.99
,Opening Balance Equity,05/01/2025,Inventory Starting Value,START,,PT-65P-CHR - Opening inventory and value,Inventory Asset,0,6047.99
,Opening Balance Equity,05/01/2025,Inventory Starting Value,START,,PT-65P-MSH - Opening inventory and value,Inventory Asset,0,6047.99
,Opening Balance Equity,05/01/2025,Inventory Starting Value,START,,NL-BW1-BBSD - Opening inventory and value,Inventory Asset,0,6047.99
,Opening Balance Equity,05/01/2025,Inventory Starting Value,START,,NL-BW1-BCSD - Opening inventory and value,Inventory Asset,0,6047.99
,Opening Balance Equity,05/01/2025,Inventory Starting Value,START,,NL-BW1-BOSD - Opening inventory and value,Inventory Asset,0,6047.99
,Opening Balance Equity,05/01/2025,Inventory Starting Value,START,,NL-BW1-CKCW - Opening inventory and value,Inventory Asset,0,6047.99
,Opening Balance Equity,05/01/2025,Inventory Starting Value,START,,NL-BW1-GBGL - Opening inventory and value,Inventory Asset,0,6047.99
,Opening Balance Equity,05/01/2025,Inventory Starting Value,START,,NL-BW1-GBSD - Opening inventory and value,Inventory Asset,0,6047.99
,Opening Balance Equity,05/01/2025,Inventory Starting Value,START,,NL-BW1-OBGL - Opening inventory and value,Inventory Asset,0,6047.99
,Opening Balance Equity,05/01/2025,Inventory Starting Value,START,,NL-BW1-RB - Opening inventory and value,Inventory Asset,0,6047.99
,Opening Balance Equity,05/01/2025,Inventory Starting Value,START,,C-470F - Opening inventory and value,Inventory Asset,0,6047.99
,Opening Balance Equity,05/01/2025,Inventory Starting Value,START,,C-574F - Opening inventory and value,Inventory Asset,0,6047.99
,Opening Balance Equity,05/01/2025,Inventory Starting Value,START,,C-674F - Opening inventory and value,Inventory Asset,0,6047.99
,Opening Balance Equity,05/01/2025,Inventory Starting Value,START,,C-470MF - Opening inventory and value,Inventory Asset,0,6047.99
,Opening Balance Equity,05/01/2025,Inventory Starting Value,START,,C-574MF - Opening inventory and value,Inventory Asset,0,6047.99
,Opening Balance Equity,05/01/2025,Inventory Starting Value,START,,C-578MF - Opening inventory and value,Inventory Asset,0,6047.99
,Opening Balance Equity,05/01/2025,Inventory Starting Value,START,,S-370F - Opening inventory and value,Inventory Asset,0,6047.99
,Opening Balance Equity,05/01/2025,Inventory Starting Value,START,,S-474F - Opening inventory and value,Inventory Asset,0,6047.99
,Opening Balance Equity,05/01/2025,Inventory Starting Value,START,,S-574F - Opening inventory and value,Inventory Asset,0,6047.99
,Opening Balance Equity,05/01/2025,Inventory Starting Value,START,,LURE-848927018025 - Opening inventory and value,Inventory Asset,0,6047.99
,Opening Balance Equity,05/01/2025,Inventory Starting Value,START,,LURE-848927018056 - Opening inventory and value,Inventory Asset,0,6047.99
,Opening Balance Equity,05/01/2025,Inventory Starting Value,START,,LURE-848927018186 - Opening inventory and value,Inventory Asset,0,6047.99
,Opening Balance Equity,05/01/2025,Inventory Starting Value,START,,LURE-848927018209 - Opening inventory and value,Inventory Asset,0,6047.99
,Opening Balance Equity,05/01/2025,Inventory Starting Value,START,,LURE-848927018247 - Opening inventory and value,Inventory Asset,0,6047.99
,Opening Balance Equity,05/01/2025,Inventory Starting Value,START,,LURE-848927018261 - Opening inventory and value,Inventory Asset,0,6047.99
,Opening Balance Equity,05/01/2025,Inventory Starting Value,START,,LURE-848927018278 - Opening inventory and value,Inventory Asset,0,6047.99
,Opening Balance Equity,05/01/2025,Inventory Starting Value,START,,LURE-848927018292 - Opening inventory and value,Inventory Asset,0,6047.99
,Opening Balance Equity,05/01/2025,Inventory Starting Value,START,,LURE-848927018339 - Opening inventory and value,Inventory Asset,0,6047.99
,Opening Balance Equity,05/01/2025,Inventory Starting Value,START,,LURE-848927018513 - Opening inventory and value,Inventory Asset,0,6047.99
,Opening Balance Equity,05/01/2025,Inventory Starting Value,START,,LURE-848927018544 - Opening inventory and value,Inventory Asset,0,6047.99
,Opening Balance Equity,05/01/2025,Inventory Starting Value,START,,LURE-848927018629 - Opening inventory and value,Inventory Asset,0,6047.99
,Opening Balance Equity,05/01/2025,Inventory Starting Value,START,,LURE-848927018674 - Opening inventory and value,Inventory Asset,0,6047.99
,Opening Balance Equity,05/01/2025,Inventory Starting Value,START,,LURE-848927018865 - Opening inventory and value,Inventory Asset,0,6047.99
,Opening Balance Equity,05/01/2025,Inventory Starting Value,START,,LURE-848927018926 - Opening inventory and value,Inventory Asset,0,6047.99
,Opening Balance Equity,05/01/2025,Inventory Starting Value,START,,LURE-848927018940 - Opening inventory and value,Inventory Asset,0,6047.99
,Opening Balance Equity,05/01/2025,Inventory Starting Value,START,,LURE-848927014119 - Opening inventory and value,Inventory Asset,0,6047.99
,Opening Balance Equity,05/01/2025,Inventory Starting Value,START,,LURE-848927014133 - Opening inventory and value,Inventory Asset,0,6047.99
,Opening Balance Equity,05/01/2025,Inventory Starting Value,START,,LURE-848927014157 - Opening inventory and value,Inventory Asset,0,6047.99
,Opening Balance Equity,05/01/2025,Inventory Starting Value,START,,LURE-848927014201 - Opening inventory and value,Inventory Asset,0,6047.99
,Opening Balance Equity,05/01/2025,Inventory Starting Value,START,,LURE-848927014355 - Opening inventory and value,Inventory Asset,0,6047.99
,Opening Balance Equity,05/01/2025,Inventory Starting Value,START,,LURE-848927014430 - Opening inventory and value,Inventory Asset,0,6047.99
,Opening Balance Equity,05/01/2025,Inventory Starting Value,START,,LURE-848927016021 - Opening inventory and value,Inventory Asset,0,6047.99
,Opening Balance Equity,05/01/2025,Inventory Starting Value,START,,LURE-848927016052 - Opening inventory and value,Inventory Asset,0,6047.99
,Opening Balance Equity,05/01/2025,Inventory Starting Value,START,,LURE-848927016083 - Opening inventory and value,Inventory Asset,0,6047.99
,Opening Balance Equity,05/01/2025,Inventory Starting Value,START,,LURE-848927016151 - Opening inventory and value,Inventory Asset,0,6047.99
,Opening Balance Equity,05/01/2025,Inventory Starting Value,START,,LURE-848927016168 - Opening inventory and value,Inventory Asset,0,6047.99
,Opening Balance Equity,05/01/2025,Inventory Starting Value,START,,LURE-848927016267 - Opening inventory and value,Inventory Asset,0,6047.99
,Opening Balance Equity,05/01/2025,Inventory Starting Value,START,,LURE-848927016274 - Opening inventory and value,Inventory Asset,0,6047.99
,Opening Balance Equity,05/01/2025,Inventory Starting Value,START,,LURE-848927016281 - Opening inventory and value,Inventory Asset,0,6047.99
,Opening Balance Equity,05/01/2025,Inventory Starting Value,START,,LURE-848927016335 - Opening inventory and value,Inventory Asset,0,6047.99
,Opening Balance Equity,05/01/2025,Inventory Starting Value,START,,LURE-848927016946 - Opening inventory and value,Inventory Asset,0,6047.99
,Opening Balance Equity,05/01/2025,Inventory Starting Value,START,,LURE-848927029335 - Opening inventory and value,Inventory Asset,0,6047.99
,Opening Balance Equity,05/01/2025,Inventory Starting Value,START,,LURE-848927029359 - Opening inventory and value,Inventory Asset,0,6047.99
,Opening Balance Equity,05/01/2025,Inventory Starting Value,START,,LURE-848927029373 - Opening inventory and value,Inventory Asset,0,6047.99
,Opening Balance Equity,05/01/2025,Inventory Starting Value,START,,LURE-848927029434 - Opening inventory and value,Inventory Asset,0,6047.99
,Opening Balance Equity,05/01/2025,Inventory Starting Value,START,,LURE-848927029496 - Opening inventory and value,Inventory Asset,0,6047.99
,Opening Balance Equity,05/01/2025,Inventory Starting Value,START,,LURE-848927029502 - Opening inventory and value,Inventory Asset,0,6047.99
,Opening Balance Equity,05/01/2025,Inventory Starting Value,START,,LURE-848927029540 - Opening inventory and value,Inventory Asset,0,6047.99
,Opening Balance Equity,05/01/2025,Inventory Starting Value,START,,LURE-848927029038 - Opening inventory and value,Inventory Asset,0,6047.99
,Opening Balance Equity,05/01/2025,Inventory Starting Value,START,,MBVJ-3700 - Opening inventory and value,Inventory Asset,0,6047.99
,Opening Balance Equity,05/01/2025,Inventory Starting Value,START,,BS-S-6 - Opening inventory and value,Inventory Asset,0,6047.99
,Opening Balance Equity,05/01/2025,Inventory Starting Value,START,,BS-G-6 - Opening inventory and value,Inventory Asset,0,6047.99
,Opening Balance Equity,05/01/2025,Inventory Starting Value,START,,BS-G-2 - Opening inventory and value,Inventory Asset,0,6047.99
,Opening Balance Equity,05/01/2025,Inventory Starting Value,START,,BS-B-8 - Opening inventory and value,Inventory Asset,0,6047.99
,Opening Balance Equity,05/01/2025,Inventory Starting Value,START,,BS-G-11 - Opening inventory and value,Inventory Asset,0,6047.99
,Opening Balance Equity,05/01/2025,Inventory Starting Value,START,,BS-S-1 - Opening inventory and value,Inventory Asset,0,6047.99
,Opening Balance Equity,05/01/2025,Inventory Starting Value,START,,BS-S-12 - Opening inventory and value,Inventory Asset,0,6047.99
,Opening Balance Equity,05/01/2025,Inventory Starting Value,START,,P106DD-LS - Opening inventory and value,Inventory Asset,0,6047.99
,Opening Balance Equity,05/01/2025,Inventory Starting Value,START,,P106DD-MDF - Opening inventory and value,Inventory Asset,0,6047.99
,Opening Balance Equity,05/01/2025,Inventory Starting Value,START,,P106DD-MILCLWN - Opening inventory and value,Inventory Asset,0,6047.99
,Opening Balance Equity,05/01/2025,Inventory Starting Value,START,,P106DD-MN - Opening inventory and value,Inventory Asset,0,6047.99
,Opening Balance Equity,05/01/2025,Inventory Starting Value,START,,P106DD-MRDWN - Opening inventory and value,Inventory Asset,0,6047.99
,Opening Balance Equity,05/01/2025,Inventory Starting Value,START,,P106DD-PRN6 - Opening inventory and value,Inventory Asset,0,6047.99
,Opening Balance Equity,05/01/2025,Inventory Starting Value,START,,P106DD-SD - Opening inventory and value,Inventory Asset,0,6047.99
,Opening Balance Equity,05/01/2025,Inventory Starting Value,START,,P106DD-SDPR - Opening inventory and value,Inventory Asset,0,6047.99
,Opening Balance Equity,05/01/2025,Inventory Starting Value,START,,MM-81 - Opening inventory and value,Inventory Asset,0,6047.99
,Opening Balance Equity,05/01/2025,Inventory Starting Value,START,,MM-26 - Opening inventory and value,Inventory Asset,0,6047.99
,Opening Balance Equity,05/01/2025,Inventory Starting Value,START,,MM-9 - Opening inventory and value,Inventory Asset,0,6047.99
,Opening Balance Equity,05/01/2025,Inventory Starting Value,START,,MM-10 - Opening inventory and value,Inventory Asset,0,6047.99
,Opening Balance Equity,05/01/2025,Inventory Starting Value,START,,MM-82 - Opening inventory and value,Inventory Asset,0,6047.99
,Opening Balance Equity,05/01/2025,Inventory Starting Value,START,,LB-14 - Opening inventory and value,Inventory Asset,0,6047.99
,Opening Balance Equity,05/01/2025,Inventory Starting Value,START,,LB-23 - Opening inventory and value,Inventory Asset,0,6047.99
,Opening Balance Equity,05/01/2025,Inventory Starting Value,START,,LB-37 - Opening inventory and value,Inventory Asset,0,6047.99
,Opening Balance Equity,05/01/2025,Inventory Starting Value,START,,LB-81 - Opening inventory and value,Inventory Asset,0,6047.99
,Opening Balance Equity,05/01/2025,Inventory Starting Value,START,,LB-56 - Opening inventory and value,Inventory Asset,0,6047.99
,Opening Balance Equity,05/01/2025,Inventory Starting Value,START,,LB-10 - Opening inventory and value,Inventory Asset,0,6047.99
,Opening Balance Equity,05/01/2025,Inventory Starting Value,START,,LB-54 - Opening inventory and value,Inventory Asset,0,6047.99
,Opening Balance Equity,05/01/2025,Inventory Starting Value,START,,LB-83 - Opening inventory and value,Inventory Asset,0,6047.99
,Opening Balance Equity,05/01/2025,Inventory Starting Value,START,,SS110-43 - Opening inventory and value,Inventory Asset,0,6047.99
,Opening Balance Equity,05/01/2025,Inventory Starting Value,START,,SS110-18 - Opening inventory and value,Inventory Asset,0,6047.99
,Opening Balance Equity,05/01/2025,Inventory Starting Value,START,,SS110-79 - Opening inventory and value,Inventory Asset,0,6047.99
,Opening Balance Equity,05/01/2025,Inventory Starting Value,START,,SS110-11 - Opening inventory and value,Inventory Asset,0,6047.99
,Opening Balance Equity,05/01/2025,Inventory Starting Value,START,,SS110-63 - Opening inventory and value,Inventory Asset,0,6047.99
,Opening Balance Equity,05/01/2025,Inventory Starting Value,START,,SS110-35 - Opening inventory and value,Inventory Asset,0,6047.99
,Opening Balance Equity,05/01/2025,Inventory Starting Value,START,,SS110-64 - Opening inventory and value,Inventory Asset,0,6047.99
,Opening Balance Equity,05/01/2025,Inventory Starting Value,START,,SS110-81 - Opening inventory and value,Inventory Asset,0,6047.99
,Opening Balance Equity,05/01/2025,Inventory Starting Value,START,,UVH-IG-M - Opening inventory and value,Inventory Asset,0,6047.99
,Opening Balance Equity,05/01/2025,Inventory Starting Value,START,,UVH-IG-L - Opening inventory and value,Inventory Asset,0,6047.99
,Opening Balance Equity,05/01/2025,Inventory Starting Value,START,,UVH-IG-XL - Opening inventory and value,Inventory Asset,0,6047.99
,Opening Balance Equity,05/01/2025,Inventory Starting Value,START,,UVH-IG-2X - Opening inventory and value,Inventory Asset,0,6047.99
,Opening Balance Equity,05/01/2025,Inventory Starting Value,START,,UVH-IG-3X - Opening inventory and value,Inventory Asset,0,6047.99
,Opening Balance Equity,05/01/2025,Inventory Starting Value,START,,UVH-IG-4X - Opening inventory and value,Inventory Asset,0,6047.99
,Opening Balance Equity,05/01/2025,Inventory Starting Value,START,,UVH-SF-M - Opening inventory and value,Inventory Asset,0,6047.99
,Opening Balance Equity,05/01/2025,Inventory Starting Value,START,,UVH-SF-L - Opening inventory and value,Inventory Asset,0,6047.99
,Opening Balance Equity,05/01/2025,Inventory Starting Value,START,,UVH-SF-XL - Opening inventory and value,Inventory Asset,0,6047.99
,Opening Balance Equity,05/01/2025,Inventory Starting Value,START,,UVH-SF-2X - Opening inventory and value,Inventory Asset,0,6047.99
,Opening Balance Equity,05/01/2025,Inventory Starting Value,START,,UVH-SF-3X - Opening inventory and value,Inventory Asset,0,6047.99
,Opening Balance Equity,05/01/2025,Inventory Starting Value,START,,UVH-SF-4X - Opening inventory and value,Inventory Asset,0,6047.99
,Opening Balance Equity,05/01/2025,Inventory Starting Value,START,,UVH-S-M - Opening inventory and value,Inventory Asset,0,6047.99
,Opening Balance Equity,05/01/2025,Inventory Starting Value,START,,UVH-S-L - Opening inventory and value,Inventory Asset,0,6047.99
,Opening Balance Equity,05/01/2025,Inventory Starting Value,START,,UVH-S-XL - Opening inventory and value,Inventory Asset,0,6047.99
,Opening Balance Equity,05/01/2025,Inventory Starting Value,START,,UVH-S-2X - Opening inventory and value,Inventory Asset,0,6047.99
,Opening Balance Equity,05/01/2025,Inventory Starting Value,START,,UVH-S-3X - Opening inventory and value,Inventory Asset,0,6047.99
,Opening Balance Equity,05/01/2025,Inventory Starting Value,START,,UVH-S-4X - Opening inventory and value,Inventory Asset,0,6047.99
,Opening Balance Equity,05/01/2025,Inventory Starting Value,START,,112LN-IG-OP - Opening inventory and value,Inventory Asset,0,6047.99
,Opening Balance Equity,05/01/2025,Inventory Starting Value,START,,112LN-BK-OP - Opening inventory and value,Inventory Asset,0,6047.99
,Opening Balance Equity,05/01/2025,Inventory Starting Value,START,,511-TC-OP - Opening inventory and value,Inventory Asset,0,6047.99
,Opening Balance Equity,05/01/2025,Inventory Starting Value,START,,112OPCO-RT-OP - Opening inventory and value,Inventory Asset,0,6047.99
,Opening Balance Equity,05/01/2025,Inventory Starting Value,START,,BBB-35CC-01 - Opening inventory and value,Inventory Asset,0,6047.99
,Opening Balance Equity,05/01/2025,Inventory Starting Value,START,,BBB-35CC-02 - Opening inventory and value,Inventory Asset,0,6047.99
,Opening Balance Equity,05/01/2025,Inventory Starting Value,START,,BBB-35CC-04 - Opening inventory and value,Inventory Asset,0,6047.99
,Opening Balance Equity,05/01/2025,Inventory Starting Value,START,,BBB-35CC-06 - Opening inventory and value,Inventory Asset,0,6047.99
,Opening Balance Equity,05/01/2025,Inventory Starting Value,START,,BBB-35CC-08 - Opening inventory and value,Inventory Asset,0,6047.99
,Opening Balance Equity,05/01/2025,Inventory Starting Value,START,,BBB-35CC-09 - Opening inventory and value,Inventory Asset,0,6047.99
,Opening Balance Equity,05/01/2025,Inventory Starting Value,START,,BBB-35CC-11 - Opening inventory and value,Inventory Asset,0,6047.99
,Opening Balance Equity,05/01/2025,Inventory Starting Value,START,,BBB-35CC-12 - Opening inventory and value,Inventory Asset,0,6047.99
,Opening Balance Equity,05/01/2025,Inventory Starting Value,START,,BBB-FW6-25 - Opening inventory and value,Inventory Asset,0,6047.99
,Opening Balance Equity,05/01/2025,Inventory Starting Value,START,,BBB-FW8-01 - Opening inventory and value,Inventory Asset,0,6047.99
,Opening Balance Equity,05/01/2025,Inventory Starting Value,START,,BBB-FW8-05 - Opening inventory and value,Inventory Asset,0,6047.99
,Opening Balance Equity,05/01/2025,Inventory Starting Value,START,,BBB-FW8-07 - Opening inventory and value,Inventory Asset,0,6047.99
,Opening Balance Equity,05/01/2025,Inventory Starting Value,START,,BBB-FW8-08 - Opening inventory and value,Inventory Asset,0,6047.99
,Opening Balance Equity,05/01/2025,Inventory Starting Value,START,,BBB-FW8-22 - Opening inventory and value,Inventory Asset,0,6047.99
,Opening Balance Equity,05/01/2025,Inventory Starting Value,START,,BBB-FW8-23 - Opening inventory and value,Inventory Asset,0,6047.99
,Opening Balance Equity,05/01/2025,Inventory Starting Value,START,,BBB-FW8-26 - Opening inventory and value,Inventory Asset,0,6047.99
,Opening Balance Equity,05/01/2025,Inventory Starting Value,START,,BBB-BBTW-G-116-1099 - Opening inventory and value,Inventory Asset,0,6047.99
,Opening Balance Equity,05/01/2025,Inventory Starting Value,START,,BBB-BBTW-G-14-1099 - Opening inventory and value,Inventory Asset,0,6047.99
,Opening Balance Equity,05/01/2025,Inventory Starting Value,START,,BBB-BBTW-G-18-1099 - Opening inventory and value,Inventory Asset,0,6047.99
,Opening Balance Equity,05/01/2025,Inventory Starting Value,START,,BBB-BBTW-G-316-1099 - Opening inventory and value,Inventory Asset,0,6047.99
,Opening Balance Equity,05/01/2025,Inventory Starting Value,START,,BBB-BBTW-G-38-1099 - Opening inventory and value,Inventory Asset,0,6047.99
,Opening Balance Equity,05/01/2025,Inventory Starting Value,START,,B8-3DW-B8F - Opening inventory and value,Inventory Asset,0,6047.99
,Opening Balance Equity,05/01/2025,Inventory Starting Value,START,,B8-3DW-BLY - Opening inventory and value,Inventory Asset,0,6047.99
,Opening Balance Equity,05/01/2025,Inventory Starting Value,START,,B8-3DW-PFI - Opening inventory and value,Inventory Asset,0,6047.99
,Opening Balance Equity,05/01/2025,Inventory Starting Value,START,,B8-3DW-CHS - Opening inventory and value,Inventory Asset,0,6047.99
,Opening Balance Equity,05/01/2025,Inventory Starting Value,START,,B8-3DW-WHB - Opening inventory and value,Inventory Asset,0,6047.99
,Opening Balance Equity,05/01/2025,Inventory Starting Value,START,,B8-3DW-BRG - Opening inventory and value,Inventory Asset,0,6047.99
,Opening Balance Equity,05/01/2025,Inventory Starting Value,START,,B8-3DW-REH - Opening inventory and value,Inventory Asset,0,6047.99
,Opening Balance Equity,05/01/2025,Inventory Starting Value,START,,BYMPM18685 - Opening inventory and value,Inventory Asset,0,6047.99
,Opening Balance Equity,05/01/2025,Inventory Starting Value,START,,YWS308 - Opening inventory and value,Inventory Asset,0,6047.99
,Opening Balance Equity,05/01/2025,Inventory Starting Value,START,,YWS309 - Opening inventory and value,Inventory Asset,0,6047.99
,Opening Balance Equity,05/01/2025,Inventory Starting Value,START,,YWS3177 - Opening inventory and value,Inventory Asset,0,6047.99
,Opening Balance Equity,05/01/2025,Inventory Starting Value,START,,YWS3178 - Opening inventory and value,Inventory Asset,0,6047.99
,Opening Balance Equity,05/01/2025,Inventory Starting Value,START,,YWS333 - Opening inventory and value,Inventory Asset,0,6047.99
,Opening Balance Equity,05/01/2025,Inventory Starting Value,START,,YWS344 - Opening inventory and value,Inventory Asset,0,6047.99
,Opening Balance Equity,05/01/2025,Inventory Starting Value,START,,Raider-71 - Opening inventory and value,Inventory Asset,0,6047.99
,Opening Balance Equity,05/01/2025,Inventory Starting Value,START,,Raider-63 - Opening inventory and value,Inventory Asset,0,6047.99
,Opening Balance Equity,05/01/2025,Inventory Starting Value,START,,Raider-52 - Opening inventory and value,Inventory Asset,0,6047.99
,Opening Balance Equity,05/01/2025,Inventory Starting Value,START,,Radier-54 - Opening inventory and value,Inventory Asset,0,6047.99
,Opening Balance Equity,05/01/2025,Inventory Starting Value,START,,Radier-84 - Opening inventory and value,Inventory Asset,0,6047.99
,Opening Balance Equity,05/01/2025,Inventory Starting Value,START,,Radier-79 - Opening inventory and value,Inventory Asset,0,6047.99
,Opening Balance Equity,05/01/2025,Inventory Starting Value,START,,Radier-12 - Opening inventory and value,Inventory Asset,0,6047.99
,Opening Balance Equity,05/01/2025,Inventory Starting Value,START,,Radier-2 - Opening inventory and value,Inventory Asset,0,6047.99
,Opening Balance Equity,05/01/2025,Inventory Starting Value,START,,A110-87 - Opening inventory and value,Inventory Asset,0,6047.99
,Opening Balance Equity,05/01/2025,Inventory Starting Value,START,,A110-85 - Opening inventory and value,Inventory Asset,0,6047.99
,Opening Balance Equity,05/01/2025,Inventory Starting Value,START,,A110-86 - Opening inventory and value,Inventory Asset,0,6047.99
,Opening Balance Equity,05/01/2025,Inventory Starting Value,START,,A110-11 - Opening inventory and value,Inventory Asset,0,6047.99
,Opening Balance Equity,05/01/2025,Inventory Starting Value,START,,A110-63 - Opening inventory and value,Inventory Asset,0,6047.99
,Opening Balance Equity,05/01/2025,Inventory Starting Value,START,,A110-50 - Opening inventory and value,Inventory Asset,0,6047.99
,Opening Balance Equity,05/01/2025,Inventory Starting Value,START,,A110-37 - Opening inventory and value,Inventory Asset,0,6047.99
,Opening Balance Equity,05/01/2025,Inventory Starting Value,START,,A110-81 - Opening inventory and value,Inventory Asset,0,6047.99
,Opening Balance Equity,05/01/2025,Inventory Starting Value,START,,SF-14 - Opening inventory and value,Inventory Asset,0,6047.99
,Opening Balance Equity,05/01/2025,Inventory Starting Value,START,,SF-22 - Opening inventory and value,Inventory Asset,0,6047.99
,Opening Balance Equity,05/01/2025,Inventory Starting Value,START,,SF-38 - Opening inventory and value,Inventory Asset,0,6047.99
,Opening Balance Equity,05/01/2025,Inventory Starting Value,START,,SF-87 - Opening inventory and value,Inventory Asset,0,6047.99
,Opening Balance Equity,05/01/2025,Inventory Starting Value,START,,SSK40-PB - Opening inventory and value,Inventory Asset,0,6047.99
,Opening Balance Equity,05/01/2025,Inventory Starting Value,START,,SSK40-OLF - Opening inventory and value,Inventory Asset,0,6047.99
,Opening Balance Equity,05/01/2025,Inventory Starting Value,START,,SSK40-GDSR - Opening inventory and value,Inventory Asset,0,6047.99
,Opening Balance Equity,05/01/2025,Inventory Starting Value,START,,SSK40-GPSR - Opening inventory and value,Inventory Asset,0,6047.99
,Opening Balance Equity,05/01/2025,Inventory Starting Value,START,,SSK40-GSR - Opening inventory and value,Inventory Asset,0,6047.99
,Opening Balance Equity,05/01/2025,Inventory Starting Value,START,,FS28-4KS - Opening inventory and value,Inventory Asset,0,6047.99
,Opening Balance Equity,05/01/2025,Inventory Starting Value,START,,FS28-GNSR - Opening inventory and value,Inventory Asset,0,6047.99
,Opening Balance Equity,05/01/2025,Inventory Starting Value,START,,FS28-GPSR - Opening inventory and value,Inventory Asset,0,6047.99
,Opening Balance Equity,05/01/2025,Inventory Starting Value,START,,FS28-GSR - Opening inventory and value,Inventory Asset,0,6047.99
,Opening Balance Equity,05/01/2025,Inventory Starting Value,START,,SBCP-6007-1 - Opening inventory and value,Inventory Asset,0,6047.99
,Opening Balance Equity,05/01/2025,Inventory Starting Value,START,,SBCP-6007-2 - Opening inventory and value,Inventory Asset,0,6047.99
,Opening Balance Equity,05/01/2025,Inventory Starting Value,START,,SBCP-6007-3 - Opening inventory and value,Inventory Asset,0,6047.99
,Opening Balance Equity,05/01/2025,Inventory Starting Value,START,,SBCP-6073-1 - Opening inventory and value,Inventory Asset,0,6047.99
,Opening Balance Equity,05/01/2025,Inventory Starting Value,START,,SBCP-6073-2 - Opening inventory and value,Inventory Asset,0,6047.99
,Opening Balance Equity,05/01/2025,Inventory Starting Value,START,,SBCP-6073-3 - Opening inventory and value,Inventory Asset,0,6047.99
,Opening Balance Equity,05/01/2025,Inventory Starting Value,START,,CB-9 - Opening inventory and value,Inventory Asset,0,6047.99
,Opening Balance Equity,05/01/2025,Inventory Starting Value,START,,CB-10 - Opening inventory and value,Inventory Asset,0,6047.99
,Opening Balance Equity,05/01/2025,Inventory Starting Value,START,,CB-11 - Opening inventory and value,Inventory Asset,0,6047.99
,Opening Balance Equity,05/01/2025,Inventory Starting Value,START,,CB-12 - Opening inventory and value,Inventory Asset,0,6047.99
,Opening Balance Equity,05/01/2025,Inventory Starting Value,START,,B-43 - Opening inventory and value,Inventory Asset,0,6047.99
,Opening Balance Equity,05/01/2025,Inventory Starting Value,START,,B-11 - Opening inventory and value,Inventory Asset,0,6047.99
,Opening Balance Equity,05/01/2025,Inventory Starting Value,START,,B-67 - Opening inventory and value,Inventory Asset,0,6047.99
,Opening Balance Equity,05/01/2025,Inventory Starting Value,START,,B-20 - Opening inventory and value,Inventory Asset,0,6047.99
,Opening Balance Equity,05/01/2025,Inventory Starting Value,START,,B-37 - Opening inventory and value,Inventory Asset,0,6047.99
,Opening Balance Equity,05/01/2025,Inventory Starting Value,START,,B-38 - Opening inventory and value,Inventory Asset,0,6047.99
,Opening Balance Equity,05/01/2025,Inventory Starting Value,START,,B-70 - Opening inventory and value,Inventory Asset,0,6047.99
,Opening Balance Equity,05/01/2025,Inventory Starting Value,START,,B-81 - Opening inventory and value,Inventory Asset,0,6047.99
,Opening Balance Equity,05/01/2025,Inventory Starting Value,START,,B-58 - Opening inventory and value,Inventory Asset,0,6047.99
,Opening Balance Equity,05/01/2025,Inventory Starting Value,START,,AB-GM - Opening inventory and value,Inventory Asset,0,6047.99
,Opening Balance Equity,05/01/2025,Inventory Starting Value,START,,AB-BM - Opening inventory and value,Inventory Asset,0,6047.99
,Opening Balance Equity,05/01/2025,Inventory Starting Value,START,,AB-H - Opening inventory and value,Inventory Asset,0,6047.99
,Opening Balance Equity,05/01/2025,Inventory Starting Value,START,,AB-FS - Opening inventory and value,Inventory Asset,0,6047.99
,Opening Balance Equity,05/01/2025,Inventory Starting Value,START,,AB-SF - Opening inventory and value,Inventory Asset,0,6047.99
,Opening Balance Equity,05/01/2025,Inventory Starting Value,START,,AB-NA - Opening inventory and value,Inventory Asset,0,6047.99
,Opening Balance Equity,05/01/2025,Inventory Starting Value,START,,1698-610 - Opening inventory and value,Inventory Asset,0,6047.99
,Opening Balance Equity,05/01/2025,Inventory Starting Value,START,,1698-206 - Opening inventory and value,Inventory Asset,0,6047.99
,Opening Balance Equity,05/01/2025,Inventory Starting Value,START,,1698-590 - Opening inventory and value,Inventory Asset,0,6047.99
,Opening Balance Equity,05/01/2025,Inventory Starting Value,START,,1698-110 - Opening inventory and value,Inventory Asset,0,6047.99
,Opening Balance Equity,05/01/2025,Inventory Starting Value,START,,1698-113 - Opening inventory and value,Inventory Asset,0,6047.99
,Opening Balance Equity,05/01/2025,Inventory Starting Value,START,,1698-270 - Opening inventory and value,Inventory Asset,0,6047.99
,Opening Balance Equity,05/01/2025,Inventory Starting Value,START,,1699-610 - Opening inventory and value,Inventory Asset,0,6047.99
,Opening Balance Equity,05/01/2025,Inventory Starting Value,START,,1699-206 - Opening inventory and value,Inventory Asset,0,6047.99
,Opening Balance Equity,05/01/2025,Inventory Starting Value,START,,1699-590 - Opening inventory and value,Inventory Asset,0,6047.99
,Opening Balance Equity,05/01/2025,Inventory Starting Value,START,,1699-110 - Opening inventory and value,Inventory Asset,0,6047.99
,Opening Balance Equity,05/01/2025,Inventory Starting Value,START,,1699-113 - Opening inventory and value,Inventory Asset,0,6047.99
,Opening Balance Equity,05/01/2025,Inventory Starting Value,START,,1699-270 - Opening inventory and value,Inventory Asset,0,6047.99
,Opening Balance Equity,05/01/2025,Inventory Starting Value,START,,1700-610 - Opening inventory and value,Inventory Asset,0,6047.99
,Opening Balance Equity,05/01/2025,Inventory Starting Value,START,,1700-206 - Opening inventory and value,Inventory Asset,0,6047.99
,Opening Balance Equity,05/01/2025,Inventory Starting Value,START,,1700-590 - Opening inventory and value,Inventory Asset,0,6047.99
,Opening Balance Equity,05/01/2025,Inventory Starting Value,START,,1700-110 - Opening inventory and value,Inventory Asset,0,6047.99
,Opening Balance Equity,05/01/2025,Inventory Starting Value,START,,1700-113 - Opening inventory and value,Inventory Asset,0,6047.99
,Opening Balance Equity,05/01/2025,Inventory Starting Value,START,,1700-270 - Opening inventory and value,Inventory Asset,0,6047.99
,Opening Balance Equity,05/01/2025,Inventory Starting Value,START,,PT-11 - Opening inventory and value,Inventory Asset,0,6047.99
,Opening Balance Equity,05/01/2025,Inventory Starting Value,START,,PT-87 - Opening inventory and value,Inventory Asset,0,6047.99
,Opening Balance Equity,05/01/2025,Inventory Starting Value,START,,PT-37 - Opening inventory and value,Inventory Asset,0,6047.99
,Opening Balance Equity,05/01/2025,Inventory Starting Value,START,,PT-89 - Opening inventory and value,Inventory Asset,0,6047.99
,Opening Balance Equity,05/01/2025,Inventory Starting Value,START,,PT-50 - Opening inventory and value,Inventory Asset,0,6047.99
,Opening Balance Equity,05/01/2025,Inventory Starting Value,START,,PT-56 - Opening inventory and value,Inventory Asset,0,6047.99
,Opening Balance Equity,05/01/2025,Inventory Starting Value,START,,BBDW-38-90 - Opening inventory and value,Inventory Asset,0,6047.99
,Opening Balance Equity,05/01/2025,Inventory Starting Value,START,,BBDW-12-90 - Opening inventory and value,Inventory Asset,0,6047.99
,Opening Balance Equity,05/01/2025,Inventory Starting Value,START,,BBDW-38-91 - Opening inventory and value,Inventory Asset,0,6047.99
,Opening Balance Equity,05/01/2025,Inventory Starting Value,START,,BBDW-12-91 - Opening inventory and value,Inventory Asset,0,6047.99
,Opening Balance Equity,05/01/2025,Inventory Starting Value,START,,BBDW-38-92 - Opening inventory and value,Inventory Asset,0,6047.99
,Opening Balance Equity,05/01/2025,Inventory Starting Value,START,,BBDW-12-92 - Opening inventory and value,Inventory Asset,0,6047.99
,Opening Balance Equity,05/01/2025,Inventory Starting Value,START,,BBDW-38-56 - Opening inventory and value,Inventory Asset,0,6047.99
,Opening Balance Equity,05/01/2025,Inventory Starting Value,START,,BBDW-12-56 - Opening inventory and value,Inventory Asset,0,6047.99
,Opening Balance Equity,05/01/2025,Inventory Starting Value,START,,BBDW-38-10 - Opening inventory and value,Inventory Asset,0,6047.99
,Opening Balance Equity,05/01/2025,Inventory Starting Value,START,,BBDW-12-10 - Opening inventory and value,Inventory Asset,0,6047.99
,Opening Balance Equity,05/01/2025,Inventory Starting Value,START,,BBDW-38-72 - Opening inventory and value,Inventory Asset,0,6047.99
,Opening Balance Equity,05/01/2025,Inventory Starting Value,START,,BBDW-12-72 - Opening inventory and value,Inventory Asset,0,6047.99
,Opening Balance Equity,05/01/2025,Inventory Starting Value,START,,BBDW-38-37 - Opening inventory and value,Inventory Asset,0,6047.99
,Opening Balance Equity,05/01/2025,Inventory Starting Value,START,,BBDW-12-37 - Opening inventory and value,Inventory Asset,0,6047.99
,Opening Balance Equity,05/01/2025,Inventory Starting Value,START,,BBDW-38-26 - Opening inventory and value,Inventory Asset,0,6047.99
,Opening Balance Equity,05/01/2025,Inventory Starting Value,START,,BBDW-12-26 - Opening inventory and value,Inventory Asset,0,6047.99
,Opening Balance Equity,05/01/2025,Inventory Starting Value,START,,BBWC-38-90 - Opening inventory and value,Inventory Asset,0,6047.99
,Opening Balance Equity,05/01/2025,Inventory Starting Value,START,,BBWC-12-90 - Opening inventory and value,Inventory Asset,0,6047.99
,Opening Balance Equity,05/01/2025,Inventory Starting Value,START,,BBWC-38-91 - Opening inventory and value,Inventory Asset,0,6047.99
,Opening Balance Equity,05/01/2025,Inventory Starting Value,START,,BBWC-12-91 - Opening inventory and value,Inventory Asset,0,6047.99
,Opening Balance Equity,05/01/2025,Inventory Starting Value,START,,BBWC-38-92 - Opening inventory and value,Inventory Asset,0,6047.99
,Opening Balance Equity,05/01/2025,Inventory Starting Value,START,,BBWC-12-92 - Opening inventory and value,Inventory Asset,0,6047.99
,Opening Balance Equity,05/01/2025,Inventory Starting Value,START,,BBWC-38-56 - Opening inventory and value,Inventory Asset,0,6047.99
,Opening Balance Equity,05/01/2025,Inventory Starting Value,START,,BBWC-12-56 - Opening inventory and value,Inventory Asset,0,6047.99
,Opening Balance Equity,05/01/2025,Inventory Starting Value,START,,BBWC-38-10 - Opening inventory and value,Inventory Asset,0,6047.99
,Opening Balance Equity,05/01/2025,Inventory Starting Value,START,,BBWC-12-10 - Opening inventory and value,Inventory Asset,0,6047.99
,Opening Balance Equity,05/01/2025,Inventory Starting Value,START,,BBWC-38-72 - Opening inventory and value,Inventory Asset,0,6047.99
,Opening Balance Equity,05/01/2025,Inventory Starting Value,START,,BBWC-12-72 - Opening inventory and value,Inventory Asset,0,6047.99
,Opening Balance Equity,05/01/2025,Inventory Starting Value,START,,BBWC-38-37 - Opening inventory and value,Inventory Asset,0,6047.99
,Opening Balance Equity,05/01/2025,Inventory Starting Value,START,,BBWC-12-37 - Opening inventory and value,Inventory Asset,0,6047.99
,Opening Balance Equity,05/01/2025,Inventory Starting Value,START,,BBWC-38-26 - Opening inventory and value,Inventory Asset,0,6047.99
,Opening Balance Equity,05/01/2025,Inventory Starting Value,START,,BBWC-12-26 - Opening inventory and value,Inventory Asset,0,6047.99
,Opening Balance Equity,06/29/2025,Inventory Starting Value,START,,1676-270 - Opening inventory and value,Inventory Asset,0,6047.99
,Opening Balance Equity,07/01/2025,Inventory Starting Value,START,,MB-BAITBAG-TPU - Opening inventory and value,Inventory Asset,0,6047.99
,Opening Balance Equity,07/01/2025,Inventory Starting Value,START,,MBVC-3700 - Opening inventory and value,Inventory Asset,0,6047.99
,Opening Balance Equity,07/01/2025,Inventory Starting Value,START,,MBVS-3700 - Opening inventory and value,Inventory Asset,0,6047.99
,Opening Balance Equity,07/01/2025,Inventory Starting Value,START,,MBVCB-3700 - Opening inventory and value,Inventory Asset,0,6047.99
,Opening Balance Equity,07/01/2025,Inventory Starting Value,START,,"TROUT TRICK 5"" - Opening inventory and value",Inventory Asset,0,6047.99
,Opening Balance Equity,07/01/2025,Inventory Starting Value,START,,HERCULEZ 5 - Opening inventory and value,Inventory Asset,0,6047.99
,Opening Balance Equity,07/01/2025,Inventory Starting Value,START,,HERC4-259 - Opening inventory and value,Inventory Asset,0,6047.99
,Opening Balance Equity,07/01/2025,Inventory Starting Value,START,,"TURBO FATTYZ 6"" BLACK/BLUE 5PK - Opening inventory and value",Inventory Asset,0,6047.99
,Opening Balance Equity,07/01/2025,Inventory Starting Value,START,,CE FINESSE JIG 1/4OZ BLACK/BLU - Opening inventory and value,Inventory Asset,0,6047.99
,Opening Balance Equity,07/01/2025,Inventory Starting Value,START,,"ZINKERZ 5"" BAMA BUG 6PK - Opening inventory and value",Inventory Asset,0,6047.99
,Opening Balance Equity,07/01/2025,Inventory Starting Value,START,,"GIANT TRD 6"" SMELT 6PK - Opening inventory and value",Inventory Asset,0,6047.99
,Opening Balance Equity,07/01/2025,Inventory Starting Value,START,,CE FOOTBALL JIG - Opening inventory and value,Inventory Asset,0,6047.99
,Opening Balance Equity,07/01/2025,Inventory Starting Value,START,,"POP SHADZ 4"" - Opening inventory and value",Inventory Asset,0,6047.99
,Opening Balance Equity,07/01/2025,Inventory Starting Value,START,,41271 - Opening inventory and value,Inventory Asset,0,6047.99
,Opening Balance Equity,09/01/2025,Inventory Starting Value,START,,BS-S-2 - Opening inventory and value,Inventory Asset,0,6047.99
,Opening Balance Equity,10/01/2025,Inventory Starting Value,START,,LH-JIG-MISC - Opening inventory and value,Inventory Asset,0,6047.99
,Opening Balance Equity,10/01/2025,Inventory Starting Value,START,,NED-GP - Opening inventory and value,Inventory Asset,0,6047.99
,Opening Balance Equity,10/01/2025,Inventory Starting Value,START,,AP-38 - Opening inventory and value,Inventory Asset,0,6047.99
,Opening Balance Equity,10/01/2025,Inventory Starting Value,START,,AP-12 - Opening inventory and value,Inventory Asset,0,6047.99
,Opening Balance Equity,10/01/2025,Inventory Starting Value,START,,BS-MISC - Opening inventory and value,Inventory Asset,0,6047.99
,Opening Balance Equity,11/01/2025,Inventory Starting Value,START,,MLF-YZ-RC - Opening inventory and value,Inventory Asset,0,6047.99
,Opening Balance Equity,11/01/2025,Inventory Starting Value,START,,MLF-YZ-RC - Opening inventory and value,Inventory Asset,0,6047.99
,Opening Balance Equity,12/01/2025,Inventory Starting Value,START,,SF-14 - Opening inventory and value,Inventory Asset,0,6047.99
,Opening Balance Equity,12/01/2025,Inventory Starting Value,START,,SF-14 - Opening inventory and value,Inventory Asset,0,6047.99
,Opening Balance Equity,12/01/2025,Inventory Starting Value,START,,SF-38 - Opening inventory and value,Inventory Asset,0,6047.99
,Opening Balance Equity,12/01/2025,Inventory Starting Value,START,,FS28-4KS - Opening inventory and value,Inventory Asset,0,6047.99
,Opening Balance Equity,12/01/2025,Inventory Starting Value,START,,FS28-GNSR - Opening inventory and value,Inventory Asset,0,6047.99
,Opening Balance Equity,12/02/2025,Inventory Starting Value,START,,SF-87 - Opening inventory and value,Inventory Asset,0,6047.99
Total for Opening Balance Equity,,,,,,,,0,
Owner's Investment,,,,,,,,,
,Beginning Balance,,,,,,,,200
Total for Owner's Investment,,,,,,,,,
Cost of Goods Sold,,,,,,,,,
,Cost of Goods Sold,08/01/2024,Inventory Qty Adjust,bulkImport-20240801,,Batch-import products & services,,,
,Cost of Goods Sold,08/01/2024,Inventory Qty Adjust,bulkImport-20240801,,Batch-import products & services,Cost of Goods Sold,1917.05,1917.05
,Cost of Goods Sold,08/01/2024,Inventory Qty Adjust,bulkImport-20240801,,Batch-import products & services,Cost of Goods Sold,1917.05,3834.1
,Cost of Goods Sold,08/01/2024,Inventory Qty Adjust,bulkImport-20240801,,Batch-import products & services,Cost of Goods Sold,205.8,4039.9
,Cost of Goods Sold,08/01/2024,Inventory Qty Adjust,bulkImport-20240801,,Batch-import products & services,Cost of Goods Sold,1917.05,5956.95
,Cost of Goods Sold,08/01/2024,Inventory Qty Adjust,bulkImport-20240801,,Batch-import products & services,Cost of Goods Sold,1917.05,7874
,Cost of Goods Sold,08/01/2024,Inventory Qty Adjust,bulkImport-20240801,,Batch-import products & services,Cost of Goods Sold,1917.05,9791.05
,Cost of Goods Sold,09/01/2024,Inventory Qty Adjust,bulkImport-20240901,,Batch-import products & services,,,9791.05
,Cost of Goods Sold,09/01/2024,Inventory Qty Adjust,bulkImport-20240901,,Batch-import products & services,Cost of Goods Sold,1270,11061.05
,Cost of Goods Sold,09/01/2024,Inventory Qty Adjust,bulkImport-20240901,,Batch-import products & services,Cost of Goods Sold,5233.89,16294.939999999999
,Cost of Goods Sold,09/01/2024,Inventory Qty Adjust,bulkImport-20240901,,Batch-import products & services,Cost of Goods Sold,1.68,16296.619999999999
,Cost of Goods Sold,09/01/2024,Inventory Qty Adjust,bulkImport-20240901,,Batch-import products & services,Cost of Goods Sold,1.75,16298.369999999999
,Cost of Goods Sold,09/01/2024,Inventory Qty Adjust,bulkImport-20240901,,Batch-import products & services,Cost of Goods Sold,1.68,16300.05
,Cost of Goods Sold,09/01/2024,Inventory Qty Adjust,bulkImport-20240901,,Batch-import products & services,Cost of Goods Sold,1270,17570.05
,Cost of Goods Sold,09/01/2024,Inventory Qty Adjust,bulkImport-20240901,,Batch-import products & services,Cost of Goods Sold,1.25,17571.3
,Cost of Goods Sold,09/01/2024,Inventory Qty Adjust,bulkImport-20240901,,Batch-import products & services,Cost of Goods Sold,770,18341.3
,Cost of Goods Sold,09/01/2024,Inventory Qty Adjust,bulkImport-20240901,,Batch-import products & services,Cost of Goods Sold,887.5,19228.8
,Cost of Goods Sold,09/01/2024,Inventory Qty Adjust,bulkImport-20240901,,Batch-import products & services,Cost of Goods Sold,1104.48,20333.28
,Cost of Goods Sold,09/01/2024,Inventory Qty Adjust,bulkImport-20240901,,Batch-import products & services,Cost of Goods Sold,887.5,21220.78
,Cost of Goods Sold,09/01/2024,Inventory Qty Adjust,bulkImport-20240901,,Batch-import products & services,Cost of Goods Sold,770,21990.78
,Cost of Goods Sold,09/01/2024,Inventory Qty Adjust,bulkImport-20240901,,Batch-import products & services,Cost of Goods Sold,555,22545.78
,Cost of Goods Sold,10/02/2024,Inventory Qty Adjust,bulkImport-20241002,,Batch-import products & services,,,22545.78
,Cost of Goods Sold,10/02/2024,Inventory Qty Adjust,bulkImport-20241002,,Batch-import products & services,Cost of Goods Sold,1,22546.78
,Cost of Goods Sold,10/02/2024,Inventory Qty Adjust,bulkImport-20241002,,Batch-import products & services,Cost of Goods Sold,1,22547.78
,Cost of Goods Sold,10/02/2024,Inventory Qty Adjust,bulkImport-20241002,,Batch-import products & services,Cost of Goods Sold,1,22548.78
,Cost of Goods Sold,10/02/2024,Inventory Qty Adjust,bulkImport-20241002,,Batch-import products & services,Cost of Goods Sold,1,22549.78
,Cost of Goods Sold,10/11/2024,Inventory Qty Adjust,bulkImport-20241011,,Batch-import products & services,Inventory Asset,,22549.78
,Cost of Goods Sold,10/11/2024,Inventory Qty Adjust,bulkImport-20241011,,Batch-import products & services,Cost of Goods Sold,1,22550.78
Total for Cost of Goods Sold,,,,,,,,22550.78,
Other Costs of Services - COS,,,,,,,,,
,Other Costs of Services - COS,08/08/2024,Bill,2017,Packaging Corporation of America,Tax,Accounts Payable (A/P),516.39,516.39
,Other Costs of Services - COS,08/08/2024,Bill,2017,Packaging Corporation of America,,Accounts Payable (A/P),-465.06,51.329999999999984
,Other Costs of Services - COS,05/27/2025,Bill,1991,GSM Outdoors,“bagging fee”,Accounts Payable (A/P),800,851.3299999999999
,Other Costs of Services - COS,05/27/2025,Bill,2085,GSM Outdoors,“bagging fee”,Accounts Payable (A/P),800,1651.33
,Other Costs of Services - COS,07/22/2025,Bill,2082,"SUZHOU TOPDIVE SPORTS PRODUCTS CO.,LTD",Color Charge,Accounts Payable (A/P),60,1711.33
,Other Costs of Services - COS,08/05/2025,Bill,2071,Weihai Runten Industrial Limited,Printed On Packaging & Clear Plastic bags,Accounts Payable (A/P),240,1951.33
,Other Costs of Services - COS,08/05/2025,Bill,2071,Weihai Runten Industrial Limited,Mustad TG76 KVD #4,Accounts Payable (A/P),520,2471.33
,Other Costs of Services - COS,08/05/2025,Bill,2071,Weihai Runten Industrial Limited,#2 Beaded Copper Blades,Accounts Payable (A/P),600,3071.33
,Other Costs of Services - COS,08/05/2025,Bill,2071,Weihai Runten Industrial Limited,New Mold Fee,Accounts Payable (A/P),120,3191.33
Total for Other Costs of Services - COS,,,,,,,,3191.33,
Freight In,,,,,,,,,
,Freight In,01/08/2024,Bill,1952,Coastal Sports Distributors LLC,,Accounts Payable (A/P),365.45,365.45
,Freight In,01/09/2024,Bill,1950,ATS Printing,,Accounts Payable (A/P),52.11,417.56
,Freight In,01/30/2024,Bill,1936,Recertop Tech Co Limited,,Accounts Payable (A/P),800,1217.56
,Freight In,03/04/2024,Bill,1964,V&M,,Accounts Payable (A/P),127.13,1344.69
,Freight In,05/01/2024,Bill,1999,V&M,,Accounts Payable (A/P),165,1509.69
,Freight In,07/08/2024,Bill,2002,Major League Fishing,,Accounts Payable (A/P),250,1759.69
,Freight In,07/18/2024,Bill,1994,Bo’s Jigs,,Accounts Payable (A/P),200,1959.69
,Freight In,01/13/2025,Bill,2054,A.N.E Wholesale,,Accounts Payable (A/P),221,2180.69
,Freight In,01/14/2025,Bill,2045,Weihai Runten Industrial Limited,,Accounts Payable (A/P),1815,3995.69
,Freight In,01/14/2025,Bill,2038,"Guangdong Boyue Digital Application Technology Co.,Ltd",,Accounts Payable (A/P),264,4259.6900000000005
,Freight In,07/07/2025,Bill,2095,Recertop Tech Co Limited,,Accounts Payable (A/P),556,4815.6900000000005
Total for Freight In,,,,,,,,4815.6900000000005,
Labels & Polymailers,,,,,,,,,
,Labels & Polymailers,01/24/2024,Bill,1943,Weihai Runten Industrial Limited,$0.03 x 1920 for Printed On Packaging,Accounts Payable (A/P),57.6,57.6
,Labels & Polymailers,01/24/2024,Bill,1943,Weihai Runten Industrial Limited,$0.03 x 1920 Plastic Bags,Accounts Payable (A/P),57.6,115.2
Total for Labels & Polymailers,,,,,,,,115.2,
Other-COGS,,,,,,,,,
,Other-COGS,01/08/2024,Bill,1905,Weihai Runten Industrial Limited,COGS: Plastic Bag,Accounts Payable (A/P),30,30
,Other-COGS,01/08/2024,Bill,1905,Weihai Runten Industrial Limited,COGS: Mustad TG76 KVD #4 Hooks,Accounts Payable (A/P),198,228
,Other-COGS,01/24/2024,Bill,1939,Weihai Runten Industrial Limited,$0.132 Mustad TG76 KVD #4 7440 units,Accounts Payable (A/P),982.08,1210.08
,Other-COGS,01/24/2024,Bill,1939,Weihai Runten Industrial Limited,$0.06 Package Printing & Clear Package Bag 7440 Units,Accounts Payable (A/P),669.6,1879.6799999999998
,Other-COGS,01/24/2024,Bill,1903,Weihai Runten Industrial Limited,COGS: Printed Packaging  .03,Accounts Payable (A/P),57.6,1937.2799999999997
,Other-COGS,01/24/2024,Bill,1903,Weihai Runten Industrial Limited,COGS: Mustad TG76 KVD #6 Hooks   .132,Accounts Payable (A/P),253.44,2190.72
,Other-COGS,01/24/2024,Bill,1903,Weihai Runten Industrial Limited,COGS: Plastic Bag    .03,Accounts Payable (A/P),57.6,2248.3199999999997
,Other-COGS,01/24/2024,Bill,1906,Weihai Runten Industrial Limited,COGS: Printed Packaging,Accounts Payable (A/P),57.6,2305.9199999999996
,Other-COGS,01/24/2024,Bill,1906,Weihai Runten Industrial Limited,COGS: Mustad TG76 KVD #6 Hooks,Accounts Payable (A/P),253.44,2559.3599999999997
,Other-COGS,01/24/2024,Bill,1906,Weihai Runten Industrial Limited,COGS: Plastic Bag,Accounts Payable (A/P),57.6,2616.9599999999996
,Other-COGS,01/24/2024,Bill,1920,Weihai Runten Industrial Limited,$0.132 Mustad TG76 KVD 4# hooks,Accounts Payable (A/P),285.12,2902.0799999999995
,Other-COGS,01/24/2024,Bill,1920,Weihai Runten Industrial Limited,$0.03 Package Printing,Accounts Payable (A/P),64.8,2966.8799999999997
,Other-COGS,01/24/2024,Bill,1920,Weihai Runten Industrial Limited,$0.03 Clear Package Bag,Accounts Payable (A/P),64.8,3031.68
,Other-COGS,01/24/2024,Bill,1921,Weihai Runten Industrial Limited,$0.132 Mustad TG76 KVD 4# hooks,Accounts Payable (A/P),190.08,3221.7599999999998
,Other-COGS,01/24/2024,Bill,1921,Weihai Runten Industrial Limited,$0.03 Package Printing,Accounts Payable (A/P),43.2,3264.9599999999996
,Other-COGS,01/24/2024,Bill,1921,Weihai Runten Industrial Limited,$0.03 Clear Package Bag,Accounts Payable (A/P),43.2,3308.1599999999994
,Other-COGS,01/24/2024,Bill,1943,Weihai Runten Industrial Limited,$0.132 x 1920  Mustad TG76 KVD #4 Hooks,Accounts Payable (A/P),253.44,3561.5999999999995
,Other-COGS,01/30/2024,Bill,1942,Weihai Runten Industrial Limited,$0.132 Mustad TG76 KVD #4  1620 units,Accounts Payable (A/P),213.84,3775.4399999999996
,Other-COGS,01/30/2024,Bill,1942,Weihai Runten Industrial Limited,$0.06 Package Printing & Clear Package Bag 1620 Units,Accounts Payable (A/P),97.2,3872.6399999999994
,Other-COGS,01/30/2024,Bill,1941,Weihai Runten Industrial Limited,$0.132 Mustad TG76 KVD #4  1440 units,Accounts Payable (A/P),190.08,4062.7199999999993
,Other-COGS,01/30/2024,Bill,1941,Weihai Runten Industrial Limited,$0.06 Package Printing & Clear Package Bag 1440 Units,Accounts Payable (A/P),86.4,4149.119999999999
,Other-COGS,01/30/2024,Bill,1940,Weihai Runten Industrial Limited,$0.132 Mustad TG76 KVD #4  1800 units,Accounts Payable (A/P),234,4383.119999999999
,Other-COGS,01/30/2024,Bill,1940,Weihai Runten Industrial Limited,$0.06 Package Printing & Clear Package Bag 1800 Units,Accounts Payable (A/P),108,4491.119999999999
,Other-COGS,01/30/2024,Bill,1936,Recertop Tech Co Limited,,Accounts Payable (A/P),22,4513.119999999999
Total for Other-COGS,,,,,,,,4513.119999999999,
Sales Tax,,,,,,,,,
,Sales Tax,01/30/2024,Bill,1955,Packaging Corporation of America,,Accounts Payable (A/P),436.95,436.95
Total for Sales Tax,,,,,,,,436.95,
Total for Other Costs of Services - COS with sub-accounts,,,,,,,,13072.290000000006,
Total for Cost of Goods Sold with sub-accounts,,,,,,,,35623.06999999999,
Kitting & Assembly,,,,,,,,,
Warehousing Service,,,,,,,,,
,Warehousing Service,04/01/2025,Bill,3386,Eagle Warehouse & Distribution Center Inc,,Accounts Payable (A/P),2564,2564
Total for Warehousing Service,,,,,,,,2564,
Total for Kitting & Assembly with sub-accounts,,,,,,,,2564,
"Shipping, Freight & Delivery - COS",,,,,,,,,
,"Shipping, Freight & Delivery - COS",09/16/2024,Bill,2012,"Yangzhou SourcePro Outdoors Co.,LTD.",,Accounts Payable (A/P),227,227
,"Shipping, Freight & Delivery - COS",10/21/2024,Bill,2008-27-07-10-22,Weihai Runten Industrial Limited,,Accounts Payable (A/P),1625,1852
,"Shipping, Freight & Delivery - COS",10/21/2024,Bill,2008-27-07-10-22,Weihai Runten Industrial Limited,,Accounts Payable (A/P),2316,4168
,"Shipping, Freight & Delivery - COS",11/07/2024,Bill,2051,"Yiwu Tengyuan Painting Materials Co., Ltd.",,Accounts Payable (A/P),276.95,4444.95
,"Shipping, Freight & Delivery - COS",01/14/2025,Bill,2028,Jingjiang Ruinuo Metal Tools Manufacture Co.,,Accounts Payable (A/P),250,4694.95
,"Shipping, Freight & Delivery - COS",05/27/2025,Bill,2068,"Qingdao Mango Outdoors Co., Ltd.",,Accounts Payable (A/P),721.97,5416.92
,"Shipping, Freight & Delivery - COS",09/30/2025,Bill,2126,TTI Blakemore Group,,Accounts Payable (A/P),16.08,5433
"Total for Shipping, Freight & Delivery - COS",,,,,,,,5433,
Advertising & Marketing,,,,,,,,,
Facebook,,,,,,,,,
,Facebook,01/04/2024,Expense,,Facebook,Facebook Ads MASTERCARD-555671XXXXXX8751-richard patri,Brex 0172,900,900
,Facebook,01/08/2024,Expense,,Facebook,Facebook Ads MASTERCARD-555671XXXXXX8751-richard patri,Brex 0172,900,1800
,Facebook,01/13/2024,Expense,,Facebook,Facebook Ads MASTERCARD-555671XXXXXX8751-richard patri,Brex 0172,900,2700
,Facebook,01/19/2024,Expense,,Facebook,Facebook Ads MASTERCARD-555671XXXXXX8751-richard patri,Brex 0172,899.99,3599.99
,Facebook,01/26/2024,Expense,,Facebook,Facebook Ads MASTERCARD-555671XXXXXX8751-richard patri,Brex 0172,900,4499.99
,Facebook,01/27/2024,Expense,,Facebook,Facebook Ads MASTERCARD-555671XXXXXX8751-richard patri,Brex 0172,186.98,4686.969999999999
,Facebook,01/27/2024,Expense,,Facebook,Facebook Ads MASTERCARD-555671XXXXXX8751-richard patri,Brex 0172,209.16,4896.129999999999
,Facebook,01/31/2024,Expense,,Facebook,Facebook Ads MASTERCARD-555671XXXXXX8751-richard patri,Brex 0172,900,5796.129999999999
,Facebook,02/04/2024,Expense,,Facebook,Facebook Ads MASTERCARD-555671XXXXXX8751-richard patri,Brex 0172,900,6696.129999999999
,Facebook,02/08/2024,Expense,,Facebook,Facebook Ads MASTERCARD-555671XXXXXX8751-richard patri,Brex 0172,900,7596.129999999999
,Facebook,02/11/2024,Expense,,Facebook,Facebook Ads MASTERCARD-555671XXXXXX8751-richard patri,Brex 0172,900,8496.13
,Facebook,02/15/2024,Expense,,Facebook,Facebook Ads MASTERCARD-555671XXXXXX8751-richard patri,Brex 0172,900,9396.13
,Facebook,02/19/2024,Expense,,Facebook,Facebook Ads MASTERCARD-555671XXXXXX8751-richard patri,Brex 0172,900,10296.13
,Facebook,02/23/2024,Expense,,Facebook,Facebook Ads MASTERCARD-555671XXXXXX8751-richard patri,Brex 0172,900,11196.13
,Facebook,02/27/2024,Expense,,Facebook,Facebook Ads MASTERCARD-555671XXXXXX8751-richard patri,Brex 0172,900,12096.13
,Facebook,02/27/2024,Expense,,Facebook,Facebook Ads MASTERCARD-555671XXXXXX8751-richard patri,Brex 0172,143.07,12239.199999999999
,Facebook,03/02/2024,Expense,,Facebook,Facebook Ads MASTERCARD-555671XXXXXX8751-richard patri,Brex 0172,900,13139.199999999999
,Facebook,03/05/2024,Expense,,Facebook,Facebook Ads MASTERCARD-555671XXXXXX8751-richard patri,Brex 0172,900,14039.199999999999
,Facebook,03/09/2024,Expense,,Facebook,Facebook Ads MASTERCARD-555671XXXXXX8751-richard patri,Brex 0172,900,14939.199999999999
,Facebook,03/16/2024,Expense,,Facebook,Facebook Ads MASTERCARD-555671XXXXXX8751-richard patri,Brex 0172,900,15839.199999999999
,Facebook,03/24/2024,Expense,,Facebook,Facebook Ads MASTERCARD-555671XXXXXX8751-richard patri,Brex 0172,900,16739.199999999997
,Facebook,03/27/2024,Expense,,Facebook,Facebook Ads MASTERCARD-555671XXXXXX8751-richard patri,Brex 0172,139.75,16878.949999999997
,Facebook,03/27/2024,Expense,,Facebook,Facebook Ads MASTERCARD-555671XXXXXX8751-richard patri,Brex 0172,123.78,17002.729999999996
,Facebook,04/02/2024,Expense,,Facebook,Facebook Ads MASTERCARD-555671XXXXXX8751-richard patri,Brex 0172,900,17902.729999999996
,Facebook,04/07/2024,Expense,,Facebook,Facebook Ads MASTERCARD-555671XXXXXX8751-richard patri,Brex 0172,900,18802.729999999996
,Facebook,04/10/2024,Expense,,Facebook,Facebook Ads MASTERCARD-555671XXXXXX8751-richard patri,Brex 0172,900,19702.729999999996
,Facebook,04/11/2024,Expense,,Facebook,Facebook Ads MASTERCARD-555671XXXXXX8751-richard patri,Brex 0172,900,20602.729999999996
,Facebook,04/14/2024,Expense,,Facebook,Facebook Ads MASTERCARD-555671XXXXXX8751-richard patri,Brex 0172,900,21502.729999999996
,Facebook,04/17/2024,Expense,,Facebook,Facebook Ads MASTERCARD-555671XXXXXX8751-richard patri,Brex 0172,900,22402.729999999996
,Facebook,04/21/2024,Expense,,Facebook,Facebook Ads MASTERCARD-555671XXXXXX8751-richard patri,Brex 0172,900,23302.729999999996
,Facebook,04/25/2024,Expense,,Facebook,Facebook Ads MASTERCARD-555671XXXXXX8751-richard patri,Brex 0172,900,24202.729999999996
,Facebook,04/27/2024,Expense,,Facebook,Facebook Ads MASTERCARD-555671XXXXXX8751-richard patri,Brex 0172,328.24,24530.969999999998
,Facebook,04/27/2024,Expense,,Facebook,Facebook Ads MASTERCARD-555671XXXXXX8751-richard patri,Brex 0172,245.2,24776.17
,Facebook,05/01/2024,Expense,,Facebook,Facebook Ads MASTERCARD-555671XXXXXX8751-richard patri,Brex 0172,900,25676.17
,Facebook,05/04/2024,Expense,,Facebook,Facebook Ads MASTERCARD-555671XXXXXX8751-richard patri,Brex 0172,900,26576.17
,Facebook,05/08/2024,Expense,,Facebook,Facebook Ads MASTERCARD-555671XXXXXX8751-richard patri,Brex 0172,900,27476.17
,Facebook,05/12/2024,Expense,,Facebook,Facebook Ads MASTERCARD-555671XXXXXX8751-richard patri,Brex 0172,900,28376.17
,Facebook,05/15/2024,Expense,,Facebook,Facebook Ads MASTERCARD-555671XXXXXX8751-richard patri,Brex 0172,900,29276.17
,Facebook,05/18/2024,Expense,,Facebook,Facebook Ads MASTERCARD-555671XXXXXX8751-richard patri,Brex 0172,900,30176.17
,Facebook,05/22/2024,Expense,,Facebook,Facebook Ads MASTERCARD-555671XXXXXX8751-richard patri,Brex 0172,900,31076.17
,Facebook,05/26/2024,Expense,,Facebook,Facebook Ads MASTERCARD-555671XXXXXX8751-richard patri,Brex 0172,899.88,31976.05
,Facebook,05/27/2024,Expense,,Facebook,Facebook Ads MASTERCARD-555671XXXXXX8751-richard patri,Brex 0172,231.23,32207.28
,Facebook,05/27/2024,Expense,,Facebook,Facebook Ads MASTERCARD-555671XXXXXX8751-richard patri,Brex 0172,8.7,32215.98
,Facebook,05/31/2024,Expense,,Facebook,Facebook Ads MASTERCARD-555671XXXXXX8751-richard patri,Brex 0172,900,33115.979999999996
,Facebook,06/04/2024,Expense,,Facebook,Facebook Ads MASTERCARD-555671XXXXXX8751-richard patri,Brex 0172,893.44,34009.42
,Facebook,06/07/2024,Expense,,Facebook,Facebook Ads MASTERCARD-555671XXXXXX8751-richard patri,Brex 0172,900,34909.42
,Facebook,06/11/2024,Expense,,Facebook,Facebook Ads MASTERCARD-555671XXXXXX8751-richard patri,Brex 0172,900,35809.42
,Facebook,06/15/2024,Expense,,Facebook,Facebook Ads MASTERCARD-555671XXXXXX8751-richard patri,Brex 0172,900,36709.42
,Facebook,06/16/2024,Expense,,Facebook,Facebook Ads MASTERCARD-555671XXXXXX8751-richard patri,Brex 0172,900,37609.42
,Facebook,06/19/2024,Expense,,Facebook,Facebook Ads MASTERCARD-555671XXXXXX8751-richard patri,Brex 0172,900,38509.42
,Facebook,06/23/2024,Expense,,Facebook,Facebook Ads MASTERCARD-555671XXXXXX8751-richard patri,Brex 0172,900,39409.42
,Facebook,06/26/2024,Expense,,Facebook,Facebook Ads MASTERCARD-555671XXXXXX8751-richard patri,Brex 0172,900,40309.42
,Facebook,06/27/2024,Expense,,Facebook,Facebook Ads MASTERCARD-555671XXXXXX8751-richard patri,Brex 0172,16.66,40326.08
,Facebook,06/27/2024,Expense,,Facebook,Facebook Ads MASTERCARD-555671XXXXXX8751-richard patri,Brex 0172,258.09,40584.17
,Facebook,06/30/2024,Expense,,Facebook,Facebook Ads MASTERCARD-555671XXXXXX8751-richard patri,Brex 0172,900,41484.17
,Facebook,07/03/2024,Expense,,Facebook,Facebook Ads MASTERCARD-555671XXXXXX8751-richard patri,Brex 0172,900,42384.17
,Facebook,07/12/2024,Expense,,Facebook,Facebook Ads MASTERCARD-555671XXXXXX8751-richard patri,Brex 0172,578.1,42962.27
,Facebook,07/17/2024,Expense,,Facebook,Facebook Ads MASTERCARD-555671XXXXXX8751-richard patri,Brex 0172,900,43862.27
,Facebook,07/20/2024,Expense,,Facebook,Facebook Ads MASTERCARD-555671XXXXXX8751-richard patri,Brex 0172,900,44762.27
,Facebook,07/23/2024,Expense,,Facebook,Facebook Ads MASTERCARD-555671XXXXXX8751-richard patri,Brex 0172,900,45662.27
,Facebook,07/26/2024,Expense,,Facebook,Facebook Ads MASTERCARD-555671XXXXXX8751-richard patri,Brex 0172,900,46562.27
,Facebook,07/27/2024,Expense,,Facebook,Facebook Ads MASTERCARD-555671XXXXXX8751-richard patri,Brex 0172,87.97,46650.24
,Facebook,07/31/2024,Expense,,Facebook,Facebook Ads MASTERCARD-555671XXXXXX8751-richard patri,Brex 0172,900,47550.24
,Facebook,08/02/2024,Expense,,Facebook,Facebook Ads MASTERCARD-555671XXXXXX8751-richard patri,Brex 0172,900,48450.24
,Facebook,08/05/2024,Expense,,Facebook,Facebook Ads MASTERCARD-555671XXXXXX8751-richard patri,Brex 0172,900,49350.24
,Facebook,08/07/2024,Expense,,Facebook,Facebook Ads MASTERCARD-555671XXXXXX8751-richard patri,Brex 0172,900,50250.24
,Facebook,08/09/2024,Expense,,Facebook,Facebook Ads MASTERCARD-555671XXXXXX8751-richard patri,Brex 0172,900,51150.24
,Facebook,08/11/2024,Expense,,Facebook,Facebook Ads MASTERCARD-555671XXXXXX8751-richard patri,Brex 0172,900,52050.24
,Facebook,08/13/2024,Expense,,Facebook,Facebook Ads MASTERCARD-555671XXXXXX8751-richard patri,Brex 0172,1000,53050.24
,Facebook,08/16/2024,Expense,,Facebook,Facebook Ads MASTERCARD-555671XXXXXX8751-richard patri,Brex 0172,1100,54150.24
,Facebook,08/17/2024,Expense,,Facebook,Facebook Ads MASTERCARD-555671XXXXXX8751-richard patri,Brex 0172,1200,55350.24
,Facebook,08/19/2024,Expense,,Facebook,Facebook Ads MASTERCARD-555671XXXXXX8751-richard patri,Brex 0172,1300,56650.24
,Facebook,08/21/2024,Expense,,Facebook,Facebook Ads MASTERCARD-555671XXXXXX8751-richard patri,Brex 0172,1300,57950.24
,Facebook,08/23/2024,Expense,,Facebook,Facebook Ads MASTERCARD-555671XXXXXX8751-richard patri,Brex 0172,1450,59400.24
,Facebook,08/26/2024,Expense,,Facebook,Facebook Ads MASTERCARD-555671XXXXXX8751-richard patri,Brex 0172,1600,61000.24
,Facebook,08/27/2024,Expense,,Facebook,Facebook Ads MASTERCARD-555671XXXXXX8751-richard patri,Brex 0172,1.64,61001.88
,Facebook,08/27/2024,Expense,,Facebook,Facebook Ads MASTERCARD-555671XXXXXX8751-richard patri,Brex 0172,414.24,61416.119999999995
,Facebook,08/30/2024,Expense,,Facebook,Facebook Ads MASTERCARD-555671XXXXXX8751-richard patri,Brex 0172,1750,63166.119999999995
,Facebook,09/02/2024,Expense,,Facebook,Facebook Ads MASTERCARD-555671XXXXXX8751-richard patri,Brex 0172,1950,65116.119999999995
,Facebook,09/06/2024,Expense,,Facebook,Facebook Ads MASTERCARD-555671XXXXXX8751-richard patri,Brex 0172,2000,67116.12
,Facebook,09/10/2024,Expense,,Facebook,Facebook Ads MASTERCARD-555671XXXXXX8751-richard patri,Brex 0172,2000,69116.12
,Facebook,09/13/2024,Expense,,Facebook,Facebook Ads MASTERCARD-555671XXXXXX8751-richard patri,Brex 0172,2000,71116.12
,Facebook,09/16/2024,Expense,,Facebook,Facebook Ads MASTERCARD-555671XXXXXX8751-richard patri,Brex 0172,2000,73116.12
,Facebook,09/20/2024,Expense,,Facebook,Facebook Ads MASTERCARD-555671XXXXXX8751-richard patri,Brex 0172,2000,75116.12
,Facebook,09/23/2024,Expense,,Facebook,Facebook Ads MASTERCARD-555671XXXXXX8751-richard patri,Brex 0172,2000,77116.12
,Facebook,09/27/2024,Expense,,Facebook,Facebook Ads MASTERCARD-555671XXXXXX8751-richard patri,Brex 0172,2000,79116.12
,Facebook,09/27/2024,Expense,,Facebook,Facebook Ads MASTERCARD-555671XXXXXX8751-richard patri,Brex 0172,77.16,79193.28
,Facebook,09/30/2024,Expense,,Facebook,Facebook Ads MASTERCARD-555671XXXXXX8751-richard patri,Brex 0172,2000,81193.28
,Facebook,10/05/2024,Expense,,Facebook,Facebook Ads MASTERCARD-555671XXXXXX8751-richard patri,Brex 0172,2000,83193.28
,Facebook,10/10/2024,Expense,,Facebook,Facebook Ads MASTERCARD-555671XXXXXX8751-richard patri,Brex 0172,2000,85193.28
,Facebook,10/13/2024,Expense,,Facebook,Facebook Ads MASTERCARD-555671XXXXXX8751-richard patri,Brex 0172,2000,87193.28
,Facebook,10/17/2024,Expense,,Facebook,Facebook Ads MASTERCARD-555671XXXXXX8751-richard patri,Brex 0172,2000,89193.28
,Facebook,10/21/2024,Expense,,Facebook,Facebook Ads MASTERCARD-555671XXXXXX8751-richard patri,Brex 0172,2000,91193.28
,Facebook,10/24/2024,Expense,,Facebook,Facebook Ads MASTERCARD-555671XXXXXX8751-richard patri,Brex 0172,2000,93193.28
,Facebook,10/26/2024,Expense,,Facebook,Facebook Ads MASTERCARD-555671XXXXXX8751-richard patri,Brex 0172,2000,95193.28
,Facebook,10/27/2024,Expense,,Facebook,Facebook Ads MASTERCARD-555671XXXXXX8751-richard patri,Brex 0172,313.75,95507.03
,Facebook,10/30/2024,Expense,,Facebook,Facebook Ads MASTERCARD-555671XXXXXX8751-richard patri,Brex 0172,2000,97507.03
,Facebook,11/03/2024,Expense,,Facebook,Facebook Ads MASTERCARD-555671XXXXXX8751-richard patri,Brex 0172,2000,99507.03
,Facebook,11/07/2024,Expense,,Facebook,Facebook Ads MASTERCARD-555671XXXXXX8751-richard patri,Brex 0172,2000,101507.03
,Facebook,11/11/2024,Expense,,Facebook,Facebook Ads MASTERCARD-555671XXXXXX8751-richard patri,Brex 0172,2000,103507.03
,Facebook,11/15/2024,Expense,,Facebook,Facebook Ads MASTERCARD-555671XXXXXX8751-richard patri,Brex 0172,2000,105507.03
,Facebook,11/20/2024,Expense,,Facebook,Facebook Ads MASTERCARD-555671XXXXXX8751-richard patri,Brex 0172,2000,107507.03
,Facebook,11/24/2024,Expense,,Facebook,Facebook Ads MASTERCARD-555671XXXXXX8751-richard patri,Brex 0172,2000,109507.03
,Facebook,11/27/2024,Expense,,Facebook,Facebook Ads MASTERCARD-555671XXXXXX8751-richard patri,Brex 0172,456.86,109963.89
,Facebook,11/27/2024,Expense,,Facebook,Facebook Ads MASTERCARD-555671XXXXXX8751-richard patri,Brex 0172,944.09,110907.98
,Facebook,12/02/2024,Expense,,Facebook,Facebook Ads MASTERCARD-555671XXXXXX8751-richard patri,Brex 0172,2000,112907.98
,Facebook,12/07/2024,Expense,,Facebook,Facebook Ads MASTERCARD-555671XXXXXX8751-richard patri,Brex 0172,2000,114907.98
,Facebook,12/12/2024,Expense,,Facebook,Facebook Ads MASTERCARD-555671XXXXXX8751-richard patri,Brex 0172,2000,116907.98
,Facebook,12/16/2024,Expense,,Facebook,Facebook Ads MASTERCARD-555671XXXXXX8751-richard patri,Brex 0172,2000,118907.98
,Facebook,12/21/2024,Expense,,Facebook,Facebook Ads MASTERCARD-555671XXXXXX8751-richard patri,Brex 0172,2000,120907.98
,Facebook,12/27/2024,Expense,,Facebook,Facebook Ads MASTERCARD-555671XXXXXX8751-richard patri,Brex 0172,1540.04,122448.01999999999
,Facebook,12/27/2024,Expense,,Facebook,Facebook Ads MASTERCARD-555671XXXXXX8751-richard patri,Brex 0172,265.2,122713.21999999999
,Facebook,01/03/2025,Expense,,Facebook,Facebook Ads MASTERCARD-555671XXXXXX8751-richard patri,Brex 0172,2000,124713.21999999999
,Facebook,01/11/2025,Expense,,Facebook,Facebook Ads MASTERCARD-555671XXXXXX8751-richard patri,Brex 0172,2000,126713.21999999999
,Facebook,01/18/2025,Expense,,Facebook,Facebook Ads MASTERCARD-555671XXXXXX8751-richard patri,Brex 0172,2000,128713.21999999999
,Facebook,01/25/2025,Expense,,Facebook,Facebook Ads MASTERCARD-555671XXXXXX8751-richard patri,Brex 0172,2000,130713.21999999999
,Facebook,01/27/2025,Expense,,Facebook,Facebook Ads MASTERCARD-555671XXXXXX8751-richard patri,Brex 0172,418.78,131132
,Facebook,01/27/2025,Expense,,Facebook,Facebook Ads MASTERCARD-555671XXXXXX8751-richard patri,Brex 0172,341.09,131473.09
,Facebook,02/01/2025,Expense,,Facebook,Facebook Ads MASTERCARD-555671XXXXXX8751-richard patri,Brex 0172,2000,133473.09
,Facebook,02/06/2025,Expense,,Facebook,Facebook Ads MASTERCARD-555671XXXXXX8751-richard patri,Brex 0172,2000,135473.09
,Facebook,02/11/2025,Expense,,Facebook,Facebook Ads MASTERCARD-555671XXXXXX8751-richard patri,Brex 0172,2000,137473.09
,Facebook,02/16/2025,Expense,,Facebook,Facebook Ads MASTERCARD-555671XXXXXX8751-richard patri,Brex 0172,2000,139473.09
,Facebook,02/20/2025,Expense,,Facebook,Facebook Ads MASTERCARD-555671XXXXXX8751-richard patri,Brex 0172,2000,141473.09
,Facebook,02/25/2025,Expense,,Facebook,Facebook Ads MASTERCARD-555671XXXXXX8751-richard patri,Brex 0172,2000,143473.09
,Facebook,02/27/2025,Expense,,Facebook,Facebook Ads MASTERCARD-555671XXXXXX8751-richard patri,Brex 0172,427.67,143900.76
,Facebook,02/27/2025,Expense,,Facebook,Facebook Ads MASTERCARD-555671XXXXXX8751-richard patri,Brex 0172,371.39,144272.15000000002
,Facebook,03/04/2025,Expense,,Facebook,Facebook Ads MASTERCARD-555671XXXXXX8751-richard patri,Brex 0172,2000,146272.15000000002
,Facebook,03/08/2025,Expense,,Facebook,Facebook Ads MASTERCARD-555671XXXXXX8751-richard patri,Brex 0172,2000,148272.15000000002
,Facebook,03/13/2025,Expense,,Facebook,Facebook Ads MASTERCARD-555671XXXXXX8751-richard patri,Brex 0172,2000,150272.15000000002
,Facebook,03/18/2025,Expense,,Facebook,Facebook Ads MASTERCARD-555671XXXXXX8751-richard patri,Brex 0172,2000,152272.15000000002
,Facebook,03/22/2025,Expense,,Facebook,Facebook Ads MASTERCARD-555671XXXXXX8751-richard patri,Brex 0172,2000,154272.15000000002
,Facebook,03/27/2025,Expense,,Facebook,Facebook Ads MASTERCARD-555671XXXXXX8751-richard patri,Brex 0172,426.49,154698.64
,Facebook,03/27/2025,Expense,,Facebook,Facebook Ads MASTERCARD-555671XXXXXX8751-richard patri,Brex 0172,1553.98,156252.62000000002
,Facebook,04/01/2025,Expense,,Facebook,Facebook Ads MASTERCARD-555671XXXXXX8751-richard patri,Brex 0172,2000,158252.62000000002
,Facebook,04/05/2025,Expense,,Facebook,Facebook Ads MASTERCARD-555671XXXXXX8751-richard patri,Brex 0172,2000,160252.62000000002
,Facebook,04/09/2025,Expense,,Facebook,Facebook Ads MASTERCARD-555671XXXXXX8751-richard patri,Brex 0172,2000,162252.62000000002
,Facebook,04/13/2025,Expense,,Facebook,Facebook Ads MASTERCARD-555671XXXXXX8751-richard patri,Brex 0172,2000,164252.62000000002
,Facebook,04/17/2025,Expense,,Facebook,Facebook Ads MASTERCARD-555671XXXXXX8751-richard patri,Brex 0172,2000,166252.62000000002
,Facebook,04/20/2025,Expense,,Facebook,Facebook Ads MASTERCARD-555671XXXXXX8751-richard patri,Brex 0172,2000,168252.62000000002
,Facebook,04/24/2025,Expense,,Facebook,Facebook Ads MASTERCARD-555671XXXXXX8751-richard patri,Brex 0172,2000,170252.62000000002
,Facebook,04/27/2025,Expense,,Facebook,Facebook Ads MASTERCARD-555671XXXXXX8751-richard patri,Brex 0172,487.06,170739.68000000002
,Facebook,04/27/2025,Expense,,Facebook,Facebook Ads MASTERCARD-555671XXXXXX8751-richard patri,Brex 0172,932.67,171672.35000000003
,Facebook,05/01/2025,Expense,,Facebook,Facebook Ads MASTERCARD-555671XXXXXX8751-richard patri,Brex 0172,2000,173672.35000000003
,Facebook,05/05/2025,Expense,,Facebook,Facebook Ads MASTERCARD-555671XXXXXX8751-richard patri,Brex 0172,2000,175672.35000000003
,Facebook,05/10/2025,Expense,,Facebook,Facebook Ads MASTERCARD-555671XXXXXX8751-richard patri,Brex 0172,2000,177672.35000000003
,Facebook,05/15/2025,Expense,,Facebook,Facebook Ads MASTERCARD-555671XXXXXX8751-richard patri,Brex 0172,2000,179672.35000000003
,Facebook,05/19/2025,Expense,,Facebook,Facebook Ads MASTERCARD-555671XXXXXX8751-richard patri,Brex 0172,2000,181672.35000000003
,Facebook,05/24/2025,Expense,,Facebook,Facebook Ads MASTERCARD-555671XXXXXX8751-richard patri,Brex 0172,2000,183672.35000000003
,Facebook,05/27/2025,Expense,,Facebook,Facebook Ads MASTERCARD-555671XXXXXX8751-richard patri,Brex 0172,460.57,184132.92000000004
,Facebook,05/27/2025,Expense,,Facebook,Facebook Ads MASTERCARD-555671XXXXXX8751-richard patri,Brex 0172,874.27,185007.19000000003
,Facebook,06/01/2025,Expense,,Facebook,Facebook Ads MASTERCARD-555671XXXXXX8751-richard patri,Brex 0172,2000,187007.19000000003
,Facebook,06/05/2025,Expense,,Facebook,Facebook Ads MASTERCARD-555671XXXXXX8751-richard patri,Brex 0172,2000,189007.19000000003
,Facebook,06/11/2025,Expense,,Facebook,Facebook Ads MASTERCARD-555671XXXXXX8751-richard patri,Brex 0172,2000,191007.19000000003
,Facebook,06/16/2025,Expense,,,Facebook Ads MASTERCARD-555671XXXXXX8751-richard patri,Brex 0172,2000,193007.19000000003
Total for Facebook,,,,,,,,193007.19000000003,
Google,,,,,,,,,
,Google,01/01/2024,Expense,,Google,Google Ads MASTERCARD-555671XXXXXX8751-richard patri,Brex 0172,1255.43,1255.43
Total for Google,,,,,,,,1255.43,
Other,,,,,,,,,
,Other,02/01/2024,Bill,Feb,B.A.S.S LLC,BASS Times Magazine,Accounts Payable (A/P),250,250
,Other,03/01/2024,Bill,March,B.A.S.S LLC,BASS Times Magazine,Accounts Payable (A/P),250,500
,Other,04/01/2024,Bill,April,B.A.S.S LLC,BASS Times Magazine,Accounts Payable (A/P),250,750
Total for Other,,,,,,,,750,
Promotional,,,,,,,,,
Mailer Items,,,,,,,,,
,Mailer Items,03/18/2024,Bill,,Brothers Printing,,Accounts Payable (A/P),665.52,665.52
,Mailer Items,11/06/2024,Bill,24752,Brothers Printing,,Accounts Payable (A/P),1732.23,2397.75
Total for Mailer Items,,,,,,,,2397.75,
Total for Promotional with sub-accounts,,,,,,,,2397.75,
Trade Show,,,,,,,,,
Promotional Items,,,,,,,,,
,Promotional Items,02/09/2024,Bill,,B.A.S.S LLC,,Accounts Payable (A/P),1600,1600
Total for Promotional Items,,,,,,,,1600,
Total for Trade Show with sub-accounts,,,,,,,,1600,
Total for Advertising & Marketing with sub-accounts,,,,,,,,199010.37000000002,
Bank Charges & Fees,,,,,,,,,
,Bank Charges & Fees,07/21/2025,Bill,2075,Leichi China something,,Accounts Payable (A/P),55.32,55.32
Total for Bank Charges & Fees,,,,,,,,55.32,
Consulting,,,,,,,,,
Bloom,,,,,,,,,
,Bloom,01/04/2024,Bill,,Bloom Social Zero Mega,,Accounts Payable (A/P),650,650
Total for Bloom,,,,,,,,650,
David McCullough,,,,,,,,,
,David McCullough,01/01/2024,Bill,Jan,David Vance McCullough,,Accounts Payable (A/P),1000,1000
Total for David McCullough,,,,,,,,1000,
Total for Consulting with sub-accounts,,,,,,,,1650,
Contractors,,,,,,,,,
Sarah Bennage,,,,,,,,,
,Sarah Bennage,01/01/2024,Check,0690,Sarah Bennage Morton,,Outdoor INC Checking (1203),140,140
Total for Sarah Bennage,,,,,,,,140,
Total for Contractors with sub-accounts,,,,,,,,140,
Purchases,,,,,,,,,
,Purchases,01/14/2025,Bill,2028,Jingjiang Ruinuo Metal Tools Manufacture Co.,Wacky Rig Tool,Accounts Payable (A/P),1650,1650
,Purchases,12/31/2025,Bill,2150,GSM Outdoors,4” Yamamoto Senko in Watermelon Black & Red Flake,Accounts Payable (A/P),3750,5400
Total for Purchases,,,,,,,,5400,
Website Expense,,,,,,,,,
Yotpo,,,,,,,,,
,Yotpo,01/01/2024,Bill,ZINVYUS00308187,Yotpo,,Accounts Payable (A/P),1703.23,1703.23
,Yotpo,01/01/2024,Bill,ZINVYUS00308162,Yotpo,,Accounts Payable (A/P),1703.23,3406.46
,Yotpo,02/02/2024,Bill,ZINVYUS00308163,Yotpo,,Accounts Payable (A/P),1703.23,5109.6900000000005
,Yotpo,02/02/2024,Bill,ZINVYUS00308188,Yotpo,,Accounts Payable (A/P),1703.23,6812.92
Total for Yotpo,,,,,,,,6812.92,
Total for Website Expense with sub-accounts,,,,,,,,6812.92,
"Accrual Basis Friday, January 30, 2026 02:56 PM GMT-07:00",,,,,,,,,
