sku,product_name,barcode,revenue,quantity
mb-subscription-south-1,Platinum: South: monthly,,169421.68,4423
mb-subscription-northeast-1,Platinum Series Northeast: monthly,,128439.67,3348
mb-subscription-greatlakes-1,Platinum Series Midwest: monthly,,97529.85,2548
mb-subscription-south-3,Platinum: South: 3 month,,96777.0,2849
mb-subscription-greatlakes-3,Platinum Series Midwest: 3 month,,85192.0,2451
mb-subscription-northeast-3,Platinum Series Northeast: 3 month,,83238.95,2399
PLATINUM-NEW-3,Platinum Series: 3 month,,78006.29,698
PLATINUM-NEW,Platinum Series: monthly,,77953.59,1979
PLATINUM-NEW-12,Platinum Series: 12 month,,70525.95,159
PLATINUM-NEW-6,Platinum Series: 6 month,,49303.95,220
mb-subscription-south-12,Platinum Series South: 12 month,,48706.0,1657
GOLD-NEW,Gold Series: 6 month,,48222.1,828
mb-subscription-northeast-6,Platinum Series Northeast: 6 month,,46793.0,1409
mb-subscription-psw-1,Platinum Series West: monthly,,46004.16,1199
platinum-0625,Platinum - Bass Monthly: June 2025,,45884.07,1303
TikTok-29,MONSTERBASS Mystery Box - The Big Box,,42150.15,958
mb-subscription-pnwmp-1,Platinum Series NW/Mtn: monthly,,42149.51,1101
mb-subscription-south-6,Platinum Series: 6 month,,41280.0,1357
mb-subscription-greatlakes-12,Platinum Series Midwest: 12 month,,40578.0,1311
platinum-0525,Platinum - Bass Monthly: May 2025,,38573.38,1597
mb-subscription-greatlakes-6,Platinum Series Midwest: 6 month,,37151.94,1143
mb-subscription-northeast-12,Platinum Series Northeast: 12 month,,35538.0,1274
platinum-0425,Platinum - Bass 3 Month: April 2025,,35001.72,1148
mb-subscription-pnwmp-3,Platinum Series NW/Mtn: 3 month,,34775.0,982
platinum-0825,Platinum - Bass Monthly: August 2025,,34704.8,1307
platinum-0725,Platinum - Bass 3 Month: July 2025,,34439.97,1329
platinum-1025,Platinum - Bass Monthly: October 2025,,31869.22,699
platinum-1225,Platinum - Bass Monthly: December 2025,,31443.22,919
mb-subscription-psw-3,Platinum Series West: 3 month,,30678.5,857
platinum-1125,Platinum - Bass 3 Month: November 2025,,30604.22,686
platinum-0325,Platinum - Bass Monthly: March 2025,,30322.72,911
platinum-0925,Platinum - Bass Monthly: September 2025,,30144.7,738
platinum-1124,Platinum - Bass 12 Month: November 2024,,29745.88,1292
mb-subscription-florida-1,Platinum: South: monthly,,28673.22,766
mb-subscription-national-1,National Box,,27569.98,980
platinum-1224,Platinum - Bass Monthly: December 2024,,26700.0,743
MBV-3700,"The Vault | 3600, 3700, Spinnerbait, Crankbait & Jig/Chatterbait boxes - 3700",,26604.45,1529
silver-3,Silver Series: 3 month,,24780.0,1602
platinum-0225,Platinum - Bass Monthly: February 2025,,24550.0,881
mb-subscription-2-month,Platinum Series: 2 month plan,,24523.96,636
platinum-0125,Platinum - Big Bass Box,,23979.0,820
silver-1,Silver Series: monthly,,23580.0,1179
FGOTX71M,"Fate Green/Origin TX 7'1"" M Casting Combo - 7.1:1 Gear Ratio RH",,23518.53,147
silver-6,Silver Series: 6 month,,23160.0,1582
mb-subscription-ms-3,Multi-Species: 3 month,,22734.0,636
mb-subscription-ms-1,Multi-Species: monthly,,22310.0,586
GIFT-SPINNING-REEL,FREE GIFT: Spinning Fishing Reel,,20850.0,697
mb-subscription-national-3,Gold Series: 3 month,,20835.0,777
mb-subscription-pnwmp-12,Platinum: PNW & Mountain: 12 month,,18698.0,643
GOLD-0724,Gold Monthly: July 2024 - 1 Month,,18257.43,781
silver-12,Silver Series: 12 month,,18240.0,1350
MULTI-NEW-3,Platinum Series Bass & Panfish: 3 month,,18051.95,160
PROSTAFF,Platinum: ProStaff monthly,,17784.0,468
MBC-574MFC,"LUNKERSTICK - Casting: 7'4"" Medium Heavy - Moderate Fast",810103811041,17592.55,130
MSR-474F,"LUNKERSTICK - Spinning: 7'4"" Medium - Fast",810103811010,17540.65,130
mb-subscription-psw-6,Platinum: West: 6 month,,17346.0,514
MSR-370F,LUNKERSTICK - Spinning: 7' Medium Light - Fast,810103811034,16812.85,124
MBC-574F,"LUNKERSTICK - Casting: 7'4"" Medium Heavy - Fast",810103810747,16701.9,124
GIFT-SPINNING-ROD-REEL,FREE GIFT: Fishing Rod + Reel Spinning Combo,,16029.42,112
GOLD-0624,Gold 3 Month: June 2024,,15610.92,618
mb-subscription-ms-12,Multi-Species: 12 month,,15496.0,361
Welcome-30,FREE GIFT: $30 Store Credit,,15210.0,507
HB760TT,"David Dudley Signature Series Rods - Casting: 7'6"" Heavy",854089007920,14940.0,166
mb-subscription-ms-6,Multi-Species: 6 month,,14622.0,404
MULTI-NEW-12,Platinum Series Bass & Panfish: 12 month,,14095.0,36
mb-subscription-national-6,Gold Series: 6 month,,14022.0,520
MBC-674F,"LUNKERSTICK - Casting: 7'4"" Heavy - Fast",810103811027,13653.05,101
MBC-470F,LUNKERSTICK - Casting: 7' Medium - Fast,810103810730,13544.05,100
mb-subscription-pnwmp-6,Platinum Series  NW/Mtn: 6 month,,13236.0,433
GOLD-0524,Gold 3 Month: May 2024,,12741.99,727
MULTI-NEW,Platinum Series Bass & Panfish: monthly,,12150.15,311
mb-subscription-florida-3,Platinum Series Florida: 3 month,,11747.0,360
GP-PROTECT-0,Guaranteed Shipping Protection - Level 0,,11037.74,11265
mb-subscription-florida-6,Platinum Series Florida: 6 month,,10956.0,323
GOLD-1224,Gold 12 Month: December 2024 - 12 Month,,10626.97,372
MSR-UL,AAA Ultra-Light Spinning Rod,810103810723,10434.2,116
GOLD-0924,Gold Monthly: September 2024 - 1 Month,,10183.83,558
mb-subscription-psw-12,Platinum Series West: 12 month,,10023.0,382
platinum-0124,Z-Man Takeover Box | Platinum Series,,10015.86,256
GOLD-0824,Gold 3 Month: August 2024,,9881.83,604
GOLD-0325,Gold Monthly: March 2025 - 1 Month,,9430.98,364
GOLD-1124,Gold 6 Month: November 2024 - 6 Month,,9333.48,471
FTB3S71M,"13 Fishing Fate Black Rod - 7'1"" M Spinning Rod",,9278.84,116
BAG-12x10x2,The Bait Bag,,9261.55,1545
platinum-0524,Pond Hopper Box #524,,9050.0,242
GOLD-0125,Gold Monthly: January 2025 - 1 Month,,8900.97,394
GOLD-1024,Gold 12 Month: October 2024 - 12 Month,,8282.97,470
GOLD-0625,Gold Monthly: June 2024 - 1 Month,,8182.7,165
Welcome-60,FREE GIFT: $60 Store Credit,,8160.0,136
mb-subscription-23900,The MONSTERBASS Bait Box,,7980.0,210
CBJH38-14,Z-Man JackHammer ChatterBait - 3/8oz / Fire Craw,,7901.55,821
platinum-0724,Pond Hopper Bait Box,,7798.0,239
GIFT-SPINNING-ROD,FREE GIFT: Spinning Fishing Rod,,7740.0,95
platinum-0624-new,Platinum Bonus Box,,7697.97,190
MULTI-NEW-6,Platinum Series Bass & Panfish: 6 month,,7666.0,36
BOX-ULT,ULTIMATE Bass Box,,7650.18,94
multi-0525,Platinum - Bass & Panfish Monthly: May 2025,,7290.99,227
mb-subscription-florida-12,Platinum Series Florida: 12 month,,7290.0,317
multi-0625,Platinum - Bass & Panfish 12 Month: June 2025,,7262.0,224
Welcome-90,FREE GIFT: $90 Store Credit,,7110.0,79
mb-subscription-national-12,Gold Series: 12 month,,6720.0,309
platinum-0924,Platinum - Bass 3 Month: September 2024,,6633.75,488
season-pass-silver,The Season Pass - Small,,6490.0,26
MBC-578MFC,"LUNKERSTICK - Casting: 7'8"" Medium Heavy - Moderate Fast",810103812901,6455.7,48
silver-0724,Silver Monthly: July 2024,,6383.63,327
MSR-574F,"LUNKERSTICK - Spinning: 7'4"" Medium Heavy - Fast",810103812918,6367.6,48
GOLD-1225,Gold 6 Month: December 2025 - 6 Month,,6285.33,215
multi-1125,Platinum - Bass & Panfish Monthly: November 2025,,6152.74,121
GOLD-0225,Gold Monthly: February 2025 - 1 Month,,6087.24,208
GOLD-1025,Gold Monthly: October 2025 - 1 Month,,6030.32,148
platinum-0824,Pond Hopper Box #824,,6006.0,154
multi-0325,Platinum - Bass & Panfish Monthly: March 2025,,6001.99,170
MULTI-NEW-GIFT,Platinum Series Bass & Panfish: Gift Subscription,,5880.0,120
multi-0725,Platinum - Bass & Panfish Monthly: July 2025,,5786.0,221
GOLD-0825,Gold Monthly: August 2025 - 1 Month,,5751.14,151
LUNKERBAG,LUNKERBAG Tackle Storage System - Bag Only,656750686416,5744.97,81
GOLD-1125,Gold 6 Month: November 2025 - 6 Month,,5670.32,149
FREE-GC,Omen Black Fishing Rod Gift Card,,5457.9,42
mb-subscription-23800,"Spinnerbaits, Jig & Frog Box",,5282.0,139
LUNKERBAG-3,LUNKERBAG Tackle Storage System - Bag + 3 Vault 3700's,,5197.5,50
multi-0425,Platinum - Bass & Panfish Monthly: April 2025,,5169.99,208
mb-subscription-23700,The Dog Days of Summer Box,,5079.0,128
multi-0925,Platinum - Bass & Panfish 3 Month: September 2024,,5071.14,129
silver-0625,Silver Monthly: June 2025,,5037.96,247
TikTok-49,MONSTERBASS Mystery Box - The Bigger Box,,4977.85,84
OB3C74H-K,"Omen Black Kayak Casting Rod - 7'4""H Casting Rod",,4858.18,38
multi-1025,Platinum - Bass & Panfish Monthly: October 2025,,4779.54,118
silver-0425,Silver Monthly: April 2025,,4740.0,237
RSC-DB,Member Exclusive: Rod Cover - Dark Blue,,4651.4,1335
silver-0825,Silver Monthly: August 2024,,4632.22,226
silver-0525,Silver Monthly: May 2025,,4565.74,245
multi-1224,Platinum - Bass & Panfish 12 Month: December 2024 - Default Title,,4481.0,154
KLRO-5.2-3.0,Kalon R - Radioactive Spinning Reel,,4458.15,60
SK-BOX4,Strike King Hard Bait Bundle,,4446.0,111
multi-1124,Platinum - Bass & Panfish 12 Month: November 2024,,4422.0,220
GOLD-0925,Gold Monthly: September 2024 - 1 Month,,4389.38,118
PLATINUM-NEW-GIFT,Platinum Series: Gift Subscription,,4386.0,96
GOLD-0425,Gold Monthly: April 2025 - 1 Month,,4360.99,102
OBO1-7.3-RH,Origin O1 Blackout Baitcasting Reel - 7.3:1 Gear Ratio - Right Hand Retrieve - Size 100,,4339.38,62
multi-1225,Platinum - Bass & Panfish 6 Month: December 2025,,4321.24,148
BO2C73MH,"13 Fishing Blackout 7'3"" MH Casting Rod - 7'3"" MH",,4319.52,48
MB-GCARD-25,Gift Cards - $25 Gift Card,,4275.0,171
GOLD-0525,Gold 3 Month: May 2025 - 3 Month,,4228.83,108
CBJH38-18,Z-Man JackHammer ChatterBait - 3/8oz / Bama Bug,,4077.45,255
season-pass-gold,The Season Pass - Medium,,4070.0,14
ROLLO-6,April's Mystery 6 Pack of Baits,,4055.5,78
platinum-0624,Platinum Bonus Box,,4053.38,88
MB-AMZ-TOP,Topwater Blowup Box,,4010.0,111
silver-1025,Silver Monthly: October 2025,,3991.71,194
multi-0825,Platinum - Bass & Panfish 3 Month: August 2025,,3990.19,219
MB-3700-DEEP,Monsterbox 3700 Deep,,3942.0,267
mb-subscription-23600,Big Bass Bait Box,,3914.0,103
silver-0925,Silver Monthly: September 2025,,3814.0,185
MB-AMZ-RPS,Amazon Platinum Box,,3799.05,95
multi-0125,Platinum - Bass & Panfish Monthly: January 2025,,3790.5,166
silver-1125,Silver Monthly: November 2025,,3775.04,183
multi-0225,Platinum - Bass & Panfish 3 Month: February 2025,,3763.0,163
KIT-WACKY,The 61-Piece MONSTERBASS Wacky/Neko Rig Kit – Master the Finesse Game! 🎯,,3726.0,58
KIT-TEXAS,64 Piece Texas Rig Kit,,3699.26,74
BB-110JERK-4,Banger 110 - 4 Pack,,3654.79,158
mb-subscription-23100,LUNKERHUNT Takeover Box,,3534.0,93
MBC-470MFC,LUNKERSTICK - Casting: 7' Medium - Moderate Fast,810103812895,3497.75,26
BL-BUZZ-3,Buzz Frog - 3 Pack,,3455.0,194
ABA-welcome,ABA Welcome Box,,3400.0,85
LB-C,DEBO's Little Banger - Crappie,810103812376,3377.12,338
platinum-1024,Platinum - Bass Every Other Month: October 2024,,3371.99,498
BURNERC-38-7,Blade Burner | Colorado Spinnerbait - LIMITED EDITION: Grape Ape,,3367.21,377
SK-BOX3,Strike King Topwater Blowup Box,,3355.0,86
mb-subscription-230100,The Best Fishing Subscription Box (that's not a subscription),,3268.0,86
OB3C76MH-K,"Omen Black Casting Rod - 7'6"" MH Casting Rod",,3258.82,26
winter-pass,Season Pass,,3245.0,22
LB-CB,Little Banger - Crackle Bluegill,810103812390,3239.64,330
platinum-0724-old,Pond Hopper Bait Box,,3157.0,77
BB-110JERK-CBB,Banger 110 - Chrome Black Back,,3155.49,351
FTB3C73M,"13 Fishing Fate Black Rod - 7'3"" M Casting Rod",,3119.61,39
304-006,Hi-Def Craw,,3032.52,768
SK-BOX1,Strike King 6-Pack Soft Bait Bundle,,3000.0,100
silver-0125,Silver Monthly: January 2025,,2975.0,149
FTB3C73MH,"13 Fishing Fate Black Rod - 7'3"" MH Casting Rod",,2959.63,37
FTB3C71M,"13 Fishing Fate Black Rod - 7'1"" M Casting Rod",,2959.63,37
platinum-quarterly,Platinum Series : Quarterly,,2888.0,76
season-pass-platinum,The Season Pass - Large,,2880.0,7
CBJH12-17,Member Exclusive: Berkley Warpig Lipless,,2785.32,228
silver-1024,Silver Monthly: October 2024,,2764.78,145
PROSTAFF-0624,Platinum: ProStaff,,2736.0,72
platinum-paid-monthly-12,Platinum Monthly Pass - Bass / 12 Months,,2694.45,71
KIT-NED,41 Piece Ned Rig Kit,,2691.0,69
SK-BOX2,Strike King Bass Bundle,,2660.0,70
platinum-paid-monthly,Platinum Monthly Pass - Bass / 1 Month,,2655.56,79
silver-1124,Silver Monthly: November 2024,,2620.0,131
Platinum-0825-old,Bank Fishing Blowup Box,,2608.0,58
CV2-KB-BM,"Cobra V2.0 Spinnerbait, Kunai Blade - Blue Magic",,2603.22,221
Rapt95FinCyaGrStd,9.5ft Raptor Modular Fin Drive Pedal Fishing Kayak | 380lbs Capacity | 2 Piece - Cyan Gray / in 1 - 2 weeks,,2548.0,2
CV2-KB-SF,"Cobra V2.0 Spinnerbait, Kunai Blade - Snek Flash",,2489.16,213
CV2-SF-KB-F,"Cobra V2.0 Spinnerbait, Kunai Blade - Flamingo",,2481.09,291
PLABW361J,Plano Weekend Series 3600 Tackle Bag,,2466.9,62
KIT-TOKYO,⚡ Take Cover. Take Control. The 41-Piece MONSTERBASS Tokyo Rig Kit! ⚡,,2445.0,43
KIT-FLIPPING,Dominate Heavy Cover with the 40-Piece MONSTERBASS Flipping & Pitching Kit! 🔥,,2435.0,45
silver-1224,Silver Slam Box,,2420.0,121
GP-PROTECT-1,Guaranteed Shipping Protection - Level 1,,2377.48,1213
GOLD-0224,Gold 6 Month: February 2024 - 6 Month,,2367.0,184
MB-SHHEAD-15-RUDDRED,Hammerhead Squarebill – Alex Rudd Edition - Rudd Red,656750686898,2277.25,274
platinum-0724-new,June 204,,2235.09,54
MB-3700,Monsterbox 3700,810103810594,2230.37,160
GUIDEPROTECTION-1,Guide Package Protection - $.98,,2210.88,2256
MB-CRAW-GPB,PB Craw - Green Pumpkin Blue Flake,,2136.07,606
CV2-KB-GM,"Cobra V2.0 Spinnerbait, Kunai Blade - Gold Mine",,2129.44,180
gold-quarterly,Gold Series: Quarterly,,2128.0,76
BB-110JERK-PBLUE,Banger 110 - Pro Blue,,2126.7,330
GOLD-0424,Gold 6 Month: April 2024,,2120.0,173
MB-3600,Monsterbox 3600,656750686751,2088.96,192
LCLDSS,"Custom Lite 6'10"" Spinning Rod",,2039.88,12
BB-110JERK-SSHAD,Banger 110 - Sexy Shad,,2031.76,226
10-20-GGS-10005F,Googan Squad Clickbait - Black/Blue,,2010.79,321
platinum-0325-old,Z-Man Essentials Box,,1960.0,49
PL00S,Quantum Pulse Casting Reel,,1943.75,60
mb-subscription-23806,Mystery Box of Tackle #823 - Gold,,1856.0,64
SSFROG-10018,June's Member Exclusive Topwater Bait,,1853.13,302
10-20-GGS-10005I,Googan Squad Clickbait - Green Pumpkin,,1821.51,499
silver-0325,Silver Monthly: March 2025,,1800.0,90
MB-ROLLO6-CPERCH,Rollo 6 - Chartreuse Perch,656750687352,1788.34,203
KIT-CAROLINA,Unlock the Power of the Carolina Rig – The 52-Piece MONSTERBASS Kit! 🎣,,1787.0,32
silver-0225-old,Dock Fishing Essentials,,1771.0,60
LL-35,Walking Boss II Magnum - Money Gill,,1753.8,125
CBCE38-01,CrossEyeZ Chatterbait - 3/8 oz / Pearl Ghost,,1730.98,173
LB-TSC,DEBO's Little Banger - Tequila Sunrise Craw,810103812369,1718.63,172
mb-gift-ms-1,Multi-Species: 1 month gift,,1710.0,45
LCLMBR,Custom Lite 7' MH Fast Casting Rod,,1699.9,10
KLA-6.2-3.0,Kalon A Spinning Reel,,1697.18,32
P413641LR,P4-13 Baitcast Reel - 6.4:1 / LH,,1659.0,21
R1175-4,March's Mystery Topwater 4-Pack,,1618.61,71
VKB-23R-MKIM1001-TS,Makana 100 - Tsunami Red / Impulse Drive,840022713645,1614.99,1
CCBR1,"Custom Speed Stick 7'2"" Casting - Crankbait Rod",,1599.9,10
Raid95PropGraBlStd,9.5ft Raider Modular Propeller Drive Pedal Fishing Kayak | 380lbs Capacity | 2 Piece - Gray Black / in 10 - 12 weeks,,1599.0,1
MB-CRAW-MC,PB Craw - California 420,,1574.23,352
MM-28,Mad Max v3.0 - Feeder Gill,,1570.85,183
P413641RR,P4-13 Baitcast Reel - 6.4:1 / RH,,1560.25,20
CWR1,Custom Speed Stick 7' Casting - Worm Rod,,1529.91,9
Platinum-0925-old,The Bucketmouth Box,,1519.95,38
FTB3C76MH,"13 Fishing Fate Black Rod - 7'6"" MH Casting Rod",,1519.81,19
silver-0924,Silver Monthly: September 2024,,1483.96,74
PMPF75-59,Poppy Mc Pop Face Popper,,1480.0,185
platinum-paid-monthly-3,Platinum Monthly Pass - Bass / 3 Months,,1478.15,38
ZM-BOX4,Z-Man Bait Bundle #4,,1467.55,49
Ragnar-43,Ragnar - LIMITED EDITION: Orange Julius,,1467.36,107
MB-CRAW-GP,PB Craw - Green Pumpkin,,1456.46,296
MB-MCRANK-46-BBC,Seeker 6 - Blue Chartreuse,656750686942,1456.38,162
MB-SEEKER12-BUNDLE,March's Mystery 6 Pack of Baits,,1449.7,48
MB-TFJ-38-6,Tungsten Football Jig - 6 Pack,656750686720,1446.99,46
platinum-1124-old,The Platinum Fall Fishing Kit,,1441.0,37
SB-8,SquareBanger - Blue Craw,,1440.35,172
CMBR1,Custom Speed Stick 7' Casting - Magnum Bass Rod,,1439.91,9
PATRIOT-38,The Patriot v3.0 - LIMITED EDITION: Gold Dust,,1438.53,114
MB-SEEKER8-BUNDLE,April's Mystery 6 Pack of Baits,,1435.5,50
SB05-RCW,Sunny B Crankbait - Red Crawdad,,1422.85,143
P413731RR,P4-13 Baitcast Reel - 7.3:1 / RH,,1422.0,18
P413731LR,P4-13 Baitcast Reel - 7.3:1 / LH,,1422.0,18
CBCE38-03,CrossEyeZ Chatterbait - 3/8 oz / Green  Pumpkin,,1410.49,141
CBSB38-07,Jack Hammer Stealth Blade - Green Pumpkin / 3/8oz,,1407.29,88
kit-frog,The Ultimate Frog & Toad Box – Handpicked by Shaye Baker! 🐸,,1400.0,28
SF-DW-GG-LE,Double WIllow Snek Frog - Orange Glow,,1384.74,126
MB-misc-soft-4277,March's Mystery Bait,,1351.98,522
MHS720TT,"David Dudley Signature Series Rods - Spinning: 7'2"" Medium Heavy Fast",854089007920,1350.0,15
Rapt95PropCyaGrStd,9.5ft Raptor Modular Propeller Drive Pedal Fishing Kayak | 380lbs Capacity | 2 Piece - Cyan Gray / in 1 -2 weeks,860012323593,1349.0,1
BB-DEF-BCC,Defender Squarebill - Black Chrome Shiner,608011177249,1347.51,150
KIT-DROPSHOT,56 Piece Drop Shot Kit,,1334.0,29
ZM-BOX2,Z-Man Bait Bundle #2,,1311.9,42
SB-44,SquareBanger - LIMITED EDITION: Magic Shad,,1310.43,114
BUNDLE-CO-POPPER-6,July's Mystery 6 Bait Bundle,,1301.63,41
mb-subscription-northeast-alt,Platinum: Northeast: Every Other Month,,1292.0,34
TCVSJ38-45,Strike King Thunder Cricket - 3/8 oz / Blue Glimmer,,1290.0,100
HR5-10,"Hellraizer - 5"" / Purple Death",,1289.14,86
LB-FT,DEBO's Little Banger - Fire Tiger,810103812383,1279.02,128
FD65-6-2,Flat Daddy Flat Side Crank,,1274.84,145
B8-JB-PERCH,Holo ShineR - Limited Edition: Green Perch,,1270.9,142
FJC-RD,Flak Jacket Rod Covers: Spinning & Casting - Casting / Red,,1268.08,128
FJC-LG,Flak Jacket Rod Covers: Spinning & Casting - Casting / Grey,,1268.08,128
HYDPS5WGTS,Hyperlastics Dartprop Topwater Prop Bait - White Ghost-Silver,,1262.42,158
JLD3-T005,JLD Series 3 Jerkbait - Black Scale,,1260.0,126
BURNERC-38-5,Blade Burner | Colorado Spinnerbait - Sexy Cracks,,1257.59,151
PPS12-GS,Pacemaker Swim Jig - 1/2oz / Glimmer Shad,,1248.0,208
FJC-CM,Flak Jacket Rod Covers: Spinning & Casting - Casting / Camo,,1244.96,126
HR5-01,"Hellraizer - 5"" / Snow",,1244.17,83
TCVSJ12-832,Strike King Thunder Cricket - 1/2 oz / Black Widow,,1238.9,110
BURNERC-38-4,Blade Burner | Colorado Spinnerbait - Oneida Perch,,1231.56,146
STICKER-MERICA,"Red, White & MONSTERBASS Sticker",,1226.0,613
MB-INCISION-BUNDLE,Incision 69 - 6 Pack,656750687093,1217.1,41
CAS-3/8-CHT/WHT/GLD,Castaic Atlas Spinnerbait 3/8oz - Chartreuse White Gold Blade,,1205.58,142
MB-RAGNAR-SS,The OG Ragnar – Limited Warehouse Find - Silver Shiner,,1193.0,125
MB-ROLLO6-BULLG,September's Mystery Hard Bait,656750687390,1186.97,223
MB-ROLLO6-BCRAW,Rollo 6 - Blue Craw,656750687383,1181.36,151
multispecies-quarterly,Multi-Species: Quarterly,,1178.0,31
MIFJ-misc,Ike's Flip Out Jig - 3/4 oz. - Misc,,1175.32,164
HR5-08,"Hellraizer - 5"" / Ghost Shad",,1169.22,78
mb-kids-6,The Perfect Starter Fishing Kit for Kids! 🎁,,1151.09,55
gold-paid-monthly-6,Gold Monthly Pass - 6 Months,,1136.2,38
4BBLT592,Boom Boom Line Thru Swimbait - Sexy Minnow,,1131.0,128
gold-0524,Pond Hopper Box #245,,1131.0,39
KIT-AM-JIG,Jiggin'-N-America - 18 Piece Kit,,1129.87,113
112-WN-FLAG,Stars & Stripes Trucker Hat,,1128.0,46
BURNERC-38-3,Blade Burner | Colorado Spinnerbait - Morning Dawn,,1117.68,135
gold-paid-monthly-3,Gold Monthly Pass - 3 Months,,1113.25,36
CL-BONE-XL,UV Moisture Wicking Sunshirt - XL,,1103.0,42
Gold-0724-NEW,Gold Series: monthly,,1102.0,38
FJC-BK,Flak Jacket Rod Covers: Spinning & Casting - Casting / Black,,1100.77,111
TCVSJ38-900,Strike King Thunder Cricket - 3/8 oz / Fire Craw,,1100.18,83
MB-GCARD-100,Gift Cards - $100 Gift Card,,1100.0,11
MB-ROLLO6-CBACK,Rollo 6 - Copper Black,656750687345,1099.26,129
MLF-GF-C,Greenfish Tackle Hammerhead Buzzbait - Chartreuse,,1094.63,137
GP-PROTECT-2,Guaranteed Shipping Protection - Level 2,,1084.86,369
FLATLINE-34,Flatline - Ghost Sexy,810103810518,1082.89,134
C-574F,"LUNKERSTICK Pro Series - Casting: 7'4"" Medium Heavy - Fast",810103810747,1079.65,7
HR5-02,"Hellraizer - 5"" / Matte Black",,1079.28,72
FLATLINE-58,Flatline - Sleepover,810103810501,1075.8,132
CH-BLK-GY-M,MONSTERBASS Nation Hat - Black,,1071.85,57
PROSTAFF-0724,Platinum: ProStaff,,1064.0,28
platinum-0125-old,The Big Bass Box,,1064.0,28
FHP55T517,Scott Martin Hollow Body Frog Popper,,1061.77,100
BB-110JERK-CLOWN,Banger 110 - Clown,,1060.82,118
SBTJCRC-1/4,Today's Mystery Jig,,1055.98,350
BURNERC-38-6,Blade Burner | Colorado Spinnerbait - White/White,,1052.58,126
silver-0925-old,The Money Maker Box,,1052.0,39
KLO-5.2-3.0,Kalon O Blackout Spinning Reel - 5.2:1 Gear  Ratio - Size 3.0,,1049.85,15
BB-26,Vibemaster Blade Bait - Cylon,,1048.0,131
4BBLT555,Boom Boom Line Thru Swimbait - Sexy Shad,,1035.0,117
MB-TPP-TFP-14,Tungsten Pro Pack - Texas Rig / Flipping - 1/4oz,656750687222,1032.4,142
FLATLINE-54,Flatline - Sexy Cracks,810103810570,1025.82,126
LCLAPC,Custom Lite 7' All Purpose Casting Rod,,1019.94,6
BH-HELLBOY-MONEY,Hellboy - Money,,1013.98,102
INCISION-35,Incision 69mm Lipless Crankbait - Ghost Shad,,1006.45,115
60206,Buzz Frog - Watermelon,,1004.13,124
MB-GCARD-500,Gift Cards - $500 Gift Card,,1000.0,2
MB-GCARD-250,Gift Cards - $250 Gift Card,,1000.0,4
DAD25,Ultimate Dad Bundle,,1000.0,5
FLATLINE-56,Flatline - Silver Shiner,810103810532,994.89,123
MB-ROLLO6-SBSHAD,Rollo 6 - Silverback Shad,656750687376,992.24,115
MB-SEEKER6-BUNDLE,April's Mystery 6 Pack of Baits,,982.6,32
platinum-paid-monthly-6,Platinum Monthly Pass - Bass / 6 Months,,973.75,25
B8-USS-BUNDLE,B8LAB Ultimate Strike Shad Bundle,,967.25,47
FTB3S610ML,"13 Fishing Fate Black Rod - 6'10"" ML Spinning Rod",,959.88,12
B8-USS-LPERCH,Ultimate Strike Shad - Lazer Perch,,957.65,107
TH-A10-3,A10 Square Bill - 3 Pack,,944.0,36
PT-PF2,2026 Popping Frog - Product Testing - Yellow,8 53514 000987,943.95,105
MB-HAT-MB-ORANGE-BLK,The OG,,940.0,47
CH-QRY-BL-M,MONSTERBASS Nation Hat - Gray,,938.75,103
gold-1025,Gold Monthly: October 2025 - 1 Month,,934.86,28
MB-TPP-CR,Tungsten Pro Pack - Carolina Rig,656750687253,926.0,125
MB-AMZ-MULTI,"MONSTERBASS Mystery Fishing Tackle Box - Multi-Species Fishing Tackle Box with Professional Bass, Panfish, Trout, and Pike Lures, Premium Fishing Gifts for Men & Freshwater Anglers",,919.77,23
mb-subscription-230110,November 2023 - Platinum Series,,912.0,24
INCISION-7,Incision 69mm Lipless Crankbait - Blue Chrome,,911.25,105
PATRIOT-20,The Patriot v3.0 - Cracked,,909.7,88
HOPPER55-FLDCRT,Hopper 55 - Field Cricket,,908.7,130
B8-JB-WHITE,Holo ShineR - Bone,,903.95,101
112-HG-FLAG,Stars & Stripes Hat,,900.0,38
ULTIMATE-ICE,The Ultimate ICE Fishing Kit,,900.0,15
MB720TT,"David Dudley Signature Series Rods - Spinning: 7'2"" Medium",,900.0,10
mb-subscription-23706,Weekend Warriors Tackle Box,,899.0,31
POP-106-AMIGOWOOD-MINT-2,10'6 Amigo Wood - Geometric,850054425140,899.0,1
B8-JB-PURPLE,Holo ShineR - Grape,,895.0,100
MB-HHEAD-BGILL,Hammerhead Squarebill – Alex Rudd Edition - Bluegill,656750686140,889.16,99
PATRIOT-11,The Patriot v3.0 - Bone,,883.76,86
BURNERC-38-2,Blade Burner | Colorado Spinnerbait - Chartreuse/White,,883.66,106
BMB02FA527,Bomber Flat A - Muddy Craw,,880.72,128
TCVSJ12-465,Strike King Thunder Cricket - 1/2 oz / Green Pumpkin,,879.33,67
BURNERD-38-6,Blade Burner | Double Willow Spinnerbait - 3/8oz / White/White,,877.0,105
R1175-UVWS,Hardcore Noi-Z Jr - Smelt,,875.31,82
CH-CAM-GY-M,Camo MONSTERBASS Nation Hat,,871.0,57
WPL75/28,Whopper Plopper - 75 / Bluegill,,867.38,62
INCISION-22,Incision 69mm Lipless Crankbait - Candy Apple Craw,,862.3,99
JLD3-P001,JLD Series 3 Jerkbait - Silver Back,,853.71,97
multi-1024,Platinum - Bass & Panfish 12 Month: October 2024,,852.0,88
PATRIOT-35,The Patriot v3.0 - Ghost Shad,,849.8,83
MB-HHEAD-SSHAD,Hammerhead Squarebill – Alex Rudd Edition - Summer Shad,,844.74,94
BMFW7-MM,Flow Worm | BASSMOOCH - Matt's Money,,840.61,240
SR30A,Quantum Strategy SR30A Spinning Reel,,836.77,24
CH-BLK-OR-M,Black MONSTERBASS Nation Hat,,830.4,50
MB-HHEAD-SCRAW,Hammerhead Squarebill – Alex Rudd Edition - Spring Craw,,822.87,95
USJ786-38-BCW-1,Mustad 3/8 oz Underspin Shad - Blue/Chartreuse/White,,817.77,258
FLATLINE-14,Flatline - Chartreuse Black Back,810103810525,811.88,100
MB-HHEAD-CBB,Hammerhead – Alex Rudd Edition - Charteuse Black Back,,809.29,90
MB-HHEAD-CMONSTER,Hammerhead – Alex Rudd Edition - Craw Monster,,809.27,90
S12-43,Seeker 12 - LIMITED EDITION: Orange Julius,,804.75,73
rod-test-split,Free Gift Voucher - Fishing Rod Casting Combo,,799.95,5
OLS731MH40,OL' Salty Spinning Combo - Ol' Salty 7'3 MH spinning combo w/ 4000 Reel,842424113115,794.93,7
mb-subscription-1223-platinum,The Dark Horse Box,,792.99,21
USJ786-38-SB-1,Mustad 3/8 oz Underspin Shad - Shad,,789.82,222
BB-DEF-GS,Defender Squarebill - Ghost Shad,608011177294,789.14,88
B8-JB-BLUEGILL,Holo ShineR - Bluegill,,787.6,88
44FINSWIM-04,"Finesse Swimmer - 4.4"" / Tennessee Shad",,784.69,131
CBJH38-17,Z-Man ChatterBait JackHammer - 3/8oz / Spring Craw,,783.51,49
MLF-215,6th Sense Crush Squarebill,,778.3,85
TCVSJ38-288,Strike King Thunder Cricket - 3/8 oz / Mouse,,776.42,58
multi-0924,Platinum - Bass & Panfish 3 Month: September 2024,,772.95,76
SB-10,SquareBanger - Bluegill,,770.73,93
112P-CAMO-FLAG,Stars & Stripes Camo,,768.0,32
FLATLINE-22,Flatline - Candy Apple Craw,810103810563,767.84,94
BB-38,Vibemaster Blade Bait - Gold Dust,,760.0,95
QT-SWB-LGSILVER,Large Switch Blade - Silver,,755.06,320
MM-46,Mad Max v3.0 - Money Gill,,753.46,88
gold-0724,July 2024 - Gold,,750.0,30
MISC-XRM,March's Mystery Jerkbait,,748.5,150
QT-SWB-LGGOLD,Large Switch Blade - Gold,,747.64,320
KF-FREAK-INDIGLO,KCL Freak 1.5 Squarebill - Indiglo Bone,,743.89,89
PATRIOT-3,The Patriot v3.0 - Black Mamba,,738.81,72
sku-51979285430588,"**NEW** Heater Body Suit Xtreme Realtree Edge - Large (5'8"" - 6')",,738.0,2
MB-TFJ-38-BB,Tungsten Football Jig - Black & Blue,656750686690,736.8,125
mb-subscription-230106,October 2023 - Gold Series,,734.0,25
QT-SWB-LGBLACK,Large Switch Blade - Black,,730.74,311
JLEESP30,Jordan Lee Spinning Reel,,729.6,8
VF-JERK100-BLKJACK,Herky Jerky - Black Jack,,727.28,82
LH-Bundle1,Lunkerhunt Topwater Extravaganza,,720.0,20
misc-zgoat,July's Member Exclusive Z-Man Baits,,717.6,240
PATRIOT-24,The Patriot v3.0 - LIMITED EDITION: Creamsicle,,716.75,57
mb-ragnar-ss,July's Member Exclusive Topwater Bait,,712.81,119
FJ6,Hendrix Fishing Voodoo Frog - Green,,711.75,65
BDTRK303,Rackit Squarebill,,711.11,89
BB-DEF-CBB,Defender Squarebill - Chartreuse Black Back,608011177256,709.22,79
HOPPER55-GRSHPR,Hopper 55 - Grasshopper,,708.58,142
MB-GCARD-50,Gift Cards - $50 Gift Card,,700.0,14
BB-22,Vibemaster Blade Bait - Red Craw,,688.0,86
BURNERD-12-1,Blade Burner | Double Willow Spinnerbait - 1/2oz / Chad Spawn,,687.0,79
GP-PROTECT-4,Guaranteed Shipping Protection - Level 4,,686.0,140
MB-TFJ-38-PBJ,Tungsten Football Jig - Peanut Butter & Jelly,656750686720,682.5,114
CL-BONE-L,UV Moisture Wicking Sunshirt - L,,679.0,24
MB-SHHEAD-PERP,Hammerhead Squarebill – Alex Rudd Edition - Perp,656750687833,676.07,80
VF-CRANK4-BLUE,MC65 Series 4 - Bluegill,,672.27,75
silver-0325-old,Z-Man JackHammer Finesse Box,,672.0,28
INCISION-30,Incision 69mm Lipless Crankbait - Ghost Blue,,664.05,76
MB-LL68-CMONSTER,Incision 69 Lipless - Craw Monster,656750687116,663.43,77
MM-45,Mad Max v3.0 - Midnight Run,,661.58,78
DEW-45-XL,THE Tee (L-XL) - XL,,660.0,33
MB-HAT-112-RETROBLACK,Retro Logo Hat,,660.0,33
sku-46021792530688,Cowboy Bull Cutter Knives – Custom Handmade Damascus Steel Blade,,660.0,6
MB-MCRANK-46-CRACKED,Seeker 6 v1.0 - Cracked,656750686959,659.24,88
INCISION-39,Incision 69mm Lipless Crankbait - Green Gill,,658.9,75
60,Hendrix Fishing Voodoo Frog - White,,655.2,62
MM-40,Mad Max v3.0 - Green Sexy,,654.49,76
FLATLINE-23,Flatline - Crawlicious,810103810549,652.95,81
MBVS-3700,The Vault - Crankbait & Jerkbait Box,,647.8,25
LH-Bundle3,Lunkerhunt Hard Bait Bundle,,640.0,22
CSPS,"Custom Speed Stick 6'10"" Casting - Soft Plastic Rod",,639.96,4
TS115-4,Ark Topwater Slider - 4 Pack,,639.7,25
MM-7,Mad Max v3.0 - Blue Chrome,,638.54,75
VF-FROG-4,Vicious Pad Runner 4 Pack,,637.46,25
BURNERD-38-5,Blade Burner | Double Willow Spinnerbait - 3/8oz / Sexy Cracks,,631.6,76
MB-LL68-BCHROME,Incision 69 Lipless - Blue Chrome,656750687093,630.67,73
SS4500-GM-DEW-XL,"Limited Edition MB Hoodie (L, XL, 3X) - XL",,630.0,18
ICBM120/08,River2Sea ICBM Glide Bait - Bone,,625.9,80
1701-01,GRANDEBASS Sticker,,616.0,308
SRW01F65-6,Bucket Get'R Frog - Jack,,611.53,75
BURNERD-12-6,Blade Burner | Double Willow Spinnerbait - 1/2oz / White/White,,609.0,73
MB-NEDEWG-BLKBL-316,Sabertooth EWG Ned Heads - 3/16oz / Black & Blue,656750687321,605.36,184
MB-TFW-34-2,Tungsten Flipping Weights - 3/4oz - 2 pack,656750686348,595.0,70
6965525_8749,MONSTER/BASS Trucker Cap - Brown/ Khaki,,594.0,27
BB-BDAWG-CRAW,Bruiser Cruiser Crankbait - Craw,,593.34,66
MB-HHEAD-SUNNYB,Hammerhead – Alex Rudd Edition - Sunny B,656750686157,592.55,66
60204,Buzz Frog - Brown Rattler,,584.53,74
gold-1125,Gold Monthly: November 2025 - 1 Month,,582.92,20
sticker-rockon,Fish On,,582.0,291
MB-TPP-TFP-38,Tungsten Pro Pack - Texas Rig / Flipping - 3/8oz,656750687215,578.0,77
CBSB12-05,Jack Hammer Stealth Blade - Spot Remover / 1/2oz,,575.89,36
RLHG-MISC,The Hand Grenade,,573.8,34
OLS731M30,OL' Salty Spinning Combo - Ol' Salty 7'3 Medium spinning combo w/ 3000 Reel,842424113108,569.95,5
MB-LL68-CRAWLIC,Incision 69 Lipless - Crawlicious,656750687123,568.94,66
MB-JERKBAIT-PERCH,The Original Slick Stick 110 Jerkbait,,568.0,71
MB-TFJ-38-CAMOC,Tungsten Football Jig - Camo Craw,656750686713,567.0,95
BURNERD-12-3,Blade Burner | Double Willow Spinnerbait - 1/2oz / Morning Dawn,,560.0,68
ICBM120/04,River2Sea ICBM Glide Bait - Mullet Shad,,559.39,61
FGLT404,Froglet - Bluegill,,558.0,62
SB-22,SquareBanger - Candy Apple Craw,,557.78,67
silver-0825-old,The Shoreline Strike Box,,552.0,23
MB-SHIRT-RR-BLKH-L,Epic Eric's River Rat Tee - L,,550.0,32
MB-SS99-GBLACK,Slick Stick 99 - old packaging - Ghost Pro Black,656750687789,543.41,65
VF-BEAVER-01-06,Angry Beaver - Talapia,,543.27,226
BURNERD-38-3,Blade Burner | Double Willow Spinnerbait - 3/8oz / Morning Dawn,,542.0,65
MB-GCARD-20,Gift Cards - $20 Gift Card,,540.0,27
MB-NEDEWG-GREENP-18,Sabertooth EWG Ned Heads - 1/8oz / Green Pumpkin,656750687307,536.27,163
sticker-dead2,Deadliest Catch Part 2,,536.0,268
BEET03,Battle Beetle - Timber,,535.47,54
VF-JERK100-SEXY,Herky Jerky - Sexy,,534.45,60
SSPOP-10022,SteelShad Topwater Popper - Green,,531.0,59
KF-FREAK-PWHITE,KCL Freak 1.5 Squarebill - Pearl White,,528.13,96
CBSB38-05,Jack Hammer Stealth Blade - Spot Remover / 3/8oz,,527.91,33
Sticker-Coors,Coors Sticker,,526.0,263
SS3PACK-10195,Pro Series - 3 Pack - Green Bass Pack,,523.81,31
BB-70,Vibemaster Blade Bait - Purple Haze,,520.0,65
FACESHIELD-M,UPF 50+ Face Shield,,520.0,52
GP-PROTECT-5,Guaranteed Shipping Protection - Level 5,,517.44,66
MB-LL68-GBLUE,Incision 69 Lipless - Ghost Blue,656750687130,516.6,60
BURNERD-38-1,Blade Burner | Double Willow Spinnerbait - 3/8oz / Chad Spawn,,515.0,61
INCISION-23,Incision 69mm Lipless Crankbait - Crawlicious,,514.75,59
TCVSJ12-453,Strike King Thunder Cricket - 1/2 oz / Olive Shad,,514.62,38
MB-SHIRT-RR-BLKH-XL,Epic Eric's River Rat Tee - XL,,514.0,28
REYE38CW-3,Red Eye Special Spinnerbait,,510.27,73
MB-WINDB-CLASSIC-L-BLKCAMO,Lightweight Water Resistant Jacket - L / Black Camo,,510.0,17
1630-270,"6.5"" Airtail Wiggler - Black Blue Flake",,509.77,73
VF-BEAVER-06-06,Angry Beaver - Green Pumpkin Blue Swirl,,509.3,219
MB-MCRANK-46-CMONSTER,Seeker 6 v1.0 - Craw Monster,656750686904,508.0,67
112-BLK-SUN,Rise & Shine Hat - Black,,506.0,23
TS115-12,Ark Topwater Slider - Black Blue,,503.89,56
FJ1,Hendrix Fishing Voodoo Frog - Black,,503.7,46
sku-50188769788201,Wild Game Processors – 6-Piece Damascus Steel Knife Set with Buffalo Horn Handles - Buffalo horn handle Set,,500.0,2
KFK-SUPER-FBM,"MONSTERBASS Kids Fishing Gear Set - Lure Making Kit for Beginners, Includes Bait Bag, Lure Blanks to Paint, Paint Kit & Brushes, Guidebook & Stickers - Creative Fishing Gear for Kids",,499.5,10
BB-55,Vibemaster Blade Bait - Silver Craw,,496.0,62
1630-222,"6.5"" Airtail Wiggler - June Bug",,495.79,71
GRND3-KSG,"Grenade 2.75"" - Kissimmee Gill",,494.96,141
10067/15,Googan Squad Flouro Carbon Line - 15 lb,,492.7,30
TP70-16,Ark Topwater Popper - Sexy Shad,,492.46,55
SS4500-GM-DEW-L,"Limited Edition MB Hoodie (L, XL, 3X) - L",,490.0,13
PATRIOT-30,The Patriot v3.0 - Ghost Blue,,488.81,47
MB-TFW-38-B,Tungsten Flipping Weights - 3/8oz - 1 pack,,485.5,195
BURNERD-12-2,Blade Burner | Double Willow Spinnerbait - 1/2oz / Chartreuse/White,,485.2,58
BURNERD-38-4,Blade Burner | Double Willow Spinnerbait - 3/8oz / Oneida Perch,,485.0,58
MB-TFJ-38-GPB,Tungsten Football Jig - Green Pumpkin & Black,656750686706,484.8,82
S-474F,"LUNKERSTICK Pro Series - Spinning: 7'4"" Medium - Fast",810103811010,479.85,3
IMSBL03,Impact Shock 2F - Shock Yellow,,476.0,68
LL-34,Walking Boss II Magnum - MagJuvenile Pike,,474.78,22
SS4500-GM-DEW-3X,"Limited Edition MB Hoodie (L, XL, 3X) - 3X",,474.0,13
BB-7,Vibemaster Blade Bait - Blue Chrome,,472.0,59
ICBM120/09,River2Sea ICBM Glide Bait - Perch,,471.41,59
HBRH05,Reckless Roach - Charcoal,,470.0,47
MONSTERS-344-XL,MONSTERS Tee - XL,,468.0,41
JJ-PW,December's Mystery Soft Plastics,,464.96,154
R1175-UVC,Hardcore Noi-Z Jr - UV Citrus,,463.75,46
lp-iabm,I'm a Bass Man License Plate Frame,,463.47,53
MB-HWORM-PB,The Dirk Wiggler - Smuckers,,461.16,84
MB-SS99-GSEXY,Slick Stick 99 - old packaging - Ghost Sexy,656750687772,460.98,55
1105-01,5mm Glass Rattles,,458.04,96
GUIDEPROTECTION-2,Guide Package Protection - $1.96,,456.68,233
mb-subscription-psw-alt,Platinum: West: Every Other Month,,456.0,12
BURNERD-38-2,Blade Burner | Double Willow Spinnerbait - 3/8oz / Chartreuse/White,,453.0,54
BURNERD-12-5,Blade Burner | Double Willow Spinnerbait - 1/2oz / Sexy Cracks,,453.0,54
MB-SS99-GBLUE,Slick Stick 99 - old packaging - Ghost Pro Blue,656750687765,450.96,53
MB-GCARD-150,Gift Cards - $150 Gift Card,,450.0,3
IMPOP03,Impact Crush - Patriot,,448.0,64
CBWV38-03PK2,Chatterbait Willow Vibe - Shiner,,447.93,72
VF-CRANK4-SHAD,MC65 Series 4 - Green Sexy,,447.52,50
MB-TTDRC-18-4,Tungsten Drop Shot Weights - Casting / 1/8 oz - 4 pack,,447.0,90
BIGGS10004D,Googan Squad Flat Banger - 1/2oz 2.5'',,446.0,58
KF-FREAK-SEXY,KCL Freak 1.5 Squarebill - Sexy Shad,,444.91,53
MB-RS-TH,The Flutter Worm - Trophy Killer,,443.82,78
GP-PROTECT-3,Guaranteed Shipping Protection - Level 3,,442.96,113
GT375-320PK4,Goat - The Deal,,440.0,80
sku-46036050084096,"Buckaroo Belt Knife – 8"" Handmade Rasp Steel Blade with Epoxy Pine Cone Handle & Western Leather Sheath",,440.0,4
VF-CRANK4-GSHAD,MC65 Series 4 - Ghost Shad,,438.53,49
gold-0424-new,Fishing From The Dock Bundle 424,,435.0,15
PATRIOT-6,The Patriot v3.0 - Blue Chartreuse,,433.86,42
Ragnar-70,Ragnar - Purple Haze,,433.74,36
CB38-11,Original Chatterbait - Blue/Black,,431.1,90
PKG1001,"18.5"" Classic Pit Barrel® Cooker - Just the PBC",857212003028,429.99,1
SB-24,SquareBanger - LIMITED EDITION: Creamsicle,,428.67,33
gold-paid-monthly-1,Gold Monthly Pass - 1 Month,,428.35,13
MRCSLC-227,Mr. Crappie Slabalicious - Monkey Shine,,428.0,107
511-hgryblk-Bpuffm,Flat Bill Puff Logo Hat - Black,,428.0,18
RCRPK,Eagle Claw Crappie/Panfish Kit,,427.85,43
KF-FREAK-SSPECIAL,KCL Freak 1.5 Squarebill - Sabatini Special,,427.54,73
GT375-349PK4,September's Mystery Soft Plastics,,426.72,136
MB-MCRANK-8-CBB,Seeker 8 - Chartreuse Black Back,656750686973,425.32,49
HT-Q,Jersey Pickles Hot Pickled Green Tomatoes - QUART,789091391425,425.31,29
MB-NEWG-C-18,Sabertooth EWG Ned Heads - 1/8oz / Chartreuse,,424.41,129
MB-HOODIE-CLASSIC-L-BLKCAMO,Black Camo Hoodie (L) - L,,421.9,14
MB-PATRIOT3-BABYRAGNAR,October's Mystery Hard Bait,656750687406,420.15,86
112P-CAMOBLK-TRAP,Trap Hat - Camo,,420.0,21
silver-0524,Silver Monthly: May 2024,,420.0,21
mb-subscription-south-alt,Platinum Series South: every other month,,418.0,11
PPS38-BB,Pacemaker Swim Jig - 3/8oz / Black Blue,,414.0,69
PPS12-TS,Pacemaker Swim Jig - 1/2oz / Threadfin Shad,,414.0,69
VF-CRANK4-CHART,MC65 Series 4 - Chartreuse Black Back,,413.54,46
6373292_10783,MONSTER/BASS Hoodie - Black / 2XL,,410.0,10
CB38-61,Original Chatterbait - Chart/White  Gold,,409.57,85
32125,Hot Shot Minnow - BP Special,,408.46,71
DOB-DBBS38-121,Dobyn's D Blade Spinnerbait - Shimmer Shad Colorado Willow,,407.52,48
GRND3-BNE,"Grenade 2.75"" - Bone",,406.82,127
B8-USS-B8FISH,Ultimate Strike Shad - B8Fish,,403.19,45
donation-100,"Join the $10,000 Challenge to Support Our Veterans - $100",,400.0,4
SSINK-92PK6,ZinkerZ - Watermelon Candy,,399.2,80
SRW01F65-2,Bucket Get'R Frog - Bone,,397.55,46
MB-TFW-38,3/8 oz. Tungsten Flipping Weight,,397.47,153
GOLD-0324,Gold 3 Month: March 2024 - 3 Month,,396.0,21
MB-SHHEAD-10K,Hammerhead Squarebill – Alex Rudd Edition - 10k,656750687857,395.68,47
FJ4,Hendrix Fishing Voodoo Frog - Gold,,394.2,36
LH-BEJ-ASST,Big Eye Tail Spin,,394.05,71
MB-POPPER2-MIDNIGHT,Mad Max Popper - Midnight Run,656750687185,393.0,49
MB-SS99-CLOWN,Slick Stick 99 Floating - Clown,656750687802,391.49,46
VF-BEAVER-07-06,Angry Beaver - Hematoma,,390.81,174
VF-POP-BLACK,V-Pop 80 Popper - Blackout,,390.61,44
D45Z-MB-4/0-3PK,"Fat Gap, 4/0 Bleeding EWG",,390.0,130
WPL90/23,Whopper Plopper - 90 / Terminator,,388.71,29
VF-POP-GILL,V-Pop 80 Popper - Green Gill,,388.63,44
GMIN-27PK6,Z-Man MinnowZ - Pearl Blue Glimmer,,388.0,97
ICBM120/07,River2Sea ICBM Glide Bait - Powder,,385.11,39
VF-BEAVER-04-06,Angry Beaver - PB&J Laminate,,380.46,140
BMFW7-WR,Flow Worm | BASSMOOCH - Watermelon Red,,379.65,96
3001-69-M-Xl,Orange Crush Logo Tee (L-2X) - XL,,378.0,18
CBWV38-01PK2,Chatterbait Willow Vibe - 3/8oz / Pearl,,373.34,60
MB-TFJ-38-CNDYC,Tungsten Football Jig - Candy Craw,656750686744,372.0,62
MB-TTDRC-14-2,Tungsten Drop Shot Weights - Casting / 1/4 oz - 2 pack,,370.4,94
sku-51979285397820,"**NEW** Heater Body Suit Xtreme Realtree Edge - Small/Medium (5'4"" - 5'8"")",,369.0,1
sku-51979285496124,"**NEW** Heater Body Suit Xtreme Realtree Edge - XXLarge (6'4"" - 6'8"")",,369.0,1
MB-HWORM-WRC,The Dirk Wiggler - Watermelon Red Chartreuse,,367.83,67
FLATLINE-40,Flatline - Green Sexy,810103810556,365.94,45
WPL75/13,Whopper Plopper - 75 / Munky Butt,,363.74,26
VF-CRANK3-BLUE,SC-70 Crankbait - Spring Bluegill,,363.64,41
MB-HAT-MB-PUFF-NAVY,Puffmaster Classic Trucker - 112RE,,360.0,18
6373292_10782,MONSTER/BASS Hoodie - Black / XL,,360.0,9
sku-46485398257920,Handcrafted Cowboy Knife with Rasp Blade & Resin Handle – Leather Sheath,,360.0,3
sku-28802581200960,Raindrop Damascus Steel ULU Knife,,360.0,3
INV100S.SC3,Quantum Invade 100 Baitcast Reel,,359.92,8
BURNERD-12-4,Blade Burner | Double Willow Spinnerbait - 1/2oz / Oneida Perch,,359.0,43
mb-amz-multi,Amazon Multispecies Box,,356.44,9
SB-23,SquareBanger - Crawlicious,,354.81,42
CT3-5-19,Member Exclusive: ARK Squarebill,,353.88,54
MB-TJIG-3,Tungsten Football Jig - 3 Pack,,352.0,22
VF-BEAVER-03-06,Angry Beaver - Orange Craw Swirl,,351.86,132
sku-46372354392320,"Western Cowboy Knife – Damascus Steel, Pine Cone Resin & Brass Handle",,351.0,3
donation-50,Donation to Support Veteran Families - $50,,350.0,7
sku-26902748528704,Beautiful Custom Handmade Damascus Steel Steak Knives - Five Piece Set ( Exact on Picture With Different Material Handle ),,350.0,1
sku-46494202691840,Ranch Cowboy Knives – Handmade Rasp Tool Blade with Pine Cone Handle 8,,348.0,3
VF-FROG-GREEN,The Pad Runner - Green,,346.67,40
MB-SHIRT-RAG-HCEM-XL,Epic Eric's Rise n' Glide - XL,,344.0,19
platinum-multi-paid-monthly-12,Platinum Monthly Pass - Bass & Panfish / 12 Months,,341.55,9
BB-BDAWG-SCALES,Bruiser Cruiser Crankbait - Scales,,340.63,38
DEW-45-L,THE Tee (L-XL) - L,,340.0,17
VF-BEAVER-02-06,Angry Beaver - Easy Money,,339.49,127
WACKYO,Wacky Rig Tool - Blue,,338.31,49
MONSTERS-344-L,MONSTERS Tee - L,,338.0,27
R1175-HGAY,Hardcore Noi-Z Jr - Gold Ayu,,336.98,37
112P-CAMOBLK-BPUFFM,Black Puff Logo Hat,,336.0,14
BEET01,Battle Beetle - Canopy,,335.67,34
MB-BEANIE-SLOUCHY,Rick's Favorite Beanie,,334.95,21
MB-TTDRC-38-3,Tungsten Drop Shot Weights - Casting / 3/8 oz - 3 pack,,333.6,56
SSSPINNERBAIT-10170,Double WIllow Spinnerbait - Yellow/Green,,332.63,37
LH-ITURB-MISC,July's Member Exclusive Buzzbait,,330.37,65
VF-BEAVER-05-06,Angry Beaver - Summer Craw,,330.15,120
MB-TOKYO-3,Sabertooth Tokyo Rig - 3/0,656750687260,330.0,66
MB-SHIRT-RAG-HCEM-L,Epic Eric's Rise n' Glide - L,,330.0,20
6965525_16710,MONSTER/BASS Trucker Cap - Heather/ Black,,330.0,15
sku-50813040460073,Handmade Buckaroo Knife for Wrangler – D2 Steel with Antler Horn & Rosewood,,330.0,3
PKG1001J,"14"" Pit Barrel® Cooker Junior - Just the PBJ",,329.99,1
S6ITIPL,"6"" TITANIUM PLIERS",00860011410102,329.95,1
TS115-36,Ark Topwater Slider - LY Special,,323.89,36
CB38-54,Original Chatterbait - Sexy Shad,,320.93,67
RETRO-344-XL,Retro Logo Tee (L-XL) - XL,,320.0,19
XRM-80-GHOST FRENCH PEARL-2014,Reaction Strike Revolution Crankbait X Rip Minnow - 80 / Ghost French Pearl,,320.0,40
CMFR,"Custom Speed Stick 7'2"" Casting - Frog Rod",,319.98,2
C-578MF,"LUNKERSTICK Pro Series - Casting: 7'8"" Medium Heavy - Moderate Fast",810103812901,319.9,2
C-574MF,"LUNKERSTICK Pro Series - Casting: 7'4"" Medium Heavy - Moderate Fast",810103811041,319.9,2
C-470F,LUNKERSTICK Pro Series - Casting: 7' Medium - Fast,810103810730,319.9,2
USJ786-38-TS-1,Mustad 3/8 oz Underspin Shad - Tennessee,,319.51,89
gold-paid-monthly-12,Gold Monthly Pass - 12 Months,,318.45,11
CB38-46,Original Chatterbait - Perch,,317.35,66
MB-PJACKET-M,Hyper Loft Puffy Jacket - M,,316.0,4
S12-15,Seeker 12 - Green Blue Back,,315.8,37
sku-49436377809193,"Wild West Knife 8"" Rasp Steel with Purple Resin Handle",,315.0,3
CTHMP518,Cane Thumper - Chick Magnet,,313.5,57
NAIL-116-8,Tungsten Nail Weights,,313.0,65
BJ11,April's Member Exclusive Jig,,311.86,94
silver-0324,Silver Monthly: March 2024,,310.0,12
MB-SHIRT-DGH-GREY-XL,Swimming with the Fishes - XL,,310.0,26
CTHMP507,Cane Thumper - Alewife,,308.0,56
6965525_16709,MONSTER/BASS Trucker Cap - Charcoal/ Black,,308.0,14
TCVSJ38-453,Strike King Thunder Cricket - 3/8 oz / Olive Shad,,307.78,22
MB-NEDEWG-GRAPE-316,Sabertooth EWG Ned Heads - 3/16oz / Grape,656750687314,305.97,93
TS115-39,Ark Topwater Slider - Chart Dog,,305.9,34
60205,Buzz Frog - Margarita Rattler,,305.76,39
TEAM-06-XL,Team MONSTERBASS - XL,,304.0,28
VF-POP-BONE,V-Pop 80 Popper - Bone,,302.69,34
MJHB1-BM,Ike's Head Banger Jig - Bamer Craw,,302.47,53
45BFE-05,BFE Flipping Bait - Green Pumpkin,,300.51,56
mb-subscription-silver-23900,Special Edition MONSTERBASS Box,,300.0,15
sku-44274262737152,"Western Bowie Knife – 15"" J2 Hand-Forged Steel Blade with Antler Horn or Resin Handle & Leather Sheath",,300.0,2
SY-PBRD120-RD,"SYP 120 12"" Push Bike - Red",8944513601250,299.99,1
Gold-BS,November's Gold Box + FREE Hat - Black & Silver Hat + October Box,,299.94,6
Gold-BO,October's Gold Box + FREE Hat - Black & Orange Hat + October Box,,299.94,6
MB-AMZ-NAT,MONSTERBASS Gold Series Bass Fishing Kit. Includes The Best Brand Name baits for Smallmouth & Largemouth Bass.,,299.9,10
BFGCSC4.5,"Berkley 4.5"" Side Cutter",,299.75,25
KFK-FUN - FBM,"MONSTERBASS Kids Fishing Gear Set - Lure Making Kit for Beginners, Includes Bait Bag, Lure Blanks to Paint, Paint Kit & Brushes, Guidebook & Stickers - Creative Fishing Gear for Kids",,299.5,10
RDCRW-HD-02,Real Deal HD Craw - Black Red,,298.0,50
BURNER-38-6,Blade Burner | Willow & Colorado Spinnerbait - 3/8 oz / White/White,810103810396,297.0,36
B8/FYSH-85-FLMSHNR,B8LAB Fyre Shad,,293.35,33
GMIN-259PK6,Z-Man MinnowZ - Bad Shad,,292.0,73
gold-0624,June 2024 - Gold,,290.0,10
NKDUS3CR3DREG,Double Up System - Mossy Oak Country Roots 3D Leafy - Regular,850056687232,289.99,1
CL-TEE-SS-HG-L,Classic Logo Tee - L / Heather Grey/Grey,,289.71,29
CB38-13,Original Chatterbait - Green Pumpkin/Black,,288.61,60
RETRO-344-L,Retro Logo Tee (L-XL) - L,,288.0,16
SS4500-GM-DEW-2X,Limited Edition MB Hoodie - 2X,,287.0,7
DSDSZ-TENT-C-FAST-D420,Weisshorn Instant Up Camping Tent 8 Person Pop up Tents Family Hiking,,286.45,1
LL-13,Primetyme CB 2.0 - Bleeding Tennessee Shad,,285.78,22
MB-SHHEAD-15-MUD,Hammerhead – Alex Rudd Edition - Mud Hunter,656750686867,284.82,32
sku-50342303891753,"Professional Bull Cutter Castration Knife - 7"" High Carbon Steel with Epoxy Resin Handle",,282.0,3
SOUR-Q,Sour Pickled Green Tomatoes - QUART,788362829087,281.41,19
CTHMP520,Cane Thumper - Smoky Ghost,,280.5,51
MB-HOODIE-MHEAD-BLK-L,Snagglefish Hoodie - L,,280.0,7
6581192_4613,Monsterboro Flat Bill Hat - White,,280.0,14
HT-1/2G,Jersey Pickles Hot Pickled Green Tomatoes - 1/2 GALLON,789091391432,279.88,12
platinum-multi-paid-monthly-3,Platinum Monthly Pass - Bass & Panfish / 3 Months,,279.65,7
CB38-08,Original Chatterbait - White,,279.03,58
CL-BONE-2X,UV Moisture Wicking Sunshirt - 2X,,278.0,8
RSS-RED,Rod Sleeves (2 pack) - Spinning / Red,,277.86,36
B8-USS-BONE,Ultimate Strike Shad - SXY Bone,,277.53,31
MB-NEWG-C-316,Sabertooth EWG Ned Heads - 3/16oz / Chartreuse,,276.36,84
VF-TOAD-302-4,Best Toad Ever - Watermelon Red,,275.47,53
POP011,Poppa Pete - Bone,013415992365,274.95,5
RSC-GREY,Rod Sleeves (2 pack) - Casting / Grey,,274.78,36
B8-ROCCIT-NPERCH,B8LAB Roccit Shad - Natural Perch,,273.85,31
WPL90/12,Whopper Plopper - 90 / Loon,,273.8,20
BURNER-38-3,Blade Burner | Willow & Colorado Spinnerbait - 3/8 oz / Morning Dawn,810103810402,272.0,31
sku-49220651352361,Viking Hatchet with Custom Handmade Engraved 1095 Steel Blade and Ash Wood Leather-Wrapped Handle – Battle Forge - One Axe,,270.0,1
misc-vab,Angry Beaver - Misc Colors,,269.54,181
CTHMP517,Cane Thumper - Sparkle Shad,,269.5,49
BURNER-12-5,Blade Burner | Willow & Colorado Spinnerbait - 1/2 oz / Sexy Cracks,810103810488,269.0,32
Raptor200-MISC,Crappie Crankbait,,265.5,57
B8-ROCCIT-SGHOST,B8LAB Roccit Shad - Sexy Ghost,,265.35,30
BB-20,Vibemaster Blade Bait - Cracked,,264.0,33
DDFRC-701MH,Defender Casting Rod - Defender casting rod 7' MH,842424123725,263.97,3
ZM-BOX1,Z-Man Bait Bundle #1,,263.6,8
WPL75/14,Whopper Plopper - 75 / Bone,,262.81,19
ACDC-256-XL,MONSTER / BASS - XL,,260.0,13
HCR-268PK3,Z-Man Hella CrawZ - Cali Craw,,260.0,52
SLSDFR7R,Defender Soleus Casting Reel - Defender (right) 7.3:1,842424126900,259.98,2
VF-POP-SHAD,V-Pop 80 Popper - Sexy Shad,,259.72,29
MB-SHHEAD-CREAM,Hammerhead – Alex Rudd Edition - Creamsicle (Limited Edition),656750687840,258.81,30
VF-CRANK4-CRAW,MC65 Series 4 - Craw,,257.74,29
MB-TFW-12-2,Tungsten Flipping Weights - 1/2oz - 2 pack,656750686324,257.4,40
MB3PKNED,SuperK Ned Heads,,257.19,81
WPL75/12,Whopper Plopper - 75 / Loon,,253.82,18
BURNER-38-2,Blade Burner | Willow & Colorado Spinnerbait - 3/8 oz / Chartreuse/White,810103810389,253.0,30
MB-SHIRT-RR-BLKH-M,Epic Eric's River Rat Tee - M,,252.0,14
mb-gift-national-1,Gold Series: 1 month gift,,252.0,9
VF-JERK100-BLUHEAVEN,Herky Jerky - Blue Heaven,,250.73,28
BURNER-38-1,Blade Burner | Willow & Colorado Spinnerbait - 3/8 oz / Chad Spawn,810103810433,250.0,29
donation-250,"Join the $10,000 Challenge to Support Our Veterans - $250",,250.0,1
sku-49220927258921,Native American Tomahawk with Custom Handmade Forged Engraved 1095 Steel Blade and Ash Wood Handle – Spirit of the Plains,,250.0,1
axe10,"""Damascus Smoke Pipe Tomahawk/Axe | Rose Wood Handle | Leather Sheath | KBS Knives Store""",,250.0,1
HC4-561,Pro-Model Series 4 Crankbait - Powder Blue Back Chartreuse,,248.91,37
MB-TSD-58-2,Super Drop Shot Tungsten Weights - 5/8 oz - 2 Pack,,248.0,31
MB-MESSER,Messer Custom Painted Baits,,246.87,13
BURNER-12-6,Blade Burner | Willow & Colorado Spinnerbait - 1/2 oz / White/White,810103810457,246.0,30
EXT106-GRY-IL-L,Hooded Sunshirt (XL-2X) - L,,246.0,7
6373292_10788,MONSTER/BASS Hoodie - Carbon Grey / 2XL,,246.0,6
multi-0225-old,The Reaction Strike Box,,246.0,6
12819,True Center Stick - Bubble Scum,,245.0,49
112-BLK-TRAP,Trap Hat - Black,,242.0,11
6965525_8755,MONSTER/BASS Trucker Cap - Navy/ White,,242.0,11
MB-SHIRT-RR-BLKH-2X,River Rat Tee - 2X,,241.5,15
112-HGLG-SUN,Rise & Shine Hat - Grey/Light Grey,,240.0,11
12702,True Center Stick - Craw Laminate,,240.0,48
112-HGLG-LAND,Days At The Lake Hat - Grey/Light Grey,,240.0,12
SGTR-3,Sergeant Lipless Crankbait - 3 Pack,,240.0,12
2518546_15927,Lightweight Camo Zip Up Windbreaker - Black Camo / L,,240.0,4
silver-0824,Silver Monthly: August 2024,,240.0,12
CBSB12-06,Jack Hammer Stealth Blade - Black Blue / 1/2oz,,240.0,15
silver-0624,Silver Monthly: June 2024,,240.0,12
GOLD-0925-old,The Topwater & Finesse Assault Box,,240.0,8
LUNKERBAG-2,LUNKERBAG Tackle Storage System - Bag + 2 Monsterbox 3700 Deep,,239.85,3
sku-46372336861440,Frontier Western Cowboy Belt Knife – Damascus Steel & Pine Cone Handle,,238.0,2
MB-PATRIOT3-BONE,The Patriot - old packaging - Bone,656750687451,237.98,35
MB-SHIRT-CLASSIC-HGREY-L,Classic Logo Tee - L / Heather Grey,,237.82,20
MB-SS99-WAKA,Slick Stick 99 Floating Jerkbait - Wakasagi,656750687796,236.94,30
00126,"B-Vibe - 1.5"" / Bluegill Pro",,236.0,59
MB-SSJACKET-M,All-Season Soft Shell Jacket - M,,236.0,4
3001-30-CL-L,Logo Tee (L-3X) - L,,235.73,28
SSINK-343PK6,ZinkerZ - Drews Craw,,234.53,47
3939-12-IC-XL,Triblend Full Zip MB Hoodie - XL,,234.0,6
sku-46370546221312,Handmade Cowboy Belt Knife – Rasp Steel Blade & Pine Cone Handle,,234.0,2
TS115-30,Ark Topwater Slider - Bone,,233.96,26
XTRSBCB04,Tournament Series Squarebill Crankbait - Fire Tiger,,233.74,26
XTRSBCB02,Tournament Series Squarebill Crankbait - Chartreuse Perch,,233.74,26
BB-67,Vibemaster Blade Bait - Chrome,,232.0,29
112P-CAMOBLK-PUFFM,Orange Puff Logo Hat,,232.0,10
sku-46502434996480,Western Handcrafted Fixed Blade Knife – Damascus Steel Outdoor Companion with Leather Sheath,,232.0,2
3001-30-CL-XL,Logo Tee (L-3X) - XL,,231.76,26
DSKVD-274,KVD Dream Shot,,230.0,46
MB-SHIRT-DGH-GREY-L,Swimming with the Fishes - L,,230.0,17
sku-50071359226153,"Ranch Cowboy Knives and Sheaths – 8"" Full Tang Rasp Steel Blade with White Epoxy Pine-Cone Handle",,230.0,2
sku-31467665096790,Best Fillet Knife for Saltwater Fish – Custom Handmade Precision,,230.0,2
sku-50106679656745,"Ranch Knife with Sheath, Damascus & Rasp Steel 8"" - Damascus Steel Blade",,230.0,2
MLF-223,6th Sense Quake Thud 70 - Clayton's Shiner,,229.37,31
BURNER-12-1,Blade Burner | Willow & Colorado Spinnerbait - 1/2 oz / Chad Spawn,810103810495,229.0,27
RSS-BLK,Rod Sleeves (2 pack) - Spinning / Black,,227.81,30
BLKB2-1004-020,Marabou Road Runner - 1/4 oz / Red/Chartreuse,,227.5,65
RSC-RED,Rod Sleeves (2 pack) - Casting / Red,,225.85,29
MB-HWORM-BG,The Dirk Wiggler - Golden Child,,225.09,41
MB-TOKYO-4,Sabertooth Tokyo Rig - 4/0,656750687277,225.0,45
EH1272-SSHAD,Mugshot Lipless - Sexiest Shad,,223.84,16
8020-B,SENTINEL Cross-Body Concealed Carry Sling Pack,724679223651,223.84,4
VF-POP-BJ,V-Pop 80 Popper - Black Magic,,223.76,25
CBWV14-03PK2,Chatterbait Willow Vibe - 1/4oz / Shiner,,222.58,37
10-20-GGS-10005G,Googan Squad Clickbait - Fire Craw,,221.47,53
GOGKC3CAL,Googan Krackin' Craw - 3'' 10pk - California Craw,,220.0,44
sku-44973357302057,5 Pcs Custom Handmade Stainless Steel Kitchen Knives Set With Olive Wood Handles and Leather Roll - KBS Knives Store - With Leather Roll,,220.0,1
495239,Blaze 0 Regular,703438514339,219.98,2
TCVSJ58-900,Strike King Thunder Cricket - 5/8 oz / Fire Craw,,219.84,16
sku-49221000134953,Ultimate Throwing Tomahawk For Sale with Custom Handmade Forged 1095 Steel Blade and Rosewood-Epoxy Resin Handle – Iron Precision,,219.0,1
IMSBL02,Impact Shock 2F - Silver Side,,217.0,31
GUIDEPROTECTION-7,Guide Package Protection - $12.74,,216.58,17
4280144_10735,MB Bucket Hat - Black,,216.0,9
CT3-5-02,Squarebill Crankbait - 3-5' Diver / SunGill,,214.77,24
SOUR-12G,Sour Pickled Green Tomatoes - 1/2 GALLON,783970750785,214.41,9
BH-6159-12,HB-75 - Motherlode,656750686669,212.67,43
VF-BEAVER-08-06,Angry Beaver - Bama Bug,,210.55,43
CL-LHUV-BK-L,Classic Logo Sunshirt (Large only) - L,,210.0,7
sku-49405516316969,"Mastercraft Custom Bull Cutter Knife – 8.25"" Rasp Tool Steel Blade",,210.0,2
SKSC-721MH10R,Sick Stick Casting Combo - 7'2 Medium heavy Right hand Combo,842424102874,209.98,2
mb-subscription-silver-230110,Pond Hopper Kit #1123,,209.94,9
platinum-multi-paid-monthly,Platinum Monthly Pass - Bass & Panfish / 1 Month,,209.75,5
RSS-DB,Rod Sleeves (2 pack) - Spinning / Dark Blue,,208.0,26
BH-BLK-GOLD-L/XL,Golden Grenade Fitted Cap - M/L,,208.0,12
BURNER-38-4,Blade Burner | Willow & Colorado Spinnerbait - 3/8 oz / Oneida Perch,810103810419,208.0,24
silver-0225,Silver Mystery Bait Box,,208.0,10
sku-50254480113961,"Back Belt Knife 6.5"" with Mountain Sheep Horn Handle",,208.0,2
SBRC721M20R,"Shay Bird Casting Combo - 7'2"" Medium / Right",840321806222,207.98,2
270MSAS,Gunfish 115 Topwater Walker - MS American Shad,,207.87,13
IMPSL6S05,Impact Slash 6S Jerkbait - Golden,,207.16,30
EXT106-GRY-IL-XL,Hooded Sunshirt (XL-2X) - XL,,207.0,6
WPL90/25,Whopper Plopper - 90 / T1000,,206.85,15
VF-POP-BH,V-Pop 80 Popper - Blue Heaven,,206.77,23
MB-SHIRT-MONSTERS-BLK-XL,MONSTERS - XL,,206.0,11
810103812307,Tungsten Weedless Wacky Jig Head - Black,810103812314,205.65,35
WSK-AST,Whip'R Knocker Stopper,,205.0,41
S8-66,Seeker 8 - LIMITED EDITION: Snacks,,204.91,18
mlf-349,Member Exclusive: OG Ballin Out Jig,,204.53,37
CT5-7-18,Squarebill Crankbait - 5-7' Diver / Green Gill,,202.81,23
WACKYO-1,Wacky Rig Tool - Orange,,202.71,29
silver-1224-old,The Silver Mystery Box – Step Up. Fish Fearless.,,202.0,9
MB-TFW-516-3,Tungsten Flipping Weights - 5/16oz - 2 pack,656750686294,201.5,32
MB-TFW-58-2,Tungsten Flipping Weights - 5/8oz - 2 pack,656750686331,201.0,27
MB-SHIRT-MHEAD-BLK-XL,Snagglefish Tee - XL,,200.0,10
3091993_10782,Largie Smalls - Black / XL,,200.0,5
HBRH03,Reckless Roach - Waterbug,,200.0,20
6373292_10781,MONSTER/BASS Hoodie - Black / L,,200.0,5
3091993_10783,Largie Smalls - Black / 2XL,,200.0,5
4645155_12992,Fishing is Life Hoodie - Military Green / XL,,200.0,5
sku-46010908475648,Bull Cutter - Custom Handmade 8-Inch J2 Steel Knife,,200.0,2
sku-33208047403094,Bull Cutter Knife Sheath – Handmade Damascus Blade & Rosewood Handle | Custom Ranch EDC,,200.0,2
sku-26902626697280,"""Full Tang Damascus Steel Handmade Custom Viking EDC Tomahawk Axe with Rosewood, Bone and Brass Bolsters Handle - By KBS Knives Store""",,200.0,1
R1175-GSPP,Hardcore Noi-Z Jr - Ghost Pearl  Pink Back,,199.99,22
CL-BONE-M,UV Moisture Wicking Sunshirt - M,,198.0,6
sku-50522101481769,"Ranch Cowboy Knives and Sheaths Set - 3.75"" Rasp Steel Bull Cutter & Cowboy Knife with Epoxy Olivewood Handles - Bull Cutter knife ( Bottom )",,198.0,2
VF-JERK100-FROSTY,Herky Jerky - Frosty,,197.86,23
VF-CRANK4-GTHREAD,MC65 Series 4 - Ghost Threadfin,,196.79,22
LC-6161-4p,Captain Slayhab - 4 Pack,,196.0,7
JSG33,Jack Slap - Gold,,196.0,28
DOB-DBBS38-136,Dobyn's D Blade Spinnerbait - Chartreuse Shad Colorado Willow,,195.27,23
3939-12-IC-L,Triblend Full Zip MB Hoodie - L,,195.0,5
MB-HOODIE-FLAG-BLKCAMO-L,"MONSTERBASS Nation Hoodie (L, 2X) - Large / Black Camo",,195.0,6
SKSC-701MH,Sick Stick Casting Rod - 7' - Medium Heavy - Fast,842424109231,194.98,2
WPL75/21,Whopper Plopper - 75 / Powder,,193.86,14
CT3-5-01,Squarebill Crankbait - 3-5' Diver / Gold/Black Back,,193.82,22
B8-ROCCIT-ECRAW,B8LAB Roccit Shad - Evil Craw,,192.85,22
WE38BB01,War Eagle Buzzbait,,192.5,35
SKS-711MH,"Sick Stick Spinning Rod - 7'1"" - Medium Heavy - Moderate Fast",842424102294,191.98,2
RHS16-019-5,Round Head Spinners - Chartreuse,,191.95,55
CBB12-03,Big Blade Chatterbait - Green Pumpkin,,191.84,16
MJHB1-CN,Ike's Head Banger Jig - Candy Grass,,190.18,32
sku-50132129906985,Handmade Western Belt Knife – D2 Steel Blade with Bone Handle & Leather Sheath,,190.0,2
sku-49377104691497,Rancher’s Belt Knife – Damascus EDC with Pine Cone Handle,,190.0,2
H15SDR904,Hunter 1.5 Squarebill - Bluegill Rage,,189.81,19
GUIDEPROTECTION-4,Guide Package Protection - $3.92,,188.16,48
EXT106-GRY-IL-2X,Hooded Sunshirt (XL-2X) - 2X,,186.0,5
silver-0725-old,Loaded Shad Box,,186.0,9
VF-CRANK3-CRAW,SC-70 Crankbait - Vicious Craw,085787400012,185.82,21
MB-NEDEWG-BLKBL-18,Sabertooth EWG Ned Heads - 1/8oz / Black & Blue,656750687291,184.24,56
GOGBWCPG,Googan Blazin Worm - Chartreuse Pepper Green Flec,,182.0,26
1250-814,"NEW: Kickback Shad 3.75"" - Sexy Shad",1250-814,181.74,26
MB-HWORM-MG,The Dirk Wiggler - California 420,,181.17,33
BURNER-12-4,Blade Burner | Willow & Colorado Spinnerbait - 1/2 oz / Oneida Perch,810103810471,180.2,22
JJM375-04,Big Bite Baits Jointed Jerk Minnow - Watermelon Pearl,,180.0,45
MB-SHIRT-MHEAD-BLK-L,Snagglefish Tee - L,,180.0,9
MB-HOODIE-RETRO-GREY-L,Retro Logo Hoodie (Large) - Large,,180.0,6
1546710_8926,MONSTER/BASS Tee - Black Heather / XL,,180.0,9
MLF-354,Hardcore Shad - Ghost Pearl Shad,,180.0,18
TCVSJ12-288,Strike King Thunder Cricket - 1/2 oz / Mouse,,179.86,114
WPL90/21,Whopper Plopper - 90 / Powder,,178.87,13
LC-6161-7,Captain Slayhab - Sunrise,,178.81,20
BMFW7-GP,Flow Worm | BASSMOOCH - Green Pumpkin,,178.71,30
TCVSJ34-288,Strike King Thunder Cricket - 3/4 oz / Mouse,,177.84,16
TEAM-06-L,Team MONSTERBASS - L,,177.0,17
6965525_8748,MONSTER/BASS Trucker Cap - Black/ White,,176.0,8
CBCFL12-06,Chatterbait Freedom - 1/2oz / Money Maker,,176.0,22
RSC-BLK,Rod Sleeves (2 pack) - Casting / Black,,175.98,22
VC-18MHS-3,VEXAN® Crappie Rods & Panfish Rods - Spinning 18' Medium Heavy,812302015367,175.98,2
722ZMSGM,Gunfish 115 Topwater Walker - Zebra MS Ghost Minnow,,175.89,11
PK3LWTKS1,Walleye Talker 3 Pack,,175.0,35
DS-ESS-GYF,Grey Frost - Sunset Lens Polarized,,175.0,5
RSS-GREY,Rod Sleeves (2 pack) - Spinning / Grey,,173.89,23
sticker-bfc,Bigfoot's Trippin Out,,173.4,87
SRW01F65-3,Bucket Get'R Frog - Chubbs,,172.8,20
MB-SHIRT-DRC-GREY-XL,Epic Eric's Dr. Crankenstein - XL,,172.0,9
4645155_12995,Fishing is Life Hoodie - Military Green / 4XL,,172.0,4
SRW01F65-5,Bucket Get'R Frog - Fatboy Slim,,171.84,20
PDG165-04,PropDuster Glide Bait - Bone,,171.0,8
MB-MCRANK-46-SCRAW,Seeker 6 - Spring Craw,656750686911,170.81,19
MB-SHHEAD-15-JCRAW,Hammerhead – Alex Rudd Edition - Juice Craw,656750686881,170.49,19
BEL-BOJBOG38,OG Ballinout Jig - 3/8oz,,170.23,29
GPF-S10-06,GP Finesse Hook,,170.0,34
BURNER-12-2,Blade Burner | Willow & Colorado Spinnerbait - 1/2 oz / Chartreuse/White,810103810440,170.0,21
donation-10,Donation to Support Veteran Families - $10,,170.0,17
sku-26902562635840,Best Fillet Knife for Salmon – Handmade D2 Steel Precision,,170.0,2
VKA-21R-SUSBS01-BK,Summit Seat - Base Only,840022712020,169.99,1
BBLN-731ML,Balance spinning rod - Balance Spinning Rod 7'3 ML,842424123602,169.98,2
BA-840-CBRN-X-9.5,"FRONTIER CLASSIC 8"" MOC TOE - 9.5",666186200940,169.9,1
XLFS6-22XL,Berkley Trilene XL - 6 lb.,,169.64,36
4280144_10734,MB Bucket Hat - White,,168.0,7
6373292_13416,MONSTER/BASS Hoodie - Black / 3XL,,168.0,4
4645155_12994,Fishing is Life Hoodie - Military Green / 3XL,,168.0,4
WBRC-741MH,"White Bird Casting Rod - 7'4"" -  Medium Heavy - Fast",842424102270,167.97,3
CL-TEE-SS-HG-XL,Classic Logo Tee - XL / Heather Grey/Grey,,167.84,16
BMFW7-BB,Flow Worm | BASSMOOCH - Black & Blue,,166.73,28
TCVSJ34-453,Strike King Thunder Cricket - 3/4 oz / Olive Shad,,165.86,14
10066/20,Googan Braided Line - 20 lb,,165.65,10
9' 2pc XH SG,"Tackle Industries 2-Piece 9' Big Game Rod - Mag Heavy XH Power / 18"" Split Grip",,164.99,1
SSTT-MM,Slab Slayer Twin Tail - Monkey Milk,,164.0,41
6373292_11490,MONSTER/BASS Hoodie - Maroon / 2XL,,164.0,4
6373292_13897,MONSTER/BASS Hoodie - Military Green / 2XL,,164.0,4
TCVSJ58-45,Strike King Thunder Cricket - 5/8 oz / Blue Glimmer,,163.88,12
3001-30-CL-3X,Logo Tee (L-3X) - 3X,,163.85,17
TP70-20,Ark Topwater Popper - Blue GIll,,161.82,18
LC-SB12CHSWC,Spinmaster Spinnerbait,,161.68,37
10066/30,Googan Braided Line - 30 lb,,161.4,10
112-HGW-LAND,Days At The Lake Hat - Heather Grey/White,,160.0,8
ACDC-256-L,MONSTER / BASS - L,,160.0,8
3001-06-CL-L,Iconic Logo Tee - L,,160.0,8
MB-HOODIE-MHEAD-BLK-XL,Snagglefish Hoodie - XL,,160.0,4
3001-256-M-L,Orange M Logo Tee (L-5X) - L,,160.0,8
7251646_10785,"Red, White & MONSTERBASS - Carbon Grey / M",,160.0,4
3091993_10781,Largie Smalls - Black / L,,160.0,4
7251646_11493,"Red, White & MONSTERBASS - Navy Blazer / L",,160.0,4
6373292_13896,MONSTER/BASS Hoodie - Military Green / XL,,160.0,4
4645155_12990,Fishing is Life Hoodie - Military Green / M,,160.0,4
MISC-3DBP,3DB Series Pencil 100 - Misc Colors,,160.0,20
4645155_5532,Fishing is Life Hoodie - Black / L,,160.0,4
BSXC-731EXH,"Big Sexy Casting Rod - 7'3"" - Extra Heavy - Fast",842424102089,159.99,1
S-370F,LUNKERSTICK Pro Series - Spinning: 7' Medium Light - Fast,810103811034,159.95,1
S-574F,"LUNKERSTICK Pro Series - Spinning: 7'4"" Medium Heavy - Fast",810103812918,159.95,1
CBJH12-18,Z-Man ChatterBait JackHammer - 1/2oz / Bama Bug,,159.9,10
101BOTSD,Gunfish 115 Topwater Walker - Blood Orange Tennessee Shad,,159.9,10
silver-0424,Silver Monthly: April 2024,,159.0,8
PS-GP,Prop Spy - Ghost Pearl,656750686683,157.14,16
TP70-30,Ark Topwater Popper - Bone,,156.83,19
lp-10,10 lb. Club License Plate Frame,,156.83,17
MB-LL68-GGILL,Incision 69 Lipless Crankbait v1.0 - Green Gill,656750687109,154.62,18
MB-MCRANK-12-BONE,Seeker 12 - Bone,656750687062,154.58,20
6410173_8752,MONSTER/BASS Hat - Khaki,,154.0,7
1546710_8928,MONSTER/BASS Tee - Black Heather / 3XL,,154.0,7
WPL75/18,Whopper Plopper - 75 / I know it,,152.89,11
R1352 GZSH,3DB Series Squarebill Crankbait 1.5 - Gizzard Shad,,152.83,17
DOB-DBBS38-138,Dobyn's D Blade Spinnerbait - White Colorado Willow,,152.82,18
MJHB1-PBJ,Ike's Head Banger Jig - PB&J,,152.74,26
810103812314,Tungsten Weedless Wacky Jig Head - Green Pumpkin,810103812307,152.74,26
XTRPP02,Pencil Popper - Frog,,152.0,19
45SSMASH-01,Smallie Smasher - Green Pumpkin Purple Flake,,152.0,38
SRW01F65-7,Bucket Get'R Frog - Smash,,151.87,18
USJ786-38-AS-1,Mustad 3/8 oz Underspin Shad - Albino  Shad,,150.78,42
82306BN-3/0,3/0 EWG 2 pack,,150.0,50
HCR-298PK3,Z-Man Hella CrawZ - Sprayed Grass,,150.0,30
MB-GCARD-75,Gift Cards - $75 Gift Card,,150.0,2
classicseax,Seax Blade with Engraved High-Carbon Steel & Rosewood Guard,,150.0,1
sku-26902736207936,"Handmade Kukri from Nepal - Damascus Blade 15""",,150.0,1
Gold-C,November's Gold Box + FREE Hat - Camo Hat + October Box,,149.97,3
VF-FROG-BROWN,The Pad Runner - Brown,,149.85,17
MJHB1-GP,Ike's Head Banger Jig - Green Pumpkin,,149.74,26
MBBD365-BUJE,LIMITED EDITION Baby D Bomb - Rudd is Boujee,,149.18,25
TCVSJ58-453,Strike King Thunder Cricket - 5/8 oz / Olive Shad,,147.89,11
3001-256-M-XL,Orange M Logo Tee (L-5X) - XL,,147.0,7
BGIBSH181-20,Itty Bit Slab Hunt R' Soft,,147.0,42
MB-LL68-GSHAD,Incision 69 Lipless Crankbait v1.0 - Ghost Shad,656750687147,146.03,17
sku-26902567780416,"Oregon Bowie Knife - Custom Handcrafted 1095 High Carbon Steel Blade, Rosewood Handle with Brass Guard and Antler Crown, 14"" Overall Length | Leather Sheath | KBS Knives",,145.0,1
GRNT38-GPR,Thunderhawk Grunt Jig - Green Pumpkin Red,,144.71,29
MB-TSD-34-2,Super Drop Shot Tungsten Weights - 3/4 oz - 2 Pack,,144.0,18
4280144_10736,MB Bucket Hat - Navy,,144.0,6
SLSW7XL,Soleus XCS Casting Reel - White/Gold / 7.3:1 / Left,842424117373,143.99,1
SLSM6XR,Soleus XCS Casting Reel - Gun Metal / 6.6:1 / Right,842424117427,143.99,1
SLSM8XR,Soleus XCS Casting Reel - Gun Metal / 8.1:1 / Right,842424117465,143.99,1
CBB12-09,Big Blade Chatterbait - White,,143.88,12
CBB12-02,Big Blade Chatterbait - Black/Blue,,143.88,12
MISC-ZGOAT,Goat - Misc Colors,,143.0,26
VF-SPIN-WHITE,Spin Doctor Double Willow Spinnerbait - White,,142.85,16
R1423 GT,Rattl'n Vibe One Knock - Green Silver,,142.5,15
sticker-bigfoot2,Bigfoot #2,,142.0,71
RETRO-344-2X,Retro Logo Tee - 2X,,140.0,7
MB-SHIRT-DGH-GREY-S,Swimming with the Fishes - S,,140.0,12
1546710_8925,MONSTER/BASS Tee - Black Heather / L,,140.0,7
1546710_8463,MONSTER/BASS Tee - Dark Grey Heather / XL,,140.0,7
MLF-357,Hardcore Shad - Metallic Ghost Ayu,,140.0,14
VW7S-MH-F,Vexan Walleye Rods - Spinning 7' Medium Heavy - Fast,,139.99,1
sku-28405382250592,"Bull Shad Slow Sink - 8"" / Gizzard",,139.98,2
EH1272-ZCRAW,Mugshot Lipless - Zudweg Craw,,139.9,10
12-590,Red Eye Shad - Sexy Shad,,139.8,20
1677-244,Rattlesnake - Blue Flake,'876716000166,139.8,20
sku-44274050334976,Custom Forged 1095 High Carbon Steel Hunting Knife – 12” Antler Horn Handle with Leather Sheath,,139.0,1
TCVSJ34-45,Strike King Thunder Cricket - 3/4 oz / Blue Glimmer,,138.88,12
1546710_8929,MONSTER/BASS Tee - Black Heather / 4XL,,138.0,6
10066/50,Googan Braided Line - 50 lb,,135.92,8
MTRD-370PK8,Micro TRD - Fire Craw,,135.0,27
sku-50106744439081,"Damascus Cleaver Knife - 7"" Raindrop Blade & Olive Wood",,135.0,1
sku-28802987720768,Custom Handmade Hand Forged 1095 Steel Viking Seax Knife with Rosewood Handle and Brass Guards by KBS Knives Store,,135.0,1
sku-28802992341056,Custom Handmade Hand Forged 1095 Steel Viking Seax Knife with Rosewood Handle and Brass Guards - 12 inches by KBS Knives Store,,135.0,1
R1352 MSH,3DB Series Squarebill Crankbait 1.5 - Green Shad,,134.85,15
CSP45-370PK5,Chatterspike - 4.5 / Firecraw,,134.73,27
MB-SHIRT-RR-BLKH-S,River Rat Tee - S,,134.0,8
MONSTERS-344-2X,MONSTERS Tee - 2X,,134.0,10
S8-43,Seeker 8 - LIMITED EDITION: Orange Julius,,133.9,11
9005355_5535,Retro Logo Hoodie - Black / 3XL,,133.49,3
1250-100,"NEW: Kickback Shad 3.75"" - Sunfish Magic",1250-100,132.81,19
3001-69-M-2X,Orange Crush Logo Tee (L-2X) - 2X,,132.0,6
00122,"B-Vibe - 1.5"" / Gold",,132.0,33
6965525_8747,MONSTER/BASS Trucker Cap - Black,,132.0,6
TG76-RB-4-3U,Triple Grip Treble Hooks - Red,,132.0,44
MB-TSD-1-1,Super Drop Shot Tungsten Weights - 1 oz - 1 Pack,,132.0,22
MB-UNKNOWN-JIG,Member Exclusive: Missile Jig,,131.93,34
DGC-T200,Team200 Deer Call,,131.9,2
WPL90/27,Whopper Plopper - 90 / Abalone Shad,,131.9,10
CT3-5-08,Squarebill Crankbait - 3-5' Diver / Sexy Perch,,131.88,15
lp-8,8 lb. Club License Plate Frame,,131.86,14
lp-7,7 lb. Club License Plate Frame,,131.86,14
donation-2,Donation to Support Veteran Families - $2,,130.0,65
sku-49943591715113,"Ranch Cowboy Knives and Sheaths – 8"" Black Powder Coated Rasp Steel Blade with Antler Horn Handle",,130.0,1
B8-PC-GBONE-CH,Limited Edition Papa Chomp - Glow Bone w/ Chartreuse Head & Silver Flake,,129.9,10
9005355_5536,Retro Logo Hoodie - Black / 4XL,,129.0,3
sku-46372321460480,Western Cowboy Belt Knife – Damascus Steel Pine Handle,,129.0,1
MB-MSTOP-10,Rubber Weight Stops,656750686287,128.58,54
DDFRC731EXH10R,"Defender Casting Combo - 7'3"" Extra Heavy (Right hand retrieve)",840321811837,127.99,1
V711XXH-C,"Vexan Bass Casting Rods - Casting 7'11"" Xtra Xtra Heavy",812302014575,127.99,1
WBR-721MH,"White Bird Spinning Rod - 7'2"" - Medium Heavy - Moderate",842424102256,127.98,2
BW10-85,"KVD Bull Worm 10"" - Red Bug",,127.38,22
mb-misc-regional,Unknown Products - UNKNOWN BOX 01102,,127.0,5
RHS16-017-5,Round Head Spinners - Pink,,125.64,36
donation-25,Donation to Support Veteran Families - $25,,125.0,5
sku-33196753616982,"Professional Fillet Knife – 13"" with Red Epoxy Resin Handle",,125.0,1
lp-6,6 lb. Club License Plate Frame,,124.85,15
CWD-JB,Craw D'oeuvre,,124.85,25
CFB-3-1/4-GLD/CHT,Castaic Feather Burst Spin,,124.0,31
SS4500-BN-M-L,Iconic Logo Hoodie - L,,124.0,3
MB-HOODIE-FLAG-BLKCAMO-2XL,"MONSTERBASS Nation Hoodie (L, 2X) - 2X / Black Camo",,123.95,4
6373292_11495,MONSTER/BASS Hoodie - Navy Blazer / 2XL,,123.0,3
7251646_10788,"Red, White & MONSTERBASS - Carbon Grey / 2XL",,123.0,3
HCKVD1.5F-468,KVD Flatside - Phantom Watermelon Red Craw,,122.95,17
TCVSJ58-288,Strike King Thunder Cricket - 5/8 oz / Mouse,,122.91,9
810103812352,Tungsten Flipping Weights - Black / 1 oz - 2pk,'810103812352,120.89,11
XTRPP04,Pencil Popper - Perch,,120.0,15
FD-TEE-SS-BL-XL,Bass Dad Tee (M) - XL,,120.0,6
MB-SHIRT-RAG-HCEM-M,Epic Eric's Rise n' Glide - M,,120.0,6
3001-06-DEW-XL,Vintage MB Tee - XL,,120.0,6
CATPOP-TS,Mach Popper - Tennessee Shad,,120.0,12
PPS38-TS,Pacemaker Swim Jig - 3/8oz / Threadfin Shad,,120.0,20
HBRH04,Reckless Roach - Ash,,120.0,12
6373292_13895,MONSTER/BASS Hoodie - Military Green / L,,120.0,3
7251646_10787,"Red, White & MONSTERBASS - Carbon Grey / XL",,120.0,3
2518546_15947,Lightweight Camo Zip Up Windbreaker - Forest Camo / M,,120.0,2
2518546_15948,Lightweight Camo Zip Up Windbreaker - Forest Camo / L,,120.0,2
2518546_15928,Lightweight Camo Zip Up Windbreaker - Black Camo / XL,,120.0,2
3091993_11484,Largie Smalls - Charcoal Heather / XL,,120.0,3
2518546_15930,Lightweight Camo Zip Up Windbreaker - Black Camo / 3XL,,120.0,2
6064336_8925,Fishing is Life - Black Heather / L,,120.0,6
3091993_10788,Largie Smalls - Carbon Grey / 2XL,,120.0,3
6064336_8926,Fishing is Life - Black Heather / XL,,120.0,6
3091993_13416,Largie Smalls - Black / 3XL,,120.0,3
6373292_10780,MONSTER/BASS Hoodie - Black / M,,120.0,3
5019978_10787,Fish Better Hoodie - Carbon Grey / XL,,120.0,3
2518546_15929,Lightweight Camo Zip Up Windbreaker - Black Camo / 2XL,,120.0,2
6373292_10785,MONSTER/BASS Hoodie - Carbon Grey / M,,120.0,3
9005355_5533,Retro Logo Hoodie - Black / XL,,120.0,3
SS38-54,The Shredder Spinnerbait - Sexy,8 53514 00058,120.0,15
2526641_15634,Monsterboro - White / L,,120.0,3
sku-46482232934656,"Handcrafted Belt Knives – 8"" Rasp Steel Blade with Turquoise & Rosewood Handle",,120.0,1
sku-50176858882345,"Cowboy Bull Cutter Knife – 8.5"" Damascus with Finger Hole & Bonus Knife",,120.0,1
sku-29378555281494,"Filleting Knife – 7"" Damascus Steel Blade",,120.0,1
BLN2000,Balance Spinning Reel - 2000,842424100665,119.98,2
WP-MISC,Whopper Plopper - 75 / Misc Colors,,119.92,8
H15SDR912,Hunter 1.5 Squarebill - Ghost Gizzard,,119.88,12
MLF-GF-W,Greenfish Tackle Hammerhead Buzzbait - White,,119.85,15
SORK4000,Source K Spinning Reel - 4000,,119.8,4
sku-50872597610793,"Ranch Knife with Turquoise Epoxy Rosewood Handle – 8.5""",,118.0,1
MB-SHIRT-RAG-HCEM-2X,Epic Eric's Rise n' Glide - 2X,,117.6,7
WE58JJ106,War Eagle Jiu-Jigsu - Green Pumpkin Neon,,117.0,18
ASDRB12280,Smithwick Suspending Rogue - Golden Shine,,116.87,13
SBFW38-01,Z-Man Sling Bladez Double Willow Spinnerbait - 3/8oz / Blue Herring,,116.87,13
platinum-multi-paid-monthly-6,Platinum Monthly Pass - Bass & Panfish / 6 Months,,116.85,3
MB-PDSP-CAMO-2X,MONSTERBASS Sweatpants - Forest Camo / 2X,,116.0,4
VF-TOAD-724-4,Best Toad Ever - Junebug Chartreuse,,115.7,30
LHP BS 403,Swim Bento - Parrot,,115.67,17
MB-TTDRC-14-3,Tungsten Drop Shot Weights - Casting / 1/4 oz - 3 pack,,115.0,23
sku-49337903153449,The Hunted Knives – Custom Handmade Tom Brown Tracker Knife,,115.0,1
sku-46482173165824,Handcrafted Cowboy Knife Sheaths with Leather Belt Loop – Fall & Winter Edition,,115.0,1
R1423 SSH,Rattl'n Vibe One Knock - Sexy Shad,,114.0,12
HT-G,Jersey Pickles Hot Pickled Green Tomatoes - GALLON,789091391449,113.97,3
VF-FROG-WHITE,The Pad Runner - White,,113.89,13
PS-P,Prop Spy - Perch,656750687895,113.01,9
MB-SS99-CYLON,Slick Stick 99 Floating - Cylon,656750687819,112.95,13
HYLSMWP2.75BKR,Minwaow - Bunker,,112.5,15
MB-PDSP-CAMO-XL,MONSTERBASS Sweatpants - Forest Camo / XL,,112.37,4
IMFSQ04,Impact Jolt Squarebill - Green Back,,112.35,15
IMFSQ02,Impact Jolt Squarebill - Silver Side,,112.35,15
SHAKEY-14-5,Sabertooth Shakey Head Hooks - 1/4 oz / Green Pumpkin,656750688311,112.0,28
gold-0324,March 2024 - Gold Series,,112.0,4
IMPSL6S04,Impact Slash 6S Jerkbait - Jumbo,,112.0,16
IMRLLC04,Impact Reactor Lipless - Green Back,,112.0,16
810103811690,Tungsten Flipping Weights - Black / 3/8 oz - 3pk,'810103811690,111.86,14
3001-30-CL-2X,Logo Tee (L-3X) - 2X,,111.86,14
BJ-11,April's Member Exclusive Jig,,111.0,37
3001-06-CL-2X,Iconic Logo Tee - 2X,,110.0,5
MB-SHIRT-MHEAD-BLK-3X,Snagglefish Tee - 3X,,110.0,5
MB-SHIRT-RAG-HCEM-S,Epic Eric's Rise n' Glide - S,,110.0,6
MB-SHIRT-MONSTERS-BLK-L,MONSTERS - L,,110.0,6
sku-46165170553088,"Premium Custom Handmade Ranch Knife – D2 Powder Coat Steel Blade, Resin Handle & Leather Sheath",,110.0,1
sku-49436263514409,Custom Ranch Cowboy Knives with Antler Horn Handle - Bottom One With Sheath,,110.0,1
sku-49481671999785,"Old West Knives – 7.5"" Rasp Steel Blade with Epoxy Pine Cone Handle & Western Sheath",,110.0,1
sku-46165166915840,"Premium Custom Handmade Cowboy Knife & Leather Sheath – Damascus Steel Blade, Pine Cone Handle",,110.0,1
KF-FREAK-BUNDLE,KCL Freak 1.5 - 6 Pack,,109.98,2
DBR-1002ML,"Brush Dobber Crappie Spinning Rod - 10'0"" Medium Light 2 piece",842424132260,109.98,2
POP010,Poppa Pete - Steve's Gizzard Shad,723706121618,109.98,2
STICKER-KMB,Kiss My Bass Sticker,,109.5,66
PS-GBB,Prop Spy - Golden Black Black,656750687741,109.11,9
sku-49405501964585,"Custom Handmade Bull Cutter Knife – 7.25"" Rasp Tool Steel Blade",,109.0,1
LC-6160-3,Slabasaurus Rex - Perch,,108.89,12
MB-ROLLO6-MCRAW,Rollo 6 - Moss Craw,656750687369,108.0,9
60403NP-TX-2-4U,Wacky/Neko Hook,,108.0,36
PPS12-BB,Pacemaker Swim Jig - 1/2oz / Black Blue,,108.0,18
PPS38-GS,Pacemaker Swim Jig - 3/8oz / Glimmer Shad,,108.0,18
mb-gift-psw-3,Platinum Series West: 3 month gift,,108.0,3
PTCR-6-ghostshad,Head Banger DT-6 - Ghost Shad,,107.89,11
CT3-5-12,Squarebill Crankbait - 3-5' Diver / Black Blue,,107.88,12
BH-6159-10,HB-75 - Silver Shiner,656750686584,107.88,12
CT5-7-08,Squarebill Crankbait - 5-7' Diver / Sexy Perch,,107.88,12
VF-CRANK3-PERCH,SC-70 Crankbait - Perch,,107.88,12
HAMMER-7,MONSTERBASS The Hammer | Colorado Spinnerbait - GrapeApe w/ Colorado Deep Purple,810103811614,107.2,15
ICBM120/02,River2Sea ICBM Glide Bait - Rainbow Trout,,106.88,12
SOUR-G,Sour Pickled Green Tomatoes - GALLON,783970750778,106.37,3
25060627-black-united-states,Hunting Wildlife Trap Infrared LEDs IR Night Vision Scope Cameras Outdoor Waterproof Cameras A 850nm IR Torch - Black / United States,,105.99,1
GOGMW725NTC,Googan Mondo Worm - 7.25'' 8pk - Night Club,,105.0,21
TS35-357PK6,Z-Man Trick ShotZ - Goby Bryant,,105.0,21
DS-ESS-GNF,Grey Frost - Green Lens Polarized,,105.0,3
MB-SHIRT-MHEAD-BLK-2X,Snagglefish Tee - 2X,,105.0,5
1546710_6952,MONSTER/BASS Tee - Athletic Heather / 2XL,,105.0,5
1546710_8927,MONSTER/BASS Tee - Black Heather / 2XL,,105.0,5
7144145_5518,MONSTER/BASS Crew Neck Sweatshirt - Sport Grey / 2XL,,105.0,3
50L-BL,50L Heavy Duty Dry Bag w/ Straps - Black,,105.0,1
sku-49436327084329,"Working Cowboy Knife 8"" Rasp Steel with Resin Handle",,105.0,1
sku-50361370214697,"Concealed Belt Knife with Turquoise Stone Handle 7""",,105.0,1
sku-50825549578537,CUSTOM 3.5 INCH WESTERN KNIFE BELT STYLE – ANTLER HANDLE CATTLEMAN FIXED BLADE,,105.0,1
sku-28982012837952,Handmade Damascus Good Fillet Knife with Rosewood Handle,,105.0,1
sku-50145742422313,Bull Cutter Knife with Sheath – Handmade Rasp Steel & Sheep Horn Handle,,105.0,1
OLS7000,OL' Salty Reel - OLS7000,842424118431,104.99,1
PBSC-AM-761H,"Signature Series: Andy Morgan Pro Battle Flipping Rod - Casting: 7'6"" Heavy 1 piece",842424128010,104.99,1
DDFR702MH20,"Defender Spinning Combo - 7'0"" Medium Heavy (2pc) w/ 2000 reel",840321811813,104.99,1
SKSC-721MH10L,Sick Stick Casting Combo - 7'2 Medium heavy Left hand Combo,842424102867,104.99,1
YMR-631SUL,"Yampa River Spinning Rod - 6'3"" - Super Ultra Light - Slow",842424100214,104.99,1
sticker-bb,Beastie Boys Sticker,,104.0,52
SKS-711MH20,Sick Stick Spinning Combo - 7'1 Medium Heavy Spinning Combo,842424102645,103.99,1
SKSC-741H,"Sick Stick Casting Rod - 7'4"" - Heavy - Fast",842424102317,103.99,1
SRW01F65-4,Bucket Get'R Frog - Constantine,,103.9,12
FS3000,Fire Spinning Reel,842424112767,101.98,2
MB-TUMBLER-CRACKED,Limited Edition 20 oz. Cracked Out Tumbler,,101.85,3
ACDC-256-2X,MONSTER / BASS - 2X,,100.0,5
GOGRNCAD,Googan Rattlin' Ned - Canada Craw,,100.0,20
silver-quarterly,Silver Series: Quarterly,,100.0,5
SE3018-01PK3,Swimbait Eye Jigheads - 1/8oz / Gold,,100.0,20
MB-SHIRT-DRC-GREY-L,Epic Eric's Dr. Crankenstein - L,,100.0,5
3001-45-M-L,M Nation Tee (L-2X) - L,,100.0,5
MB-SHIRT-DGH-GREY-2X,Swimming with the Fishes - 2X,,100.0,8
MB-SHIRT-DGH-GREY-3X,Swimming with the Fishes - 3X,,100.0,10
8919990_8926,Largie Smalls - Black Heather / XL,,100.0,5
sku-28732073017408,Custom Handmade California Coyote Cowboy Knife | Damascus Blade | Antler Horn-Brass Bolster Handle | 6.25 Inches | Leather Sheath | KBS Knives Store,,100.0,1
sku-50254519697705,"8"" Damascus Ranch Knives and sheaths with Epoxy Pine Cone - One Knife",,100.0,1
sku-50091499847977,"EDC Belt Knife 7.25"" with White Epoxy Resin Handle",,100.0,1
sku-49229137150249,Western Knife and Sheath - Antler & Leather Frontier Set,,100.0,1
sku-50480898244905,"Cowboy Belt Knife 8"" Damascus with Pine-Cone Handle",,100.0,1
sku-48396077531433,SHEPHERD’S EDGE – EDC COWBOY KNIFE WITH RASP FILE STEEL & MOUNTAIN SHEEP HORN - One knife,,100.0,1
sku-46012883730688,"Custom Handmade Cowboy Bull Cutter Knives – 4"" J2 Steel Blade",,100.0,1
sku-49318413041961,Custom Handmade Damascus Bull Cutter Knife with Epoxy Resin Handle for Sale by KBS Knives Store - Bottom One,,100.0,1
WBR-681ML20,"White Bird Spinning Combo (Old Model) - Whitebird 6'8"" Medium Light with 2000 white bird reel",840321811332,99.99,1
Gold-Q,October's Gold Box + FREE Hat - Quarry Hat + October Box,,99.98,2
112LN-IG-OP,2026 Orange Crush Hat,,99.8,4
MB-PATRIOT3-BMAMBA,The Patriot - old packaging - Black Mamba,656750687444,99.44,17
DS-2CS-IS,Core Shot,,99.0,22
SC-MULTI-JIG,Multi Pack of 4 ice jigs,,99.0,1
MOON-JIG2PK,Moon Jig 2 Pack,,99.0,1
NSICE-MB,Natural Science Ice,,99.0,1
sku-49404448538921,"Custom Handmade Bull Cutter Knife – 7"" High-Carbon Steel",,99.0,1
sku-50071513563433,"Handmade Cowboy Knife and Sheath – Rasp Steel Blade, Bone Handle, Western Leather Sheath",,99.0,1
sku-26902519283776,Everyday Carry Damascus Steel Folding Pocket Knife with Bone Handle – The BoneCraft,,99.0,1
BAT-813-BLK-X-12,"FRONTIER DUAL 8"" MOC TOE (STEEL TOE) - 12",,99.0,1
XTRSBCB03,Tournament Series Squarebill Crankbait - Perch,,98.89,11
lp-5,5 lb. Club License Plate Frame,,98.87,13
YAM-7GL-05-305,Yamamoto Kut Tail Worm - Baby Bass,,97.86,14
LL-33,April's Member Exclusive Topwater Bait,,96.95,6
MB-TFJ-38-OC,Tungsten Football Jig - Okeechobee Craw,656750686737,96.6,17
CC6-OC,Castaic Crankbait - Orange Craw,,96.0,15
SHAKEY-316-1,Sabertooth Shakey Head Hooks - 3/16 oz / Black,656750688281,96.0,24
8097285_19409,Retro Logo Tee - Black / 3XL,,96.0,4
sticker-pbass,Painted Bass,,96.0,48
SS38-76,The Shredder Spinnerbait - White/Chartreuse,8 53514 00059,96.0,12
SS38-78,The Shredder Spinnerbait - Spot Remover,8 53514 00061,96.0,12
MB-SHIRT-CLASSIC-HGREY-2XL,Classic Logo Tee - 2X / Heather Grey,,95.95,7
250CRSD,Gunfish 115 Topwater Walker - Chartreuse Shad,,95.94,6
VF-FROG-BLACK,The Pad Runner - Black,,95.91,11
GOGMWNAT,Googan Mondo Worm - 10'' 8pk - Natural,,95.0,19
sku-32477834248278,"Fillet Knife with Sheath – 8.75"" Damascus Blade",,95.0,1
sku-50813058056489,Handmade Cowboy Belt Knife for Buckaroo – File Steel & Turquoise Pine-Cone Resin,,95.0,1
FX-PD35R-ACE-Lantern-Black-Bundle,Fenix PD35R ACE Multi-mode Tactical Flashlight + FREE CL01 Mini Lantern - Fenix PD35R ACE + FREE Mini Lantern (Black),,94.95,1
FJC-BLK,Flak Jacket Rod Covers: Spinning & Casting - Casting / Black,,94.9,10
NOCHO-101,Ned Ocho - Bama Craw,,94.13,17
STICKER-MADFISH,Madfish Sticker,,94.0,70
GP-PROTECT-18,Guaranteed Shipping Protection - Level 18,,93.1,1
sku-39316516470870,1075 Steel Handmade Hunting Knife,,93.0,1
6064336_8929,Fishing is Life - Black Heather / 4XL,,92.0,4
IMRLLC02,Impact Reactor Lipless - Silver Side,,91.0,13
MB-RAGNAR-SEXY,Ragnar - old packaging - Ghost Sexy,,91.0,13
SLSDFR7L,Defender Soleus Casting Reel - Defender (left) 7.3:1,842424126894,90.99,1
810103811706,Tungsten Flipping Weights - Black / 3/4 oz - 2pk,'810103811706,90.87,13
32323,Hot Shot Minnow - Green Pumpkin Blue,,90.0,18
mb-subscription-230116,November 2023 - Gold Series,,90.0,3
sticker-hippie,Grateful Fisherman,,90.0,45
TURTLE02,Prop Turtle - Timber,,90.0,9
1702-001,Tungsten Bladed Swimbait Hook - 1/8oz,'876716006441,90.0,18
MLF-355,Hardcore Shad - Ghost Pro Blue,,90.0,9
sku-26902738501696,New Custom Handmade Damascus Steel Steak Blade Pocket Knife With  Corkscrew Wine Opener,,90.0,1
sku-28802917105728,Custom Handmade Cowboy Bull Cutter Knife – Rasp Steel Blade & Resin Handle,,90.0,1
sku-28405382316128,"Bull Shad Slow Sink - 11"" / Gizzard",,89.99,1
CT3-5-17,Squarebill Crankbait - 3-5' Diver / Ghost Sexy Shad,,89.9,10
FINSTK2.75-736,"2.75"" Ned Candy - Green Pumpkin Red",8 53514 000925,89.85,15
B8-FYRE-PERCH,Fyre Shad - Plasma Perch,,89.5,10
B8-FYRE-FREEZE,Fyre Shad - Fyre Freeze,,89.5,10
XTFS10-15XT,Berkley Trilene XT - 10 lb. - Clear,,89.25,15
CT3-5-14,Squarebill Crankbait - 3-5' Diver / Mystic Gizzard,,88.91,10
SHAKEY-316-5,Sabertooth Shakey Head Hooks - 3/16 oz / Green Pumpkin,656750688298,88.0,22
3001-06-DEW-3X,Vintage MB Tee - 3X,,88.0,4
6965525_8746,MONSTER/BASS Trucker Cap - White,,88.0,4
6965525_8751,MONSTER/BASS Trucker Cap - Navy,,88.0,4
6410173_8746,MONSTER/BASS Hat - White,,88.0,4
DDFRC-731MH,"Defender Casting Rod - Defender Casting Rod 7'3"" MH",842424123442,87.99,1
MB-SHIRT-CLASSIC-HGREY-S,Classic Logo Tee - S / Heather Grey,,87.94,7
HERC5-259,"Herculez Swimbait 5"" - Bad Shad",,87.92,8
XLFS10-22XL,Berkley Trilene XL - 8 lb.,,87.81,15
MB-PDSP-BLK-2X,MONSTERBASS Sweatpants - Black / 2X,,87.0,3
MB-PDSP-CAMO-S,MONSTERBASS Sweatpants - Forest Camo / S,,87.0,3
9005355_5600,Retro Logo Hoodie - Navy / 4XL,,86.0,2
sticker-monsterboro,Monsterboro Sticker,,86.0,43
MB-TFW-716-2,Tungsten Flipping Weights - 7/16oz - 2 pack,656750686317,84.5,13
SHAKEY-14-1,Sabertooth Shakey Head Hooks - 1/4 oz / Black,656750688304,84.0,21
MB-SHIRT-ENJOY-GREEN-2XL,Enjoy Monsterbass - 2X / Green,,84.0,4
1546710_8464,MONSTER/BASS Tee - Dark Grey Heather / 2XL,,84.0,4
6373292_13898,MONSTER/BASS Hoodie - Military Green / 3XL,,84.0,2
6373292_13420,MONSTER/BASS Hoodie - Carbon Grey / 3XL,,84.0,2
2526641_15591,Monsterboro - Bone / 2XL,,84.0,2
2526641_15636,Monsterboro - White / 2XL,,84.0,2
YAM-7GL-05-301,Yamamoto Kut Tail Worm - Green Pumpkin with Green and Purple Flake,,83.88,12
SBTJML-1/4,Spro Bucktail Jig - 1/4 / Mullet,,83.86,14
GP-PROTECT-17,Guaranteed Shipping Protection - Level 17,,83.3,1
SSB38-203,Swinging Sugar Buzzbait - CHARTREUSE WHITE / 3/8 oz,,82.5,11
IMFSQ01,Impact Jolt Squarebill - Sassy,,82.39,11
7251646_11495,"Red, White & MONSTERBASS - Navy Blazer / 2XL",,82.0,2
6373292_11485,MONSTER/BASS Hoodie - Charcoal Heather / 2XL,,82.0,2
9005355_12993,Retro Logo Hoodie - Military Green / 2XL,,82.0,2
TCVSJ34-900,Strike King Thunder Cricket - 3/4 oz / Fire Craw,,81.93,7
ZM-SPINNER-MISC,Z-Man SlingbladeZ Spinnerbait,,81.0,9
MISC-SKSD,KVD Sexy Dawg - Misc Colors,,81.0,9
MB-SHHEAD-15-MSHAD,Hammerhead – Alex Rudd Edition - Magic Shad (Limited Edition),656750686874,80.91,9
GOGRNMUM,Googan Rattlin' Ned - Mud Minnow,,80.0,16
00120,"B-Vibe - 1.5"" / Black",,80.0,20
HCBPM-513,Bitsy Pond Minnow CB - Fire Tiger,,80.0,16
mlf-subscription-1,MLF Edition: 1 month,,80.0,2
RETRO-344-3X,Retro Logo Tee - 3X,,80.0,4
TEAM-06-2X,Team MONSTERBASS - 2X,,80.0,4
3001-69-M-L,Orange Crush Logo Tee (L-2X) - L,,80.0,4
MB-WSHIRT-CLASSIC-GREY-L,Women’s Classic Logo Tee - L,,80.0,6
MB-SHIRT-WBURGER-DRKHGREY-L,MONSTERBURGER - L / Dark Heather Grey,,80.0,4
7251646_11492,"Red, White & MONSTERBASS - Navy Blazer / M",,80.0,2
MB-BLK-RWHTPUF-L/XL,Retro Puff Fitted Hat - L/XL,,80.0,4
3091993_10787,Largie Smalls - Carbon Grey / XL,,80.0,2
4645155_5533,Fishing is Life Hoodie - Black / XL,,80.0,2
TURTLE03,Prop Turtle - Neon,,80.0,8
7251646_11494,"Red, White & MONSTERBASS - Navy Blazer / XL",,80.0,2
3091993_13419,Largie Smalls - Charcoal Heather / 3XL,,80.0,2
5019978_10786,Fish Better Hoodie - Carbon Grey / L,,80.0,2
6373292_11484,MONSTER/BASS Hoodie - Charcoal Heather / XL,,80.0,2
9005355_5532,Retro Logo Hoodie - Black / L,,80.0,2
CBCFL38-06,Chatterbait Freedom - 3/8oz / Money Maker,,80.0,10
4645155_12991,Fishing is Life Hoodie - Military Green / L,,80.0,2
6373292_10787,MONSTER/BASS Hoodie - Carbon Grey / XL,,80.0,2
6064336_8441,Fishing is Life - Army / M,,80.0,4
SS38-77,The Shredder Spinnerbait - Mouse,8 53514 00060,80.0,10
2526641_15588,Monsterboro - Bone / M,,80.0,2
BYSQ38644,Booyah Squelcher Buzzbait - 3/8 oz / Citrus Shad,,80.0,10
9005355_12991,Retro Logo Hoodie - Military Green / L,,80.0,2
WBRC-661MH,"White Bird Casting Rod - 6'6"" - Medium Heavy - Fast",842424100610,79.99,1
BB-6-GS-MS,"6"" Bacca Burrito Medium Sink - Golden Shiner",,79.98,2
lp-9,9 lb. Club License Plate Frame,,79.92,8
BMB02FA528,Bomber Flat A - Rock Craw,,79.84,16
PS-SS,Prop Spy - Sexy Shad,656750687758,79.23,7
MB-PJACKET-XL,Hyper Loft Puffy Jacket - XL,,79.0,1
MB-PJACKET-S,Hyper Loft Puffy Jacket - S,,79.0,1
MB-PJACKET-L,Hyper Loft Puffy Jacket - L,,79.0,1
TP70-25,Ark Topwater Popper - Baby Bass,,78.92,9
PK3LDY2,Perch Talker,,78.0,6
Z63-005,Z-Series Lipless Crankbait - Fire Craw,,78.0,6
platinum-0324,March 2024 - Platinum Series,,78.0,2
GRND3-DVG,"Grenade 2.75"" - Dove's Goby",,78.0,13
platinum-0424-S,April 2024 - Platinum S,,78.0,2
Norman-0724-Misc,Miscellaneous Norman Crankbaits,,78.0,14
multi-0624,June 2024 - Multi Species,,78.0,2
platinum-0824-old,Trophy Pond Box,,78.0,2
OGSP011,Sneaky Pete OG - Bone,080101369701,77.98,2
810103812451,Tungsten Propellor Jig - 1/16 oz 3 Piece,810103812451,77.88,12
44FINSWIM-02,"Finesse Swimmer - 4.4"" / Gill",,77.37,13
RO3-850,"Strike King Rodent 3"" - Moon Juice / 3""",,77.35,13
RGCUT56-805,Rage Cut-R-Worm - Blue Craw Red Flake,,77.0,14
JSN33,Jack Slap - Nickel,,77.0,11
SBEF65NRED,SPRO Dean Rojas Bronzeye Frog 65,,77.0,7
DDFR-711M,"Defender Spinning Rod - Defender spinning rod 7'1"" M",842424123695,76.99,1
HERC5-84,"Herculez Swimbait 5"" - Pearl",,76.93,7
34FINSWIM-02,"Finesse Swimmer - 3.4"" / Gill",,76.81,19
DOB-DBBS38-125,Dobyn's D Blade Spinnerbait - White on White Colorado Willow,,76.41,9
mb-subscription-platinum-0124,January 2024 - Platinum Series,,76.0,2
silver-0124,January 2024 - Silver Series,,76.0,2
R1423 BT,Rattl'n Vibe One Knock - Blue Chrome,,76.0,8
mb-subscription-multi-23900,Sept 2023 - Multi Species Series,,76.0,2
R1423 GSN,Rattl'n Vibe One Knock - Golden Shiner,,76.0,8
multi-0224,February 2024 - Multi Species,,76.0,2
GIFT-TACKLE-BAG,Free Gift - Tackle Bag + 2 Tackle Trays,,75.98,2
MB-SHIRT-DRC-GREY-2X,Dr. Crankenstein - 2X,,75.6,4
HAMMER-9,MONSTERBASS The Hammer | Colorado Spinnerbait - Firecraw w/ Colorado Orange,810103811638,75.2,10
GOGKC3GNP,Googan Krackin' Craw - 3'' 10pk - Green Pumpkin,,75.0,15
test-subscription-welcome,Test Subscription: 3 month,,75.0,2
PDR-100-AST,Paddle Bug Rig,,75.0,30
CAST-7:1 - Reels,StrikeBack Casting Reel - 7:1 Casting Reel,812302011963,74.99,1
sku-39362138832957,"Shimano Curado, SLX DC MGL Full Tune kit - XCR Ultra",,74.95,1
511-TC-OP,Tiger Camo Orange Crush Hat,,74.85,3
8002673_15238,MONSTERBASS Slides - Black / 8,,73.98,2
MB-SHIRT-CLASSIC-L-HDGREY,Classic Logo Tee - L / Heather Gray/White,,73.93,7
GP-PROTECT-16,Guaranteed Shipping Protection - Level 16,,73.5,1
XTRPP03,Pencil Popper - Fire Tiger,,72.0,9
FGLT307,Froglet - Toad,,72.0,8
XB-5-SXY-BLU,XB-5 Crankbait - Sexy Blue Back,,72.0,8
PPS12-W,Pacemaker Swim Jig - 1/2oz / White,,72.0,12
MLF-351,Hardcore Crank SR 65F Squarebill - Ghost Pearl Shad,,72.0,8
DBR-902ML,"Brush Dobber Crappie Spinning Rod - 9'0"" Medium Light 2 piece",842424132246,71.98,2
CBB12-07,Big Blade Chatterbait - Fire Craw,,71.94,6
LC-6160-1,Slabasaurus Rex - Sexy Shad,,71.92,8
CT3-5-06,Squarebill Crankbait - 3-5' Diver / Shiner,,71.92,8
CT3-5-11,Squarebill Crankbait - 3-5' Diver / Silver Shad,,71.92,8
R1352 CSH,3DB Series Squarebill Crankbait 1.5 - Citrus Shad,,71.92,8
PTCR-8-gill,Head Banger DT-8 - Gill,,71.92,8
LL-SD6-SC,Sugar Daddy 6 - Spring Craw,656750686621,70.93,8
PS-G,Prop Spy - Gilly,656750687727,70.14,6
XZ-CHUNK,"3.25"" MB Chunk - Misc Colors",,70.0,14
BG132OBS17-10,Bobby Garland Overbite Sickle Jig,,70.0,14
GOGRNPBJ,Googan Rattlin' Ned - Peanut Butter & Jelly,,70.0,14
IMPSL6S02,Impact Slash 6S Jerkbait - Silver Side,,70.0,10
WSS608-3/8-BG-1,Skatter Shad Bladed Jig - 3/8oz,,70.0,14
A10SB-GAYU,A10 Square Bill - Ghost AYU,,70.0,7
BH-UVLONG-SILVER-2XL,Basshik UV Sunshirt - 2X,,70.0,7
BMIN02,"Bait Shifter 3.5"" Minnow Kit - Ice",,70.0,10
MB-RAGNAR-BONE,Ragnar - old packaging - Bone,,70.0,10
7144145_5514,MONSTER/BASS Crew Neck Sweatshirt - Sport Grey / S,,70.0,2
sku-51515481817404,Nightmare Xtreme 2.0 300 / 350 / 400/ 500 spine Arrow 12/Pack Fletched - 300,,69.99,1
WBR100NGR-RTL,White Bird Casting Reel (retail packaging) - Right,842424131508,69.99,1
BC8-80-1500-FBM,Reaction Tackle X8 Braided Fishing Line - Blue Camo 8 Strand - 80lb / 1500yds / Blue Camouflage,840488201854,69.98,1
MB-SSJACKET-S,All-Season Soft Shell Jacket - S,,69.95,1
EH1272-SPARKY,Mugshot Lipless - Sparky,,69.95,5
EH1272-PERCH,Mugshot Lipless - Perchinator,,69.95,5
CDEM72,Ember Mat - Protect The Ground From Popping Embers or Dripping Grease,,69.95,1
LC-6161-8,Captain Slayhab - Rootbeer Float,,69.94,8
mb-shirt-classic-2xl-grey,Classic Logo Tee - 2X / Grey,,69.93,7
1670-590,Rattlesnake'O - Trophy Hunter,'876716000739,69.9,10
1670-210,Rattlesnake'O - Watermelon Red Flk,'876716000678,69.9,10
1250-217,"NEW: Kickback Shad 3.75"" - Electric Shad",1250-217,69.9,10
sku-39362146041917,"Shimano Curado, Core, Chronarch, SLX Spool kits - XCR Ultra",,69.9,2
1630-210,"6.5"" Airtail Wiggler - Watermelon Red Flake",,69.4,10
3001-69-M-3X,Orange Crush Logo Tee - 3X,,69.0,3
9663102_6952,Thicc-fil-A - Athletic Heather / 2XL,,69.0,3
8097285_19407,Retro Logo Tee - Navy / 2XL,,69.0,3
MLF-239,Warpig - Purdy Shad,,68.72,8
ST4ZS-1-MB,Standout Drop Shot Hook - Size 1,,68.0,17
XTRPP-4,February's Mystery Popper 4-Pack,,67.96,4
XLFS14-26XL,Trilene XL - 14lb,,67.94,8
IMSBW07,Impact Ignite - Ghost,,67.5,9
HYLSMWP2.75WGT,Minwaow - White Ghost,,67.5,9
Covert-misc,Booyah Covert Spinnerbait - Misc Color,,67.34,8
R1423 MRRC,Rattl'n Vibe One Knock - Matte Raburn Red Crawfish,,66.5,7
NOCHO-18,Ned Ocho - Watermelon Red Flake,,66.28,12
PS-PBC,Prop Spy - Pro Blue Chart,656750687734,66.24,6
MB-PDS-BLUE-L,MONSTERBASS Shorts - Slate Blue / L,,66.12,3
3001-45-M-2X,M Nation Tee (L-2X) - 2X,,66.0,3
GT425-84PK3,Billy Goat - Pearl,,66.0,12
GT425-46PK3,Billy Goat - Green Pumpkin,,66.0,12
D46Z-MB-5/0-3PK,"Fat Gap, 5/0 Bleeding EWG",,66.0,22
6965525_8752,MONSTER/BASS Trucker Cap - Khaki,,66.0,3
BURNER-38-5,Blade Burner | Willow & Colorado Spinnerbait - 3/8 oz / Sexy Cracks,810103810426,66.0,8
6064336_8928,Fishing is Life - Black Heather / 3XL,,66.0,3
1546710_8465,MONSTER/BASS Tee - Dark Grey Heather / 3XL,,66.0,3
PP011,Pistol Pete - Bone,080101369947,65.97,3
MJHB1-BP,Ike's Head Banger Jig - Brown Purple Passion,,65.89,11
BMB02FA529,Bomber Flat A - Bones,,65.89,11
FINSTK2.75-719,"2.75"" Ned Candy - PB&J",8 53514 000956,65.88,12
810103812482,Tungsten Propellor Jig - 1/4oz,810103812482,65.43,11
1702-002,Tungsten Bladed Swimbait Hook - 3/16oz,'876716006434,65.0,13
10-20-GGS-10005C,Googan Squad Clickbait - Sexy Shad,,64.9,10
TRD4-46PK6,"Big TRD - 4"" / Green Pumpkin",,64.87,13
VF-SPIN-WCHART,Spin Doctor Double Willow Spinnerbait - White Chartreuse,,64.0,8
SHAKEY-38-5,Sabertooth Shakey Head Hooks - 3/8 oz / Green Pumpkin,656750688335,64.0,16
RETRO-344-M,Retro Logo Tee - M,,64.0,4
BYSQ12608,Booyah Squelcher Buzzbait - 1/2 oz / Black,,64.0,8
GUIDEPROTECTION-5,Guide Package Protection - $4.90,,63.7,13
MB-TDSW-34-2,Tungsten Drop Shot Weights - Skinny - 3/4oz - 2 pack,656750687550,63.0,9
3001-45-M-XL,M Nation Tee (L-2X) - XL,,63.0,3
3001-06-CL-XL,Iconic Logo Tee - XL,,63.0,3
MLF-350,Hardcore Crank SR 65F Squarebill - Citrus Shad,,63.0,7
SBR-732M20,"Shay Bird Spinning Combo - Shay Bird 7'3"" 2pc Spinning Combo w/ 2000 Series Reel",842424112989,62.99,1
810103811713,Tungsten Flipping Weights - Black / 1/2 oz - 2pk,'810103811713,62.93,7
PTCR-8-probc,Head Banger DT-8 - Pro Blue Chrome,,62.93,7
1250-833,"NEW: Kickback Shad 3.75"" - Tennessee Shad",1250-833,62.91,9
1670-209,Rattlesnake'O - Green Pumpkin,'876716000685,62.91,9
BJ264,Flipping Jig - Chartreuse Root Beer,,62.86,14
MB-PDSP-BLK-L,MONSTERBASS Sweatpants - Black / L,,61.95,2
GUIDEPROTECTION-3,Guide Package Protection - $2.94,,61.74,21
ACDC-256-M,MONSTER / BASS - M,,60.0,3
MB-SHIRT-MONSTERS-BLK-M,MONSTERS - M,,60.0,3
3001-69-M-M,Orange Crush Logo Tee (XL) - M,,60.0,3
MB-WINDB-CLASSIC-2X-BLK,Lightweight Water Resistant Jacket - 2X / Black,,60.0,2
MB-WINDB-CLASSIC-S-BLKCAMO,Lightweight Water Resistant Jacket - S / Black Camo,,60.0,2
2518546_15949,Lightweight Camo Zip Up Windbreaker - Forest Camo / XL,,60.0,1
MB-SHIRT-WBURGER-HGREY-L,MONSTERBURGER - L / Heather Grey,,60.0,3
BH-UVLONG-SILVER-M,Basshik UV Sunshirt - M,,60.0,3
MB-SHIRT-DGH-GREY-M,Swimming with the Fishes - M,,60.0,4
1546710_8924,MONSTER/BASS Tee - Black Heather / M,,60.0,3
MB-SHIRT-DRC-GREY-M,Epic Eric's Dr. Crankenstein - M,,60.0,3
2518546_15951,Lightweight Camo Zip Up Windbreaker - Forest Camo / 3XL,,60.0,1
6064336_8442,Fishing is Life - Army / L,,60.0,3
6064336_8443,Fishing is Life - Army / XL,,60.0,3
SW-WR,Slim Wild - Watermelon Red,,59.99,12
FK-TFQG-2UKW,RUT CAMP GRUNT AND DOE BLEAT CALL,850079553019,59.99,1
BSCH-BB-2022-3WE,Busch Light Fishing Bobbers Limited Edition (3 Pack) – Funny Beer Bottle Lures – Premium Fishing Gift for Men,850042349014,59.97,3
sku-40960972849213,Shimano Tranx Full Tune kits - XS Ceramic,,59.95,1
H15SDR908,Hunter 1.5 Squarebill - Amp'd Bone,,59.94,6
H15SDR905,Hunter 1.5 Squarebill - Wild Threadfin,,59.94,6
YAM-134JR-08-979,Zako Swimbait,,59.9,10
BMB02FA521,Bomber Flat A - Mad Craw,,59.9,10
SSINK-28PK6,ZinkerZ - Smelt,,59.88,12
SKR4-MISC,"Rodent 4"" - Misc. Colors",,59.5,10
MB-SSJACKET-L,All-Season Soft Shell Jacket - L,,59.0,1
CT3-5-18,Squarebill Crankbait - 3-5' Diver / Green Gill,,58.97,7
GOGBBGPB,Googan Bandito Bug - 4'' 7pk - Green Pumpkin Blue,,58.54,11
810103812475,Tungsten Propellor Jig - 1/8oz,810103812475,58.41,9
NOCHO-850,Ned Ocho - Moon Juice,,58.19,11
CC6-FB,Castaic Crankbait - Fall Bluegill,,58.0,9
RTRO-LHUV-W-S,Mossy Oak Sunshirt (S only) - S,,58.0,2
EXT106-BLU-IL-L,Blue Water Sunshirt (L) - L,,58.0,2
R1423 MCF,Rattl'n Vibe One Knock - Matte Crawfish,,57.0,6
XTRPP01,Pencil Popper - Silver Blue,,56.0,7
HAMMER-8,MONSTERBASS The Hammer | Colorado Spinnerbait - Black & Gold w/ Colorado Black,810103811621,56.0,7
WBR-732ML,"White Bird Spinning Rod - 7'3"" - Medium Light - Slow - 2 Piece",842424100641,55.99,1
VC-66-UL-S,"VEXAN® Crappie Rods & Panfish Rods - Spinning 6'6"" Ultra Light",812302014612,55.99,1
VC-72-UL-S,"VEXAN® Crappie Rods & Panfish Rods - Spinning 7'2"" Ultra Light",812302014636,55.99,1
810103811799,Tungsten Flipping Weights - Green Pumpkin / 3/8 oz - 3pk,'810103811799,55.93,7
1620-510,Airtail Rattler - Summer Craw,'876716002924,55.92,8
1608-210,Airtail Stick - Watermelon Red Flake,'876716005857,55.92,8
1200-217,Shad Trixx - Electric Shad,'876716004867,55.92,8
VF-TOAD-610-4,Best Toad Ever - Firetiger Swirl,,55.9,10
30010GR8,"Braided Fishing Line - 300 Yards, Pro Grade Performance for Saltwater & Freshwater- Beyond Braid - Green 8X / 10LB",,55.9,2
30010BU8,"Braided Fishing Line - 300 Yards, Pro Grade Performance for Saltwater & Freshwater- Beyond Braid - Bahama Blue 8X / 10LB",,55.9,2
1630-209,"6.5"" Airtail Wiggler - Green Pumpkin",,55.42,8
GOGTH465GPU,Googan Trench Hawg - 4.65'' 9pk - Green Pumpkin Purple,,55.0,11
GT425-02PK3,Billy Goat - Black/Blue,,55.0,10
BL375025,Leech,,55.0,11
LVGN-20-1500-FBM,Reaction Tackle Braided Fishing Line - NO FADE Low-Vis Green - 20lb / 1500yds / Low-Vis Green,840488216100,54.98,1
BURNER-12-3,Willow & Colorado Blade Burner Spinnerbait - 1/2 oz / Morning Dawn,810103810464,54.0,6
MLF-349,Hardcore Crank SR 65F Squarebill - Black Back Chartreuse,,54.0,6
HC4-569,Pro-Model Series 4 Crankbait - Green Tomato,,53.98,8
CL-TEE-SS-HG-2X,Classic Logo Tee - 2X / Heather Grey/Grey,,53.97,4
WPL90/18,Whopper Plopper - 90 / I know it,,53.96,4
LL-SD6-CS,Sugar Daddy 6 - Citrus Shad,656750686607,53.94,6
TP70-27,Ark Topwater Popper - Herring,,53.94,6
CT5-7-12,Squarebill Crankbait - 5-7' Diver / Black Blue,,53.94,6
CT5-7-13,Squarebill Crankbait - 5-7' Diver / Chart/Blue back,,53.94,6
CT3-5-10,Squarebill Crankbait - 3-5' Diver / Mystic Sexy Shad,,53.94,6
ARB1235,Smithwick Suspending Rogue - Clown,,53.94,6
FINSTK2.75-314,"2.75"" Ned Candy - Green Pumpkin",8 53514 000901,52.91,9
10877,Small Pea Slab Spoon - Gold,,52.89,16
GOGBBJUN,Googan Bandito Bug - 4'' 7pk - JuneBug,,52.36,10
MB-TWW-12-2,Tungsten Worm/Bullet Weights - 1/2oz - 2 pack,656750687499,52.0,8
810067072588,The Shocker - Flash Minnow,,52.0,4
VKA-21R-LTD1501-BR,Vibe Locking 10' Straps (2 pk),840022708689,52.0,2
SB8-30-1000-FBM,Reaction Tackle X8 Braided Fishing Line - Sea Blue 8 Strand - 30lb / 1000yds / Sea Blue,840488206187,51.98,1
GC8-10-1000-FBM,Reaction Tackle X8 Braided Fishing Line - Green Camo 8 Strand - 10lb / 1000yds,840488201946,51.98,1
NBK8-50-1000-FBM,Reaction Tackle X8 Braided Fishing Line - NO FADE Black 8 Strand - NEW - 50lb / 1000yds,840488204602,51.98,1
NOCHO-466,Ned Ocho - Crawdaddy,,51.11,9
LL-8,Livingston Lures Howeller DMC Square - Chartreuse Sunrise Shad,,50.97,3
NOCHO-100,Ned Ocho - Summer Craw,,50.41,9
STICKER-MOONMAN,Moonman,,50.0,25
CATPOP-AS,Mach Popper - American Shad,,50.0,5
CATPOP-BB,Mach Popper - Baby Bass,,50.0,5
17920,Adrenaline Bug - June Bug,,50.0,10
CATPOP-FP,Mach Popper - French Pearl,,50.0,5
SE3016-03PK3,Swimbait Eye Jigheads - 3/16oz / Glow,,50.0,10
CATPOP-BG,Mach Popper - Bluegill,,50.0,5
P40513,Rebel Pop-R Topwater Popper,,50.0,10
MONSTERS-344-M,MONSTERS Tee - M,,50.0,3
810103812529,Tungsten Bladed Swimbait Hooks - 3/16oz,810103812529,50.0,10
sku-28405381955680,"Bull Shad Slow Sink - 4"" / Dirty Bone",,50.0,1
sku-53432349393064,"""Shad"" WakeWalker LT",,49.99,1
PK-15-1500-FBM,Reaction Tackle Braided Fishing Line - Pink - 15lb / 1500yds,840488217053,49.98,1
HFP-5,VooDoo Pop 80 - Perfect Gill,,49.97,5
H15SDR909,Hunter 1.5 Squarebill - Kajun Koolaid,,49.95,5
sku-51515546861884,APOLLO 100 GRAIN BROADHEADS (3 PACK)(FORMERLY HERA),,49.95,1
22,Daiwa Tatula Full Tune kits - SS Ceramic,1829569691693,49.95,1
MB-PDS-BLK-S,MONSTERBASS Shorts - Black / S,,49.9,2
PSBTS07-BBG,Bagley Twinspin - Bone Belly Gill,,49.75,5
XTRFSCB02,Flat Sided Crankbait - Chartreuse Perch,,49.14,6
IMJKB02,Impact Distress - Silver Side,,49.0,7
1608-590,Airtail Stick - Trophy Hunter,'876716005840,48.93,7
1250-504,"NEW: Kickback Shad 3.75"" - Pro Blue",1250-504,48.93,7
1670-222,Rattlesnake'O - June Bug,'876716000692,48.93,7
MB-PDS-BLK-XL,MONSTERBASS Shorts - Black / XL,,48.66,3
MB-POPPER2-SEXYCRACK,Mad Max Popper - Sexy Cracks,656750687161,48.5,6
STOAD-94,Strike King Super Toad - Green Pumpkin/Chart Belly,,48.0,12
9663102_8928,Thicc-fil-A - Black Heather / 3XL,,48.0,2
ALIST-TRUMP,Trump Topwater Fishing Lure,850012779070,48.0,4
BMB02FA520,Bomber Flat A - Green Pearl Shad,,47.92,8
810103812246,Tungsten Meister Nail Weights - 1/8 oz (3 pack),810103812246,47.92,8
1704-400,Tungsten Shakey Jig Head - 4/0,'876716006458,47.92,8
FINSTK2.75-602,"2.75"" Ned Candy - Orange Craw Swirl",8 53514 000949,47.92,8
SWMCRW4-350,Vicious Fishing Candy Craw - Watermelon Red,8 53514 000789,47.92,8
PFJHW15-01PK3,Z-Man Power Finesse Shroomz Weedless Jig Head 3pk - 1/5oz / Green Pumpkin,,47.88,12
FINSTK2.75-735,"2.75"" Ned Candy - Crawdaddy",8 53514 000932,46.92,8
LG-IBALL-2,Lifted Jigs: I Ball Jigheads,,46.7,14
4601054_5297,Monsterfish - Asphalt / 3XL,,46.0,2
4601054_15792,Monsterfish - Maroon / 3XL,,46.0,2
9663102_4015,Thicc-fil-A - White / 2XL,,46.0,2
9663102_8927,Thicc-fil-A - Black Heather / 2XL,,46.0,2
8097285_19406,Retro Logo Tee - Black / 2XL,,46.0,2
D1110700334A,Cast Iron Grill Grate - A103 | 1 Grill Grate for Mesa 300/ Mesa 400m/ M305/ M325,,45.98,2
MB-PDS-BLUE-2X,MONSTERBASS Shorts - Slate Blue / 2X,,45.9,2
ZGAD-GBS,Zero Gravity Hybrid AirDrop Underspin - Gold Black Shad,,45.5,7
ZM-FSHROOMZ-MISC,Z-Man ShroomZ Jig Heads,,45.48,12
LS6-345PK8,Long ShotZ - Twilight,,45.43,7
XB-5-THRD-SHAD,XB-5 Crankbait - Threadfin Shad,,45.0,5
SS4500-BN-M-2X,Iconic Logo Hoodie - 2X,,45.0,1
SE3016-01PK3,Swimbait Eye Jigheads - 3/16oz / Gold,,45.0,9
BGDV313-10,Pile Diver,,45.0,10
GOGLL6JUN,Googan Lunker Log - 6'' 6pk - Junebug,,45.0,9
GOGLL6NTC,Googan Lunker Log - 6'' 6pk - Night Club,,45.0,9
1637091_10787,MONSTERBASS Logo Hoodie - Carbon Grey / XL,,45.0,1
FF03,Pre-Rigged Finesse Frog - Newt,,45.0,9
MB-UVLONG-GREY-S,MB Logo UV Sunshirt (S) - S / Grey,,45.0,3
HBDR3-GNP,Hybrid Diver - Green Pumpkin,,45.0,10
9005355_12996,Retro Logo Hoodie - Military Green / 5XL,,45.0,1
1637091_10786,MONSTERBASS Logo Hoodie - Carbon Grey / L,,45.0,1
CT3-5-05,Squarebill Crankbait - 3-5' Diver / Fire Tiger,,44.95,5
CT3-5-04,Squarebill Crankbait - 3-5' Diver / Chart/Black Back,,44.95,5
810103811737,Tungsten Flipping Weights - Black / 1 1/4 oz - 1pk,'810103811737,44.95,5
STRK375-28PK6,"Streakz 3.75"" - 3.75 / Smelt",,44.9,10
FSOUR-Q,Whole Full Sour Pickles - QUART,783970983541,44.77,3
TTIC-267PK8,TRD TicklerZ - Houdini,,44.74,11
hardlegz-36pk3,Z-Man Hard Leg FrogZ - Redbone,,44.59,9
3001-256-M-2X,Soft Hand Orange M Logo Tee - 2X,,44.0,2
00271,"B-Vibe - 2"" / Fire Tiger",,44.0,11
SS4500-BN-M-XL,Iconic Logo Hoodie - XL,,44.0,1
9663102_8924,Thicc-fil-A - Black Heather / M,,44.0,2
8097285_19404,Retro Logo Tee - Navy / XL,,44.0,2
4645155_12996,Fishing is Life Hoodie - Military Green / 5XL,,44.0,1
8097285_19405,Retro Logo Tee - White / XL,,44.0,2
1546710_6953,MONSTER/BASS Tee - Athletic Heather / 3XL,,44.0,2
6064336_8445,Fishing is Life - Army / 3XL,,44.0,2
6618872_6953,MONSTERBASS Logo Tee - Athletic Heather / 3XL,,44.0,2
LL-SD8-DC,Sugar Daddy 8 - Delta Craw,656750687932,43.98,6
maraboudive4-6,Deer Hair Dahlberg Diver 6 Flies Hook Size 4 - White Marabou Bass Fly Fishing Bug Wide Gape Bass Hooks With Weed Guard,,43.98,2
CT5-7-10,Squarebill Crankbait - 5-7' Diver / Mystic Sexy Shad,,43.96,5
LL-5,FlatMaster - Orange Crakle,,43.96,4
SF-DW-GG,Double WIllow Snek Frog - Green Glow,,43.96,4
MB-UVLONG-FLAG-SILVER-S,The Nation UV Sunshirt - S,,43.95,3
9005355_12995,Retro Logo Hoodie - Military Green / 4XL,,43.0,1
4645155_10812,Fishing is Life Hoodie - Dark Heather / 4XL,,43.0,1
NOCHO-50,Ned Ocho - Okeechobee Craw,,42.32,8
BLKB2-1002-020,Marabou Road Runner - 1/16 oz / Red/Chartreuse,,42.0,12
YAM-129-05-208,Yamamoto Yama Frog - Watermelon/Black Red Flake,,42.0,6
8214242_13419,MONSTER/BASS Hoodie - Charcoal Heather / 3XL,,42.0,1
6373292_13417,MONSTER/BASS Hoodie - Navy Blazer / 3XL,,42.0,1
BR-WACK-3415,Wack'em,,42.0,14
IMRLLC05,Impact Reactor Lipless - Red Hot,,42.0,6
6064336_6952,Fishing is Life - Athletic Heather / 2XL,,42.0,2
6064336_8444,Fishing is Life - Army / 2XL,,42.0,2
1546710_4015,MONSTER/BASS Tee - White / 2XL,,42.0,2
7251646_13420,"Red, White & MONSTERBASS - Carbon Grey / 3XL",,42.0,1
6618872_4015,MONSTERBASS Logo Tee - White / 2XL,,42.0,2
MB-SHIRT-ENJOY-BLK-2XL,Enjoy Monsterbass - 2X / Black,,42.0,2
5019978_13420,Fish Better Hoodie - Carbon Grey / 3XL,,42.0,1
7251646_13417,"Red, White & MONSTERBASS - Navy Blazer / 3XL",,42.0,1
6618872_4100,MONSTERBASS Logo Tee - Light Blue / 2XL,,42.0,2
PPS38-w,Pacemaker Swim Jig - 3/8oz / White,,42.0,7
6373292_13418,MONSTER/BASS Hoodie - Maroon / 3XL,,42.0,1
DFICE-301M,"Defender Ice Combo 30""-32"" - Defender Ice Rod 30"" Medium Combo",842424121097,41.99,1
KF-FREAK-OSHAD,KCL Freak 1.5 - Ozark Shad,,41.95,5
1608-550,Airtail Stick - Ssabednarg,'876716006427,41.94,6
1250-108,"NEW: Kickback Shad 3.75"" - Pearl",1250-108,41.94,6
1200-207,Shad Trixx - Chartreuse Silver,'876716004706,41.94,6
TS5-314,"5"" Pro Stick - Green Pumpkin",853514000819,41.93,7
810103811676,Tungsten Flipping Weights - Black / 3/16 oz - 4pk,'810103811676,41.93,7
SWMCRW4-337,Vicious Fishing Candy Craw - Black Red Flake,8 53514 000994,41.93,7
PD-2MTB,Perch Daddy,,41.9,11
RO4-116,"Rodent 4"" - Bama Bug",,41.65,7
MB-PDS-BLUE-XL,MONSTERBASS Shorts - Slate Blue / XL,,41.17,2
9005355_5534,Retro Logo Hoodie - Black / 2XL,,41.0,1
4645155_10810,Fishing is Life Hoodie - Dark Heather / 2XL,,41.0,1
9005355_5598,Retro Logo Hoodie - Navy / 2XL,,41.0,1
FINSTK2.75-350,"2.75"" Ned Candy - Watermelon Red",8 53514 000895,40.93,7
TCRAW4-296PK6,Turbo CrawZ - Bama Craw,,40.5,9
HBDR3-JNB,Hybrid Diver - June Bug,,40.5,9
STRK375-54PK6,"Streakz 3.75"" - 3.75 / Shiner",,40.41,9
GRUBZ25-272PK8,GrubZ - Gold Flake,,40.0,10
316BM-72,Strike King Tri-Wing Buzz Bait - White,,40.0,8
MB-SHIRT-WBURGER-DRKHGREY-XL,MONSTERBURGER - XL / Dark Heather Grey,,40.0,2
HBRH02,Reckless Roach - Firefly,,40.0,4
BT2.75-46,Bitsy Tube - Green Pumpkin,,40.0,10
MB-SHIRT-WBURGER-HGREY-S,MONSTERBURGER - S / Heather Grey,,40.0,2
MB-SHIRT-WBURGER-HGREY-XL,MONSTERBURGER - XL / Heather Grey,,40.0,2
00269,"B-Vibe - 2"" / Purple Shad",,40.0,10
MB-SHIRT-MHEAD-BLK-S,Snagglefish Tee - S,,40.0,2
Dstroyer-misc,Missile Bait Baby Dstroyer & Dstroyer,,40.0,8
3091993_11483,Largie Smalls - Charcoal Heather / L,,40.0,1
MB-SHIRT-DRC-GREY-S,Epic Eric's Dr. Crankenstein - S,,40.0,2
3091993_11485,Largie Smalls - Charcoal Heather / 2XL,,40.0,1
6373292_13894,MONSTER/BASS Hoodie - Military Green / M,,40.0,1
3091993_13420,Largie Smalls - Carbon Grey / 3XL,,40.0,1
3091993_11486,Largie Smalls - Maroon / S,,40.0,1
GRUBZ25-364PK8,GrubZ - Slam Shady,,40.0,10
6064336_4014,Fishing is Life - White / XL,,40.0,2
3091993_10778,Largie Smalls - White / 2XL,,40.0,1
3091993_10785,Largie Smalls - Carbon Grey / M,,40.0,1
3091993_11482,Largie Smalls - Charcoal Heather / M,,40.0,1
6373292_11487,MONSTER/BASS Hoodie - Maroon / M,,40.0,1
4645155_5611,Fishing is Life Hoodie - Sport Grey / M,,40.0,1
misc-sticker,misc stickers,,40.0,20
9005355_5530,Retro Logo Hoodie - Black / S,,40.0,1
6373292_10784,MONSTER/BASS Hoodie - Carbon Grey / S,,40.0,1
6373292_11489,MONSTER/BASS Hoodie - Maroon / XL,,40.0,1
3091993_10776,Largie Smalls - White / L,,40.0,1
6373292_11482,MONSTER/BASS Hoodie - Charcoal Heather / M,,40.0,1
6064336_8923,Fishing is Life - Black Heather / S,,40.0,2
8919990_4019,Largie Smalls - Black / XL,,40.0,2
3091993_10780,Largie Smalls - Black / M,,40.0,1
6618872_6951,MONSTERBASS Logo Tee - Athletic Heather / XL,,40.0,2
6373292_10786,MONSTER/BASS Hoodie - Carbon Grey / L,,40.0,1
2526641_15590,Monsterboro - Bone / XL,,40.0,1
2526641_15635,Monsterboro - White / XL,,40.0,1
4645155_12989,Fishing is Life Hoodie - Military Green / S,,40.0,1
6373292_10779,MONSTER/BASS Hoodie - Black / S,,40.0,1
6373292_11488,MONSTER/BASS Hoodie - Maroon / L,,40.0,1
6581192_4617,Monsterboro Flat Bill Hat - Grey,,40.0,2
8919990_8443,Largie Smalls - Army / XL,,40.0,2
9005355_5522,Retro Logo Hoodie - White / S,,40.0,1
4645155_5531,Fishing is Life Hoodie - Black / M,,40.0,1
4645155_5530,Fishing is Life Hoodie - Black / S,,40.0,1
8919990_6950,Largie Smalls - Athletic Heather / L,,40.0,2
1546710_6951,MONSTER/BASS Tee - Athletic Heather / XL,,40.0,2
6618872_4099,MONSTERBASS Logo Tee - Light Blue / XL,,40.0,2
7251646_10786,"Red, White & MONSTERBASS - Carbon Grey / L",,40.0,1
sticker-life,Fishing Is Life Sticker,,40.0,20
4645155_5612,Fishing is Life Hoodie - Sport Grey / L,,40.0,1
9005355_5613,Retro Logo Hoodie - Sport Grey / XL,,40.0,1
4645155_10808,Fishing is Life Hoodie - Dark Heather / L,,40.0,1
2526641_15589,Monsterboro - Bone / L,,40.0,1
3091993_11488,Largie Smalls - Maroon / L,,40.0,1
4645155_10807,Fishing is Life Hoodie - Dark Heather / M,,40.0,1
6618872_4014,MONSTERBASS Logo Tee - White / XL,,40.0,2
gift-3700,Subscription Gift Cards - Free Vault 3700,,40.0,24
FD00354,Jig Flare with Dropper Chain & White LED - White,,40.0,5
ALIST-TRUBID,Topwater Fishing Lure Combo Pack - Trump + Biden,850048245037,40.0,2
8919990_6951,Largie Smalls - Athletic Heather / XL,,40.0,2
DFR2000-RTL,Defender Spinning Reel (retail packaging) - 2000,842424102478,39.99,1
sku-51515487584572,"NIGHTMARE XTREME Crossbow Bolts Carbon Half Moon Nocks 6Pcs 20"" - 20""",,39.99,1
MB-SHIRT-CLASSIC-SM-GREY,Classic Logo Tee - S / Grey,,39.98,3
ENT-AME-USE,Entrenching Tool - AMES / USED,,39.98,2
H15SDR906,Hunter 1.5 Squarebill - Gill Burst,,39.96,4
810103812239,Tungsten Meister Nail Weights - 1/16 oz (4 pack),810103812239,39.92,8
TRD4-238PK6,"Big TRD - 4"" / PB&J",,39.92,8
PFJHW110-01PK3,Z-Man Power Finesse Shroomz Weedless Jig Head 3pk - 1/10oz / Green Pumpkin,,39.9,10
PSBTS07-OSD,Bagley Twinspin - Olive Shad,,39.8,4
810067072595,The Shocker - Dyin' Shad,,39.0,3
platinum-0424-NE,April 2024 - Platinum NE,,39.0,1
gold-0424,April 2024 - Gold,,39.0,1
platinum-0424-W,April 2024 - Platinum W,,39.0,1
multi-0724,July 2024 - Multi Species,,39.0,1
mb-subscription-PROSTAFF-1,Pro Staff Subscription: monthly,,39.0,1
multi-0824,August 2024 - Multi Species,,39.0,1
multi-0825-old,Multi-Species Mayhem Box,,39.0,1
platinum-0824-new,Trophy Pond Box,,39.0,1
BC-100-1000-FBM,Reaction Tackle Braided Fishing Line - Blue Camo - 100lb / 1000yds,840488207801,38.98,1
LL-JM-501,Livingston Jerk Master - misc skus,,38.97,3
lp-4,4 lb. Club License Plate Frame,,38.96,4
KE-MINDIP,K&E Plastic Minnow Dipper,,38.76,87
425KMSPLT-06,Kamikaze Swimon Split Tail - 4.25 / Chartreuse/White Swirl,,38.61,9
425KMSPLT-03,Kamikaze Swimon Split Tail - 4.25 / GP  Flamethrower,,38.61,9
20-01-01,Xcite Baits Crappie Grub,,38.5,11
MISC-XZBW,"Blitz Worm 11""",,38.5,7
MISC-XZTCS,"True Center Stick 5""",,38.5,7
mb-subscription-1223-gold,December 2023 - Gold Series,,38.0,1
platinum-0224,February 2024 - Platinum Series,,38.0,1
810067070898,Eagle Glider - Yellow Head,,38.0,2
810067071000,Eagle Glider - Green Perch,,38.0,2
7144145_5433,MONSTER/BASS Crew Neck Sweatshirt - White / 5XL,,38.0,1
9260654_15239,Men’s slides - Black / 8.5,,36.99,1
SPC-RUB-COMPLETE,Complete Rub Pack,850047681898,36.99,1
8002673_15244,MONSTERBASS Slides - Black / 12.5,,36.99,1
LC-6160-2,Slabasaurus Rex - Cotton Candy,,36.97,4
BB-WL-PW,Whiplash - Pearl White,,36.95,7
MB-TTDRC-316-3,Tungsten Drop Shot Weights - Casting / 3/16 oz - 3 pack,,36.6,13
RCHM34-154,Hail Mary Lipless Crank - Phantom Bream,,36.0,6
GRND3-GPR,"Grenade 2.75"" - Green Pumpkin Red",,36.0,6
LL-SD8-SR,Sugar Daddy 8 - Sugar Rush,656750687956,36.0,6
HCKVDSDJR-684,KVD Sexy Dawg Jr. - Clearwater Minnow,,36.0,4
7144145_5519,MONSTER/BASS Crew Neck Sweatshirt - Sport Grey / 3XL,,36.0,1
BB-DEF-CR,Defender Squarebill - Craw,608011177287,35.96,4
CT5-7-16,Squarebill Crankbait - 5-7' Diver / Sexy Shad,,35.96,4
BB-DEF-SS,Defender Squarebill - Sexy Shad,608011177263,35.96,4
TP70-29,Ark Topwater Popper - Natural Shad,,35.96,4
TS115-Misc,Ark Topwater Slider - Misc Color,,35.96,4
ASDRB1269,Smithwick Suspending Rogue - Gold Rogue,,35.96,4
SBFW14-06,Z-Man Sling Bladez Double Willow Spinnerbait - 1/4oz / Bluegill,,35.96,4
SBFT14-04,Z-Man Sling Bladez Power Finesse Indiana/Colorado & Double Willow Spinnerbait - Indiana & Colorado Blades / 1/4oz / Sexy Shad,,35.96,4
810103811812,Tungsten Flipping Weights - Green Pumpkin / 3/4 oz - 2pk,'810103811812,35.96,4
MINNOBI-SPG-21-01-23,Minnobi 3.3 - Smoke Purple Gold,,35.94,6
MJFO34-CALV,Ike's Flip Out Jig - 3/4 oz. - California Love,,35.94,6
MJFO34-BWGL,Ike's Flip Out Jig - 3/4 oz. - Brewgill,,35.94,6
810103811928,Tungsten Worm Weights - Black / 3/16 oz - 4pk,'810103811928,35.94,6
STRK375-84PK6,"Streakz 3.75"" - 3.75 / Pearl",,35.92,8
810103812208,Tungsten Nail Weights - 1/16 oz,810103812208,35.55,9
HCR-02PK3,Z-Man Hella CrawZ - Black Blue,,35.0,7
IMRLLC03,Impact Reactor Lipless - Shock Yellow,,35.0,5
HCBPM-503,Bitsy Pond Minnow CB - Blue Chartreuse,,35.0,7
FJ4112,Rattl'N Flyer Spoon - Emerald Shiner,,35.0,7
HCR-359PK3,Z-Man Hella CrawZ - Hot Craw,,35.0,7
FISH-Cards,MONSTERBASS Fish Identifier Cards,,35.0,7
7144145_5427,MONSTER/BASS Crew Neck Sweatshirt - White / M,,35.0,1
SL-16,Slimmer Swimmer - Houdini,,35.0,7
TTIC-349PK8,TRD TicklerZ - Hot Snakes,,35.0,7
7144145_5517,MONSTER/BASS Crew Neck Sweatshirt - Sport Grey / XL,,35.0,1
donation-35,"Join the $10,000 Challenge to Support Our Veterans - $35",,35.0,1
MIHB-misc,Unknown Products - unknown bait 3,,35.0,7
7144145_5515,MONSTER/BASS Crew Neck Sweatshirt - Sport Grey / M,,35.0,1
PK-65-1000-FBM,Reaction Tackle Braided Fishing Line - Pink - 65lb / 1000yds,840488217343,34.98,1
PK-30-1000-FBM,Reaction Tackle Braided Fishing Line - Pink - 30lb / 1000yds,840488217190,34.98,1
CT3-5-07,Squarebill Crankbait - 3-5' Diver / Red Craw,,34.97,4
1608-222,Airtail Stick - June Bug,'876716005826,34.95,5
1688-606,Megatail Rattlesnake - Morning Dawn,,34.95,5
1670-270,Rattlesnake'O - Black Blue Flk,'876716000760,34.95,5
1670-201,Rattlesnake'O - Chartreuse Pepper,'876716002160,34.95,5
1660-210,Crush Craw - Watermelon Red Flake,'876716004447,34.95,5
1676-610,Baby Rattlesnake - Ballistic Bluegill,'876716003679,34.95,5
BLACK-PLR,"Pro Aluminum Series 8"" Inch Pliers - Black",,34.95,1
810103812215,Tungsten Nail Weights - 7/64 oz,810103812215,34.32,8
GP-PROTECT-12,Guaranteed Shipping Protection - Level 12,,34.3,1
NOCHO-808,Ned Ocho - Black Blue Swirl,,33.84,6
NOCHO-108,Ned Ocho - Blue Craw,,33.84,6
MB-PDS-BLK-2X,MONSTERBASS Shorts - Black / 2X,,33.74,2
SRF214,"Stanley Ribbit 3.5"" - Black/Blue",,33.0,6
YG139,Yum Grub,,33.0,11
ZSC-MISC,Snake Charmer - Misc. Colors,,33.0,9
LURE-848927077176,Walking Boss II Magnum - Blue Pearl / Shad Sound,,32.99,1
810103812345,Tungsten Flipping Weights - Green Pumpkin / 1 oz - 2pk,'810103812345,32.97,3
50020MIAMI,"Braided Fishing Line - 300 Yards, Pro Grade Performance for Saltwater & Freshwater- Beyond Braid - Miami Vibe - 500 Yards / 20LB",,32.95,1
50030MIAMI,"Braided Fishing Line - 300 Yards, Pro Grade Performance for Saltwater & Freshwater- Beyond Braid - Miami Vibe - 500 Yards / 30LB",,32.95,1
50080OR8,Optic Orange 8X- Ultra Performance 8 Strand - 500 Yards / 80lb,,32.95,1
CHFJ-1/4-BLK/BLU,Castaic RC Hammer Football Jig - 1/4oz / Black Blue,,32.94,6
XTRP06,XCalibur Popper,,32.0,4
PBUG01,Popping Bug - Frog,,32.0,4
FD-TEE-SS-BL-M,Bass Dad Tee (M) - M,,32.0,2
MLF-219,NedFry,,32.0,8
DBL-PB-WETD,Paddleback - Wet Dream,,32.0,8
GRUBZ25-246PK8,GrubZ - Copper Penny,,32.0,8
ACDC-TEE-SS-DH-L,MONSTER / BASS (Large Only) - L,,31.98,2
110BSH,Gunfish 115 Topwater Walker - Bone Shad,,31.98,2
GSQ-1,Fresh Garlic Dill Pickle Spears - QUART,789091391456,31.98,2
RT-FCC-15-350-FBM,Reaction Tackle Fluorocarbon Coated Fishing Line - Clear / 15LB (350 yards),840488221739,31.96,2
GUIDEPROTECTION-8,Guide Package Protection - $15.68,,31.36,2
FSHADZ4-54PK8,Finesse ShadZ - Shiner,,30.0,6
32272,Hot Shot Minnow - Minnow Magic,,30.0,6
GOGKCCAL,Googan Krackin' Craw - 4'' 7pk - California Craw,,30.0,6
GOGKC3OKE,Googan Krackin' Craw - 3'' 10pk - Okeechobee Craw,,30.0,6
GOGLL4JUN,Googan Squad Lunker Log - JuneBug,,30.0,6
MB-WSHIRT-CLASSIC-GREY-S,Women’s Classic Logo Tee - S,,30.0,2
SE3018-03PK3,Swimbait Eye Jigheads - 1/8oz / Glow,,30.0,6
HYLSMWP2.75BKS,Minwaow - Black Shiner,,30.0,4
SW-111,"5"" Stick Worm - Light Green Pumpkin Blue Tip",,30.0,6
MB-WSHIRT-CLASSIC-GREY-XL,Women’s Classic Logo Tee - XL,,30.0,3
BH-UVLONG-SILVER-4XL,Basshik UV Sunshirt - 4X,,30.0,3
BH-UVLONG-SILVER-XL,Basshik UV Sunshirt - XL,,30.0,3
BH-UVLONG-SILVER-S,Basshik UV Sunshirt - S,,30.0,3
BSTICK-325PK6,Bang Stickz - MudBug,,30.0,6
MB-HOODIE-RETRO-GREY-XL,Retro Logo Hoodie (L-XL) - XL / Grey,,30.0,1
MLF-356,Hardcore Shad - Hot Tiger,,30.0,3
MB-TSDSW-316-2,Tungsten Skinny Drop Shot Weights - Wedge / 3/16 oz - 2 pack,,30.0,5
sku-39368295415869,Kastking Zephyr - XCR Ultra Ceramic,,30.0,1
sku-46811737129268,Jerky Variety Pack: The Sweet 16 Bundle,,29.99,1
ENT-GER-USE,Entrenching Tool - GERBER / USED,,29.99,1
BEYOND-NET,Beyond Braid Floating Fishing Net with Handle,850071204056,29.99,1
H15SDR903,Hunter 1.5 Squarebill - Sexy Shad,,29.97,3
H15SDR901,Hunter 1.5 Squarebill - Blue Chartreuse,,29.97,3
H15SDR907,Hunter 1.5 Squarebill - Craw Blaze,,29.97,3
H15SDR910,Hunter 1.5 Squarebill - Pumkpin Pie,,29.97,3
MINNOBI-DMO-21-01-28,Minnobi 3.3 - Dark Melon Orange,,29.95,5
MJFO34-BRU,Ike's Flip Out Jig - 3/4 oz. - Bruiser,,29.95,5
MJFO34-SBG,Ike's Flip Out Jig - 3/4 oz. - Super Bug,,29.95,5
SWMCRW4-304,Vicious Fishing Candy Craw - Black & Blue,8 53514 000987,29.95,5
SWMCRW4-314,Vicious Fishing Candy Craw - Green Pumpkin,8 53514 000970,29.95,5
TRD4-320PK6,"Big TRD - 4"" / The Deal",,29.94,6
MB-FLAG-GREY-S,Made In America Tee (Small) - S,,29.85,3
SB05-TSO,Sunny B Crankbait - Tennessee Shad\Orange Belly,,29.85,3
PSBTS07-BCSD,Bagley Twinspin - Blue Chartreuse Shad,,29.85,3
BYHKK1227,One Knocker - 1/2oz / Yellow Perch,,29.5,4
gold-0824,August 2024 - Gold,,29.0,1
gold-0924,Sept 2024 - Gold,,29.0,1
MB-PDSP-BLK-M,MONSTERBASS Sweatpants - Black / M,,29.0,1
MB-PDSP-BLK-S,MONSTERBASS Sweatpants - Black / S,,29.0,1
AC1005,"Hinged Grate - 18.5"" Pit Barrel Cooker",857212003110,28.99,1
LHP BS 402,Swim Bento - Ghost,,28.0,4
39121NP-BR-2/0-6U,2/0 Offset Worm Hooks,,28.0,8
IMPOP05,Impact Crush - Lily Pad,,28.0,4
gold-0525,REPLACEMENT - GOLD - MAY 2025,,28.0,17
BSCH-BB-2022-7WE,6 pcs Busch Light Fishing Bobbers - Premium Fishing Tackle,850042349045,27.99,1
Misc-SKRES,Misc Strike King Red Eye Shad,,27.96,4
1250-520,"NEW: Kickback Shad 3.75"" - Goby",1250-520,27.96,4
MISC-BBBR,Scentsation Ramtail 35 - Misc Colors,,27.96,4
YAM-7GL-05-925,Yamamoto Kut Tail Worm - Green Pumpkin Red Flake,,27.96,4
YAM-136-07-417,Cowboy - Blue W/Large Black Flakes,,27.96,4
30050BLCK8,8 Strand Braided Fishing Line Series - Super Sleek & Smooth Braided Fishing Line - High Performance Fishing Line For Saltwater & Freshwater - 300 Yards / 50lb / Blackout - No Fade,,27.95,1
30040BLCK8,8 Strand Braided Fishing Line Series - Super Sleek & Smooth Braided Fishing Line - High Performance Fishing Line For Saltwater & Freshwater - 300 Yards / 40lb / Blackout - No Fade,,27.95,1
30015BU8,"Braided Fishing Line - 300 Yards, Pro Grade Performance for Saltwater & Freshwater- Beyond Braid - Bahama Blue 8X / 15LB",,27.95,1
11519-15-TR,Tracer Crappie Tube,,27.5,11
GP-PROTECT-11,Guaranteed Shipping Protection - Level 11,,27.44,1
BG2SM219-15,Swimmin' Minnow,,27.0,6
XB-5-COP-GRN,XB-5 Crankbait - Copper Green Shad,,27.0,3
860ZS 2-MB,Light Wire Blue Aberdeen,,27.0,9
3WM-02,Warmouth - SS Shad,,27.0,6
MLF-352,Hardcore Crank SR 65F Squarebill - Natural Bluegill,,27.0,3
LC-6161-5,Captain Slayhab - Delta Craw,,26.97,3
LL-SD6-DC,Sugar Daddy 6 - Delta Craw,656750686591,26.97,3
CT5-7-11,Squarebill Crankbait - 5-7' Diver / Silver Shad,,26.97,3
CT5-7-14,Squarebill Crankbait - 5-7' Diver / Mystic Gizzard,,26.97,3
CT5-7-17,Squarebill Crankbait - 5-7' Diver / Ghost Sexy Shad,,26.97,3
SBFT14-05,Z-Man Sling Bladez Power Finesse Indiana/Colorado & Double Willow Spinnerbait - Indiana & Colorado Blades / 1/4oz / Mouserat,,26.97,3
SBFT38-05,Z-Man Sling Bladez Power Finesse Indiana/Colorado & Double Willow Spinnerbait - Indiana & Colorado Blades / 3/8oz / Mouserat,,26.97,3
CT5-7-15,Squarebill Crankbait - 5-7' Diver / AU Pro Blue,,26.97,3
PTCR-6,Crusher DT-6,,26.97,3
PTCR-4-buttercraw,Head Banger DT-4 - Butter Craw,,26.97,3
PTCR-6-splattershad,Head Banger DT-6 - Splatter Shad,,26.97,3
PTCR-8-perch,Head Banger DT-8 - Perch,,26.97,3
STRK375-57PK6,"Streakz 3.75"" - 3.75 / Smoky Shad",,26.94,6
ESH-HATBLACK,ESH Black Hat,,26.88,1
S6-23,Seeker 6 v2.0 - Crawlicious,,26.57,3
LC-6160-4p,Slabasaurus Rex - 4 Pack,,26.0,1
810067072557,The Shocker - Crackle Belly Frog,,26.0,2
810067072571,The Shocker - Firetiger,,26.0,2
LL-16,Primetyme CB 1.5 - True Bream,,25.98,2
LL-SM-736,LIvingston School Master - misc skus,,25.98,2
LL-15,Primetyme CB 1.5 - Spring Craw,,25.98,2
LS6-46PK8,Long ShotZ - Green Pumpkin,,25.96,4
GOGBBBLU,Googan Bandito Bug - 4'' 7pk - Blue Baby,,25.59,5
GP-PROTECT-6,Guaranteed Shipping Protection - Level 6,,25.48,2
PB4-12,Phat Boy Squarebill - Bone,812302017514,25.47,3
GOGKC3BLU,Googan Krackin' Craw - 3'' 10pk - Blue Baby,,25.0,5
MB-TSDSC-18-4,Tungsten Skinny Drop Shot Weights - Casting / 1/8 oz - 4 pack,,25.0,5
TS35-316PK6,Z-Man Trick ShotZ - Green Pumpkin Goby,,25.0,5
GOGLL5FLM,Googan Squad Lunker Log - Flamin Hot,,25.0,5
SE3038-02PK3,Swimbait Eye Jigheads - 3/8oz / Pearl,,25.0,5
MB-UVLSH-BONE-XS,Mossy Oak Sunshirt (XS only) - XS,,25.0,1
9663102_8929,Thicc-fil-A - Black Heather / 4XL,,25.0,1
9663102_12878,Thicc-fil-A - Black Heather / 5XL,,25.0,1
sku-45224695038090,Hot Box,,25.0,1
CT5-7-06,Squarebill Crankbait - 5-7' Diver / Shiner,,24.99,3
SHC-1/2G,Sweet Horseradish Pickle Chips - 1/2 GALLON,794677209025,24.99,1
KSW12G-1,Whole Kosher Dill Pickles - 1/2 GALLON,783970983664,24.99,1
Jigbox - Suitcase SS,Jig Boxes with Foam Insert - Suitcase - Single Sided,850042849293,24.99,1
NH24036152-0,Nukem Double Up Bag - XL,,24.99,1
LURE-848927094951,"Head Hunter 8"" - Black Perch / Perch Sound",,24.99,1
FCA-10-500-FBM,Reaction Tackle Braided Fishing Line - Fire Camo - NEW - 10lb / 500yds,840488208976,24.98,1
30030USA,"Braided Fishing Line - 300 Yards, Pro Grade Performance for Saltwater & Freshwater- Beyond Braid - Patriot - Red White Blue / 30LB",,24.95,1
sku-51979511693628,**NEW** Xtreme Detachable Heater Body Suit Carrying Straps,,24.95,1
30060BC,"Braided Fishing Line - 300 Yards, Pro Grade Performance for Saltwater & Freshwater- Beyond Braid - Blue Wave / 60LB",,24.95,1
BBJ32-04,Big Bite Jig - 1/32 oz / Pink/Black Eye,,24.5,7
GMIN-28PK6,Z-Man MinnowZ - Smelt,,24.0,6
DBL-MS-MMLK,Magic Shad - Monkeymilk,,24.0,6
SKNDA-DMNDTIP,Skandia Diamond Tip Tungsten Jig,,24.0,8
4601054_12875,Monsterfish - Navy / 4XL,,24.0,1
CB-EL38-05,Chatterbait Elite - 3/8oz / Bluegill,,24.0,3
BH-SHIRT-BLACK-M,Basshik Logo - Black / M,,24.0,2
BH-SHIRT-RED-S,Basshik Logo - Red / S,,24.0,2
XLFS14-15XL,Trilene XL Smooth Casting Filler Spool,,24.0,3
6618872_12876,MONSTERBASS Logo Tee - Athletic Heather / 5XL,,24.0,1
1546710_12872,MONSTER/BASS Tee - White / 5XL,,24.0,1
1546710_12878,MONSTER/BASS Tee - Black Heather / 5XL,,24.0,1
Sticker-ruler,Ruler Sticker,,24.0,12
sticker-dead1,The Deadliest Catch,,24.0,12
8919990_12871,Largie Smalls - Black / 5XL,,24.0,1
127-3,"Chicago Sauce, Chicago Fire Sauce, & Chicago Fry Sauce - 3 bottles (1 of each flavor)",,23.99,1
MB-SHIRT-CLASSIC-S-HDGREY,Classic Logo Tee - S / Heather Gray/White,,23.98,2
LC-12-100-FBM,Reaction Tackle Lead Core Metered Trolling Braided Line - 12lb / 100yds / Lead Core,840488223580,23.98,1
MINNOBI-MX-21-01-26,Minnobi 3.3 - Mango X,,23.96,4
SBTJZC-1/4,Spro Bucktail Jig - 1/4 / Zucchini,,23.96,4
1704-500,Tungsten Shakey Jig Head - 5/0,'876716006465,23.96,4
TS5-351,"5"" Pro Stick - Green Pumpkin Red Flake",853514000888,23.96,4
TS5-302,"5"" Pro Stick - Watermelon Seed Red",853514000826,23.96,4
TS5-307,"5"" Pro Stick - Chartreuse Pepper",853514000833,23.96,4
810103812222,Tungsten Nail Weights - 3/32 oz,810103812222,23.94,6
810103812147,Tungsten Drop Shot Weights - Skinny - 1/2 oz,810103812147,23.85,3
RO4-807,"Rodent 4"" - Green Pumpkin Purple Swirl",,23.8,4
GUIDEPROTECTION-6,Guide Package Protection - $7.84,,23.52,3
44FINSWIM-07,"Finesse Swimmer - 4.4"" / Baby Bream",,23.46,4
3001-45-M-3X,M Nation Tee - 3X,,23.0,1
4601054_8928,Monsterfish - Black Heather / 3XL,,23.0,1
1546710_8466,MONSTER/BASS Tee - Dark Grey Heather / 4XL,,23.0,1
1546710_6954,MONSTER/BASS Tee - Athletic Heather / 4XL,,23.0,1
6064336_6954,Fishing is Life - Athletic Heather / 4XL,,23.0,1
8919990_15793,Largie Smalls - Maroon / 4XL,,23.0,1
6064336_8446,Fishing is Life - Army / 4XL,,23.0,1
8097285_19408,Retro Logo Tee - White / 2XL,,23.0,1
FINSTK2.75-304,"2.75"" Ned Candy - Black & Blue",8 53514 000918,22.96,4
30020MC,Moss Camo 300-2000 Yard Spools - 300 Yards / 20lb,,22.95,1
DS-2TT-FT,Twin Tail,,22.5,5
640265231179,Waxy Jr. - Hot Pink,,22.5,9
JJ-GP,Jerky J - Green Pumpkin,,22.47,3
BW8-108,KVD Bull Worm - Blue Craw,,22.0,4
GT425-370PK3,Billy Goat - Fire Craw,,22.0,4
4601054_8499,Monsterfish - Heather Midnight Navy / 2XL,,22.0,1
4601054_4109,Monsterfish - Maroon / XL,,22.0,1
MB-SHIRT-RR-BLKH-3X,River Rat Tee - 3X,,22.0,2
4601054_8927,Monsterfish - Black Heather / 2XL,,22.0,1
4601054_4115,Monsterfish - Navy / 2XL,,22.0,1
4601054_4063,Monsterfish - Cardinal / L,,22.0,1
4601054_8497,Monsterfish - Heather Midnight Navy / L,,22.0,1
4601054_8496,Monsterfish - Heather Midnight Navy / M,,22.0,1
CTHMP510,Cane Thumper - Pearl,,22.0,4
8919990_15792,Largie Smalls - Maroon / 3XL,,22.0,1
4601054_8495,Monsterfish - Heather Midnight Navy / S,,22.0,1
8919990_6953,Largie Smalls - Athletic Heather / 3XL,,22.0,1
4601054_4032,Monsterfish - Asphalt / M,,22.0,1
8097285_19400,Retro Logo Tee - Black / L,,22.0,1
6064336_6953,Fishing is Life - Athletic Heather / 3XL,,22.0,1
4601054_4064,Monsterfish - Cardinal / XL,,22.0,1
9663102_4012,Thicc-fil-A - White / M,,22.0,1
1546710_5294,MONSTER/BASS Tee - White / 3XL,,22.0,1
4601054_9569,Monsterfish - Heather Midnight Navy / XS,,22.0,1
4601054_4019,Monsterfish - Black / XL,,22.0,1
8097285_19395,Retro Logo Tee - Navy / S,,22.0,1
9663102_8925,Thicc-fil-A - Black Heather / L,,22.0,1
9663102_8926,Thicc-fil-A - Black Heather / XL,,22.0,1
8097285_19402,Retro Logo Tee - White / L,,22.0,1
8097285_19394,Retro Logo Tee - Black / S,,22.0,1
STICKER-RISE,MONSTERBASS Rise and Glide Sticker,,22.0,11
8097285_19403,Retro Logo Tee - Black / XL,,22.0,1
8097285_19401,Retro Logo Tee - Navy / L,,22.0,1
9663102_4014,Thicc-fil-A - White / XL,,22.0,1
4601054_8498,Monsterfish - Heather Midnight Navy / XL,,22.0,1
8097285_19397,Retro Logo Tee - Black / M,,22.0,1
8919990_8493,Largie Smalls - Heather Forest / 3XL,,22.0,1
6618872_5294,MONSTERBASS Logo Tee - White / 3XL,,22.0,1
PP006,Pistol Pete - Gizzard Shad,080101370004,21.99,1
PP016,Pistol Pete - Guida's Citrus Shad,787416473351,21.99,1
HERC5-263,"Herculez Swimbait 5"" - Opening Night",,21.98,2
R1-5KUE-WIC2-FBM,Reaction Tackle Braided Fishing Line - Hi-Vis Orange - 10lb / 500yds / Hi-Vis Orange,840488211716,21.98,1
UH-4MDL-SO5E-FBM,Reaction Tackle Braided Fishing Line - Hi-Vis Orange - 30lb / 500yds,840488211914,21.98,1
treble4red,Crystal Reaper Treble Hooks (6pk) - #4 / Red Crystal,812302015497,21.97,3
GOGBBSUM,Googan Bandito Bug - 4'' 7pk - Summer Craw,,21.77,4
MB-PDSP-BLK-XL,MONSTERBASS Sweatpants - Black / XL,,21.42,1
MB-TSDSC-14-3,Tungsten Skinny Drop Shot Weights - Casting / 1/4 oz - 3 pack,,21.0,3
LGSTK219,Glow Streak - Red Craw,,21.0,3
MB-SHIRT-WBURGER-HGREY-2X,MONSTERBURGER - 2X / Heather Grey,,21.0,1
BMIN01,"Bait Shifter 3.5"" Minnow Kit - Watermelon Red",,21.0,3
8919990_8927,Largie Smalls - Black Heather / 2XL,,21.0,1
1546710_10364,MONSTER/BASS Tee - Heather Dust / 2XL,,21.0,1
8919990_4115,Largie Smalls - Navy / 2XL,,21.0,1
8919990_4050,Largie Smalls - Brown / 2XL,,21.0,1
8919990_4035,Largie Smalls - Asphalt / 2XL,,21.0,1
FB-039-265,The Golden Child - Frog 8cm / 25 gm,,21.0,7
1828099_4015,Bucket Time Tee - 2XL,,21.0,1
LURE-848927071860,"Head Hunter 6"" - Natural Perch / Perch Sound",,20.99,1
848927014119,Primetyme CB 1.5 - Melon Shad,,20.99,1
1608-270,"5.25"" Airtail Stick - Black Blue Flake",,20.97,3
1608-204,Airtail Stick - Baby Bass,'876716005918,20.97,3
1608-540,Airtail Stick - Magic Grass,'876716005956,20.97,3
810103811959,Tungsten Worm Weights - Black / 1/2 oz - 2pk,'810103811959,20.97,3
1670-610,Rattlesnake'O - Ballistic Bluegill,'876716002184,20.97,3
1670-260,Rattlesnake'O - Red Bug,'876716000715,20.97,3
1676-201,Baby Rattlesnake - Chartreuse  Pepper,'876716000500,20.97,3
1250-000,"NEW: Kickback Shad 3.75"" - Black",1250-000,20.97,3
1660-880,Crush Craw - Magic Craw,'876716001132,20.97,3
1677-590,Rattlesnake - Trophy Hunter,'876716000197,20.97,3
GP-PROTECT-9,Guaranteed Shipping Protection - Level 9,,20.58,1
SE3038-03PK3,Swimbait Eye Jigheads - 3/8oz / Glow,,20.0,4
12131,True Center Stick - Watermelon Candy,,20.0,4
32309,Hot Shot Minnow - Hot Shot Minnow,,20.0,4
BH-SHIRT-DEEP-S,Grenade Logo - Grey / S,,20.0,1
GOGBBBAB,Googan Bandito Bug - 4'' 7pk - Bama Bug,,20.0,4
GOGKCGPU,Googan Krackin' Craw - 4'' 7pk - Green Pumpkin Purple,,20.0,4
00162,Y-Fry - Super Glow,,20.0,5
ACDC-256-3X,MONSTER / BASS - 3X,,20.0,1
00167,Shrimp-X - Black,,20.0,5
00171,Eurogrub - Black,,20.0,5
CATPOP-PB,Mach Popper - Pro Blue,,20.0,2
38105NP-BN-4/0-5U,Mustad Ultrapoint Ultra Lock Soft Plastic Hook,,20.0,4
CMP-Misc,Mach Popper - Misc Colors,,20.0,2
MB-SHIRT-ENJOY-BLK-XS,Enjoy Monsterbass - XS / Black,,20.0,1
MB-SHIRT-ENJOY-GREEN-XS,Enjoy Monsterbass - XS / Green,,20.0,1
3001-06-CL-S,Iconic Logo Tee - S,,20.0,1
1546710_8462,MONSTER/BASS Tee - Dark Grey Heather / L,,20.0,1
BH-UVLONG-SILVER-3XL,Basshik UV Sunshirt - 3X,,20.0,2
MB-SHIRT-ENJOY-GREEN-XL,Enjoy Monsterbass - XL / Green,,20.0,1
1546710_4013,MONSTER/BASS Tee - White / L,,20.0,1
8919990_4107,Largie Smalls - Maroon / M,,20.0,1
6618872_4012,MONSTERBASS Logo Tee - White / M,,20.0,1
1546710_4014,MONSTER/BASS Tee - White / XL,,20.0,1
1546710_8460,MONSTER/BASS Tee - Dark Grey Heather / S,,20.0,1
8919990_8925,Largie Smalls - Black Heather / L,,20.0,1
8919990_4013,Largie Smalls - White / L,,20.0,1
1546710_9575,MONSTER/BASS Tee - Black Heather / XS,,20.0,1
6064336_9575,Fishing is Life - Black Heather / XS,,20.0,1
1546710_4012,MONSTER/BASS Tee - White / M,,20.0,1
donation-5,Donation to Support Veteran Families - $5,,20.0,4
WSS608-1/2-BG-1,Skatter Shad Bladed Jig - 1/2oz,,20.0,4
6618872_4096,MONSTERBASS Logo Tee - Light Blue / S,,20.0,1
STICKER-TRAP,Trap Sticker,,20.0,10
6064336_4012,Fishing is Life - White / M,,20.0,1
6064336_6949,Fishing is Life - Athletic Heather / M,,20.0,1
6064336_8924,Fishing is Life - Black Heather / M,,20.0,1
6618872_4097,MONSTERBASS Logo Tee - Light Blue / M,,20.0,1
HFP-1,VooDoo Pop 80 - Beast,,20.0,2
HFP-2,VooDoo Pop 80 - G Frog,,20.0,2
HFP-3,VooDoo Pop 80 - Goldie,,20.0,2
HFP-4,VooDoo Pop 80 - Pearl Shad,,20.0,2
8919990_4108,Largie Smalls - Maroon / L,,20.0,1
1546710_6948,MONSTER/BASS Tee - Athletic Heather / S,,20.0,1
sticker-chunk,Chunk Chasers,,20.0,10
1828099_9526,Bucket Time Tee - XS,,20.0,1
6064336_6951,Fishing is Life - Athletic Heather / XL,,20.0,1
8919990_4016,Largie Smalls - Black / S,,20.0,1
8919990_8497,Largie Smalls - Heather Midnight Navy / L,,20.0,1
6618872_4098,MONSTERBASS Logo Tee - Light Blue / L,,20.0,1
1546710_9564,MONSTER/BASS Tee - Dark Grey Heather / XS,,20.0,1
1546710_8923,MONSTER/BASS Tee - Black Heather / S,,20.0,1
silver-0525-old,The Precision Power Bundle,,20.0,1
6064336_6948,Fishing is Life - Athletic Heather / S,,20.0,1
P-JUICECLASSIC,Classic Kosher Dill Juice - Classic Kosher Dill,783970983619,19.99,1
KF-FREAK-CBLUE,KCL Freak 1.5 - Chartreuse Blue,,19.98,2
1105-001,5mm Glass Rattles,,19.96,4
DOB-EFJ38-110-1,Extreme Football Jig – Root Beer/Green Pumpkin Craw,,19.96,4
N58314,Little Spanky - Copperfield,,19.95,5
3558490_16918,Snap case for Samsung® - Samsung Galaxy S10,,19.95,1
9958064_17720,Tough Case for iPhone® - iPhone 15 Pro Max,,19.95,1
3558490_16936,Snap case for Samsung® - Samsung Galaxy S21 Plus,,19.95,1
9958064_17716,Tough Case for iPhone® - iPhone 15 Plus,,19.95,1
SB05-RB,Sunny B Crankbait - Root Beer,,19.9,2
PSBTS07-FSB,Bagley Twinspin - Faded Schoolbus,,19.9,2
PSBTS07-RSD,Bagley Twinspin - Realistic Shad,,19.9,2
TSPIN-misc,Bagley Twinspin - Misc Colors,,19.9,2
KDC12G-1,Kosher Dill Pickle Chips - 1/2 GALLON,783970751270,19.49,1
LS6-357PK8,Long ShotZ - GobyBryant,,19.47,3
14tpbj10,Tungsten Propellor Jig - 1/4oz,810103812482,19.47,3
810067070867,Eagle Glider - Black Perch,,19.0,1
sku-48025951633716,Duck Jerky Stick (Maple-Flavored) - 10,,18.99,1
SHEAR-BLACK,"Beyond Fishing 6.5"" Pro Shears - Premium Braid Cutting Scissors - Black",850036521525,18.99,1
AC1024,Heavy Duty Stainless Steel Tongs with Bottle Opener,857212003578,18.99,1
AC1015L10,"Stainless Steel 10"" Hanging Skewers (4-Pack)",857212003462,18.99,1
LURE-848927078869,Interceptor - Natural Perch / Perch Sound,,18.99,1
GUIDEPROTECTION-9,Guide Package Protection - $18.62,,18.62,1
GP-PROTECT-8,Guaranteed Shipping Protection - Level 8,,18.62,1
2CTHMP01,Crappie Thumper - Alewife,,18.0,6
Samshot8,Samatishot,,18.0,6
YPAB04,Yappa Bug,,18.0,2
MB-STICKER-5,MB sticker,,18.0,9
1402-3,SPICY STEAK SAUCE - 3 Pack (7oz Flasks),,17.99,1
XTRSBCB01,Tournament Series Squarebill Crankbait - Blue Gill,,17.98,2
XTRSBCB07,Tournament Series Squarebill Crankbait - Silver Blue,,17.98,2
Rogue-misc,Smithwick Suspending Rogue - Random Colors,,17.98,2
ASDRB12196,Smithwick Suspending Rogue - Threadfin Shad,,17.98,2
CT3-5-15,Squarebill Crankbait - 3-5' Diver / AU Pro Blue,,17.98,2
CT3-5-16,Squarebill Crankbait - 3-5' Diver / Sexy Shad,,17.98,2
CT5-7-19,Squarebill Crankbait - 5-7' Diver / Pumpkin,,17.98,2
SBFT38-04,Z-Man Sling Bladez Power Finesse Indiana Colorado Spinnerbait - Indiana & Colorado Blades / 3/8oz / Sexy Shad,,17.98,2
CT3-5-03,Squarebill Crankbait - 3-5' Diver / Blueback Herring,,17.98,2
CT3-5-09,Squarebill Crankbait - 3-5' Diver / Chart/Pearl,,17.98,2
PT-BB1,Buzzbait - PRODUCT TESTING - 1,8 53514 000970,17.98,2
PTCR-4,Crusher DT-4,,17.98,2
PT-PF1,2026 Popping Frog - Product Testing - White,8 53514 000970,17.98,2
PT-PF3,2026 Popping Frog - Product Testing - Green,8 53514 000994,17.98,2
PTCR-6-mountaindo,Head Banger DT-6 - Mountain Do,,17.98,2
PTCR-6-a&w,Head Banger DT-6 - A&W,,17.98,2
PTCR-10-gizzard,Head Banger DT-12 - Gizzard Shad,,17.98,2
THD-19-003,"HD Mega-Mite 8"" - Watermelon Red",,17.98,2
PKC-25-300-FBM,Reaction Tackle Braided Fishing Line - Pink Camo - NEW - 25lb / 300yds,840488217671,17.98,1
PTCR-8-goldenshiner,Head Banger DT-8 - Golden Shiner,,17.98,2
PTCR-10-summercrappie,Head Banger DT-12 - Summer Crappie,,17.98,2
NRD-30-300-FBM,Reaction Tackle Braided Fishing Line - NO FADE Red - 30lb / 300yds / NO FADE Red,840488216728,17.98,1
NRD-20-300-FBM,Reaction Tackle Braided Fishing Line - NO FADE Red - 20lb / 300yds / NO FADE Red,840488216629,17.98,1
BC-10-300-FBM,Reaction Tackle Braided Fishing Line - Blue Camo - 10lb / 300yds,840488207887,17.98,1
US-4XGN-30-150-FBM,Reaction Tackle BRAIDED IN THE USA Fishing Line- 4X- NEW - X4 GREEN / 30LB / 150 yards,840488237457,17.98,1
44FINSWIM-01,"Finesse Swimmer - 4.4"" / Pearl/Clear Belly",,17.97,3
PSJBR516,Pacemaker Jig Series - Pulse Swim Jig - 5/16oz / Black/Red,,17.97,3
44FINSWIM-03,"Finesse Swimmer - 4.4"" / Pro Blue/Red Flake",,17.97,3
MJFO34-BMC,Ike's Flip Out Jig - 3/4 oz. - Bamer Craw,,17.97,3
810103812468,Tungsten Propellor Jig - 1/16 oz 2 pieces,810103812468,17.97,3
TS5-557,"5"" Pro Stick - Green Pumpkin w/ Chartreuse  Tip",853514000864,17.97,3
TS5-304,"5"" Pro Stick - Black Blue",853514000871,17.97,3
RZR-BAB-055,Swim Jig - Baby Bass,,17.97,3
TS5-316,"5"" Pro Stick - Junebug",853514000857,17.97,3
810103811935,Tungsten Worm Weights - Black / 1/4 oz - 3pk,'810103811935,17.97,3
sku-39312956129341,Kastking Zephyr - SS Ceramic,,17.95,1
RO4-805,"Rodent 4"" - Blue Craw Red Flake",,17.85,3
1.5TUBES-11025,Panfish Tube - Chartreuse Blue Glitter,,17.5,7
425KMSPLT-02,Kamikaze Swimon Split Tail - 4.25 / Flamethrower,,17.16,4
425KMSPLT-01,Kamikaze Swimon Split Tail - 4.25 / Pearl,,17.16,4
425KMSPLT-05,Kamikaze Swimon Split Tail - 4.25 / Glow  Silver,,17.16,4
MB-RS-GPM,The Flutter Worm - Green Pumpkin Secret Sauce,,17.07,3
MB-RS-BG,The Flutter Worm - Buttercup,,17.07,3
MB-RS-WCP,The Flutter Worm - Watermelon Chartreuse Love,,17.07,3
B8-roccit-perch,B8LAB Roccit Shad - Power Perch,,17.0,2
B8-roccit-threadfin,B8LAB Roccit Shad - Thread Fin,,17.0,2
AC1015L15,"Stainless Steel 15"" Hanging Skewers (2-Pack)",857212003479,16.99,1
BW8-85,KVD Bull Worm - Red Bug,,16.5,3
CTHMP505,Cane Thumper - Green Pumpkin Blue Swirl,,16.5,3
PFRRDWH114,Snap-On Floats,,16.5,11
MB-PDS-BLK-L,MONSTERBASS Shorts - Black / L,,16.22,1
MRCSP-57,Mr. Crappie Shadpole - Smokey Shad,,16.0,4
LTFB608,Tungsten Fat Boy - Chartreuse Lime,,16.0,8
BGMG3SS249-10,Slab Slay'R - Electric Chicken Glo,,16.0,4
MB-WSHIRT-RETRO-2XL,Women’s Retro Logo Tee - 2X / Grey,,16.0,1
MB-WSHIRT-CLASSIC-GREY-2XL,Women’s Classic Logo Tee - 2X,,16.0,1
PBUG03,Popping Bug - Ghost,,16.0,2
PBUG06,Popping Bug - Texas Toad,,16.0,2
785249532627,Cast Cray Crap Slap Minner - Red Spec,,16.0,4
PBUG05,Popping Bug - Charcoal,,16.0,2
00164,Eurogrub Jr. - Super Glow,,16.0,4
TSC-Q,Texas Sweet Chilli Pickle Chips - QUART,637609939945,15.99,1
KDCQ-1,Kosher Dill Pickle Chips - QUART,783970751263,15.99,1
BBQ-1,Sweet Bread & Butter Pickle Chips - QUART,783970983695,15.99,1
LURE-848927012870,"Monster Mike - Walking Boss II Jr.4"" - Black Back Chrome Shad",,15.99,1
LURE-848927064183,Walking Boss II - Blue Gizzard Shad,,15.99,1
AC1014C,Corn Hanger - Single,857212003493,15.99,1
LURE-848927091943,Walking Boss Inshore - Bone Cracker,,15.99,1
810103811942,Tungsten Worm Weights - Black / 3/8 oz - 3pk,'810103811942,15.98,2
TP-120,Emerge Survival Toilet Paper - One Pack (x120 Total),,15.95,1
GP-PROTECT-7,Guaranteed Shipping Protection - Level 7,,15.68,1
XTRFSCB04,Flat Sided Crankbait - Fire Tiger,,15.58,2
BB-NED-EBRBF,Ned's a Bad Man - Electric Blue with Red and Silver Flake,,15.54,6
083054,Horny Toad - Watermelon Red,,15.48,3
PB8-3,Phat Boy MD - Fat Bass,812302017545,15.48,2
PB8-8,Phat Boy MD - Sherry’s Shad,812302017590,15.48,2
PB8-5,Phat Boy MD - Shelby’s Shad,812302017569,15.48,2
GOGKC3BAB,Googan Krackin' Craw - 3'' 10pk - Bama Bug,,15.0,3
FSHADZ4-84PK8,Finesse ShadZ - Pearl,,15.0,3
TS35-346PK6,Z-Man Trick ShotZ - White Lightening,,15.0,3
TS35-54PK6,Z-Man Trick ShotZ - Shiner,,15.0,3
SL-18,Slimmer Swimmer - Knockout,,15.0,3
MB-WSHIRT-RETRO-XL,Women’s Retro Logo Tee (XL) - XL / Grey,,15.0,1
SSB12-257,Swinging Sugar Buzzbait - Smokey Shad / 1/2 oz,,15.0,2
GOGRNBLF,Googan Rattlin' Ned - Misc Colors,,15.0,3
LURE-848927062257,School Master - Real Shad,,14.99,1
LURE-848927096863,Bull Nose - Natural Perch,,14.99,1
Lure-848927009290,Pro Ripper Magnum - Chaos / Cisco Sound,,14.99,1
LURE-848927074113,Walleye Jerkbait 136 - Flamingo / Minnow Sound,,14.99,1
CFLD25 Crystal 100% Fluoro,Vicious Crystal Clear 100% Japanese Fluorocarbon - 25 Lb Test - 500,876152000706,14.99,1
CFLD8 Crystal 100% Fluoro,Vicious Crystal Clear 100% Japanese Fluorocarbon - 8 Lb Test - 500,876152000645,14.99,1
JJ-WR,Jerky J - Watermelon Red,,14.98,2
JJ-WP,Jerky J - Watermelon Pepper,,14.98,2
7J-51GM-S1CM-FBM,Reaction Tackle Braided Fishing Line - Gray - 10lb / 300yds,840488209546,14.98,1
BGBSSW388-15,Baby Shad Swim'R,,14.97,3
sku-33016044421181,Bearing Retainer Spring Clip,,14.95,5
LTFB803,Tungsten Fat Boy - Chartreuse / Glow,,14.0,7
BBJ18-04,Big Bite Jig - 1/8 oz / Pink/Black Eye,,14.0,4
IMRLLC01,Impact Reactor Lipless - Turbo,,14.0,2
MB-RAGNAR-PB,Ragnar - old packaging - Pro Blue,,14.0,2
sticker-vibes,Keep the Good Vibes Sticker,,14.0,7
sticker-dead,Steal Your Face Sticker,,14.0,7
ICBM120/10,River2Sea ICBM Glide Bait - Orange Crush,,13.99,1
P106DD-LS,Provoke 106DD - Live Shad,,13.99,1
1608-209,Airtail Stick - Green  Pumpkin,'876716005819,13.98,2
GLHC-MISC,Hammer Craw - Misc. Colors,,13.98,2
810103812277,Tungsten Drop Shot Weights - Skinny - 5/8 oz,810103812277,13.98,2
810103812192,Tungsten Drop Shot Weights - Teardrop - 1/2 oz - 2pk,810103812192,13.98,2
1660-113,Crush Craw - PB&J,'876716004515,13.98,2
YAM-7GL-05-194,Yamamoto Kut Tail Worm - Watermelon Pepper,,13.98,2
1660-270,Crush Craw - Black Blue Flake,'876716001989,13.98,2
YAM-136-07-996,Cowboy - Bruised Shin,,13.98,2
1660-206,Crush Craw - Green Pumpkin Magic,'876716001118,13.98,2
YAM-136-07-955,Cowboy - Watermelon Black w/Red Flake/Lite Watermelon Red w/Black Flk,,13.98,2
1620-270,Airtail Rattler - Black Blue Flk,'876716002979,13.98,2
1677-209,Rattlesnake - Green Pumpkin,'876716000173,13.98,2
1688-260,Megatail Rattlesnake - Red Bug,'876716001743,13.98,2
1688-590,Megatail Rattlesnake - Trophy Hunter,'876716001781,13.98,2
1677-610,Ballistic Bluegill - Ballistic Bluegill,'876716003648,13.98,2
BC8-10-150-FBM,Reaction Tackle X8 Braided Fishing Line - Blue Camo 8 Strand - 10lb / 150yds / Blue Camouflage,840488201281,13.98,1
RT-FCC-10-350-FBM,Reaction Tackle Fluorocarbon Coated Fishing Line - Clear / 10LB (350 yards),840488221715,13.98,1
1630-610,Airtail Wiggler - Ballistic Bluegill,'876716003396,13.98,2
1630-260,Airtail Wiggler - Red Bug,'876716002276,13.98,2
1200-590,Shad Trixx - Trophy Hunter,'876716004775,13.98,2
1200-215,Shad Trixx - Houdini,'876716003563,13.98,2
MB-TWW-34-2,Tungsten Worm/Bullet Weights - 3/4oz - 2 pack,656750687505,13.0,2
LL-WNP-465,Livingston Walk N Pop- misc skus,,12.99,1
LURE-848927026037,Stick Master 127 - Chartreuse Shad,,12.99,1
LURE-848927007050,Pro Sizzle Jr - Black Back Chrome Shad,,12.99,1
33962901-gold,Mounchain 3/16 Hunting View Archery Peep Sight Shot Compound Composite Bow Aluminum 10mm (0.39in) Diameter Hunting Accessories - Gold,,12.99,1
LURE-848927022978,Pro Wake - Red White and True,,12.99,1
43124,"Rally Shad - 3.75"" - Perch",,12.98,2
grayghost4,Gray Ghost Classic Streamer Flies - Set of 4- Hook Size 4,,12.95,1
425KMSPLT-04,Kamikaze Swimon Split Tail - 4.25 / Smoky Gold,,12.87,3
FCQ-1,Firecracker: Mild Hot Pickle Chips - QUART,783970751065,12.79,1
45SSMASH-04,Smallie Smasher - Smoke Purple Flake,,12.0,3
45SSMASH-02,Smallie Smasher - Chick Magnet,,12.0,3
00249,Shrimp-X - Gold,,12.0,3
MONSTERS-344-3X,MONSTERS Tee - 3X,,12.0,1
00243,Eurogrub Jr. - Gold,,12.0,3
RDCRW-HD-01,Real Deal HD Craw - Black Brown,,12.0,2
00190,Shrimp-X - Red,,12.0,3
BR-TJIG-5MM,Ice Jig,,12.0,4
SKNDA-MOONJIG,K & E Tackle Skandia Moon Jig,,12.0,4
BH-SHIRT-DEEP-L,Basshik Logo - Grey / L,,12.0,1
STICKER-RIVER,River Rat Sticker,,12.0,12
CC-35BNB-904,Bourbon & Brown Sugar Beef Jerky - 3.5 Ounce,,12.0,1
PSJTEQ716,Tequila Skipping Jig - 7/16oz,,11.98,2
FINSTK2.75-784,"2.75"" Ned Candy - Black Neon Swirl",8 53514 000963,11.98,2
BJ46,Flipping Jig - Firecracker,,11.98,2
N58432,Little Spanky - Green Pumpkin TX Red,,11.98,3
810103812116,Tungsten Drop Shot Weights - Skinny - 3/16 oz,810103812116,11.98,2
FCA-8-150-FBM,Reaction Tackle Braided Fishing Line - Fire Camo - NEW - 8lb / 150yds,840488209430,11.98,1
THD-350-028,"Tackle HD Swimmer 3.5""",,11.98,2
LSC-003,Rattlin' LIL-Super Cisco - Chrome Perch,812302013912,11.98,2
LVGN-15-150-FBM,Reaction Tackle Braided Fishing Line - NO FADE Low-Vis Green - 15lb / 150yds / Low-Vis Green,840488216063,11.98,1
PX49Z-MB-3/0-3PK,ProX Nano Offset Worm Hook - 3/0,,11.97,3
PX36Z-MB-4/0-3,ProX Nano Offset Worm Hook - 4/0,,11.97,3
RO3-805,"Strike King Rodent 3"" - Blue Craw Red Flake / 3""",,11.9,2
RO4-259,"Rodent 4"" - Swampwater Blue",,11.9,2
RO3-50,"Strike King Rodent 3"" - Okeechobee Craw / 3""",,11.9,2
RO3-808,"Strike King Rodent 3"" - Black Blue Swirl / 3""",,11.9,2
BW10-805,"KVD Bull Worm 10"" - Blue Craw Red Flake",,11.58,2
BMBB-BLKB,Brawler Bug 3.5 - Black and Blue,,11.18,2
KVDSF4.5-108,KVD Supa Fry - Blue Craw,,11.0,2
SRF204,"Stanley Ribbit 3.5"" - Watermelon Red Pearl",,11.0,2
FBFIN5-270,KVD Fat Baby Finesse Worm - Bold Bluegill,,11.0,2
MB-SHIRT-RAG-HCEM-3X,Rise n' Glide - 3X,,11.0,1
HERC5-54,"Herculez Swimbait 5"" - Shiner",,10.99,1
29120973-yellow,12Pcs/lot Hunting Arrow Archery Crossbow Bolt Hunting Shooting Arrow Steel Bow Target Tree Tactical Military Accessories 16cm - Yellow,,10.99,1
CHFJ-1/4-WTR,Castaic RC Hammer Football Jig - 1/4oz / Watermelon,,10.98,2
misc-hawg,"Muscle Back Hawg Hunter - 6"" / Misc Colors",,10.98,2
810103812260,Tungsten Meister Nail Weights - 3/32 oz (3 pack),810103812260,10.98,2
GOGSSGPP,Googan Slim Shake Worm - 6.5'' 9p - Green Pumpkin Pearl,,10.0,2
LC-6160-4,Slabasaurus Rex - Firetiger,,10.0,1
Misc-SGTS,Misc Sergeant Lipless Crankbait,,10.0,1
32120,Hot Shot Minnow - Bass Candy,,10.0,2
2MNR-17,Crappie Minnr - Electric Chicken Glow,,10.0,5
TS35-01PK6,Z-Man Trick ShotZ - Black,,10.0,2
shipping,Subscription Shipping,,10.0,2
12137,True Center Stick - Watermelon Pearl  Laminate,,10.0,2
SLMNDR6,Descend Salamander - Sunrise,,10.0,2
A10SB-RDC,A10 Square Bill - Red Craw,,10.0,1
FC02,Pre-Rigged Finesse Craw - Watermelon Seed,,10.0,2
TEAM-06-3X,Team MONSTERBASS - 3X,,10.0,1
GOGTHBLU,Googan Trench Hawg - 6'' 7pk - Blue Baby,,10.0,2
misc-soft,Miscellaneous Soft Plastics,,10.0,2
PB-12,Unknown Products - Vexan Phat Boy,,10.0,2
SN-BCLV-EB,Bacon Lovers Seasoning,810134440333,10.0,1
BEET02,Battle Beetle - Cobalt,,9.99,1
PB4-5,Phat Boy Squarebill - Shelby’s Shad,812302017446,9.99,1
SF-DW-GH,Snek Frog - Double Kunai / Ghost,723098313561,9.99,1
TRD4-109PK6,"Big TRD - 4"" / Coppertreuse",,9.98,2
810103811669,Tungsten Flipping Weights - Black / 1/8 oz -4pk,'810103811669,9.98,2
810103811911,Tungsten Worm Weights - Black / 1/8 oz - 4pk,,9.98,2
H8-YH2G-UEGA-FBM,Reaction Tackle Braided Fishing Line - Moss Green - 10lb / 150yds,840488213857,9.98,1
PSBTS07-IS,Bagley Twinspin - Injured Shad,,9.95,1
810103812109,Tungsten Drop Shot Weights - Skinny - 1/8 oz,810103812109,9.9,2
810103812154,Tungsten Drop Shot Weights - Teardrop - 1/8 oz - 4pk,810103812154,9.9,2
XB-5-CHRT-BLU,XB-5 Crankbait - Chartreuse Blue Back,,9.0,1
SBI-MISC,Z-Man SlingbladeZ Spinnerbait - Misc Indiana Blade,,9.0,1
SBW-MISC,Z-Man SlingbladeZ Spinnerbait - Misc Willow Blade,,9.0,1
TCRAW4-242PK6,Turbo CrawZ - Dark Melon Red,,9.0,2
10-20-GGS-10005D,Googan Squad Clickbait - Sunrise Craw,,8.99,1
10-20-GGS-10005B,Googan Squad Clickbait - White/Chartreuse,,8.99,1
10-20-GGS-10005E,Googan Squad Clickbait - White,,8.99,1
BH-6159-9,HB-75 - Bass,656750686577,8.99,1
LC-6161-6,Captain Slayhab - Shocker,,8.99,1
VF-CRANK3-SEXY,SC-70 Crankbait - Sexy Shad,,8.99,1
SBFW14-02,Z-Man Sling Bladez Double Willow Spinnerbait - 1/4oz / Chartreuse,,8.99,1
SBFW14-04,Z-Man Sling Bladez Double Willow Spinnerbait - 1/4oz / Sexy Shad,,8.99,1
SBFT38-01,Z-Man Sling Bladez Power Finesse Indiana Colorado Spinnerbait - Indiana & Colorado Blades / 3/8oz / Blue Herring,,8.99,1
ASDRB12282,Smithwick Suspending Rogue - Lady,49575006826,8.99,1
CT5-7-09,Squarebill Crankbait - 5-7' Diver / Chart/Pearl,,8.99,1
PT-BB3,Buzzbait - PRODUCT TESTING - 3,8 53514 000994,8.99,1
PTCR-10-ghostproblue,Head Banger DT-12 - Ghost Pro Blue,,8.99,1
PTJB-1,Ripper 100 Medium Diving Jerkbait - Pearl Sunrise,,8.99,1
PTCR-10-ghostshad,Head Banger DT-12 - Ghost Shad,,8.99,1
B8-roccit-bshiner,B8LAB Roccit Shad - Blue Shiner,,8.95,1
MLF-240,Warpig - Rubbertail,,8.59,1
CFLO10 Crystal 100% Fluoro,Vicious Crystal Clear 100% Japanese Fluorocarbon - 10 Lb Test - 200,876152000553,8.49,1
CFLO18 Crystal 100% Fluoro,Vicious Crystal Clear 100% Japanese Fluorocarbon - 18 Lb Test - 200,876152002557,8.49,1
CFLO20 Crystal 100% Fluoro,Vicious Crystal Clear 100% Japanese Fluorocarbon - 20 Lb Test - 200,876152000591,8.49,1
CFLO6 Crystal 100% Fluoro,Vicious Crystal Clear 100% Japanese Fluorocarbon - 6 Lb Test - 200,876152000539,8.49,1
sku-48025924174132,Buffalo Bob's Jerky Stick (mild) - 1,,8.4,4
GMIN-27BPK6,Z-Man MinnowZ - Blue Glimmer,,8.0,2
LL-SD8-SB,Sugar Daddy 8 - Splatterback,656750687970,8.0,1
LL-SD6-CBB,Sugar Daddy 6 - Chartreuse Black Back,656750686638,8.0,1
LL-SD8-BS,Sugar Daddy 8 - Blue Black Splatterback,656750687949,8.0,1
XTRP02,Popper - Frog,,8.0,1
BGMG3SS248-10,Slab Slay'R - Twilight,,8.0,2
00236,Eurogrub - Purple,,8.0,2
XTRP07,Popper - Tree Frog,,8.0,1
BYTR2917,Toad Runner Jr. - Bone,,8.0,1
810103812086,Tungsten Worm Weights - Natural / 3/8 oz - 3pk,'810103812086,7.99,1
treble6whitepk,Crystal Reaper Treble Hooks (6pk) - #6 / White Crystal,812302015022,7.99,1
treble8red,Crystal Reaper Treble Hooks (6pk) - #8 / Red Crystal,812302011444,7.99,1
20292804,Fall Away Ultra Arrow Rest Fastener Black Clip Clamps Archery Compound Bow Part Archery Accessories,,7.99,1
PB12-7,Phat Boy DD - Golden Shiner,812302017705,7.99,1
PB12-3,Phat Boy DD - Fat Bass,812302017668,7.99,1
PB12-13,Phat Boy DD - Colbys Bass Candy,812302014568,7.99,1
PB12-8,Phat Boy DD - Sherry’s Shad,812302017712,7.99,1
PB8-14,Phat Boy MD - Gold Ghost,812302014551,7.99,1
PB8-13,Phat Boy MD - Colbys Bass Candy,812302014544,7.99,1
PB8-2,Phat Boy MD - Lemon Meringue,812302017538,7.99,1
PB4-14,Phat Boy Squarebill - Gold Ghost,812302014797,7.99,1
PB4-10,Phat Boy Squarebill - Killer Crawdad,812302017491,7.99,1
810103812185,Tungsten Drop Shot Weights - Teardrop - 3/8 oz - 3pk,810103812185,7.95,1
810103812130,Tungsten Drop Shot Weights - Skinny - 3/8 oz,810103812130,7.95,1
HYLSMWP2.75GLM,Minwaow - Glass Minnow,,7.5,1
JJ-JB,Jerky J - Junebug,,7.49,1
PB8-10,Phat Boy MD - Killer Crawdad,812302017613,7.49,1
PF-MAG,Panfish Magnets,,7.4,2
MB-TSDSW-14-3,Tungsten Skinny Drop Shot Weights - Wedge / 1/4 oz - 3 pack,,7.0,1
BR-MMNOW-2548,Micro Minnow - Red,,7.0,2
LLJ-ASST,Looter Lure Ice Fishing Jig,,7.0,1
BBJ18-01,Big Bite Jig - 1/8 oz / White/Black Eye,,7.0,2
MFSHD-300400,Mini Fluke Shad,,7.0,2
BMIN06,"Bait Shifter 3.5"" Minnow Kit - Misc",,7.0,1
LH-FROG-MISC,LUNKERHUNT FROG MISC,,7.0,1
12-598,Red Eye Shad - Chartreuse,,6.99,1
12-586,Red Eye Shad - Sexy Blueback Herring,,6.99,1
SCTRAMT-24,Scentsation Ramtail 35 - Saphire Blue,,6.99,1
1608-010,"5.25"" Airtail Stick - Shad Spawn",,6.99,1
YAM-134-06-979,4'' Zako Houdini - 6 PACK,,6.99,1
SCTRAMT-20,Scentsation Ramtail 35 - Alabama Craw,,6.99,1
810103812253,Tungsten Meister Nail Weights - 3/16 oz (2 pack),,6.99,1
810103811805,Tungsten Flipping Weights - Green Pumpkin / 1/2 oz - 2pk,'810103811805,6.99,1
1620-201,Airtail Rattler - Chartreuse Pepper,'876716002894,6.99,1
1660-110,Crush Craw - Spicy Craw,'876716004485,6.99,1
810103811829,Tungsten Flipping Weights - Green Pumpkin / 1 oz - 1pk,'810103811829,6.99,1
1660-550,Crush Craw - Ssabednarg,'876716004461,6.99,1
1630-590,Airtail Wiggler - Trophy Hunter,'876716002238,6.99,1
1688-210,Megatail Rattlesnake - Watermelon Red Flake,'876716001668,6.99,1
1620-260,Airtail Rattler - Red Bug,'876716002993,6.99,1
1688-209,Megatail Rattlesnake - Green Pumpkin,'876716001712,6.99,1
1620-209,Airtail Rattler - Green Pumpkin,'876716002870,6.99,1
1676-550,Baby Rattlesnake - Ssabednarg,'876716000449,6.99,1
1200-209,Shad Trixx - Green Pumpkin,'876716004874,6.99,1
SBFT38-06,Z-Man Sling Bladez Power Finesse Indiana/Colorado & Double Willow Spinnerbait - Indiana & Colorado Blades / 3/8oz / Bluegill,,6.74,1
XTRFSCB03,Flat Sided Crankbait - Perch,,6.59,1
43309,"Rally Shad - 3.75"" - 309",,6.49,1
43280,"Rally Shad - 3.75"" - Smelt",,6.49,1
43272,"Rally Shad - 3.75"" - Minnow Magic",,6.49,1
POPRT-07,Poppa Pete Replacement Tails - RED,013415992426,6.35,1
Zee-SBT4-100,"Snake Charmer - 4'"" / Black",,6.0,1
Zee-SBT4-105,"Snake Charmer - 4'"" / Chartreuse",,6.0,1
Zee-SBT4-115,"Snake Charmer - 4'"" / Pearl",,6.0,1
Zee-SBT4-121,"Snake Charmer - 4'"" / White",,6.0,1
Zee-SBT4-304,"Snake Charmer - 4'"" / Black Blue Flake",,6.0,1
Zee-SBT4-114,"Snake Charmer - 4'"" / Orange",,6.0,1
BZ2-CHSP,Widow Maker Ballzy - Chartreuse Sparkle,,6.0,3
QT-HHJ-12BLUGRP,Queen Tungsten Hammerhead Jig - 1/2oz / Blue Grape,,6.0,1
MB-STICKER-BITEME-STORE,Bite Me,,6.0,3
PSJBR716,Pacemaker Jig Series - Pulse Swim Jig - 7/16oz / Black/Red,,5.99,1
MJFO34-DPKL,Ike's Flip Out Jig - 3/4 oz. - Dill Pickle,,5.99,1
UDLMRTS04GBKS,Rota Shad - Green Back - Silver Tails,,5.99,1
UDLMRTS04FTGG,Rota Shad - Firetiger - Gold Tails,,5.99,1
10317,"Muscle Back Finesse Craw 4"" - Peanut Butter and Jelly",,5.99,1
SBTJMB-3/8,Spro Bucktail Jig - 3/8 / Magic Bus,,5.99,1
SBTJCRS-3/8,Spro Bucktail Jig - 3/8 / Chrome Silver,,5.99,1
SBTJRW-1/2,Spro Bucktail Jig - 1/2 / Red White,,5.99,1
810103811775,Tungsten Flipping Weights - Green Pumpkin / 3/16 oz - 4pk,'810103811775,5.99,1
TS5- 314,"5"" Pro Stick - Green Pumpkin",853514000819,5.99,1
TS5- 302,"5"" Pro Stick - Watermelon Seed Red",853514000826,5.99,1
TS5- 307,"5"" Pro Stick - Chartreuse Pepper",853514000833,5.99,1
TS5- 340,"5"" Pro Stick - Pearl Silver Flake",853514000840,5.99,1
TS5- 316,"5"" Pro Stick - Junebug",853514000857,5.99,1
TS5- 557,"5"" Pro Stick - Green Pumpkin w/ Chartreuse  Tip",853514000864,5.99,1
TS5- 304,"5"" Pro Stick - Black Blue",853514000871,5.99,1
TS5- 351,"5"" Pro Stick - Green Pumpkin Red Flake",853514000888,5.99,1
810103812178,Tungsten Drop Shot Weights - Teardrop - 1/4 oz - 3pk,810103812178,5.99,1
TS5-340,"5"" Pro Stick - Pearl Silver Flake",853514000840,5.99,1
MX003,Mixer - GREEN PUMPKIN / BLUE FLAKE,787416473603,5.99,1
MX006,Mixer - GREEN PUMPKIN / RED FLAKE,787416473634,5.99,1
MX004,Mixer - PEARL WHITE,787416473610,5.99,1
MX001,Mixer - TRD BROWN/BLACK FLAKE,787416473580,5.99,1
810103811683,Tungsten Flipping Weights - Black / 1/4 oz - 3pk,'810103811683,5.99,1
LSC-005,Rattlin' LIL-Super Cisco - Diesel,812302013936,5.99,1
RO4-229,"Rodent 4"" - Roadkill",,5.95,1
RW5-13,Rattlin' Wasp Trolling & Crankbait lures - #5 / Golden Goose,812302016821,5.62,1
RW5-6,Rattlin' Wasp Trolling & Crankbait lures - #5 / Yellow Jacket,812302016753,5.62,1
RW5-18,Rattlin' Wasp Trolling & Crankbait lures - #5 / Perch Goblin,812302016876,5.62,1
BMBWC-BB,Baby Swiss Chunk - Black and Blue,,5.59,1
GL6TTW96-10,Gene Larew Tattletail Worm - Watermelon Pepper,,5.5,1
CHFJ-1/2-ORG/CRW,Castaic RC Hammer Football Jig - 1/2oz / Orange Craw,,5.49,1
CEPF14-02,Z-Man CrossEyeZ Power Finesse Jig 1/4 oz - Green Pumpkin,,5.49,1
CEPF14-01,Z-Man CrossEyeZ Power Finesse Jig 1/4 oz - Black Blue,,5.49,1
RW4-10,Rattlin' Wasp Trolling & Crankbait lures - #4 / Firetiger,812302016623,5.24,1
RW4-11,Rattlin' Wasp Trolling & Crankbait lures - #4 / Coot Clown,812302016630,5.24,1
BB-NED-DGRBF,Ned's a Bad Man - Dark Green with Red and Blue Flake,,5.18,2
GOGSS8NTC,Googan Slim Shake Worm - 8'' 7pk - Night Club,,5.0,1
DSGP8,Drop Shad - Green Pumpkin,,5.0,1
WF-SOCK-TUNA,There's Tuna On Your Socks,,5.0,1
PPOPPER45-BONE,Panfish Popper 45,,5.0,1
HCR-46PK3,Z-Man Hella CrawZ - Green Pumpkin,,5.0,1
SSJR-20,Super Swimmer Jr. - Moonlight,,5.0,1
32372,Hot Shot Minnow - War Mouth,,5.0,1
STKA-JIGMIN,Sitka Jigging Minnow,,5.0,1
DOB-SFJ38-106-1,HT Skrt FB Jig - Midnight Blue / 3/8oz,,5.0,1
DOB-SFJ38-107-1,HT Skrt FB Jig - Midnight Purple / 3/8oz,,5.0,1
SW-TS,Slim Wild - Texas Smoke,,4.99,1
misc-grunt,Thunderhawk Grunt Jig - Misc Colors,,4.99,1
sku-52490618339488,(3 Pack) Thank God For Hunting Bracelet,,4.99,1
VF-TOAD-762-4,Best Toad Ever - Green Pumpkin/Opaque Chartreuse Laminate,,4.49,1
VF-TOAD-743-4,Best Toad Ever - Green Pumpkin/Pearl Laminate,,4.49,1
sku-48025814466868,Alligator Jerky (Cajun Style) - 1,,4.2,2
STICKER-CO,Sunscape Sticker,,4.0,2
GC116MP,Pro Built Crappie Jighead - Purple,,4.0,1
BZ2-W,Widow Maker Ballzy - White,,4.0,2
SHAKEY-38-1,Sabertooth Shakey Head Hooks - 3/8 oz / Black,656750688328,4.0,1
MB-TTDRW-12-2,Tungsten Drop Shot Weights - Wedge / 1/2 oz - 2 pack,656750687581,4.0,1
GC116SCY,Pro Built Crappie Jighead - Chartreuse,,4.0,1
640265229862,Tungsten Glow Series Scud Missile - Pink Crackerized,,4.0,2
PX36Z-MB-3/0-3,ProX Nano Offset Worm Hook - 3/0,,3.99,1
N58008,Little Spanky - Watermelon Red,,3.99,1
PINTL-300100,Pintail,,3.5,1
BLKB2-1003-009,Marabou Road Runner - 1/8 oz / Red/White,,3.5,1
TTIC-343PK8,TRD TicklerZ - Drew's Craw,,3.29,1
MB-NEDEWG-GRAPE-18,Sabertooth EWG Ned Heads - 1/8oz / Grape,656750687284,3.29,1
CB-2PK-AST,Panfish Flies,,3.0,1
CRLISLE-FLTS,Carlisle Slotted Floats,,3.0,1
BB-NED-BPBF,Ned's a Bad Man - Brown with Purple and Blue Flake,,2.59,1
MB-CRAW-TH,PB Craw - Trophy Killer,,2.1,1
LUNKERHUNT-STICKER22,LUNKERHUNT Sticker,,2.0,1
TMB-MB,MONSTERBASS E-Z Panfish Float,,1.99,1
MB-REPLACEMENT-SHIPPING,OFFICE USE ONLY- DO NOT SHIP (Shipping Issue),,0.0,263
MB-REPLACEMENT-DAMAGED,OFFICE USE ONLY- DO NOT SHIP (Damaged Item),,0.0,89
MB-REPLACEMENT-ORDER,OFFICE USE ONLY- DO NOT SHIP (Missing Item),,0.0,228
MB-REPLACEMENT-WRONG,OFFICE USE ONLY- DO NOT SHIP  (Wrong Item),,0.0,121
mb-gift-psw-6,Platinum Series PSW: 6 month gift,,0.0,3
mb-gift-national-12,Gold Series: 12 month gift,,0.0,8
ID-retail,RETAIL ORDER - DO NOT BREAK INNER CASE COUNTS,,0.0,25
platinum-0925-old,Remaining Subscription Inventory - Platinum Bass / September 2025,,0.0,31
platinum-1025-old,Remaining Subscription Inventory - Platinum Bass / October 2025,,0.0,6
VKA-20R-JP23001-BK,"Journey Aluminum Paddle (90.5"") - 230cm",840022701055,0.0,1
platinum-1125-old,Remaining Subscription Inventory - Platinum Bass / November 2025,,0.0,11
kids-0625-old,Remaining Subscription Inventory - Kids / June 2025,,0.0,4
kids-0325-old,Remaining Subscription Inventory - Kids / March 2025,,0.0,4
multi-1125-old,Remaining Subscription Inventory - Platinum Multi / November 2025,,0.0,13
platinum-1225-old,Remaining Subscription Inventory - Platinum Bass / December 2025,,0.0,1
